v 0.15 0 0
v 0.15 0 0
v 0.15 0 0
v 0.15 0 0
v 0.15 0 0
v 0.15 0 0
v 0.15 0 0
v 0.15 0 0
v 0.1 0 0.06
v 0.1 -0.04243 0.04243
v 0.1 -0.06 0
v 0.1 -0.04243 -0.04243
v 0.1 0 -0.06
v 0.1 0.04243 -0.04243
v 0.1 0.06 0
v 0.1 0.04243 0.04243
v 0.05 0 0.1
v 0.05 -0.09192 0.07071
v 0.05 -0.13 0
v 0.05 -0.09192 -0.07071
v 0.05 0 -0.1
v 0.05 0.09192 -0.07071
v 0.05 0.13 0
v 0.05 0.09192 0.07071
v 0.15 0 0.11
v 0.15 -0.09899 0.07778
v 0.15 -0.14 0
v 0.15 -0.09899 -0.07778
v 0.15 0 -0.11
v 0.15 0.09899 -0.07778
v 0.15 0.14 0
v 0.15 0.09899 0.07778
v 0.3 0 0.12
v 0.3 -0.10607 0.08485
v 0.3 -0.15 0
v 0.3 -0.10607 -0.08485
v 0.3 0 -0.12
v 0.3 0.10607 -0.08485
v 0.3 0.15 0
v 0.3 0.10607 0.08485
v 0.25 0 0.14
v 0.25 -0.13435 0.09899
v 0.25 -0.19 0
v 0.25 -0.13435 -0.09899
v 0.25 0 -0.14
v 0.25 0.13435 -0.09899
v 0.25 0.19 0
v 0.25 0.13435 0.09899
v 0.35 0 0.14
v 0.35 -0.14142 0.09899
v 0.35 -0.2 0
v 0.35 -0.14142 -0.09899
v 0.35 0 -0.14
v 0.35 0.14142 -0.09899
v 0.35 0.2 0
v 0.35 0.14142 0.09899
v 0.45 0 0.15
v 0.45 -0.14142 0.10607
v 0.45 -0.2 0
v 0.45 -0.14142 -0.10607
v 0.45 0 -0.15
v 0.45 0.14142 -0.10607
v 0.45 0.2 0
v 0.45 0.14142 0.10607
v 0.4 0 0.18
v 0.4 -0.16971 0.12728
v 0.4 -0.24 0
v 0.4 -0.16971 -0.12728
v 0.4 0 -0.18
v 0.4 0.16971 -0.12728
v 0.4 0.24 0
v 0.4 0.16971 0.12728
v 0.6 0 0.18
v 0.6 -0.21213 0.12728
v 0.6 -0.3 0
v 0.6 -0.21213 -0.12728
v 0.6 0 -0.18
v 0.6 0.21213 -0.12728
v 0.6 0.3 0
v 0.6 0.21213 0.12728
v 0.8 0 0.12
v 0.8 -0.21213 0.08485
v 0.8 -0.3 0
v 0.8 -0.21213 -0.08485
v 0.8 0 -0.12
v 0.8 0.21213 -0.08485
v 0.8 0.3 0
v 0.8 0.21213 0.08485
v 0.75 0 0.1
v 0.75 -0.12728 0.07071
v 0.75 -0.18 0
v 0.75 -0.12728 -0.07071
v 0.75 0 -0.1
v 0.75 0.12728 -0.07071
v 0.75 0.18 0
v 0.75 0.12728 0.07071
v 0.9 0 0.1
v 0.9 -0.12728 0.07071
v 0.9 -0.18 0
v 0.9 -0.12728 -0.07071
v 0.9 0 -0.1
v 0.9 0.12728 -0.07071
v 0.9 0.18 0
v 0.9 0.12728 0.07071
v 0.7 0 0
v 0.7 0 0
v 0.7 0 0
v 0.7 0 0
v 0.7 0 0
v 0.7 0 0
v 0.7 0 0
v 0.7 0 0
v -0.5 0 0
v -0.5 0 0
v -0.5 0 0
v -0.5 0 0
v -0.5 0 0
v -0.5 0 0
v -0.5 0 0
v -0.5 0 0
v -0.5 0 0
v -0.5 0 0
v -0.5 0 0
v -0.5 0 0
v -0.55 0 0.1
v -0.55 -0.05 0.0866
v -0.55 -0.0866 0.05
v -0.55 -0.1 0
v -0.55 -0.0866 -0.05
v -0.55 -0.05 -0.0866
v -0.55 0 -0.1
v -0.55 0.05 -0.0866
v -0.55 0.0866 -0.05
v -0.55 0.1 0
v -0.55 0.0866 0.05
v -0.55 0.05 0.0866
v -0.45 0 0.13
v -0.45 -0.065 0.11258
v -0.45 -0.11258 0.065
v -0.45 -0.13 0
v -0.45 -0.11258 -0.065
v -0.45 -0.065 -0.11258
v -0.45 0 -0.13
v -0.45 0.065 -0.11258
v -0.45 0.11258 -0.065
v -0.45 0.13 0
v -0.45 0.11258 0.065
v -0.45 0.065 0.11258
v -0.3 0 0.13
v -0.3 -0.065 0.11258
v -0.3 -0.11258 0.065
v -0.3 -0.13 0
v -0.3 -0.11258 -0.065
v -0.3 -0.065 -0.11258
v -0.3 0 -0.13
v -0.3 0.065 -0.11258
v -0.3 0.11258 -0.065
v -0.3 0.13 0
v -0.3 0.11258 0.065
v -0.3 0.065 0.11258
v -0.25 0 0.09
v -0.25 -0.04 0.07794
v -0.25 -0.06928 0.045
v -0.25 -0.08 0
v -0.25 -0.06928 -0.045
v -0.25 -0.04 -0.07794
v -0.25 0 -0.09
v -0.25 0.04 -0.07794
v -0.25 0.06928 -0.045
v -0.25 0.08 0
v -0.25 0.06928 0.045
v -0.25 0.04 0.07794
v -0.1 0 0.09
v -0.1 -0.04 0.07794
v -0.1 -0.06928 0.045
v -0.1 -0.08 0
v -0.1 -0.06928 -0.045
v -0.1 -0.04 -0.07794
v -0.1 0 -0.09
v -0.1 0.04 -0.07794
v -0.1 0.06928 -0.045
v -0.1 0.08 0
v -0.1 0.06928 0.045
v -0.1 0.04 0.07794
v -0.05 0 0.09
v -0.05 -0.075 0.07794
v -0.05 -0.1299 0.045
v -0.05 -0.15 0
v -0.05 -0.1299 -0.045
v -0.05 -0.075 -0.07794
v -0.05 0 -0.09
v -0.05 0.075 -0.07794
v -0.05 0.1299 -0.045
v -0.05 0.15 0
v -0.05 0.1299 0.045
v -0.05 0.075 0.07794
v 0.15 0 0.09
v 0.15 -0.075 0.07794
v 0.15 -0.1299 0.045
v 0.15 -0.15 0
v 0.15 -0.1299 -0.045
v 0.15 -0.075 -0.07794
v 0.15 0 -0.09
v 0.15 0.075 -0.07794
v 0.15 0.1299 -0.045
v 0.15 0.15 0
v 0.15 0.1299 0.045
v 0.15 0.075 0.07794
v 0.25 0 0.1
v 0.25 -0.05 0.0866
v 0.25 -0.0866 0.05
v 0.25 -0.1 0
v 0.25 -0.0866 -0.05
v 0.25 -0.05 -0.0866
v 0.25 0 -0.1
v 0.25 0.05 -0.0866
v 0.25 0.0866 -0.05
v 0.25 0.1 0
v 0.25 0.0866 0.05
v 0.25 0.05 0.0866
v 1 0 0.1
v 1 -0.05 0.0866
v 1 -0.0866 0.05
v 1 -0.1 0
v 1 -0.0866 -0.05
v 1 -0.05 -0.0866
v 1 0 -0.1
v 1 0.05 -0.0866
v 1 0.0866 -0.05
v 1 0.1 0
v 1 0.0866 0.05
v 1 0.05 0.0866
v 0.75 0 0
v 0.75 0 0
v 0.75 0 0
v 0.75 0 0
v 0.75 0 0
v 0.75 0 0
v 0.75 0 0
v 0.75 0 0
v 0.75 0 0
v 0.75 0 0
v 0.75 0 0
v 0.75 0 0
v -1.5 -0.09 -0.14
v -1.5 -0.09 -0.14
v -1.5 -0.09 -0.14
v -1.5 -0.09 -0.14
v -1.5 -0.09 -0.14
v -1.5 -0.09 -0.14
v -1.2 -0.16015 0.00649
v -1.2 -0.18344 -0.04506
v -1.2 -0.18761 -0.13365
v -1.2 -0.16015 -0.20649
v -1.2 -0.07985 -0.20649
v -1.2 -0.07985 0.00649
v -1 -0.18162 0.04106
v -1 -0.21157 -0.02238
v -1 -0.21693 -0.13141
v -1 -0.18162 -0.22106
v -1 -0.07838 -0.22106
v -1 -0.07838 0.04106
v -0.8 -0.20309 0.08383
v -0.8 -0.23969 0.00452
v -0.8 -0.24625 -0.13176
v -0.8 -0.20309 -0.24383
v -0.8 -0.07691 -0.24383
v -0.8 -0.07691 0.08383
v -0.7 -0.15441 0.09383
v -0.7 -0.17438 0.01452
v -0.7 -0.17796 -0.12176
v -0.7 -0.15441 -0.23383
v -0.7 -0.08559 -0.23383
v -0.7 -0.08559 0.09383
v -0.5 -0.17589 0.11383
v -0.5 -0.2025 0.03452
v -0.5 -0.20727 -0.10176
v -0.5 -0.17589 -0.21383
v -0.5 -0.08411 -0.21383
v -0.5 -0.08411 0.11383
v -0.4 -0.22883 0.16383
v -0.4 -0.26876 0.08452
v -0.4 -0.27591 -0.05176
v -0.4 -0.22883 -0.16383
v -0.4 -0.09117 -0.16383
v -0.4 -0.09117 0.16383
v -0.1 -0.24736 0.16383
v -0.1 -0.28063 0.08452
v -0.1 -0.28659 -0.05176
v -0.1 -0.24736 -0.16383
v -0.1 -0.13264 -0.16383
v -0.1 -0.13264 0.16383
v 0.3 -0.24736 0.16383
v 0.3 -0.28063 0.08452
v 0.3 -0.28659 -0.05176
v 0.3 -0.24736 -0.16383
v 0.3 -0.13264 -0.16383
v 0.3 -0.13264 0.16383
v 0.7 -0.27736 0.16383
v 0.7 -0.31063 0.08452
v 0.7 -0.31659 -0.05176
v 0.7 -0.27736 -0.16383
v 0.7 -0.16264 -0.16383
v 0.7 -0.16264 0.16383
v 0.5 -0.22 0
v 0.5 -0.22 0
v 0.5 -0.22 0
v 0.5 -0.22 0
v 0.5 -0.22 0
v 0.5 -0.22 0
v -1.5 0.09 -0.14
v -1.5 0.09 -0.14
v -1.5 0.09 -0.14
v -1.5 0.09 -0.14
v -1.5 0.09 -0.14
v -1.5 0.09 -0.14
v -1.2 0.16015 -0.20649
v -1.2 0.18344 -0.15494
v -1.2 0.18761 -0.06635
v -1.2 0.16015 0.00649
v -1.2 0.07985 0.00649
v -1.2 0.07985 -0.20649
v -1 0.18162 -0.22106
v -1 0.21157 -0.15762
v -1 0.21693 -0.04859
v -1 0.18162 0.04106
v -1 0.07838 0.04106
v -1 0.07838 -0.22106
v -0.8 0.20309 -0.24383
v -0.8 0.23969 -0.16452
v -0.8 0.24625 -0.02824
v -0.8 0.20309 0.08383
v -0.8 0.07691 0.08383
v -0.8 0.07691 -0.24383
v -0.7 0.15441 -0.23383
v -0.7 0.17438 -0.15452
v -0.7 0.17796 -0.01824
v -0.7 0.15441 0.09383
v -0.7 0.08559 0.09383
v -0.7 0.08559 -0.23383
v -0.5 0.17589 -0.21383
v -0.5 0.2025 -0.13452
v -0.5 0.20727 0.00176
v -0.5 0.17589 0.11383
v -0.5 0.08411 0.11383
v -0.5 0.08411 -0.21383
v -0.4 0.22883 -0.16383
v -0.4 0.26876 -0.08452
v -0.4 0.27591 0.05176
v -0.4 0.22883 0.16383
v -0.4 0.09117 0.16383
v -0.4 0.09117 -0.16383
v -0.1 0.24736 -0.16383
v -0.1 0.28063 -0.08452
v -0.1 0.28659 0.05176
v -0.1 0.24736 0.16383
v -0.1 0.13264 0.16383
v -0.1 0.13264 -0.16383
v 0.3 0.24736 -0.16383
v 0.3 0.28063 -0.08452
v 0.3 0.28659 0.05176
v 0.3 0.24736 0.16383
v 0.3 0.13264 0.16383
v 0.3 0.13264 -0.16383
v 0.7 0.27736 -0.16383
v 0.7 0.31063 -0.08452
v 0.7 0.31659 0.05176
v 0.7 0.27736 0.16383
v 0.7 0.16264 0.16383
v 0.7 0.16264 -0.16383
v 0.5 0.22 0
v 0.5 0.22 0
v 0.5 0.22 0
v 0.5 0.22 0
v 0.5 0.22 0
v 0.5 0.22 0
v -0.35 0.3 0
v -0.35 0.3 0
v -0.35 0.3 0
v -0.35 0.3 0
v -0.35 0.3 0
v -0.35 0.3 0
v -0.35 0.3 0
v -0.35 0.3 0
v -0.35 0.3 0
v -0.25 0.25559 0.04096
v -0.25 0.24085 0.02868
v -0.25 0.24085 -0.02868
v -0.25 0.25559 -0.04096
v -0.25 0.32441 -0.04096
v -0.25 0.33915 -0.02868
v -0.25 0.33915 0.02868
v -0.25 0.32441 0.04096
v -0.25 0.25559 0.04096
v 0.05 0.24264 0.04096
v 0.05 0.21808 0.02868
v 0.05 0.21808 -0.02868
v 0.05 0.24264 -0.04096
v 0.05 0.35736 -0.04096
v 0.05 0.38192 -0.02868
v 0.05 0.38192 0.02868
v 0.05 0.35736 0.04096
v 0.05 0.24264 0.04096
v 0.25 0.34264 0.04096
v 0.25 0.31808 0.02868
v 0.25 0.31808 -0.02868
v 0.25 0.34264 -0.04096
v 0.25 0.45736 -0.04096
v 0.25 0.48192 -0.02868
v 0.25 0.48192 0.02868
v 0.25 0.45736 0.04096
v 0.25 0.34264 0.04096
v 0.8 0.24264 0.04096
v 0.8 0.21808 0.02868
v 0.8 0.21808 -0.02868
v 0.8 0.24264 -0.04096
v 0.8 0.35736 -0.04096
v 0.8 0.38192 -0.02868
v 0.8 0.38192 0.02868
v 0.8 0.35736 0.04096
v 0.8 0.24264 0.04096
v 0.75 0.3 0
v 0.75 0.3 0
v 0.75 0.3 0
v 0.75 0.3 0
v 0.75 0.3 0
v 0.75 0.3 0
v 0.75 0.3 0
v 0.75 0.3 0
v 0.75 0.3 0
v -0.35 -0.3 0
v -0.35 -0.3 0
v -0.35 -0.3 0
v -0.35 -0.3 0
v -0.35 -0.3 0
v -0.35 -0.3 0
v -0.35 -0.3 0
v -0.35 -0.3 0
v -0.35 -0.3 0
v -0.25 -0.25559 -0.04096
v -0.25 -0.24085 -0.02868
v -0.25 -0.24085 0.02868
v -0.25 -0.25559 0.04096
v -0.25 -0.32441 0.04096
v -0.25 -0.33915 0.02868
v -0.25 -0.33915 -0.02868
v -0.25 -0.32441 -0.04096
v -0.25 -0.25559 -0.04096
v 0.05 -0.24264 -0.04096
v 0.05 -0.21808 -0.02868
v 0.05 -0.21808 0.02868
v 0.05 -0.24264 0.04096
v 0.05 -0.35736 0.04096
v 0.05 -0.38192 0.02868
v 0.05 -0.38192 -0.02868
v 0.05 -0.35736 -0.04096
v 0.05 -0.24264 -0.04096
v 0.25 -0.34264 -0.04096
v 0.25 -0.31808 -0.02868
v 0.25 -0.31808 0.02868
v 0.25 -0.34264 0.04096
v 0.25 -0.45736 0.04096
v 0.25 -0.48192 0.02868
v 0.25 -0.48192 -0.02868
v 0.25 -0.45736 -0.04096
v 0.25 -0.34264 -0.04096
v 0.8 -0.24264 -0.04096
v 0.8 -0.21808 -0.02868
v 0.8 -0.21808 0.02868
v 0.8 -0.24264 0.04096
v 0.8 -0.35736 0.04096
v 0.8 -0.38192 0.02868
v 0.8 -0.38192 -0.02868
v 0.8 -0.35736 -0.04096
v 0.8 -0.24264 -0.04096
v 0.75 -0.3 0
v 0.75 -0.3 0
v 0.75 -0.3 0
v 0.75 -0.3 0
v 0.75 -0.3 0
v 0.75 -0.3 0
v 0.75 -0.3 0
v 0.75 -0.3 0
v 0.75 -0.3 0
v 0.5 0.1 0
v 0.5 0.1 0
v 0.5 0.1 0
v 0.5 0.1 0
v 0.11109 0.08876 0.12196
v 0.88891 0.08876 0.12196
v 0.88891 0.21124 0.05125
v 0.11109 0.21124 0.05125
v 0.28787 0.13376 0.1999
v 0.71213 0.13376 0.1999
v 0.71213 0.25624 0.12919
v 0.28787 0.25624 0.12919
v 0.5 0.13876 0.20856
v 0.5 0.13876 0.20856
v 0.5 0.26124 0.13785
v 0.5 0.26124 0.13785
v 0.5 -0.1 0
v 0.5 -0.1 0
v 0.5 -0.1 0
v 0.5 -0.1 0
v 0.88891 -0.08876 0.12196
v 0.11109 -0.08876 0.12196
v 0.11109 -0.21124 0.05125
v 0.88891 -0.21124 0.05125
v 0.71213 -0.13376 0.1999
v 0.28787 -0.13376 0.1999
v 0.28787 -0.25624 0.12919
v 0.71213 -0.25624 0.12919
v 0.5 -0.13876 0.20856
v 0.5 -0.13876 0.20856
v 0.5 -0.26124 0.13785
v 0.5 -0.26124 0.13785
v 0.05 0.2 0.05
v 0.05 0.2 0.05
v 0.05 0.2 0.05
v 0.05 0.2 0.05
v 0.05 0.2 0.05
v 0.05 0.2 0.05
v 0.05 0.2 0.05
v 0.05 0.2 0.05
v 0.25 0.27 0.1
v 0.25 0.23464 0.08536
v 0.25 0.22 0.05
v 0.25 0.23464 0.01464
v 0.25 0.27 0
v 0.25 0.30536 0.01464
v 0.25 0.32 0.05
v 0.25 0.30536 0.08536
v 0.25 0.3 0.1
v 0.25 0.25757 0.07071
v 0.25 0.24 0
v 0.25 0.25757 -0.07071
v 0.25 0.3 -0.1
v 0.25 0.34243 -0.07071
v 0.25 0.36 0
v 0.25 0.34243 0.07071
v 0.5 0.29 0.12
v 0.5 0.20515 0.08485
v 0.5 0.17 0
v 0.5 0.20515 -0.08485
v 0.5 0.29 -0.12
v 0.5 0.37485 -0.08485
v 0.5 0.41 0
v 0.5 0.37485 0.08485
v 0.6 0.31 0.08
v 0.6 0.23929 0.05657
v 0.6 0.21 0
v 0.6 0.23929 -0.05657
v 0.6 0.31 -0.08
v 0.6 0.38071 -0.05657
v 0.6 0.41 0
v 0.6 0.38071 0.05657
v 0.9 0.3 0.08
v 0.9 0.22929 0.05657
v 0.9 0.2 0
v 0.9 0.22929 -0.05657
v 0.9 0.3 -0.08
v 0.9 0.37071 -0.05657
v 0.9 0.4 0
v 0.9 0.37071 0.05657
v 0.8 0.3 0
v 0.8 0.3 0
v 0.8 0.3 0
v 0.8 0.3 0
v 0.8 0.3 0
v 0.8 0.3 0
v 0.8 0.3 0
v 0.8 0.3 0
v 0.05 -0.2 0.05
v 0.05 -0.2 0.05
v 0.05 -0.2 0.05
v 0.05 -0.2 0.05
v 0.05 -0.2 0.05
v 0.05 -0.2 0.05
v 0.05 -0.2 0.05
v 0.05 -0.2 0.05
v 0.25 -0.27 0
v 0.25 -0.23464 0.01464
v 0.25 -0.22 0.05
v 0.25 -0.23464 0.08536
v 0.25 -0.27 0.1
v 0.25 -0.30536 0.08536
v 0.25 -0.32 0.05
v 0.25 -0.30536 0.01464
v 0.25 -0.3 -0.1
v 0.25 -0.25757 -0.07071
v 0.25 -0.24 0
v 0.25 -0.25757 0.07071
v 0.25 -0.3 0.1
v 0.25 -0.34243 0.07071
v 0.25 -0.36 0
v 0.25 -0.34243 -0.07071
v 0.5 -0.29 -0.12
v 0.5 -0.20515 -0.08485
v 0.5 -0.17 0
v 0.5 -0.20515 0.08485
v 0.5 -0.29 0.12
v 0.5 -0.37485 0.08485
v 0.5 -0.41 0
v 0.5 -0.37485 -0.08485
v 0.6 -0.31 -0.08
v 0.6 -0.23929 -0.05657
v 0.6 -0.21 0
v 0.6 -0.23929 0.05657
v 0.6 -0.31 0.08
v 0.6 -0.38071 0.05657
v 0.6 -0.41 0
v 0.6 -0.38071 -0.05657
v 0.9 -0.3 -0.08
v 0.9 -0.22929 -0.05657
v 0.9 -0.2 0
v 0.9 -0.22929 0.05657
v 0.9 -0.3 0.08
v 0.9 -0.37071 0.05657
v 0.9 -0.4 0
v 0.9 -0.37071 -0.05657
v 0.8 -0.3 0
v 0.8 -0.3 0
v 0.8 -0.3 0
v 0.8 -0.3 0
v 0.8 -0.3 0
v 0.8 -0.3 0
v 0.8 -0.3 0
v 0.8 -0.3 0
v 0.055 0 0.1
v 0.205 0 0.15
v 0.205 0 0.05
v 0.305 0 0.1
v 0.13 0.1 0.1
v 0.25 0.1 0.14
v 0.25 0.1 0.06
v 0.33 0.1 0.1
v 0.28 0.15 0.1
v 0.38 0.15 0.1
v 0.055 0 0.1
v 0.205 0 0.15
v 0.205 0 0.05
v 0.305 0 0.1
v 0.13 -0.1 0.1
v 0.25 -0.1 0.14
v 0.25 -0.1 0.06
v 0.33 -0.1 0.1
v 0.28 -0.15 0.1
v 0.38 -0.15 0.1
v 0.125 0 0.14
v 0.275 0 0.19
v 0.275 0 0.09
v 0.375 0 0.14
v 0.2 0.1 0.14
v 0.32 0.1 0.18
v 0.32 0.1 0.1
v 0.4 0.1 0.14
v 0.35 0.15 0.14
v 0.45 0.15 0.14
v 0.125 0 0.14
v 0.275 0 0.19
v 0.275 0 0.09
v 0.375 0 0.14
v 0.2 -0.1 0.14
v 0.32 -0.1 0.18
v 0.32 -0.1 0.1
v 0.4 -0.1 0.14
v 0.35 -0.15 0.14
v 0.45 -0.15 0.14
v 0.2 0 0.13
v 0.5 0 0.208
v 0.5 0 0.052
v 0.8 0 0.13
v 0.4 0.12287 0.21604
v 0.6 0.14066 0.2649
v 0.6 0.10509 0.16717
v 0.8 0.12287 0.21604
v 0.7 0.31081 0.14763
v 0.8 0.30764 0.17344
v 0.8 0.31398 0.12183
v 0.9 0.31081 0.14763
v 0.65 0.55895 0.1781
v 0.75 0.55895 0.1781
v 0.2 0 0.13
v 0.5 0 0.208
v 0.5 0 0.052
v 0.8 0 0.13
v 0.4 -0.12287 0.21604
v 0.6 -0.14066 0.2649
v 0.6 -0.10509 0.16717
v 0.8 -0.12287 0.21604
v 0.7 -0.31081 0.14763
v 0.8 -0.30764 0.17344
v 0.8 -0.31398 0.12183
v 0.9 -0.31081 0.14763
v 0.65 -0.55895 0.1781
v 0.75 -0.55895 0.1781
v -1.55 0.08 -0.05
v -0.15 0.08 0.23
v -0.15 0.08 -0.33
v 0.45 0.08 -0.05
v -1.35 0.11064 -0.02429
v -0.09 0.11064 0.22771
v -0.09 0.11064 -0.27629
v 0.45 0.11064 -0.02429
v -0.45 0.31064 -0.02429
v -0.25 0.31064 -0.02429
v -1.55 -0.08 -0.05
v -0.15 -0.08 0.23
v -0.15 -0.08 -0.33
v 0.45 -0.08 -0.05
v -1.35 -0.11064 -0.02429
v -0.09 -0.11064 0.22771
v -0.09 -0.11064 -0.27629
v 0.45 -0.11064 -0.02429
v -0.45 -0.31064 -0.02429
v -0.25 -0.31064 -0.02429
v -0.4 0.42 -0.15
v 0.1 0.42 -0.01
v 0.1 0.42 -0.29
v 0.6 0.42 -0.15
v -0.2 0.45064 -0.12429
v 0.2 0.45064 -0.01229
v 0.2 0.45064 -0.23629
v 0.6 0.45064 -0.12429
v 0.1 0.55064 -0.12429
v 0.5 0.55064 -0.12429
v -0.4 -0.42 -0.15
v 0.1 -0.42 -0.01
v 0.1 -0.42 -0.29
v 0.6 -0.42 -0.15
v -0.2 -0.45064 -0.12429
v 0.2 -0.45064 -0.01229
v 0.2 -0.45064 -0.23629
v 0.6 -0.45064 -0.12429
v 0.1 -0.55064 -0.12429
v 0.5 -0.55064 -0.12429
v 0.1 0.2 -0.26
v 0.25 0.2 -0.248
v 0.25 0.2 -0.272
v 0.4 0.2 -0.26
v 0.1 0.2 -0.26
v 0.25 0.194 -0.24961
v 0.25 0.206 -0.27039
v 0.4 0.2 -0.26
v -0.05 0.3299 -0.185
v 0.15 0.31415 -0.18222
v 0.15 0.34566 -0.18778
v 0.35 0.3299 -0.185
v -0.05 0.39068 0.15968
v 0.15 0.38268 0.14583
v 0.15 0.39868 0.17354
v 0.35 0.39068 0.15968
v 0.15 0.26078 0.23468
v 0.35 0.26078 0.23468
v 0.1 -0.2 -0.26
v 0.25 -0.2 -0.248
v 0.25 -0.2 -0.272
v 0.4 -0.2 -0.26
v 0.1 -0.2 -0.26
v 0.25 -0.194 -0.24961
v 0.25 -0.206 -0.27039
v 0.4 -0.2 -0.26
v -0.05 -0.3299 -0.185
v 0.15 -0.31415 -0.18222
v 0.15 -0.34566 -0.18778
v 0.35 -0.3299 -0.185
v -0.05 -0.39068 0.15968
v 0.15 -0.38268 0.14583
v 0.15 -0.39868 0.17354
v 0.35 -0.39068 0.15968
v 0.15 -0.26078 0.23468
v 0.35 -0.26078 0.23468
v 0.6 0.35 -0.26
v 0.75 0.35 -0.248
v 0.75 0.35 -0.272
v 0.9 0.35 -0.26
v 0.6 0.35 -0.26
v 0.75 0.344 -0.24961
v 0.75 0.356 -0.27039
v 0.9 0.35 -0.26
v 0.45 0.4799 -0.185
v 0.65 0.4639 -0.185
v 0.65 0.4959 -0.185
v 0.85 0.4799 -0.185
v 0.45 0.4799 0.065
v 0.65 0.4719 0.05114
v 0.65 0.4879 0.07886
v 0.85 0.4799 0.065
v 0.65 0.35 0.14
v 0.85 0.35 0.14
v 0.6 -0.35 -0.26
v 0.75 -0.35 -0.248
v 0.75 -0.35 -0.272
v 0.9 -0.35 -0.26
v 0.6 -0.35 -0.26
v 0.75 -0.344 -0.24961
v 0.75 -0.356 -0.27039
v 0.9 -0.35 -0.26
v 0.45 -0.4799 -0.185
v 0.65 -0.4639 -0.185
v 0.65 -0.4959 -0.185
v 0.85 -0.4799 -0.185
v 0.45 -0.4799 0.065
v 0.65 -0.4719 0.05114
v 0.65 -0.4879 0.07886
v 0.85 -0.4799 0.065
v 0.65 -0.35 0.14
v 0.85 -0.35 0.14
v -0.85 0.17 -0.21
v -0.7 0.17 -0.198
v -0.7 0.17 -0.222
v -0.55 0.17 -0.21
v -0.85 0.17 -0.21
v -0.7 0.164 -0.19961
v -0.7 0.176 -0.22039
v -0.55 0.17 -0.21
v -1 0.2999 -0.135
v -0.8 0.28415 -0.13222
v -0.8 0.31566 -0.13778
v -0.6 0.2999 -0.135
v -1 0.34332 0.1112
v -0.8 0.33532 0.09735
v -0.8 0.35132 0.12506
v -0.6 0.34332 0.1112
v -0.8 0.20475 0.1912
v -0.6 0.20475 0.1912
v -0.85 -0.17 -0.21
v -0.7 -0.17 -0.198
v -0.7 -0.17 -0.222
v -0.55 -0.17 -0.21
v -0.85 -0.17 -0.21
v -0.7 -0.164 -0.19961
v -0.7 -0.176 -0.22039
v -0.55 -0.17 -0.21
v -1 -0.2999 -0.135
v -0.8 -0.28415 -0.13222
v -0.8 -0.31566 -0.13778
v -0.6 -0.2999 -0.135
v -1 -0.34332 0.1112
v -0.8 -0.33532 0.09735
v -0.8 -0.35132 0.12506
v -0.6 -0.34332 0.1112
v -0.8 -0.20475 0.1912
v -0.6 -0.20475 0.1912

vt 0.5125 0.775
vt 0.5125 0.975
vt 0.5625 0.975
vt 0.5625 0.775
vt 0.5125 0.775
vt 0.5625 0.975
vt 0.5625 0.775
vt 0.5625 0.975
vt 0.6125 0.975
vt 0.6125 0.775
vt 0.5625 0.775
vt 0.6125 0.975
vt 0.5125 0.775
vt 0.5125 0.975
vt 0.5625 0.975
vt 0.5625 0.775
vt 0.5125 0.775
vt 0.5625 0.975
vt 0.5625 0.775
vt 0.5625 0.975
vt 0.6125 0.975
vt 0.6125 0.775
vt 0.5625 0.775
vt 0.6125 0.975
vt 0.5125 0.775
vt 0.5125 0.975
vt 0.5625 0.775
vt 0.5125 0.975
vt 0.5625 0.975
vt 0.5625 0.775
vt 0.5625 0.775
vt 0.5625 0.975
vt 0.6125 0.775
vt 0.5625 0.975
vt 0.6125 0.975
vt 0.6125 0.775
vt 0.5125 0.775
vt 0.5125 0.975
vt 0.5625 0.775
vt 0.5125 0.975
vt 0.5625 0.975
vt 0.5625 0.775
vt 0.5625 0.775
vt 0.5625 0.975
vt 0.6125 0.775
vt 0.5625 0.975
vt 0.6125 0.975
vt 0.6125 0.775
vt 0.1375 0.775
vt 0.1375 0.975
vt 0.2375 0.975
vt 0.2375 0.775
vt 0.1375 0.775
vt 0.2375 0.975
vt 0.1375 0.775
vt 0.1375 0.975
vt 0.2375 0.975
vt 0.2375 0.775
vt 0.1375 0.775
vt 0.2375 0.975
vt 0.1375 0.775
vt 0.1375 0.975
vt 0.2375 0.975
vt 0.2375 0.775
vt 0.1375 0.775
vt 0.2375 0.975
vt 0.1375 0.775
vt 0.1375 0.975
vt 0.2375 0.975
vt 0.2375 0.775
vt 0.1375 0.775
vt 0.2375 0.975
vt 0.1375 0.775
vt 0.1375 0.975
vt 0.2375 0.775
vt 0.1375 0.975
vt 0.2375 0.975
vt 0.2375 0.775
vt 0.1375 0.775
vt 0.1375 0.975
vt 0.2375 0.775
vt 0.1375 0.975
vt 0.2375 0.975
vt 0.2375 0.775
vt 0.1375 0.775
vt 0.1375 0.975
vt 0.2375 0.775
vt 0.1375 0.975
vt 0.2375 0.975
vt 0.2375 0.775
vt 0.1375 0.775
vt 0.1375 0.975
vt 0.2375 0.775
vt 0.1375 0.975
vt 0.2375 0.975
vt 0.2375 0.775
vt 0.3875 0.525
vt 0.3875 0.725
vt 0.4875 0.725
vt 0.4875 0.525
vt 0.3875 0.525
vt 0.4875 0.725
vt 0.3875 0.525
vt 0.3875 0.725
vt 0.4875 0.725
vt 0.4875 0.525
vt 0.3875 0.525
vt 0.4875 0.725
vt 0.3875 0.525
vt 0.3875 0.725
vt 0.4875 0.725
vt 0.4875 0.525
vt 0.3875 0.525
vt 0.4875 0.725
vt 0.3875 0.525
vt 0.3875 0.725
vt 0.4875 0.725
vt 0.4875 0.525
vt 0.3875 0.525
vt 0.4875 0.725
vt 0.3875 0.525
vt 0.3875 0.725
vt 0.4875 0.525
vt 0.3875 0.725
vt 0.4875 0.725
vt 0.4875 0.525
vt 0.3875 0.525
vt 0.3875 0.725
vt 0.4875 0.525
vt 0.3875 0.725
vt 0.4875 0.725
vt 0.4875 0.525
vt 0.3875 0.525
vt 0.3875 0.725
vt 0.4875 0.525
vt 0.3875 0.725
vt 0.4875 0.725
vt 0.4875 0.525
vt 0.3875 0.525
vt 0.3875 0.725
vt 0.4875 0.525
vt 0.3875 0.725
vt 0.4875 0.725
vt 0.4875 0.525
vt 0.2625 0.775
vt 0.2625 0.975
vt 0.3625 0.975
vt 0.3625 0.775
vt 0.2625 0.775
vt 0.3625 0.975
vt 0.2625 0.775
vt 0.2625 0.975
vt 0.3625 0.975
vt 0.3625 0.775
vt 0.2625 0.775
vt 0.3625 0.975
vt 0.2625 0.775
vt 0.2625 0.975
vt 0.3625 0.975
vt 0.3625 0.775
vt 0.2625 0.775
vt 0.3625 0.975
vt 0.2625 0.775
vt 0.2625 0.975
vt 0.3625 0.975
vt 0.3625 0.775
vt 0.2625 0.775
vt 0.3625 0.975
vt 0.2625 0.775
vt 0.2625 0.975
vt 0.3625 0.775
vt 0.2625 0.975
vt 0.3625 0.975
vt 0.3625 0.775
vt 0.2625 0.775
vt 0.2625 0.975
vt 0.3625 0.775
vt 0.2625 0.975
vt 0.3625 0.975
vt 0.3625 0.775
vt 0.2625 0.775
vt 0.2625 0.975
vt 0.3625 0.775
vt 0.2625 0.975
vt 0.3625 0.975
vt 0.3625 0.775
vt 0.2625 0.775
vt 0.2625 0.975
vt 0.3625 0.775
vt 0.2625 0.975
vt 0.3625 0.975
vt 0.3625 0.775
vt 0.2625 0.525
vt 0.2625 0.725
vt 0.3625 0.725
vt 0.3625 0.525
vt 0.2625 0.525
vt 0.3625 0.725
vt 0.2625 0.525
vt 0.2625 0.725
vt 0.3625 0.725
vt 0.3625 0.525
vt 0.2625 0.525
vt 0.3625 0.725
vt 0.2625 0.525
vt 0.2625 0.725
vt 0.3625 0.725
vt 0.3625 0.525
vt 0.2625 0.525
vt 0.3625 0.725
vt 0.2625 0.525
vt 0.2625 0.725
vt 0.3625 0.725
vt 0.3625 0.525
vt 0.2625 0.525
vt 0.3625 0.725
vt 0.2625 0.525
vt 0.2625 0.725
vt 0.3625 0.525
vt 0.2625 0.725
vt 0.3625 0.725
vt 0.3625 0.525
vt 0.2625 0.525
vt 0.2625 0.725
vt 0.3625 0.525
vt 0.2625 0.725
vt 0.3625 0.725
vt 0.3625 0.525
vt 0.2625 0.525
vt 0.2625 0.725
vt 0.3625 0.525
vt 0.2625 0.725
vt 0.3625 0.725
vt 0.3625 0.525
vt 0.2625 0.525
vt 0.2625 0.725
vt 0.3625 0.525
vt 0.2625 0.725
vt 0.3625 0.725
vt 0.3625 0.525
vt 0.5125 0.775
vt 0.5125 0.975
vt 0.6125 0.975
vt 0.6125 0.775
vt 0.5125 0.775
vt 0.6125 0.975
vt 0.5125 0.775
vt 0.5125 0.975
vt 0.6125 0.975
vt 0.6125 0.775
vt 0.5125 0.775
vt 0.6125 0.975
vt 0.5125 0.775
vt 0.5125 0.975
vt 0.6125 0.975
vt 0.6125 0.775
vt 0.5125 0.775
vt 0.6125 0.975
vt 0.5125 0.775
vt 0.5125 0.975
vt 0.6125 0.975
vt 0.6125 0.775
vt 0.5125 0.775
vt 0.6125 0.975
vt 0.5125 0.775
vt 0.5125 0.975
vt 0.6125 0.775
vt 0.5125 0.975
vt 0.6125 0.975
vt 0.6125 0.775
vt 0.5125 0.775
vt 0.5125 0.975
vt 0.6125 0.775
vt 0.5125 0.975
vt 0.6125 0.975
vt 0.6125 0.775
vt 0.5125 0.775
vt 0.5125 0.975
vt 0.6125 0.775
vt 0.5125 0.975
vt 0.6125 0.975
vt 0.6125 0.775
vt 0.5125 0.775
vt 0.5125 0.975
vt 0.6125 0.775
vt 0.5125 0.975
vt 0.6125 0.975
vt 0.6125 0.775
vt 0.5125 0.775
vt 0.5125 0.975
vt 0.6125 0.975
vt 0.6125 0.775
vt 0.5125 0.775
vt 0.6125 0.975
vt 0.5125 0.775
vt 0.5125 0.975
vt 0.6125 0.975
vt 0.6125 0.775
vt 0.5125 0.775
vt 0.6125 0.975
vt 0.5125 0.775
vt 0.5125 0.975
vt 0.6125 0.975
vt 0.6125 0.775
vt 0.5125 0.775
vt 0.6125 0.975
vt 0.5125 0.775
vt 0.5125 0.975
vt 0.6125 0.975
vt 0.6125 0.775
vt 0.5125 0.775
vt 0.6125 0.975
vt 0.5125 0.775
vt 0.5125 0.975
vt 0.6125 0.775
vt 0.5125 0.975
vt 0.6125 0.975
vt 0.6125 0.775
vt 0.5125 0.775
vt 0.5125 0.975
vt 0.6125 0.775
vt 0.5125 0.975
vt 0.6125 0.975
vt 0.6125 0.775
vt 0.5125 0.775
vt 0.5125 0.975
vt 0.6125 0.775
vt 0.5125 0.975
vt 0.6125 0.975
vt 0.6125 0.775
vt 0.5125 0.775
vt 0.5125 0.975
vt 0.6125 0.775
vt 0.5125 0.975
vt 0.6125 0.975
vt 0.6125 0.775
vt 0.5125 0.775
vt 0.5125 0.975
vt 0.6125 0.975
vt 0.6125 0.775
vt 0.5125 0.775
vt 0.6125 0.975
vt 0.5125 0.775
vt 0.5125 0.975
vt 0.6125 0.975
vt 0.6125 0.775
vt 0.5125 0.775
vt 0.6125 0.975
vt 0.5125 0.775
vt 0.5125 0.975
vt 0.6125 0.975
vt 0.6125 0.775
vt 0.5125 0.775
vt 0.6125 0.975
vt 0.5125 0.775
vt 0.5125 0.975
vt 0.6125 0.975
vt 0.6125 0.775
vt 0.5125 0.775
vt 0.6125 0.975
vt 0.5125 0.775
vt 0.5125 0.975
vt 0.6125 0.775
vt 0.5125 0.975
vt 0.6125 0.975
vt 0.6125 0.775
vt 0.5125 0.775
vt 0.5125 0.975
vt 0.6125 0.775
vt 0.5125 0.975
vt 0.6125 0.975
vt 0.6125 0.775
vt 0.5125 0.775
vt 0.5125 0.975
vt 0.6125 0.775
vt 0.5125 0.975
vt 0.6125 0.975
vt 0.6125 0.775
vt 0.5125 0.775
vt 0.5125 0.975
vt 0.6125 0.775
vt 0.5125 0.975
vt 0.6125 0.975
vt 0.6125 0.775
vt 0.5125 0.775
vt 0.5125 0.975
vt 0.6125 0.975
vt 0.6125 0.775
vt 0.5125 0.775
vt 0.6125 0.975
vt 0.5125 0.775
vt 0.5125 0.975
vt 0.6125 0.975
vt 0.6125 0.775
vt 0.5125 0.775
vt 0.6125 0.975
vt 0.5125 0.775
vt 0.5125 0.975
vt 0.6125 0.975
vt 0.6125 0.775
vt 0.5125 0.775
vt 0.6125 0.975
vt 0.5125 0.775
vt 0.5125 0.975
vt 0.6125 0.975
vt 0.6125 0.775
vt 0.5125 0.775
vt 0.6125 0.975
vt 0.5125 0.775
vt 0.5125 0.975
vt 0.6125 0.775
vt 0.5125 0.975
vt 0.6125 0.975
vt 0.6125 0.775
vt 0.5125 0.775
vt 0.5125 0.975
vt 0.6125 0.775
vt 0.5125 0.975
vt 0.6125 0.975
vt 0.6125 0.775
vt 0.5125 0.775
vt 0.5125 0.975
vt 0.6125 0.775
vt 0.5125 0.975
vt 0.6125 0.975
vt 0.6125 0.775
vt 0.5125 0.775
vt 0.5125 0.975
vt 0.6125 0.775
vt 0.5125 0.975
vt 0.6125 0.975
vt 0.6125 0.775
vt 0.5125 0.775
vt 0.5125 0.975
vt 0.6125 0.975
vt 0.6125 0.775
vt 0.5125 0.775
vt 0.6125 0.975
vt 0.5125 0.775
vt 0.5125 0.975
vt 0.6125 0.975
vt 0.6125 0.775
vt 0.5125 0.775
vt 0.6125 0.975
vt 0.5125 0.775
vt 0.5125 0.975
vt 0.6125 0.975
vt 0.6125 0.775
vt 0.5125 0.775
vt 0.6125 0.975
vt 0.5125 0.775
vt 0.5125 0.975
vt 0.6125 0.975
vt 0.6125 0.775
vt 0.5125 0.775
vt 0.6125 0.975
vt 0.5125 0.775
vt 0.5125 0.975
vt 0.6125 0.775
vt 0.5125 0.975
vt 0.6125 0.975
vt 0.6125 0.775
vt 0.5125 0.775
vt 0.5125 0.975
vt 0.6125 0.775
vt 0.5125 0.975
vt 0.6125 0.975
vt 0.6125 0.775
vt 0.5125 0.775
vt 0.5125 0.975
vt 0.6125 0.775
vt 0.5125 0.975
vt 0.6125 0.975
vt 0.6125 0.775
vt 0.5125 0.775
vt 0.5125 0.975
vt 0.6125 0.775
vt 0.5125 0.975
vt 0.6125 0.975
vt 0.6125 0.775
vt 0.5125 0.775
vt 0.5125 0.975
vt 0.6125 0.975
vt 0.6125 0.775
vt 0.5125 0.775
vt 0.6125 0.975
vt 0.5125 0.775
vt 0.5125 0.975
vt 0.6125 0.975
vt 0.6125 0.775
vt 0.5125 0.775
vt 0.6125 0.975
vt 0.5125 0.775
vt 0.5125 0.975
vt 0.6125 0.975
vt 0.6125 0.775
vt 0.5125 0.775
vt 0.6125 0.975
vt 0.5125 0.775
vt 0.5125 0.975
vt 0.6125 0.975
vt 0.6125 0.775
vt 0.5125 0.775
vt 0.6125 0.975
vt 0.5125 0.775
vt 0.5125 0.975
vt 0.6125 0.775
vt 0.5125 0.975
vt 0.6125 0.975
vt 0.6125 0.775
vt 0.5125 0.775
vt 0.5125 0.975
vt 0.6125 0.775
vt 0.5125 0.975
vt 0.6125 0.975
vt 0.6125 0.775
vt 0.5125 0.775
vt 0.5125 0.975
vt 0.6125 0.775
vt 0.5125 0.975
vt 0.6125 0.975
vt 0.6125 0.775
vt 0.5125 0.775
vt 0.5125 0.975
vt 0.6125 0.775
vt 0.5125 0.975
vt 0.6125 0.975
vt 0.6125 0.775
vt 0.5125 0.775
vt 0.5125 0.975
vt 0.6125 0.975
vt 0.6125 0.775
vt 0.5125 0.775
vt 0.6125 0.975
vt 0.5125 0.775
vt 0.5125 0.975
vt 0.6125 0.975
vt 0.6125 0.775
vt 0.5125 0.775
vt 0.6125 0.975
vt 0.5125 0.775
vt 0.5125 0.975
vt 0.6125 0.975
vt 0.6125 0.775
vt 0.5125 0.775
vt 0.6125 0.975
vt 0.5125 0.775
vt 0.5125 0.975
vt 0.6125 0.975
vt 0.6125 0.775
vt 0.5125 0.775
vt 0.6125 0.975
vt 0.5125 0.775
vt 0.5125 0.975
vt 0.6125 0.775
vt 0.5125 0.975
vt 0.6125 0.975
vt 0.6125 0.775
vt 0.5125 0.775
vt 0.5125 0.975
vt 0.6125 0.775
vt 0.5125 0.975
vt 0.6125 0.975
vt 0.6125 0.775
vt 0.5125 0.775
vt 0.5125 0.975
vt 0.6125 0.775
vt 0.5125 0.975
vt 0.6125 0.975
vt 0.6125 0.775
vt 0.5125 0.775
vt 0.5125 0.975
vt 0.6125 0.775
vt 0.5125 0.975
vt 0.6125 0.975
vt 0.6125 0.775
vt 0.5125 0.775
vt 0.5125 0.975
vt 0.5625 0.975
vt 0.5625 0.775
vt 0.5125 0.775
vt 0.5625 0.975
vt 0.5625 0.775
vt 0.5625 0.975
vt 0.6125 0.975
vt 0.6125 0.775
vt 0.5625 0.775
vt 0.6125 0.975
vt 0.5125 0.775
vt 0.5125 0.975
vt 0.5625 0.975
vt 0.5625 0.775
vt 0.5125 0.775
vt 0.5625 0.975
vt 0.5625 0.775
vt 0.5625 0.975
vt 0.6125 0.975
vt 0.6125 0.775
vt 0.5625 0.775
vt 0.6125 0.975
vt 0.5125 0.775
vt 0.5125 0.975
vt 0.5625 0.775
vt 0.5125 0.975
vt 0.5625 0.975
vt 0.5625 0.775
vt 0.5625 0.775
vt 0.5625 0.975
vt 0.6125 0.775
vt 0.5625 0.975
vt 0.6125 0.975
vt 0.6125 0.775
vt 0.5125 0.775
vt 0.5125 0.975
vt 0.5625 0.775
vt 0.5125 0.975
vt 0.5625 0.975
vt 0.5625 0.775
vt 0.5625 0.775
vt 0.5625 0.975
vt 0.6125 0.775
vt 0.5625 0.975
vt 0.6125 0.975
vt 0.6125 0.775
vt 0.1375 0.275
vt 0.1375 0.475
vt 0.17083 0.475
vt 0.17083 0.275
vt 0.1375 0.275
vt 0.17083 0.475
vt 0.17083 0.275
vt 0.17083 0.475
vt 0.20417 0.475
vt 0.20417 0.275
vt 0.17083 0.275
vt 0.20417 0.475
vt 0.20417 0.275
vt 0.20417 0.475
vt 0.2375 0.475
vt 0.2375 0.275
vt 0.20417 0.275
vt 0.2375 0.475
vt 0.1375 0.275
vt 0.1375 0.475
vt 0.17083 0.475
vt 0.17083 0.275
vt 0.1375 0.275
vt 0.17083 0.475
vt 0.17083 0.275
vt 0.17083 0.475
vt 0.20417 0.475
vt 0.20417 0.275
vt 0.17083 0.275
vt 0.20417 0.475
vt 0.20417 0.275
vt 0.20417 0.475
vt 0.2375 0.475
vt 0.2375 0.275
vt 0.20417 0.275
vt 0.2375 0.475
vt 0.1375 0.275
vt 0.1375 0.475
vt 0.17083 0.275
vt 0.1375 0.475
vt 0.17083 0.475
vt 0.17083 0.275
vt 0.17083 0.275
vt 0.17083 0.475
vt 0.20417 0.275
vt 0.17083 0.475
vt 0.20417 0.475
vt 0.20417 0.275
vt 0.20417 0.275
vt 0.20417 0.475
vt 0.2375 0.275
vt 0.20417 0.475
vt 0.2375 0.475
vt 0.2375 0.275
vt 0.1375 0.275
vt 0.1375 0.475
vt 0.17083 0.275
vt 0.1375 0.475
vt 0.17083 0.475
vt 0.17083 0.275
vt 0.17083 0.275
vt 0.17083 0.475
vt 0.20417 0.275
vt 0.17083 0.475
vt 0.20417 0.475
vt 0.20417 0.275
vt 0.20417 0.275
vt 0.20417 0.475
vt 0.2375 0.275
vt 0.20417 0.475
vt 0.2375 0.475
vt 0.2375 0.275
vt 0.3875 0.775
vt 0.3875 0.975
vt 0.42083 0.975
vt 0.42083 0.775
vt 0.3875 0.775
vt 0.42083 0.975
vt 0.42083 0.775
vt 0.42083 0.975
vt 0.45417 0.975
vt 0.45417 0.775
vt 0.42083 0.775
vt 0.45417 0.975
vt 0.45417 0.775
vt 0.45417 0.975
vt 0.4875 0.975
vt 0.4875 0.775
vt 0.45417 0.775
vt 0.4875 0.975
vt 0.3875 0.775
vt 0.3875 0.975
vt 0.42083 0.975
vt 0.42083 0.775
vt 0.3875 0.775
vt 0.42083 0.975
vt 0.42083 0.775
vt 0.42083 0.975
vt 0.45417 0.975
vt 0.45417 0.775
vt 0.42083 0.775
vt 0.45417 0.975
vt 0.45417 0.775
vt 0.45417 0.975
vt 0.4875 0.975
vt 0.4875 0.775
vt 0.45417 0.775
vt 0.4875 0.975
vt 0.3875 0.775
vt 0.3875 0.975
vt 0.42083 0.775
vt 0.3875 0.975
vt 0.42083 0.975
vt 0.42083 0.775
vt 0.42083 0.775
vt 0.42083 0.975
vt 0.45417 0.775
vt 0.42083 0.975
vt 0.45417 0.975
vt 0.45417 0.775
vt 0.45417 0.775
vt 0.45417 0.975
vt 0.4875 0.775
vt 0.45417 0.975
vt 0.4875 0.975
vt 0.4875 0.775
vt 0.3875 0.775
vt 0.3875 0.975
vt 0.42083 0.775
vt 0.3875 0.975
vt 0.42083 0.975
vt 0.42083 0.775
vt 0.42083 0.775
vt 0.42083 0.975
vt 0.45417 0.775
vt 0.42083 0.975
vt 0.45417 0.975
vt 0.45417 0.775
vt 0.45417 0.775
vt 0.45417 0.975
vt 0.4875 0.775
vt 0.45417 0.975
vt 0.4875 0.975
vt 0.4875 0.775
vt 0.3875 0.525
vt 0.3875 0.725
vt 0.42083 0.725
vt 0.42083 0.525
vt 0.3875 0.525
vt 0.42083 0.725
vt 0.42083 0.525
vt 0.42083 0.725
vt 0.45417 0.725
vt 0.45417 0.525
vt 0.42083 0.525
vt 0.45417 0.725
vt 0.45417 0.525
vt 0.45417 0.725
vt 0.4875 0.725
vt 0.4875 0.525
vt 0.45417 0.525
vt 0.4875 0.725
vt 0.3875 0.525
vt 0.3875 0.725
vt 0.42083 0.725
vt 0.42083 0.525
vt 0.3875 0.525
vt 0.42083 0.725
vt 0.42083 0.525
vt 0.42083 0.725
vt 0.45417 0.725
vt 0.45417 0.525
vt 0.42083 0.525
vt 0.45417 0.725
vt 0.45417 0.525
vt 0.45417 0.725
vt 0.4875 0.725
vt 0.4875 0.525
vt 0.45417 0.525
vt 0.4875 0.725
vt 0.3875 0.525
vt 0.3875 0.725
vt 0.42083 0.525
vt 0.3875 0.725
vt 0.42083 0.725
vt 0.42083 0.525
vt 0.42083 0.525
vt 0.42083 0.725
vt 0.45417 0.525
vt 0.42083 0.725
vt 0.45417 0.725
vt 0.45417 0.525
vt 0.45417 0.525
vt 0.45417 0.725
vt 0.4875 0.525
vt 0.45417 0.725
vt 0.4875 0.725
vt 0.4875 0.525
vt 0.3875 0.525
vt 0.3875 0.725
vt 0.42083 0.525
vt 0.3875 0.725
vt 0.42083 0.725
vt 0.42083 0.525
vt 0.42083 0.525
vt 0.42083 0.725
vt 0.45417 0.525
vt 0.42083 0.725
vt 0.45417 0.725
vt 0.45417 0.525
vt 0.45417 0.525
vt 0.45417 0.725
vt 0.4875 0.525
vt 0.45417 0.725
vt 0.4875 0.725
vt 0.4875 0.525
vt 0.87625 0.025
vt 0.87625 0.225
vt 0.87625 0.225
vt 0.87625 0.025
vt 0.87625 0.025
vt 0.87625 0.225
vt 0.87625 0.025
vt 0.87625 0.225
vt 0.87625 0.225
vt 0.87625 0.025
vt 0.87625 0.025
vt 0.87625 0.225
vt 0.87625 0.025
vt 0.87625 0.225
vt 0.87625 0.225
vt 0.87625 0.025
vt 0.87625 0.025
vt 0.87625 0.225
vt 0.87625 0.025
vt 0.87625 0.225
vt 0.87625 0.225
vt 0.87625 0.025
vt 0.87625 0.025
vt 0.87625 0.225
vt 0.87625 0.025
vt 0.87625 0.225
vt 0.87625 0.225
vt 0.87625 0.025
vt 0.87625 0.025
vt 0.87625 0.225
vt 0.87625 0.025
vt 0.87625 0.225
vt 0.87625 0.225
vt 0.87625 0.025
vt 0.87625 0.025
vt 0.87625 0.225
vt 0.87625 0.025
vt 0.87625 0.225
vt 0.87625 0.025
vt 0.87625 0.225
vt 0.87625 0.225
vt 0.87625 0.025
vt 0.87625 0.025
vt 0.87625 0.225
vt 0.87625 0.025
vt 0.87625 0.225
vt 0.87625 0.225
vt 0.87625 0.025
vt 0.87625 0.025
vt 0.87625 0.225
vt 0.87625 0.025
vt 0.87625 0.225
vt 0.87625 0.225
vt 0.87625 0.025
vt 0.87625 0.025
vt 0.87625 0.225
vt 0.87625 0.025
vt 0.87625 0.225
vt 0.87625 0.225
vt 0.87625 0.025
vt 0.87625 0.025
vt 0.87625 0.225
vt 0.87625 0.025
vt 0.87625 0.225
vt 0.87625 0.225
vt 0.87625 0.025
vt 0.87625 0.025
vt 0.87625 0.225
vt 0.87625 0.025
vt 0.87625 0.225
vt 0.87625 0.225
vt 0.87625 0.025
vt 0.6375 0.525
vt 0.6375 0.725
vt 0.67083 0.725
vt 0.67083 0.525
vt 0.6375 0.525
vt 0.67083 0.725
vt 0.67083 0.525
vt 0.67083 0.725
vt 0.70417 0.725
vt 0.70417 0.525
vt 0.67083 0.525
vt 0.70417 0.725
vt 0.70417 0.525
vt 0.70417 0.725
vt 0.7375 0.725
vt 0.7375 0.525
vt 0.70417 0.525
vt 0.7375 0.725
vt 0.6375 0.525
vt 0.6375 0.725
vt 0.67083 0.725
vt 0.67083 0.525
vt 0.6375 0.525
vt 0.67083 0.725
vt 0.67083 0.525
vt 0.67083 0.725
vt 0.70417 0.725
vt 0.70417 0.525
vt 0.67083 0.525
vt 0.70417 0.725
vt 0.70417 0.525
vt 0.70417 0.725
vt 0.7375 0.725
vt 0.7375 0.525
vt 0.70417 0.525
vt 0.7375 0.725
vt 0.6375 0.525
vt 0.6375 0.725
vt 0.67083 0.525
vt 0.6375 0.725
vt 0.67083 0.725
vt 0.67083 0.525
vt 0.67083 0.525
vt 0.67083 0.725
vt 0.70417 0.525
vt 0.67083 0.725
vt 0.70417 0.725
vt 0.70417 0.525
vt 0.70417 0.525
vt 0.70417 0.725
vt 0.7375 0.525
vt 0.70417 0.725
vt 0.7375 0.725
vt 0.7375 0.525
vt 0.6375 0.525
vt 0.6375 0.725
vt 0.67083 0.525
vt 0.6375 0.725
vt 0.67083 0.725
vt 0.67083 0.525
vt 0.67083 0.525
vt 0.67083 0.725
vt 0.70417 0.525
vt 0.67083 0.725
vt 0.70417 0.725
vt 0.70417 0.525
vt 0.70417 0.525
vt 0.70417 0.725
vt 0.7375 0.525
vt 0.70417 0.725
vt 0.7375 0.725
vt 0.7375 0.525
vt 0.5125 0.775
vt 0.5125 0.975
vt 0.54583 0.975
vt 0.54583 0.775
vt 0.5125 0.775
vt 0.54583 0.975
vt 0.54583 0.775
vt 0.54583 0.975
vt 0.57917 0.975
vt 0.57917 0.775
vt 0.54583 0.775
vt 0.57917 0.975
vt 0.57917 0.775
vt 0.57917 0.975
vt 0.6125 0.975
vt 0.6125 0.775
vt 0.57917 0.775
vt 0.6125 0.975
vt 0.5125 0.775
vt 0.5125 0.975
vt 0.54583 0.975
vt 0.54583 0.775
vt 0.5125 0.775
vt 0.54583 0.975
vt 0.54583 0.775
vt 0.54583 0.975
vt 0.57917 0.975
vt 0.57917 0.775
vt 0.54583 0.775
vt 0.57917 0.975
vt 0.57917 0.775
vt 0.57917 0.975
vt 0.6125 0.975
vt 0.6125 0.775
vt 0.57917 0.775
vt 0.6125 0.975
vt 0.5125 0.775
vt 0.5125 0.975
vt 0.54583 0.775
vt 0.5125 0.975
vt 0.54583 0.975
vt 0.54583 0.775
vt 0.54583 0.775
vt 0.54583 0.975
vt 0.57917 0.775
vt 0.54583 0.975
vt 0.57917 0.975
vt 0.57917 0.775
vt 0.57917 0.775
vt 0.57917 0.975
vt 0.6125 0.775
vt 0.57917 0.975
vt 0.6125 0.975
vt 0.6125 0.775
vt 0.5125 0.775
vt 0.5125 0.975
vt 0.54583 0.775
vt 0.5125 0.975
vt 0.54583 0.975
vt 0.54583 0.775
vt 0.54583 0.775
vt 0.54583 0.975
vt 0.57917 0.775
vt 0.54583 0.975
vt 0.57917 0.975
vt 0.57917 0.775
vt 0.57917 0.775
vt 0.57917 0.975
vt 0.6125 0.775
vt 0.57917 0.975
vt 0.6125 0.975
vt 0.6125 0.775
vt 0.0125 0.525
vt 0.0125 0.725
vt 0.04583 0.725
vt 0.04583 0.525
vt 0.0125 0.525
vt 0.04583 0.725
vt 0.04583 0.525
vt 0.04583 0.725
vt 0.07917 0.725
vt 0.07917 0.525
vt 0.04583 0.525
vt 0.07917 0.725
vt 0.07917 0.525
vt 0.07917 0.725
vt 0.1125 0.725
vt 0.1125 0.525
vt 0.07917 0.525
vt 0.1125 0.725
vt 0.0125 0.525
vt 0.0125 0.725
vt 0.04583 0.725
vt 0.04583 0.525
vt 0.0125 0.525
vt 0.04583 0.725
vt 0.04583 0.525
vt 0.04583 0.725
vt 0.07917 0.725
vt 0.07917 0.525
vt 0.04583 0.525
vt 0.07917 0.725
vt 0.07917 0.525
vt 0.07917 0.725
vt 0.1125 0.725
vt 0.1125 0.525
vt 0.07917 0.525
vt 0.1125 0.725
vt 0.0125 0.525
vt 0.0125 0.725
vt 0.04583 0.525
vt 0.0125 0.725
vt 0.04583 0.725
vt 0.04583 0.525
vt 0.04583 0.525
vt 0.04583 0.725
vt 0.07917 0.525
vt 0.04583 0.725
vt 0.07917 0.725
vt 0.07917 0.525
vt 0.07917 0.525
vt 0.07917 0.725
vt 0.1125 0.525
vt 0.07917 0.725
vt 0.1125 0.725
vt 0.1125 0.525
vt 0.0125 0.525
vt 0.0125 0.725
vt 0.04583 0.525
vt 0.0125 0.725
vt 0.04583 0.725
vt 0.04583 0.525
vt 0.04583 0.525
vt 0.04583 0.725
vt 0.07917 0.525
vt 0.04583 0.725
vt 0.07917 0.725
vt 0.07917 0.525
vt 0.07917 0.525
vt 0.07917 0.725
vt 0.1125 0.525
vt 0.07917 0.725
vt 0.1125 0.725
vt 0.1125 0.525
vt 0.0125 0.525
vt 0.0125 0.725
vt 0.04583 0.725
vt 0.04583 0.525
vt 0.0125 0.525
vt 0.04583 0.725
vt 0.04583 0.525
vt 0.04583 0.725
vt 0.07917 0.725
vt 0.07917 0.525
vt 0.04583 0.525
vt 0.07917 0.725
vt 0.07917 0.525
vt 0.07917 0.725
vt 0.1125 0.725
vt 0.1125 0.525
vt 0.07917 0.525
vt 0.1125 0.725
vt 0.0125 0.525
vt 0.0125 0.725
vt 0.04583 0.725
vt 0.04583 0.525
vt 0.0125 0.525
vt 0.04583 0.725
vt 0.04583 0.525
vt 0.04583 0.725
vt 0.07917 0.725
vt 0.07917 0.525
vt 0.04583 0.525
vt 0.07917 0.725
vt 0.07917 0.525
vt 0.07917 0.725
vt 0.1125 0.725
vt 0.1125 0.525
vt 0.07917 0.525
vt 0.1125 0.725
vt 0.0125 0.525
vt 0.0125 0.725
vt 0.04583 0.525
vt 0.0125 0.725
vt 0.04583 0.725
vt 0.04583 0.525
vt 0.04583 0.525
vt 0.04583 0.725
vt 0.07917 0.525
vt 0.04583 0.725
vt 0.07917 0.725
vt 0.07917 0.525
vt 0.07917 0.525
vt 0.07917 0.725
vt 0.1125 0.525
vt 0.07917 0.725
vt 0.1125 0.725
vt 0.1125 0.525
vt 0.0125 0.525
vt 0.0125 0.725
vt 0.04583 0.525
vt 0.0125 0.725
vt 0.04583 0.725
vt 0.04583 0.525
vt 0.04583 0.525
vt 0.04583 0.725
vt 0.07917 0.525
vt 0.04583 0.725
vt 0.07917 0.725
vt 0.07917 0.525
vt 0.07917 0.525
vt 0.07917 0.725
vt 0.1125 0.525
vt 0.07917 0.725
vt 0.1125 0.725
vt 0.1125 0.525
vt 0.0625 0.525
vt 0.0625 0.725
vt 0.07917 0.725
vt 0.07917 0.525
vt 0.0625 0.525
vt 0.07917 0.725
vt 0.07917 0.525
vt 0.07917 0.725
vt 0.09583 0.725
vt 0.09583 0.525
vt 0.07917 0.525
vt 0.09583 0.725
vt 0.09583 0.525
vt 0.09583 0.725
vt 0.1125 0.725
vt 0.1125 0.525
vt 0.09583 0.525
vt 0.1125 0.725
vt 0.0125 0.525
vt 0.0125 0.725
vt 0.02917 0.725
vt 0.02917 0.525
vt 0.0125 0.525
vt 0.02917 0.725
vt 0.02917 0.525
vt 0.02917 0.725
vt 0.04583 0.725
vt 0.04583 0.525
vt 0.02917 0.525
vt 0.04583 0.725
vt 0.04583 0.525
vt 0.04583 0.725
vt 0.0625 0.725
vt 0.0625 0.525
vt 0.04583 0.525
vt 0.0625 0.725
vt 0.0625 0.525
vt 0.0625 0.725
vt 0.07917 0.525
vt 0.0625 0.725
vt 0.07917 0.725
vt 0.07917 0.525
vt 0.07917 0.525
vt 0.07917 0.725
vt 0.09583 0.525
vt 0.07917 0.725
vt 0.09583 0.725
vt 0.09583 0.525
vt 0.09583 0.525
vt 0.09583 0.725
vt 0.1125 0.525
vt 0.09583 0.725
vt 0.1125 0.725
vt 0.1125 0.525
vt 0.0125 0.525
vt 0.0125 0.725
vt 0.02917 0.525
vt 0.0125 0.725
vt 0.02917 0.725
vt 0.02917 0.525
vt 0.02917 0.525
vt 0.02917 0.725
vt 0.04583 0.525
vt 0.02917 0.725
vt 0.04583 0.725
vt 0.04583 0.525
vt 0.04583 0.525
vt 0.04583 0.725
vt 0.0625 0.525
vt 0.04583 0.725
vt 0.0625 0.725
vt 0.0625 0.525
vt 0.1875 0.275
vt 0.1875 0.475
vt 0.20417 0.475
vt 0.20417 0.275
vt 0.1875 0.275
vt 0.20417 0.475
vt 0.20417 0.275
vt 0.20417 0.475
vt 0.22083 0.475
vt 0.22083 0.275
vt 0.20417 0.275
vt 0.22083 0.475
vt 0.22083 0.275
vt 0.22083 0.475
vt 0.2375 0.475
vt 0.2375 0.275
vt 0.22083 0.275
vt 0.2375 0.475
vt 0.1375 0.275
vt 0.1375 0.475
vt 0.15417 0.475
vt 0.15417 0.275
vt 0.1375 0.275
vt 0.15417 0.475
vt 0.15417 0.275
vt 0.15417 0.475
vt 0.17083 0.475
vt 0.17083 0.275
vt 0.15417 0.275
vt 0.17083 0.475
vt 0.17083 0.275
vt 0.17083 0.475
vt 0.1875 0.475
vt 0.1875 0.275
vt 0.17083 0.275
vt 0.1875 0.475
vt 0.1875 0.275
vt 0.1875 0.475
vt 0.20417 0.275
vt 0.1875 0.475
vt 0.20417 0.475
vt 0.20417 0.275
vt 0.20417 0.275
vt 0.20417 0.475
vt 0.22083 0.275
vt 0.20417 0.475
vt 0.22083 0.475
vt 0.22083 0.275
vt 0.22083 0.275
vt 0.22083 0.475
vt 0.2375 0.275
vt 0.22083 0.475
vt 0.2375 0.475
vt 0.2375 0.275
vt 0.1375 0.275
vt 0.1375 0.475
vt 0.15417 0.275
vt 0.1375 0.475
vt 0.15417 0.475
vt 0.15417 0.275
vt 0.15417 0.275
vt 0.15417 0.475
vt 0.17083 0.275
vt 0.15417 0.475
vt 0.17083 0.475
vt 0.17083 0.275
vt 0.17083 0.275
vt 0.17083 0.475
vt 0.1875 0.275
vt 0.17083 0.475
vt 0.1875 0.475
vt 0.1875 0.275
vt 0.4375 0.775
vt 0.4375 0.975
vt 0.45417 0.975
vt 0.45417 0.775
vt 0.4375 0.775
vt 0.45417 0.975
vt 0.45417 0.775
vt 0.45417 0.975
vt 0.47639 0.975
vt 0.47639 0.775
vt 0.45417 0.775
vt 0.47639 0.975
vt 0.47639 0.775
vt 0.47639 0.975
vt 0.49861 0.975
vt 0.49861 0.775
vt 0.47639 0.775
vt 0.49861 0.975
vt 0.39861 0.775
vt 0.39861 0.975
vt 0.4375 0.775
vt 0.39861 0.975
vt 0.4375 0.975
vt 0.4375 0.775
vt 0.4375 0.775
vt 0.4375 0.975
vt 0.49861 0.775
vt 0.4375 0.975
vt 0.49861 0.975
vt 0.49861 0.775
vt 0.39861 0.775
vt 0.39861 0.975
vt 0.4375 0.775
vt 0.39861 0.975
vt 0.4375 0.975
vt 0.4375 0.775
vt 0.4375 0.775
vt 0.4375 0.975
vt 0.45417 0.975
vt 0.45417 0.775
vt 0.4375 0.775
vt 0.45417 0.975
vt 0.45417 0.775
vt 0.45417 0.975
vt 0.47639 0.975
vt 0.47639 0.775
vt 0.45417 0.775
vt 0.47639 0.975
vt 0.47639 0.775
vt 0.47639 0.975
vt 0.49861 0.975
vt 0.49861 0.775
vt 0.47639 0.775
vt 0.49861 0.975
vt 0.39861 0.775
vt 0.39861 0.975
vt 0.4375 0.775
vt 0.39861 0.975
vt 0.4375 0.975
vt 0.4375 0.775
vt 0.4375 0.775
vt 0.4375 0.975
vt 0.49861 0.775
vt 0.4375 0.975
vt 0.49861 0.975
vt 0.49861 0.775
vt 0.39861 0.775
vt 0.39861 0.975
vt 0.4375 0.775
vt 0.39861 0.975
vt 0.4375 0.975
vt 0.4375 0.775
vt 0.3125 0.275
vt 0.3125 0.475
vt 0.32917 0.475
vt 0.32917 0.275
vt 0.3125 0.275
vt 0.32917 0.475
vt 0.32917 0.275
vt 0.32917 0.475
vt 0.35139 0.475
vt 0.35139 0.275
vt 0.32917 0.275
vt 0.35139 0.475
vt 0.35139 0.275
vt 0.35139 0.475
vt 0.37361 0.475
vt 0.37361 0.275
vt 0.35139 0.275
vt 0.37361 0.475
vt 0.27361 0.275
vt 0.27361 0.475
vt 0.3125 0.275
vt 0.27361 0.475
vt 0.3125 0.475
vt 0.3125 0.275
vt 0.3125 0.275
vt 0.3125 0.475
vt 0.37361 0.275
vt 0.3125 0.475
vt 0.37361 0.475
vt 0.37361 0.275
vt 0.27361 0.275
vt 0.27361 0.475
vt 0.3125 0.275
vt 0.27361 0.475
vt 0.3125 0.475
vt 0.3125 0.275
vt 0.5625 0.775
vt 0.5625 0.975
vt 0.57917 0.975
vt 0.57917 0.775
vt 0.5625 0.775
vt 0.57917 0.975
vt 0.57917 0.775
vt 0.57917 0.975
vt 0.60139 0.975
vt 0.60139 0.775
vt 0.57917 0.775
vt 0.60139 0.975
vt 0.60139 0.775
vt 0.60139 0.975
vt 0.62361 0.975
vt 0.62361 0.775
vt 0.60139 0.775
vt 0.62361 0.975
vt 0.52361 0.775
vt 0.52361 0.975
vt 0.5625 0.775
vt 0.52361 0.975
vt 0.5625 0.975
vt 0.5625 0.775
vt 0.5625 0.775
vt 0.5625 0.975
vt 0.62361 0.775
vt 0.5625 0.975
vt 0.62361 0.975
vt 0.62361 0.775
vt 0.52361 0.775
vt 0.52361 0.975
vt 0.5625 0.775
vt 0.52361 0.975
vt 0.5625 0.975
vt 0.5625 0.775
vt 0.6875 0.525
vt 0.6875 0.725
vt 0.70417 0.725
vt 0.70417 0.525
vt 0.6875 0.525
vt 0.70417 0.725
vt 0.70417 0.525
vt 0.70417 0.725
vt 0.72639 0.725
vt 0.72639 0.525
vt 0.70417 0.525
vt 0.72639 0.725
vt 0.72639 0.525
vt 0.72639 0.725
vt 0.74861 0.725
vt 0.74861 0.525
vt 0.72639 0.525
vt 0.74861 0.725
vt 0.64861 0.525
vt 0.64861 0.725
vt 0.6875 0.525
vt 0.64861 0.725
vt 0.6875 0.725
vt 0.6875 0.525
vt 0.6875 0.525
vt 0.6875 0.725
vt 0.74861 0.525
vt 0.6875 0.725
vt 0.74861 0.725
vt 0.74861 0.525
vt 0.64861 0.525
vt 0.64861 0.725
vt 0.6875 0.525
vt 0.64861 0.725
vt 0.6875 0.725
vt 0.6875 0.525
vt 0.5625 0.775
vt 0.5625 0.975
vt 0.57917 0.975
vt 0.57917 0.775
vt 0.5625 0.775
vt 0.57917 0.975
vt 0.57917 0.775
vt 0.57917 0.975
vt 0.60139 0.975
vt 0.60139 0.775
vt 0.57917 0.775
vt 0.60139 0.975
vt 0.60139 0.775
vt 0.60139 0.975
vt 0.62361 0.975
vt 0.62361 0.775
vt 0.60139 0.775
vt 0.62361 0.975
vt 0.52361 0.775
vt 0.52361 0.975
vt 0.5625 0.775
vt 0.52361 0.975
vt 0.5625 0.975
vt 0.5625 0.775
vt 0.5625 0.775
vt 0.5625 0.975
vt 0.62361 0.775
vt 0.5625 0.975
vt 0.62361 0.975
vt 0.62361 0.775
vt 0.52361 0.775
vt 0.52361 0.975
vt 0.5625 0.775
vt 0.52361 0.975
vt 0.5625 0.975
vt 0.5625 0.775
vt 0.4375 0.775
vt 0.4375 0.975
vt 0.45417 0.975
vt 0.45417 0.775
vt 0.4375 0.775
vt 0.45417 0.975
vt 0.45417 0.775
vt 0.45417 0.975
vt 0.47639 0.975
vt 0.47639 0.775
vt 0.45417 0.775
vt 0.47639 0.975
vt 0.47639 0.775
vt 0.47639 0.975
vt 0.49861 0.975
vt 0.49861 0.775
vt 0.47639 0.775
vt 0.49861 0.975
vt 0.39861 0.775
vt 0.39861 0.975
vt 0.4375 0.775
vt 0.39861 0.975
vt 0.4375 0.975
vt 0.4375 0.775
vt 0.4375 0.775
vt 0.4375 0.975
vt 0.49861 0.775
vt 0.4375 0.975
vt 0.49861 0.975
vt 0.49861 0.775
vt 0.39861 0.775
vt 0.39861 0.975
vt 0.4375 0.775
vt 0.39861 0.975
vt 0.4375 0.975
vt 0.4375 0.775
vt 0.0625 0.525
vt 0.0625 0.725
vt 0.07917 0.725
vt 0.07917 0.525
vt 0.0625 0.525
vt 0.07917 0.725
vt 0.07917 0.525
vt 0.07917 0.725
vt 0.10139 0.725
vt 0.10139 0.525
vt 0.07917 0.525
vt 0.10139 0.725
vt 0.10139 0.525
vt 0.10139 0.725
vt 0.12361 0.725
vt 0.12361 0.525
vt 0.10139 0.525
vt 0.12361 0.725
vt 0.02361 0.525
vt 0.02361 0.725
vt 0.0625 0.525
vt 0.02361 0.725
vt 0.0625 0.725
vt 0.0625 0.525
vt 0.0625 0.525
vt 0.0625 0.725
vt 0.12361 0.525
vt 0.0625 0.725
vt 0.12361 0.725
vt 0.12361 0.525
vt 0.02361 0.525
vt 0.02361 0.725
vt 0.0625 0.525
vt 0.02361 0.725
vt 0.0625 0.725
vt 0.0625 0.525
vt 0.3125 0.525
vt 0.3125 0.725
vt 0.32917 0.725
vt 0.32917 0.525
vt 0.3125 0.525
vt 0.32917 0.725
vt 0.32917 0.525
vt 0.32917 0.725
vt 0.35139 0.725
vt 0.35139 0.525
vt 0.32917 0.525
vt 0.35139 0.725
vt 0.35139 0.525
vt 0.35139 0.725
vt 0.37361 0.725
vt 0.37361 0.525
vt 0.35139 0.525
vt 0.37361 0.725
vt 0.27361 0.525
vt 0.27361 0.725
vt 0.3125 0.525
vt 0.27361 0.725
vt 0.3125 0.725
vt 0.3125 0.525
vt 0.3125 0.525
vt 0.3125 0.725
vt 0.37361 0.525
vt 0.3125 0.725
vt 0.37361 0.725
vt 0.37361 0.525
vt 0.27361 0.525
vt 0.27361 0.725
vt 0.3125 0.525
vt 0.27361 0.725
vt 0.3125 0.725
vt 0.3125 0.525
vt 0.1875 0.275
vt 0.1875 0.475
vt 0.20417 0.475
vt 0.20417 0.275
vt 0.1875 0.275
vt 0.20417 0.475
vt 0.20417 0.275
vt 0.20417 0.475
vt 0.22639 0.475
vt 0.22639 0.275
vt 0.20417 0.275
vt 0.22639 0.475
vt 0.22639 0.275
vt 0.22639 0.475
vt 0.24861 0.475
vt 0.24861 0.275
vt 0.22639 0.275
vt 0.24861 0.475
vt 0.14861 0.275
vt 0.14861 0.475
vt 0.1875 0.275
vt 0.14861 0.475
vt 0.1875 0.475
vt 0.1875 0.275
vt 0.1875 0.275
vt 0.1875 0.475
vt 0.24861 0.275
vt 0.1875 0.475
vt 0.24861 0.475
vt 0.24861 0.275
vt 0.14861 0.275
vt 0.14861 0.475
vt 0.1875 0.275
vt 0.14861 0.475
vt 0.1875 0.475
vt 0.1875 0.275
vt 0.4375 0.775
vt 0.4375 0.975
vt 0.45417 0.975
vt 0.45417 0.775
vt 0.4375 0.775
vt 0.45417 0.975
vt 0.45417 0.775
vt 0.45417 0.975
vt 0.47639 0.975
vt 0.47639 0.775
vt 0.45417 0.775
vt 0.47639 0.975
vt 0.47639 0.775
vt 0.47639 0.975
vt 0.49861 0.975
vt 0.49861 0.775
vt 0.47639 0.775
vt 0.49861 0.975
vt 0.39861 0.775
vt 0.39861 0.975
vt 0.4375 0.775
vt 0.39861 0.975
vt 0.4375 0.975
vt 0.4375 0.775
vt 0.4375 0.775
vt 0.4375 0.975
vt 0.49861 0.775
vt 0.4375 0.975
vt 0.49861 0.975
vt 0.49861 0.775
vt 0.39861 0.775
vt 0.39861 0.975
vt 0.4375 0.775
vt 0.39861 0.975
vt 0.4375 0.975
vt 0.4375 0.775
vt 0.4375 0.775
vt 0.4375 0.975
vt 0.45417 0.975
vt 0.45417 0.775
vt 0.4375 0.775
vt 0.45417 0.975
vt 0.45417 0.775
vt 0.45417 0.975
vt 0.47639 0.975
vt 0.47639 0.775
vt 0.45417 0.775
vt 0.47639 0.975
vt 0.47639 0.775
vt 0.47639 0.975
vt 0.49861 0.975
vt 0.49861 0.775
vt 0.47639 0.775
vt 0.49861 0.975
vt 0.39861 0.775
vt 0.39861 0.975
vt 0.4375 0.775
vt 0.39861 0.975
vt 0.4375 0.975
vt 0.4375 0.775
vt 0.4375 0.775
vt 0.4375 0.975
vt 0.49861 0.775
vt 0.4375 0.975
vt 0.49861 0.975
vt 0.49861 0.775
vt 0.39861 0.775
vt 0.39861 0.975
vt 0.4375 0.775
vt 0.39861 0.975
vt 0.4375 0.975
vt 0.4375 0.775
vt 0.3125 0.275
vt 0.3125 0.475
vt 0.32917 0.475
vt 0.32917 0.275
vt 0.3125 0.275
vt 0.32917 0.475
vt 0.32917 0.275
vt 0.32917 0.475
vt 0.35139 0.475
vt 0.35139 0.275
vt 0.32917 0.275
vt 0.35139 0.475
vt 0.35139 0.275
vt 0.35139 0.475
vt 0.37361 0.475
vt 0.37361 0.275
vt 0.35139 0.275
vt 0.37361 0.475
vt 0.27361 0.275
vt 0.27361 0.475
vt 0.3125 0.275
vt 0.27361 0.475
vt 0.3125 0.475
vt 0.3125 0.275
vt 0.3125 0.275
vt 0.3125 0.475
vt 0.37361 0.275
vt 0.3125 0.475
vt 0.37361 0.475
vt 0.37361 0.275
vt 0.27361 0.275
vt 0.27361 0.475
vt 0.3125 0.275
vt 0.27361 0.475
vt 0.3125 0.475
vt 0.3125 0.275
vt 0.5625 0.775
vt 0.5625 0.975
vt 0.57917 0.975
vt 0.57917 0.775
vt 0.5625 0.775
vt 0.57917 0.975
vt 0.57917 0.775
vt 0.57917 0.975
vt 0.60139 0.975
vt 0.60139 0.775
vt 0.57917 0.775
vt 0.60139 0.975
vt 0.60139 0.775
vt 0.60139 0.975
vt 0.62361 0.975
vt 0.62361 0.775
vt 0.60139 0.775
vt 0.62361 0.975
vt 0.52361 0.775
vt 0.52361 0.975
vt 0.5625 0.775
vt 0.52361 0.975
vt 0.5625 0.975
vt 0.5625 0.775
vt 0.5625 0.775
vt 0.5625 0.975
vt 0.62361 0.775
vt 0.5625 0.975
vt 0.62361 0.975
vt 0.62361 0.775
vt 0.52361 0.775
vt 0.52361 0.975
vt 0.5625 0.775
vt 0.52361 0.975
vt 0.5625 0.975
vt 0.5625 0.775
vt 0.6875 0.525
vt 0.6875 0.725
vt 0.70417 0.725
vt 0.70417 0.525
vt 0.6875 0.525
vt 0.70417 0.725
vt 0.70417 0.525
vt 0.70417 0.725
vt 0.72639 0.725
vt 0.72639 0.525
vt 0.70417 0.525
vt 0.72639 0.725
vt 0.72639 0.525
vt 0.72639 0.725
vt 0.74861 0.725
vt 0.74861 0.525
vt 0.72639 0.525
vt 0.74861 0.725
vt 0.64861 0.525
vt 0.64861 0.725
vt 0.6875 0.525
vt 0.64861 0.725
vt 0.6875 0.725
vt 0.6875 0.525
vt 0.6875 0.525
vt 0.6875 0.725
vt 0.74861 0.525
vt 0.6875 0.725
vt 0.74861 0.725
vt 0.74861 0.525
vt 0.64861 0.525
vt 0.64861 0.725
vt 0.6875 0.525
vt 0.64861 0.725
vt 0.6875 0.725
vt 0.6875 0.525
vt 0.5625 0.775
vt 0.5625 0.975
vt 0.57917 0.975
vt 0.57917 0.775
vt 0.5625 0.775
vt 0.57917 0.975
vt 0.57917 0.775
vt 0.57917 0.975
vt 0.60139 0.975
vt 0.60139 0.775
vt 0.57917 0.775
vt 0.60139 0.975
vt 0.60139 0.775
vt 0.60139 0.975
vt 0.62361 0.975
vt 0.62361 0.775
vt 0.60139 0.775
vt 0.62361 0.975
vt 0.52361 0.775
vt 0.52361 0.975
vt 0.5625 0.775
vt 0.52361 0.975
vt 0.5625 0.975
vt 0.5625 0.775
vt 0.5625 0.775
vt 0.5625 0.975
vt 0.62361 0.775
vt 0.5625 0.975
vt 0.62361 0.975
vt 0.62361 0.775
vt 0.52361 0.775
vt 0.52361 0.975
vt 0.5625 0.775
vt 0.52361 0.975
vt 0.5625 0.975
vt 0.5625 0.775
vt 0.4375 0.775
vt 0.4375 0.975
vt 0.45417 0.975
vt 0.45417 0.775
vt 0.4375 0.775
vt 0.45417 0.975
vt 0.45417 0.775
vt 0.45417 0.975
vt 0.47639 0.975
vt 0.47639 0.775
vt 0.45417 0.775
vt 0.47639 0.975
vt 0.47639 0.775
vt 0.47639 0.975
vt 0.49861 0.975
vt 0.49861 0.775
vt 0.47639 0.775
vt 0.49861 0.975
vt 0.39861 0.775
vt 0.39861 0.975
vt 0.4375 0.775
vt 0.39861 0.975
vt 0.4375 0.975
vt 0.4375 0.775
vt 0.4375 0.775
vt 0.4375 0.975
vt 0.49861 0.775
vt 0.4375 0.975
vt 0.49861 0.975
vt 0.49861 0.775
vt 0.39861 0.775
vt 0.39861 0.975
vt 0.4375 0.775
vt 0.39861 0.975
vt 0.4375 0.975
vt 0.4375 0.775
vt 0.0625 0.525
vt 0.0625 0.725
vt 0.07917 0.725
vt 0.07917 0.525
vt 0.0625 0.525
vt 0.07917 0.725
vt 0.07917 0.525
vt 0.07917 0.725
vt 0.10139 0.725
vt 0.10139 0.525
vt 0.07917 0.525
vt 0.10139 0.725
vt 0.10139 0.525
vt 0.10139 0.725
vt 0.12361 0.725
vt 0.12361 0.525
vt 0.10139 0.525
vt 0.12361 0.725
vt 0.02361 0.525
vt 0.02361 0.725
vt 0.0625 0.525
vt 0.02361 0.725
vt 0.0625 0.725
vt 0.0625 0.525
vt 0.0625 0.525
vt 0.0625 0.725
vt 0.12361 0.525
vt 0.0625 0.725
vt 0.12361 0.725
vt 0.12361 0.525
vt 0.02361 0.525
vt 0.02361 0.725
vt 0.0625 0.525
vt 0.02361 0.725
vt 0.0625 0.725
vt 0.0625 0.525
vt 0.3125 0.525
vt 0.3125 0.725
vt 0.32917 0.725
vt 0.32917 0.525
vt 0.3125 0.525
vt 0.32917 0.725
vt 0.32917 0.525
vt 0.32917 0.725
vt 0.35139 0.725
vt 0.35139 0.525
vt 0.32917 0.525
vt 0.35139 0.725
vt 0.35139 0.525
vt 0.35139 0.725
vt 0.37361 0.725
vt 0.37361 0.525
vt 0.35139 0.525
vt 0.37361 0.725
vt 0.27361 0.525
vt 0.27361 0.725
vt 0.3125 0.525
vt 0.27361 0.725
vt 0.3125 0.725
vt 0.3125 0.525
vt 0.3125 0.525
vt 0.3125 0.725
vt 0.37361 0.525
vt 0.3125 0.725
vt 0.37361 0.725
vt 0.37361 0.525
vt 0.27361 0.525
vt 0.27361 0.725
vt 0.3125 0.525
vt 0.27361 0.725
vt 0.3125 0.725
vt 0.3125 0.525
vt 0.1875 0.275
vt 0.1875 0.475
vt 0.20417 0.475
vt 0.20417 0.275
vt 0.1875 0.275
vt 0.20417 0.475
vt 0.20417 0.275
vt 0.20417 0.475
vt 0.22639 0.475
vt 0.22639 0.275
vt 0.20417 0.275
vt 0.22639 0.475
vt 0.22639 0.275
vt 0.22639 0.475
vt 0.24861 0.475
vt 0.24861 0.275
vt 0.22639 0.275
vt 0.24861 0.475
vt 0.14861 0.275
vt 0.14861 0.475
vt 0.1875 0.275
vt 0.14861 0.475
vt 0.1875 0.475
vt 0.1875 0.275
vt 0.1875 0.275
vt 0.1875 0.475
vt 0.24861 0.275
vt 0.1875 0.475
vt 0.24861 0.475
vt 0.24861 0.275
vt 0.14861 0.275
vt 0.14861 0.475
vt 0.1875 0.275
vt 0.14861 0.475
vt 0.1875 0.475
vt 0.1875 0.275
vt 0.5625 0.775
vt 0.5625 0.975
vt 0.57361 0.975
vt 0.57361 0.775
vt 0.5625 0.775
vt 0.57361 0.975
vt 0.57361 0.775
vt 0.57361 0.975
vt 0.6125 0.975
vt 0.6125 0.775
vt 0.57361 0.775
vt 0.6125 0.975
vt 0.5125 0.775
vt 0.5125 0.975
vt 0.52361 0.975
vt 0.52361 0.775
vt 0.5125 0.775
vt 0.52361 0.975
vt 0.52361 0.775
vt 0.52361 0.975
vt 0.5625 0.975
vt 0.5625 0.775
vt 0.52361 0.775
vt 0.5625 0.975
vt 0.5625 0.775
vt 0.5625 0.975
vt 0.57361 0.975
vt 0.57361 0.775
vt 0.5625 0.775
vt 0.57361 0.975
vt 0.57361 0.775
vt 0.57361 0.975
vt 0.6125 0.775
vt 0.57361 0.975
vt 0.6125 0.975
vt 0.6125 0.775
vt 0.5125 0.775
vt 0.5125 0.975
vt 0.52361 0.775
vt 0.5125 0.975
vt 0.52361 0.975
vt 0.52361 0.775
vt 0.52361 0.775
vt 0.52361 0.975
vt 0.5625 0.775
vt 0.52361 0.975
vt 0.5625 0.975
vt 0.5625 0.775
vt 0.5625 0.775
vt 0.5625 0.975
vt 0.5625 0.775
vt 0.5625 0.975
vt 0.5625 0.975
vt 0.5625 0.775
vt 0.1875 0.775
vt 0.1875 0.975
vt 0.19861 0.975
vt 0.19861 0.775
vt 0.1875 0.775
vt 0.19861 0.975
vt 0.19861 0.775
vt 0.19861 0.975
vt 0.2375 0.975
vt 0.2375 0.775
vt 0.19861 0.775
vt 0.2375 0.975
vt 0.1375 0.775
vt 0.1375 0.975
vt 0.14861 0.975
vt 0.14861 0.775
vt 0.1375 0.775
vt 0.14861 0.975
vt 0.14861 0.775
vt 0.14861 0.975
vt 0.1875 0.975
vt 0.1875 0.775
vt 0.14861 0.775
vt 0.1875 0.975
vt 0.1875 0.775
vt 0.1875 0.975
vt 0.19861 0.975
vt 0.19861 0.775
vt 0.1875 0.775
vt 0.19861 0.975
vt 0.19861 0.775
vt 0.19861 0.975
vt 0.2375 0.775
vt 0.19861 0.975
vt 0.2375 0.975
vt 0.2375 0.775
vt 0.1375 0.775
vt 0.1375 0.975
vt 0.14861 0.775
vt 0.1375 0.975
vt 0.14861 0.975
vt 0.14861 0.775
vt 0.14861 0.775
vt 0.14861 0.975
vt 0.1875 0.775
vt 0.14861 0.975
vt 0.1875 0.975
vt 0.1875 0.775
vt 0.1875 0.775
vt 0.1875 0.975
vt 0.1875 0.775
vt 0.1875 0.975
vt 0.1875 0.975
vt 0.1875 0.775
vt 0.5625 0.775
vt 0.5625 0.975
vt 0.57361 0.975
vt 0.57361 0.775
vt 0.5625 0.775
vt 0.57361 0.975
vt 0.57361 0.775
vt 0.57361 0.975
vt 0.6125 0.975
vt 0.6125 0.775
vt 0.57361 0.775
vt 0.6125 0.975
vt 0.5125 0.775
vt 0.5125 0.975
vt 0.52361 0.975
vt 0.52361 0.775
vt 0.5125 0.775
vt 0.52361 0.975
vt 0.52361 0.775
vt 0.52361 0.975
vt 0.5625 0.975
vt 0.5625 0.775
vt 0.52361 0.775
vt 0.5625 0.975
vt 0.5625 0.775
vt 0.5625 0.975
vt 0.57361 0.975
vt 0.57361 0.775
vt 0.5625 0.775
vt 0.57361 0.975
vt 0.57361 0.775
vt 0.57361 0.975
vt 0.6125 0.775
vt 0.57361 0.975
vt 0.6125 0.975
vt 0.6125 0.775
vt 0.5125 0.775
vt 0.5125 0.975
vt 0.52361 0.775
vt 0.5125 0.975
vt 0.52361 0.975
vt 0.52361 0.775
vt 0.52361 0.775
vt 0.52361 0.975
vt 0.5625 0.775
vt 0.52361 0.975
vt 0.5625 0.975
vt 0.5625 0.775
vt 0.5625 0.775
vt 0.5625 0.975
vt 0.5625 0.775
vt 0.5625 0.975
vt 0.5625 0.975
vt 0.5625 0.775
vt 0.4375 0.775
vt 0.4375 0.975
vt 0.44861 0.975
vt 0.44861 0.775
vt 0.4375 0.775
vt 0.44861 0.975
vt 0.44861 0.775
vt 0.44861 0.975
vt 0.4875 0.975
vt 0.4875 0.775
vt 0.44861 0.775
vt 0.4875 0.975
vt 0.3875 0.775
vt 0.3875 0.975
vt 0.39861 0.975
vt 0.39861 0.775
vt 0.3875 0.775
vt 0.39861 0.975
vt 0.39861 0.775
vt 0.39861 0.975
vt 0.4375 0.975
vt 0.4375 0.775
vt 0.39861 0.775
vt 0.4375 0.975
vt 0.4375 0.775
vt 0.4375 0.975
vt 0.44861 0.975
vt 0.44861 0.775
vt 0.4375 0.775
vt 0.44861 0.975
vt 0.44861 0.775
vt 0.44861 0.975
vt 0.4875 0.775
vt 0.44861 0.975
vt 0.4875 0.975
vt 0.4875 0.775
vt 0.3875 0.775
vt 0.3875 0.975
vt 0.39861 0.775
vt 0.3875 0.975
vt 0.39861 0.975
vt 0.39861 0.775
vt 0.39861 0.775
vt 0.39861 0.975
vt 0.4375 0.775
vt 0.39861 0.975
vt 0.4375 0.975
vt 0.4375 0.775
vt 0.4375 0.775
vt 0.4375 0.975
vt 0.4375 0.775
vt 0.4375 0.975
vt 0.4375 0.975
vt 0.4375 0.775
vt 0.1875 0.775
vt 0.1875 0.975
vt 0.19861 0.975
vt 0.19861 0.775
vt 0.1875 0.775
vt 0.19861 0.975
vt 0.19861 0.775
vt 0.19861 0.975
vt 0.2375 0.975
vt 0.2375 0.775
vt 0.19861 0.775
vt 0.2375 0.975
vt 0.1375 0.775
vt 0.1375 0.975
vt 0.14861 0.975
vt 0.14861 0.775
vt 0.1375 0.775
vt 0.14861 0.975
vt 0.14861 0.775
vt 0.14861 0.975
vt 0.1875 0.975
vt 0.1875 0.775
vt 0.14861 0.775
vt 0.1875 0.975
vt 0.1875 0.775
vt 0.1875 0.975
vt 0.19861 0.975
vt 0.19861 0.775
vt 0.1875 0.775
vt 0.19861 0.975
vt 0.19861 0.775
vt 0.19861 0.975
vt 0.2375 0.775
vt 0.19861 0.975
vt 0.2375 0.975
vt 0.2375 0.775
vt 0.1375 0.775
vt 0.1375 0.975
vt 0.14861 0.775
vt 0.1375 0.975
vt 0.14861 0.975
vt 0.14861 0.775
vt 0.14861 0.775
vt 0.14861 0.975
vt 0.1875 0.775
vt 0.14861 0.975
vt 0.1875 0.975
vt 0.1875 0.775
vt 0.1875 0.775
vt 0.1875 0.975
vt 0.1875 0.775
vt 0.1875 0.975
vt 0.1875 0.975
vt 0.1875 0.775
vt 0.5625 0.775
vt 0.5625 0.975
vt 0.57361 0.975
vt 0.57361 0.775
vt 0.5625 0.775
vt 0.57361 0.975
vt 0.57361 0.775
vt 0.57361 0.975
vt 0.6125 0.975
vt 0.6125 0.775
vt 0.57361 0.775
vt 0.6125 0.975
vt 0.5125 0.775
vt 0.5125 0.975
vt 0.52361 0.975
vt 0.52361 0.775
vt 0.5125 0.775
vt 0.52361 0.975
vt 0.52361 0.775
vt 0.52361 0.975
vt 0.5625 0.975
vt 0.5625 0.775
vt 0.52361 0.775
vt 0.5625 0.975
vt 0.5625 0.775
vt 0.5625 0.975
vt 0.57361 0.975
vt 0.57361 0.775
vt 0.5625 0.775
vt 0.57361 0.975
vt 0.57361 0.775
vt 0.57361 0.975
vt 0.6125 0.775
vt 0.57361 0.975
vt 0.6125 0.975
vt 0.6125 0.775
vt 0.5125 0.775
vt 0.5125 0.975
vt 0.52361 0.775
vt 0.5125 0.975
vt 0.52361 0.975
vt 0.52361 0.775
vt 0.52361 0.775
vt 0.52361 0.975
vt 0.5625 0.775
vt 0.52361 0.975
vt 0.5625 0.975
vt 0.5625 0.775
vt 0.5625 0.775
vt 0.5625 0.975
vt 0.5625 0.775
vt 0.5625 0.975
vt 0.5625 0.975
vt 0.5625 0.775
vt 0.1875 0.775
vt 0.1875 0.975
vt 0.19861 0.975
vt 0.19861 0.775
vt 0.1875 0.775
vt 0.19861 0.975
vt 0.19861 0.775
vt 0.19861 0.975
vt 0.2375 0.975
vt 0.2375 0.775
vt 0.19861 0.775
vt 0.2375 0.975
vt 0.1375 0.775
vt 0.1375 0.975
vt 0.14861 0.975
vt 0.14861 0.775
vt 0.1375 0.775
vt 0.14861 0.975
vt 0.14861 0.775
vt 0.14861 0.975
vt 0.1875 0.975
vt 0.1875 0.775
vt 0.14861 0.775
vt 0.1875 0.975
vt 0.1875 0.775
vt 0.1875 0.975
vt 0.19861 0.975
vt 0.19861 0.775
vt 0.1875 0.775
vt 0.19861 0.975
vt 0.19861 0.775
vt 0.19861 0.975
vt 0.2375 0.775
vt 0.19861 0.975
vt 0.2375 0.975
vt 0.2375 0.775
vt 0.1375 0.775
vt 0.1375 0.975
vt 0.14861 0.775
vt 0.1375 0.975
vt 0.14861 0.975
vt 0.14861 0.775
vt 0.14861 0.775
vt 0.14861 0.975
vt 0.1875 0.775
vt 0.14861 0.975
vt 0.1875 0.975
vt 0.1875 0.775
vt 0.1875 0.775
vt 0.1875 0.975
vt 0.1875 0.775
vt 0.1875 0.975
vt 0.1875 0.975
vt 0.1875 0.775
vt 0.5625 0.775
vt 0.5625 0.975
vt 0.57361 0.975
vt 0.57361 0.775
vt 0.5625 0.775
vt 0.57361 0.975
vt 0.57361 0.775
vt 0.57361 0.975
vt 0.6125 0.975
vt 0.6125 0.775
vt 0.57361 0.775
vt 0.6125 0.975
vt 0.5125 0.775
vt 0.5125 0.975
vt 0.52361 0.975
vt 0.52361 0.775
vt 0.5125 0.775
vt 0.52361 0.975
vt 0.52361 0.775
vt 0.52361 0.975
vt 0.5625 0.975
vt 0.5625 0.775
vt 0.52361 0.775
vt 0.5625 0.975
vt 0.5625 0.775
vt 0.5625 0.975
vt 0.57361 0.975
vt 0.57361 0.775
vt 0.5625 0.775
vt 0.57361 0.975
vt 0.57361 0.775
vt 0.57361 0.975
vt 0.6125 0.775
vt 0.57361 0.975
vt 0.6125 0.975
vt 0.6125 0.775
vt 0.5125 0.775
vt 0.5125 0.975
vt 0.52361 0.775
vt 0.5125 0.975
vt 0.52361 0.975
vt 0.52361 0.775
vt 0.52361 0.775
vt 0.52361 0.975
vt 0.5625 0.775
vt 0.52361 0.975
vt 0.5625 0.975
vt 0.5625 0.775
vt 0.5625 0.775
vt 0.5625 0.975
vt 0.5625 0.775
vt 0.5625 0.975
vt 0.5625 0.975
vt 0.5625 0.775
vt 0.4375 0.775
vt 0.4375 0.975
vt 0.44861 0.975
vt 0.44861 0.775
vt 0.4375 0.775
vt 0.44861 0.975
vt 0.44861 0.775
vt 0.44861 0.975
vt 0.4875 0.975
vt 0.4875 0.775
vt 0.44861 0.775
vt 0.4875 0.975
vt 0.3875 0.775
vt 0.3875 0.975
vt 0.39861 0.975
vt 0.39861 0.775
vt 0.3875 0.775
vt 0.39861 0.975
vt 0.39861 0.775
vt 0.39861 0.975
vt 0.4375 0.975
vt 0.4375 0.775
vt 0.39861 0.775
vt 0.4375 0.975
vt 0.4375 0.775
vt 0.4375 0.975
vt 0.44861 0.975
vt 0.44861 0.775
vt 0.4375 0.775
vt 0.44861 0.975
vt 0.44861 0.775
vt 0.44861 0.975
vt 0.4875 0.775
vt 0.44861 0.975
vt 0.4875 0.975
vt 0.4875 0.775
vt 0.3875 0.775
vt 0.3875 0.975
vt 0.39861 0.775
vt 0.3875 0.975
vt 0.39861 0.975
vt 0.39861 0.775
vt 0.39861 0.775
vt 0.39861 0.975
vt 0.4375 0.775
vt 0.39861 0.975
vt 0.4375 0.975
vt 0.4375 0.775
vt 0.4375 0.775
vt 0.4375 0.975
vt 0.4375 0.775
vt 0.4375 0.975
vt 0.4375 0.975
vt 0.4375 0.775
vt 0.1875 0.775
vt 0.1875 0.975
vt 0.19861 0.975
vt 0.19861 0.775
vt 0.1875 0.775
vt 0.19861 0.975
vt 0.19861 0.775
vt 0.19861 0.975
vt 0.2375 0.975
vt 0.2375 0.775
vt 0.19861 0.775
vt 0.2375 0.975
vt 0.1375 0.775
vt 0.1375 0.975
vt 0.14861 0.975
vt 0.14861 0.775
vt 0.1375 0.775
vt 0.14861 0.975
vt 0.14861 0.775
vt 0.14861 0.975
vt 0.1875 0.975
vt 0.1875 0.775
vt 0.14861 0.775
vt 0.1875 0.975
vt 0.1875 0.775
vt 0.1875 0.975
vt 0.19861 0.975
vt 0.19861 0.775
vt 0.1875 0.775
vt 0.19861 0.975
vt 0.19861 0.775
vt 0.19861 0.975
vt 0.2375 0.775
vt 0.19861 0.975
vt 0.2375 0.975
vt 0.2375 0.775
vt 0.1375 0.775
vt 0.1375 0.975
vt 0.14861 0.775
vt 0.1375 0.975
vt 0.14861 0.975
vt 0.14861 0.775
vt 0.14861 0.775
vt 0.14861 0.975
vt 0.1875 0.775
vt 0.14861 0.975
vt 0.1875 0.975
vt 0.1875 0.775
vt 0.1875 0.775
vt 0.1875 0.975
vt 0.1875 0.775
vt 0.1875 0.975
vt 0.1875 0.975
vt 0.1875 0.775
vt 0.5125 0.775
vt 0.5125 0.975
vt 0.6125 0.975
vt 0.6125 0.775
vt 0.5125 0.775
vt 0.6125 0.975
vt 0.5125 0.775
vt 0.5125 0.975
vt 0.6125 0.975
vt 0.6125 0.775
vt 0.5125 0.775
vt 0.6125 0.975
vt 0.5125 0.775
vt 0.5125 0.975
vt 0.6125 0.775
vt 0.5125 0.975
vt 0.6125 0.975
vt 0.6125 0.775
vt 0.5125 0.775
vt 0.5125 0.975
vt 0.6125 0.775
vt 0.5125 0.975
vt 0.6125 0.975
vt 0.6125 0.775
vt 0.87625 0.025
vt 0.87625 0.225
vt 0.87625 0.225
vt 0.87625 0.025
vt 0.87625 0.025
vt 0.87625 0.225
vt 0.87625 0.025
vt 0.87625 0.225
vt 0.87625 0.225
vt 0.87625 0.025
vt 0.87625 0.025
vt 0.87625 0.225
vt 0.87625 0.025
vt 0.87625 0.225
vt 0.87625 0.025
vt 0.87625 0.225
vt 0.87625 0.225
vt 0.87625 0.025
vt 0.87625 0.025
vt 0.87625 0.225
vt 0.87625 0.025
vt 0.87625 0.225
vt 0.87625 0.225
vt 0.87625 0.025
vt 0.0125 0.525
vt 0.0125 0.725
vt 0.1125 0.725
vt 0.1125 0.525
vt 0.0125 0.525
vt 0.1125 0.725
vt 0.0125 0.525
vt 0.0125 0.725
vt 0.1125 0.725
vt 0.1125 0.525
vt 0.0125 0.525
vt 0.1125 0.725
vt 0.0125 0.525
vt 0.0125 0.725
vt 0.1125 0.525
vt 0.0125 0.725
vt 0.1125 0.725
vt 0.1125 0.525
vt 0.0125 0.525
vt 0.0125 0.725
vt 0.1125 0.525
vt 0.0125 0.725
vt 0.1125 0.725
vt 0.1125 0.525
vt 0.5125 0.775
vt 0.5125 0.975
vt 0.6125 0.975
vt 0.6125 0.775
vt 0.5125 0.775
vt 0.6125 0.975
vt 0.5125 0.775
vt 0.5125 0.975
vt 0.6125 0.975
vt 0.6125 0.775
vt 0.5125 0.775
vt 0.6125 0.975
vt 0.5125 0.775
vt 0.5125 0.975
vt 0.6125 0.775
vt 0.5125 0.975
vt 0.6125 0.975
vt 0.6125 0.775
vt 0.5125 0.775
vt 0.5125 0.975
vt 0.6125 0.775
vt 0.5125 0.975
vt 0.6125 0.975
vt 0.6125 0.775
vt 0.87625 0.025
vt 0.87625 0.225
vt 0.87625 0.225
vt 0.87625 0.025
vt 0.87625 0.025
vt 0.87625 0.225
vt 0.87625 0.025
vt 0.87625 0.225
vt 0.87625 0.225
vt 0.87625 0.025
vt 0.87625 0.025
vt 0.87625 0.225
vt 0.87625 0.025
vt 0.87625 0.225
vt 0.87625 0.025
vt 0.87625 0.225
vt 0.87625 0.225
vt 0.87625 0.025
vt 0.87625 0.025
vt 0.87625 0.225
vt 0.87625 0.025
vt 0.87625 0.225
vt 0.87625 0.225
vt 0.87625 0.025
vt 0.0125 0.525
vt 0.0125 0.725
vt 0.1125 0.725
vt 0.1125 0.525
vt 0.0125 0.525
vt 0.1125 0.725
vt 0.0125 0.525
vt 0.0125 0.725
vt 0.1125 0.725
vt 0.1125 0.525
vt 0.0125 0.525
vt 0.1125 0.725
vt 0.0125 0.525
vt 0.0125 0.725
vt 0.1125 0.525
vt 0.0125 0.725
vt 0.1125 0.725
vt 0.1125 0.525
vt 0.0125 0.525
vt 0.0125 0.725
vt 0.1125 0.525
vt 0.0125 0.725
vt 0.1125 0.725
vt 0.1125 0.525
vt 0.87625 0.025
vt 0.87625 0.225
vt 0.87625 0.225
vt 0.87625 0.025
vt 0.87625 0.025
vt 0.87625 0.225
vt 0.87625 0.025
vt 0.87625 0.225
vt 0.87625 0.225
vt 0.87625 0.025
vt 0.87625 0.025
vt 0.87625 0.225
vt 0.87625 0.025
vt 0.87625 0.225
vt 0.87625 0.225
vt 0.87625 0.025
vt 0.87625 0.025
vt 0.87625 0.225
vt 0.87625 0.025
vt 0.87625 0.225
vt 0.87625 0.225
vt 0.87625 0.025
vt 0.87625 0.025
vt 0.87625 0.225
vt 0.87625 0.025
vt 0.87625 0.225
vt 0.87625 0.025
vt 0.87625 0.225
vt 0.87625 0.225
vt 0.87625 0.025
vt 0.87625 0.025
vt 0.87625 0.225
vt 0.87625 0.025
vt 0.87625 0.225
vt 0.87625 0.225
vt 0.87625 0.025
vt 0.87625 0.025
vt 0.87625 0.225
vt 0.87625 0.025
vt 0.87625 0.225
vt 0.87625 0.225
vt 0.87625 0.025
vt 0.87625 0.025
vt 0.87625 0.225
vt 0.87625 0.025
vt 0.87625 0.225
vt 0.87625 0.225
vt 0.87625 0.025
vt 0.1875 0.775
vt 0.1875 0.975
vt 0.2125 0.975
vt 0.2125 0.775
vt 0.1875 0.775
vt 0.2125 0.975
vt 0.2125 0.775
vt 0.2125 0.975
vt 0.2375 0.975
vt 0.2375 0.775
vt 0.2125 0.775
vt 0.2375 0.975
vt 0.1375 0.775
vt 0.1375 0.975
vt 0.1625 0.975
vt 0.1625 0.775
vt 0.1375 0.775
vt 0.1625 0.975
vt 0.1625 0.775
vt 0.1625 0.975
vt 0.1875 0.975
vt 0.1875 0.775
vt 0.1625 0.775
vt 0.1875 0.975
vt 0.1875 0.775
vt 0.1875 0.975
vt 0.2125 0.775
vt 0.1875 0.975
vt 0.2125 0.975
vt 0.2125 0.775
vt 0.2125 0.775
vt 0.2125 0.975
vt 0.2375 0.775
vt 0.2125 0.975
vt 0.2375 0.975
vt 0.2375 0.775
vt 0.1375 0.775
vt 0.1375 0.975
vt 0.1625 0.775
vt 0.1375 0.975
vt 0.1625 0.975
vt 0.1625 0.775
vt 0.1625 0.775
vt 0.1625 0.975
vt 0.1875 0.775
vt 0.1625 0.975
vt 0.1875 0.975
vt 0.1875 0.775
vt 0.5125 0.775
vt 0.5125 0.975
vt 0.5625 0.975
vt 0.5625 0.775
vt 0.5125 0.775
vt 0.5625 0.975
vt 0.5625 0.775
vt 0.5625 0.975
vt 0.6125 0.975
vt 0.6125 0.775
vt 0.5625 0.775
vt 0.6125 0.975
vt 0.5125 0.775
vt 0.5125 0.975
vt 0.5625 0.975
vt 0.5625 0.775
vt 0.5125 0.775
vt 0.5625 0.975
vt 0.5625 0.775
vt 0.5625 0.975
vt 0.6125 0.975
vt 0.6125 0.775
vt 0.5625 0.775
vt 0.6125 0.975
vt 0.5125 0.775
vt 0.5125 0.975
vt 0.5625 0.775
vt 0.5125 0.975
vt 0.5625 0.975
vt 0.5625 0.775
vt 0.5625 0.775
vt 0.5625 0.975
vt 0.6125 0.775
vt 0.5625 0.975
vt 0.6125 0.975
vt 0.6125 0.775
vt 0.5125 0.775
vt 0.5125 0.975
vt 0.5625 0.775
vt 0.5125 0.975
vt 0.5625 0.975
vt 0.5625 0.775
vt 0.5625 0.775
vt 0.5625 0.975
vt 0.6125 0.775
vt 0.5625 0.975
vt 0.6125 0.975
vt 0.6125 0.775
vt 0.1375 0.775
vt 0.1375 0.975
vt 0.2375 0.975
vt 0.2375 0.775
vt 0.1375 0.775
vt 0.2375 0.975
vt 0.1375 0.775
vt 0.1375 0.975
vt 0.2375 0.975
vt 0.2375 0.775
vt 0.1375 0.775
vt 0.2375 0.975
vt 0.1375 0.775
vt 0.1375 0.975
vt 0.2375 0.975
vt 0.2375 0.775
vt 0.1375 0.775
vt 0.2375 0.975
vt 0.1375 0.775
vt 0.1375 0.975
vt 0.2375 0.975
vt 0.2375 0.775
vt 0.1375 0.775
vt 0.2375 0.975
vt 0.1375 0.775
vt 0.1375 0.975
vt 0.2375 0.775
vt 0.1375 0.975
vt 0.2375 0.975
vt 0.2375 0.775
vt 0.1375 0.775
vt 0.1375 0.975
vt 0.2375 0.775
vt 0.1375 0.975
vt 0.2375 0.975
vt 0.2375 0.775
vt 0.1375 0.775
vt 0.1375 0.975
vt 0.2375 0.775
vt 0.1375 0.975
vt 0.2375 0.975
vt 0.2375 0.775
vt 0.1375 0.775
vt 0.1375 0.975
vt 0.2375 0.775
vt 0.1375 0.975
vt 0.2375 0.975
vt 0.2375 0.775
vt 0.3125 0.275
vt 0.3125 0.475
vt 0.3375 0.475
vt 0.3375 0.275
vt 0.3125 0.275
vt 0.3375 0.475
vt 0.3375 0.275
vt 0.3375 0.475
vt 0.3625 0.475
vt 0.3625 0.275
vt 0.3375 0.275
vt 0.3625 0.475
vt 0.2625 0.275
vt 0.2625 0.475
vt 0.2875 0.475
vt 0.2875 0.275
vt 0.2625 0.275
vt 0.2875 0.475
vt 0.2875 0.275
vt 0.2875 0.475
vt 0.3125 0.475
vt 0.3125 0.275
vt 0.2875 0.275
vt 0.3125 0.475
vt 0.3125 0.275
vt 0.3125 0.475
vt 0.3375 0.275
vt 0.3125 0.475
vt 0.3375 0.475
vt 0.3375 0.275
vt 0.3375 0.275
vt 0.3375 0.475
vt 0.3625 0.275
vt 0.3375 0.475
vt 0.3625 0.475
vt 0.3625 0.275
vt 0.2625 0.275
vt 0.2625 0.475
vt 0.2875 0.275
vt 0.2625 0.475
vt 0.2875 0.475
vt 0.2875 0.275
vt 0.2875 0.275
vt 0.2875 0.475
vt 0.3125 0.275
vt 0.2875 0.475
vt 0.3125 0.475
vt 0.3125 0.275
vt 0.1375 0.275
vt 0.1375 0.475
vt 0.1875 0.475
vt 0.1875 0.275
vt 0.1375 0.275
vt 0.1875 0.475
vt 0.1875 0.275
vt 0.1875 0.475
vt 0.2375 0.475
vt 0.2375 0.275
vt 0.1875 0.275
vt 0.2375 0.475
vt 0.1375 0.275
vt 0.1375 0.475
vt 0.1875 0.475
vt 0.1875 0.275
vt 0.1375 0.275
vt 0.1875 0.475
vt 0.1875 0.275
vt 0.1875 0.475
vt 0.2375 0.475
vt 0.2375 0.275
vt 0.1875 0.275
vt 0.2375 0.475
vt 0.1375 0.275
vt 0.1375 0.475
vt 0.1875 0.275
vt 0.1375 0.475
vt 0.1875 0.475
vt 0.1875 0.275
vt 0.1875 0.275
vt 0.1875 0.475
vt 0.2375 0.275
vt 0.1875 0.475
vt 0.2375 0.475
vt 0.2375 0.275
vt 0.1375 0.275
vt 0.1375 0.475
vt 0.1875 0.275
vt 0.1375 0.475
vt 0.1875 0.475
vt 0.1875 0.275
vt 0.1875 0.275
vt 0.1875 0.475
vt 0.2375 0.275
vt 0.1875 0.475
vt 0.2375 0.475
vt 0.2375 0.275
vt 0.87625 0.025
vt 0.87625 0.225
vt 0.87625 0.225
vt 0.87625 0.025
vt 0.87625 0.025
vt 0.87625 0.225
vt 0.87625 0.025
vt 0.87625 0.225
vt 0.87625 0.225
vt 0.87625 0.025
vt 0.87625 0.025
vt 0.87625 0.225
vt 0.87625 0.025
vt 0.87625 0.225
vt 0.87625 0.225
vt 0.87625 0.025
vt 0.87625 0.025
vt 0.87625 0.225
vt 0.87625 0.025
vt 0.87625 0.225
vt 0.87625 0.225
vt 0.87625 0.025
vt 0.87625 0.025
vt 0.87625 0.225
vt 0.87625 0.025
vt 0.87625 0.225
vt 0.87625 0.025
vt 0.87625 0.225
vt 0.87625 0.225
vt 0.87625 0.025
vt 0.87625 0.025
vt 0.87625 0.225
vt 0.87625 0.025
vt 0.87625 0.225
vt 0.87625 0.225
vt 0.87625 0.025
vt 0.87625 0.025
vt 0.87625 0.225
vt 0.87625 0.025
vt 0.87625 0.225
vt 0.87625 0.225
vt 0.87625 0.025
vt 0.87625 0.025
vt 0.87625 0.225
vt 0.87625 0.025
vt 0.87625 0.225
vt 0.87625 0.225
vt 0.87625 0.025
vt 0.1875 0.775
vt 0.1875 0.975
vt 0.2125 0.975
vt 0.2125 0.775
vt 0.1875 0.775
vt 0.2125 0.975
vt 0.2125 0.775
vt 0.2125 0.975
vt 0.2375 0.975
vt 0.2375 0.775
vt 0.2125 0.775
vt 0.2375 0.975
vt 0.1375 0.775
vt 0.1375 0.975
vt 0.1625 0.975
vt 0.1625 0.775
vt 0.1375 0.775
vt 0.1625 0.975
vt 0.1625 0.775
vt 0.1625 0.975
vt 0.1875 0.975
vt 0.1875 0.775
vt 0.1625 0.775
vt 0.1875 0.975
vt 0.1875 0.775
vt 0.1875 0.975
vt 0.2125 0.775
vt 0.1875 0.975
vt 0.2125 0.975
vt 0.2125 0.775
vt 0.2125 0.775
vt 0.2125 0.975
vt 0.2375 0.775
vt 0.2125 0.975
vt 0.2375 0.975
vt 0.2375 0.775
vt 0.1375 0.775
vt 0.1375 0.975
vt 0.1625 0.775
vt 0.1375 0.975
vt 0.1625 0.975
vt 0.1625 0.775
vt 0.1625 0.775
vt 0.1625 0.975
vt 0.1875 0.775
vt 0.1625 0.975
vt 0.1875 0.975
vt 0.1875 0.775
vt 0.5125 0.775
vt 0.5125 0.975
vt 0.5625 0.975
vt 0.5625 0.775
vt 0.5125 0.775
vt 0.5625 0.975
vt 0.5625 0.775
vt 0.5625 0.975
vt 0.6125 0.975
vt 0.6125 0.775
vt 0.5625 0.775
vt 0.6125 0.975
vt 0.5125 0.775
vt 0.5125 0.975
vt 0.5625 0.975
vt 0.5625 0.775
vt 0.5125 0.775
vt 0.5625 0.975
vt 0.5625 0.775
vt 0.5625 0.975
vt 0.6125 0.975
vt 0.6125 0.775
vt 0.5625 0.775
vt 0.6125 0.975
vt 0.5125 0.775
vt 0.5125 0.975
vt 0.5625 0.775
vt 0.5125 0.975
vt 0.5625 0.975
vt 0.5625 0.775
vt 0.5625 0.775
vt 0.5625 0.975
vt 0.6125 0.775
vt 0.5625 0.975
vt 0.6125 0.975
vt 0.6125 0.775
vt 0.5125 0.775
vt 0.5125 0.975
vt 0.5625 0.775
vt 0.5125 0.975
vt 0.5625 0.975
vt 0.5625 0.775
vt 0.5625 0.775
vt 0.5625 0.975
vt 0.6125 0.775
vt 0.5625 0.975
vt 0.6125 0.975
vt 0.6125 0.775
vt 0.1375 0.775
vt 0.1375 0.975
vt 0.2375 0.975
vt 0.2375 0.775
vt 0.1375 0.775
vt 0.2375 0.975
vt 0.1375 0.775
vt 0.1375 0.975
vt 0.2375 0.975
vt 0.2375 0.775
vt 0.1375 0.775
vt 0.2375 0.975
vt 0.1375 0.775
vt 0.1375 0.975
vt 0.2375 0.975
vt 0.2375 0.775
vt 0.1375 0.775
vt 0.2375 0.975
vt 0.1375 0.775
vt 0.1375 0.975
vt 0.2375 0.975
vt 0.2375 0.775
vt 0.1375 0.775
vt 0.2375 0.975
vt 0.1375 0.775
vt 0.1375 0.975
vt 0.2375 0.775
vt 0.1375 0.975
vt 0.2375 0.975
vt 0.2375 0.775
vt 0.1375 0.775
vt 0.1375 0.975
vt 0.2375 0.775
vt 0.1375 0.975
vt 0.2375 0.975
vt 0.2375 0.775
vt 0.1375 0.775
vt 0.1375 0.975
vt 0.2375 0.775
vt 0.1375 0.975
vt 0.2375 0.975
vt 0.2375 0.775
vt 0.1375 0.775
vt 0.1375 0.975
vt 0.2375 0.775
vt 0.1375 0.975
vt 0.2375 0.975
vt 0.2375 0.775
vt 0.3125 0.275
vt 0.3125 0.475
vt 0.3375 0.475
vt 0.3375 0.275
vt 0.3125 0.275
vt 0.3375 0.475
vt 0.3375 0.275
vt 0.3375 0.475
vt 0.3625 0.475
vt 0.3625 0.275
vt 0.3375 0.275
vt 0.3625 0.475
vt 0.2625 0.275
vt 0.2625 0.475
vt 0.2875 0.475
vt 0.2875 0.275
vt 0.2625 0.275
vt 0.2875 0.475
vt 0.2875 0.275
vt 0.2875 0.475
vt 0.3125 0.475
vt 0.3125 0.275
vt 0.2875 0.275
vt 0.3125 0.475
vt 0.3125 0.275
vt 0.3125 0.475
vt 0.3375 0.275
vt 0.3125 0.475
vt 0.3375 0.475
vt 0.3375 0.275
vt 0.3375 0.275
vt 0.3375 0.475
vt 0.3625 0.275
vt 0.3375 0.475
vt 0.3625 0.475
vt 0.3625 0.275
vt 0.2625 0.275
vt 0.2625 0.475
vt 0.2875 0.275
vt 0.2625 0.475
vt 0.2875 0.475
vt 0.2875 0.275
vt 0.2875 0.275
vt 0.2875 0.475
vt 0.3125 0.275
vt 0.2875 0.475
vt 0.3125 0.475
vt 0.3125 0.275
vt 0.1375 0.275
vt 0.1375 0.475
vt 0.1875 0.475
vt 0.1875 0.275
vt 0.1375 0.275
vt 0.1875 0.475
vt 0.1875 0.275
vt 0.1875 0.475
vt 0.2375 0.475
vt 0.2375 0.275
vt 0.1875 0.275
vt 0.2375 0.475
vt 0.1375 0.275
vt 0.1375 0.475
vt 0.1875 0.475
vt 0.1875 0.275
vt 0.1375 0.275
vt 0.1875 0.475
vt 0.1875 0.275
vt 0.1875 0.475
vt 0.2375 0.475
vt 0.2375 0.275
vt 0.1875 0.275
vt 0.2375 0.475
vt 0.1375 0.275
vt 0.1375 0.475
vt 0.1875 0.275
vt 0.1375 0.475
vt 0.1875 0.475
vt 0.1875 0.275
vt 0.1875 0.275
vt 0.1875 0.475
vt 0.2375 0.275
vt 0.1875 0.475
vt 0.2375 0.475
vt 0.2375 0.275
vt 0.1375 0.275
vt 0.1375 0.475
vt 0.1875 0.275
vt 0.1375 0.475
vt 0.1875 0.475
vt 0.1875 0.275
vt 0.1875 0.275
vt 0.1875 0.475
vt 0.2375 0.275
vt 0.1875 0.475
vt 0.2375 0.475
vt 0.2375 0.275
vt 0.1375 0.275
vt 0.1375 0.395
vt 0.2375 0.275
vt 0.2375 0.275
vt 0.1375 0.395
vt 0.2375 0.395
vt 0.1375 0.395
vt 0.1375 0.475
vt 0.2375 0.395
vt 0.2375 0.395
vt 0.1375 0.475
vt 0.2375 0.475
vt 0.1375 0.275
vt 0.2375 0.275
vt 0.1375 0.395
vt 0.2375 0.275
vt 0.2375 0.395
vt 0.1375 0.395
vt 0.1375 0.395
vt 0.2375 0.395
vt 0.1375 0.475
vt 0.2375 0.395
vt 0.2375 0.475
vt 0.1375 0.475
vt 0.1375 0.275
vt 0.1375 0.395
vt 0.2375 0.275
vt 0.2375 0.275
vt 0.1375 0.395
vt 0.2375 0.475
vt 0.1375 0.395
vt 0.1375 0.475
vt 0.2375 0.475
vt 0.1375 0.275
vt 0.2375 0.275
vt 0.1375 0.395
vt 0.2375 0.275
vt 0.2375 0.475
vt 0.1375 0.395
vt 0.1375 0.395
vt 0.2375 0.475
vt 0.1375 0.475
vt 0.1375 0.395
vt 0.1375 0.275
vt 0.2375 0.275
vt 0.1375 0.395
vt 0.2375 0.275
vt 0.2375 0.395
vt 0.1375 0.475
vt 0.1375 0.395
vt 0.2375 0.395
vt 0.1375 0.475
vt 0.2375 0.395
vt 0.2375 0.475
vt 0.1375 0.395
vt 0.2375 0.275
vt 0.1375 0.275
vt 0.1375 0.395
vt 0.2375 0.395
vt 0.2375 0.275
vt 0.1375 0.475
vt 0.2375 0.395
vt 0.1375 0.395
vt 0.1375 0.475
vt 0.2375 0.475
vt 0.2375 0.395
vt 0.1375 0.395
vt 0.1375 0.275
vt 0.2375 0.275
vt 0.1375 0.395
vt 0.2375 0.275
vt 0.2375 0.475
vt 0.1375 0.475
vt 0.1375 0.395
vt 0.2375 0.475
vt 0.1375 0.395
vt 0.2375 0.275
vt 0.1375 0.275
vt 0.1375 0.395
vt 0.2375 0.475
vt 0.2375 0.275
vt 0.1375 0.475
vt 0.2375 0.475
vt 0.1375 0.395
vt 0.6375 0.775
vt 0.6375 0.895
vt 0.7375 0.775
vt 0.7375 0.775
vt 0.6375 0.895
vt 0.7375 0.895
vt 0.6375 0.895
vt 0.6375 0.975
vt 0.7375 0.895
vt 0.7375 0.895
vt 0.6375 0.975
vt 0.7375 0.975
vt 0.6375 0.775
vt 0.7375 0.775
vt 0.6375 0.895
vt 0.7375 0.775
vt 0.7375 0.895
vt 0.6375 0.895
vt 0.6375 0.895
vt 0.7375 0.895
vt 0.6375 0.975
vt 0.7375 0.895
vt 0.7375 0.975
vt 0.6375 0.975
vt 0.6375 0.775
vt 0.6375 0.895
vt 0.7375 0.775
vt 0.7375 0.775
vt 0.6375 0.895
vt 0.7375 0.975
vt 0.6375 0.895
vt 0.6375 0.975
vt 0.7375 0.975
vt 0.6375 0.775
vt 0.7375 0.775
vt 0.6375 0.895
vt 0.7375 0.775
vt 0.7375 0.975
vt 0.6375 0.895
vt 0.6375 0.895
vt 0.7375 0.975
vt 0.6375 0.975
vt 0.6375 0.895
vt 0.6375 0.775
vt 0.7375 0.775
vt 0.6375 0.895
vt 0.7375 0.775
vt 0.7375 0.895
vt 0.6375 0.975
vt 0.6375 0.895
vt 0.7375 0.895
vt 0.6375 0.975
vt 0.7375 0.895
vt 0.7375 0.975
vt 0.6375 0.895
vt 0.7375 0.775
vt 0.6375 0.775
vt 0.6375 0.895
vt 0.7375 0.895
vt 0.7375 0.775
vt 0.6375 0.975
vt 0.7375 0.895
vt 0.6375 0.895
vt 0.6375 0.975
vt 0.7375 0.975
vt 0.7375 0.895
vt 0.6375 0.895
vt 0.6375 0.775
vt 0.7375 0.775
vt 0.6375 0.895
vt 0.7375 0.775
vt 0.7375 0.975
vt 0.6375 0.975
vt 0.6375 0.895
vt 0.7375 0.975
vt 0.6375 0.895
vt 0.7375 0.775
vt 0.6375 0.775
vt 0.6375 0.895
vt 0.7375 0.975
vt 0.7375 0.775
vt 0.6375 0.975
vt 0.7375 0.975
vt 0.6375 0.895
vt 0.2625 0.275
vt 0.2625 0.375
vt 0.3625 0.275
vt 0.3625 0.275
vt 0.2625 0.375
vt 0.3625 0.375
vt 0.2625 0.375
vt 0.2625 0.475
vt 0.3625 0.375
vt 0.3625 0.375
vt 0.2625 0.475
vt 0.3625 0.475
vt 0.2625 0.275
vt 0.3625 0.275
vt 0.2625 0.375
vt 0.3625 0.275
vt 0.3625 0.375
vt 0.2625 0.375
vt 0.2625 0.375
vt 0.3625 0.375
vt 0.2625 0.475
vt 0.3625 0.375
vt 0.3625 0.475
vt 0.2625 0.475
vt 0.6375 0.525
vt 0.6375 0.625
vt 0.7375 0.525
vt 0.7375 0.525
vt 0.6375 0.625
vt 0.7375 0.625
vt 0.6375 0.625
vt 0.6375 0.725
vt 0.7375 0.625
vt 0.7375 0.625
vt 0.6375 0.725
vt 0.7375 0.725
vt 0.6375 0.525
vt 0.7375 0.525
vt 0.6375 0.625
vt 0.7375 0.525
vt 0.7375 0.625
vt 0.6375 0.625
vt 0.6375 0.625
vt 0.7375 0.625
vt 0.6375 0.725
vt 0.7375 0.625
vt 0.7375 0.725
vt 0.6375 0.725
vt 0.5125 0.775
vt 0.5125 0.875
vt 0.6125 0.775
vt 0.6125 0.775
vt 0.5125 0.875
vt 0.6125 0.975
vt 0.5125 0.875
vt 0.5125 0.975
vt 0.6125 0.975
vt 0.5125 0.775
vt 0.6125 0.775
vt 0.5125 0.875
vt 0.6125 0.775
vt 0.6125 0.975
vt 0.5125 0.875
vt 0.5125 0.875
vt 0.6125 0.975
vt 0.5125 0.975
vt 0.2625 0.375
vt 0.2625 0.275
vt 0.3625 0.275
vt 0.2625 0.375
vt 0.3625 0.275
vt 0.3625 0.375
vt 0.2625 0.475
vt 0.2625 0.375
vt 0.3625 0.375
vt 0.2625 0.475
vt 0.3625 0.375
vt 0.3625 0.475
vt 0.2625 0.375
vt 0.3625 0.275
vt 0.2625 0.275
vt 0.2625 0.375
vt 0.3625 0.375
vt 0.3625 0.275
vt 0.2625 0.475
vt 0.3625 0.375
vt 0.2625 0.375
vt 0.2625 0.475
vt 0.3625 0.475
vt 0.3625 0.375
vt 0.6375 0.625
vt 0.6375 0.525
vt 0.7375 0.525
vt 0.6375 0.625
vt 0.7375 0.525
vt 0.7375 0.625
vt 0.6375 0.725
vt 0.6375 0.625
vt 0.7375 0.625
vt 0.6375 0.725
vt 0.7375 0.625
vt 0.7375 0.725
vt 0.6375 0.625
vt 0.7375 0.525
vt 0.6375 0.525
vt 0.6375 0.625
vt 0.7375 0.625
vt 0.7375 0.525
vt 0.6375 0.725
vt 0.7375 0.625
vt 0.6375 0.625
vt 0.6375 0.725
vt 0.7375 0.725
vt 0.7375 0.625
vt 0.5125 0.875
vt 0.5125 0.775
vt 0.6125 0.775
vt 0.5125 0.875
vt 0.6125 0.775
vt 0.6125 0.975
vt 0.5125 0.975
vt 0.5125 0.875
vt 0.6125 0.975
vt 0.5125 0.875
vt 0.6125 0.775
vt 0.5125 0.775
vt 0.5125 0.875
vt 0.6125 0.975
vt 0.6125 0.775
vt 0.5125 0.975
vt 0.6125 0.975
vt 0.5125 0.875
vt 0.1375 0.275
vt 0.1375 0.415
vt 0.2375 0.275
vt 0.2375 0.275
vt 0.1375 0.415
vt 0.2375 0.415
vt 0.1375 0.415
vt 0.1375 0.475
vt 0.2375 0.415
vt 0.2375 0.415
vt 0.1375 0.475
vt 0.2375 0.475
vt 0.1375 0.275
vt 0.2375 0.275
vt 0.1375 0.415
vt 0.2375 0.275
vt 0.2375 0.415
vt 0.1375 0.415
vt 0.1375 0.415
vt 0.2375 0.415
vt 0.1375 0.475
vt 0.2375 0.415
vt 0.2375 0.475
vt 0.1375 0.475
vt 0.6375 0.525
vt 0.6375 0.665
vt 0.7375 0.525
vt 0.7375 0.525
vt 0.6375 0.665
vt 0.7375 0.725
vt 0.6375 0.665
vt 0.6375 0.725
vt 0.7375 0.725
vt 0.6375 0.525
vt 0.7375 0.525
vt 0.6375 0.665
vt 0.7375 0.525
vt 0.7375 0.725
vt 0.6375 0.665
vt 0.6375 0.665
vt 0.7375 0.725
vt 0.6375 0.725
vt 0.1375 0.415
vt 0.1375 0.275
vt 0.2375 0.275
vt 0.1375 0.415
vt 0.2375 0.275
vt 0.2375 0.415
vt 0.1375 0.475
vt 0.1375 0.415
vt 0.2375 0.415
vt 0.1375 0.475
vt 0.2375 0.415
vt 0.2375 0.475
vt 0.1375 0.415
vt 0.2375 0.275
vt 0.1375 0.275
vt 0.1375 0.415
vt 0.2375 0.415
vt 0.2375 0.275
vt 0.1375 0.475
vt 0.2375 0.415
vt 0.1375 0.415
vt 0.1375 0.475
vt 0.2375 0.475
vt 0.2375 0.415
vt 0.6375 0.665
vt 0.6375 0.525
vt 0.7375 0.525
vt 0.6375 0.665
vt 0.7375 0.525
vt 0.7375 0.725
vt 0.6375 0.725
vt 0.6375 0.665
vt 0.7375 0.725
vt 0.6375 0.665
vt 0.7375 0.525
vt 0.6375 0.525
vt 0.6375 0.665
vt 0.7375 0.725
vt 0.7375 0.525
vt 0.6375 0.725
vt 0.7375 0.725
vt 0.6375 0.665
vt 0.1375 0.275
vt 0.1375 0.375
vt 0.2375 0.275
vt 0.2375 0.275
vt 0.1375 0.375
vt 0.2375 0.375
vt 0.1375 0.375
vt 0.1375 0.475
vt 0.2375 0.375
vt 0.2375 0.375
vt 0.1375 0.475
vt 0.2375 0.475
vt 0.1375 0.275
vt 0.2375 0.275
vt 0.1375 0.375
vt 0.2375 0.275
vt 0.2375 0.375
vt 0.1375 0.375
vt 0.1375 0.375
vt 0.2375 0.375
vt 0.1375 0.475
vt 0.2375 0.375
vt 0.2375 0.475
vt 0.1375 0.475
vt 0.6375 0.525
vt 0.6375 0.625
vt 0.7375 0.525
vt 0.7375 0.525
vt 0.6375 0.625
vt 0.7375 0.725
vt 0.6375 0.625
vt 0.6375 0.725
vt 0.7375 0.725
vt 0.6375 0.525
vt 0.7375 0.525
vt 0.6375 0.625
vt 0.7375 0.525
vt 0.7375 0.725
vt 0.6375 0.625
vt 0.6375 0.625
vt 0.7375 0.725
vt 0.6375 0.725
vt 0.1375 0.375
vt 0.1375 0.275
vt 0.2375 0.275
vt 0.1375 0.375
vt 0.2375 0.275
vt 0.2375 0.375
vt 0.1375 0.475
vt 0.1375 0.375
vt 0.2375 0.375
vt 0.1375 0.475
vt 0.2375 0.375
vt 0.2375 0.475
vt 0.1375 0.375
vt 0.2375 0.275
vt 0.1375 0.275
vt 0.1375 0.375
vt 0.2375 0.375
vt 0.2375 0.275
vt 0.1375 0.475
vt 0.2375 0.375
vt 0.1375 0.375
vt 0.1375 0.475
vt 0.2375 0.475
vt 0.2375 0.375
vt 0.6375 0.625
vt 0.6375 0.525
vt 0.7375 0.525
vt 0.6375 0.625
vt 0.7375 0.525
vt 0.7375 0.725
vt 0.6375 0.725
vt 0.6375 0.625
vt 0.7375 0.725
vt 0.6375 0.625
vt 0.7375 0.525
vt 0.6375 0.525
vt 0.6375 0.625
vt 0.7375 0.725
vt 0.7375 0.525
vt 0.6375 0.725
vt 0.7375 0.725
vt 0.6375 0.625
vt 0.5125 0.775
vt 0.5125 0.875
vt 0.6125 0.775
vt 0.6125 0.775
vt 0.5125 0.875
vt 0.6125 0.875
vt 0.5125 0.875
vt 0.5125 0.975
vt 0.6125 0.875
vt 0.6125 0.875
vt 0.5125 0.975
vt 0.6125 0.975
vt 0.5125 0.775
vt 0.6125 0.775
vt 0.5125 0.875
vt 0.6125 0.775
vt 0.6125 0.875
vt 0.5125 0.875
vt 0.5125 0.875
vt 0.6125 0.875
vt 0.5125 0.975
vt 0.6125 0.875
vt 0.6125 0.975
vt 0.5125 0.975
vt 0.6375 0.525
vt 0.6375 0.625
vt 0.7375 0.525
vt 0.7375 0.525
vt 0.6375 0.625
vt 0.7375 0.625
vt 0.6375 0.625
vt 0.6375 0.725
vt 0.7375 0.625
vt 0.7375 0.625
vt 0.6375 0.725
vt 0.7375 0.725
vt 0.6375 0.525
vt 0.7375 0.525
vt 0.6375 0.625
vt 0.7375 0.525
vt 0.7375 0.625
vt 0.6375 0.625
vt 0.6375 0.625
vt 0.7375 0.625
vt 0.6375 0.725
vt 0.7375 0.625
vt 0.7375 0.725
vt 0.6375 0.725
vt 0.5125 0.775
vt 0.5125 0.875
vt 0.6125 0.775
vt 0.6125 0.775
vt 0.5125 0.875
vt 0.6125 0.875
vt 0.5125 0.875
vt 0.5125 0.975
vt 0.6125 0.875
vt 0.6125 0.875
vt 0.5125 0.975
vt 0.6125 0.975
vt 0.5125 0.775
vt 0.6125 0.775
vt 0.5125 0.875
vt 0.6125 0.775
vt 0.6125 0.875
vt 0.5125 0.875
vt 0.5125 0.875
vt 0.6125 0.875
vt 0.5125 0.975
vt 0.6125 0.875
vt 0.6125 0.975
vt 0.5125 0.975
vt 0.87625 0.025
vt 0.87625 0.125
vt 0.87625 0.025
vt 0.87625 0.025
vt 0.87625 0.125
vt 0.87625 0.225
vt 0.87625 0.125
vt 0.87625 0.225
vt 0.87625 0.225
vt 0.87625 0.025
vt 0.87625 0.025
vt 0.87625 0.125
vt 0.87625 0.025
vt 0.87625 0.225
vt 0.87625 0.125
vt 0.87625 0.125
vt 0.87625 0.225
vt 0.87625 0.225
vt 0.5125 0.875
vt 0.5125 0.775
vt 0.6125 0.775
vt 0.5125 0.875
vt 0.6125 0.775
vt 0.6125 0.875
vt 0.5125 0.975
vt 0.5125 0.875
vt 0.6125 0.875
vt 0.5125 0.975
vt 0.6125 0.875
vt 0.6125 0.975
vt 0.5125 0.875
vt 0.6125 0.775
vt 0.5125 0.775
vt 0.5125 0.875
vt 0.6125 0.875
vt 0.6125 0.775
vt 0.5125 0.975
vt 0.6125 0.875
vt 0.5125 0.875
vt 0.5125 0.975
vt 0.6125 0.975
vt 0.6125 0.875
vt 0.6375 0.625
vt 0.6375 0.525
vt 0.7375 0.525
vt 0.6375 0.625
vt 0.7375 0.525
vt 0.7375 0.625
vt 0.6375 0.725
vt 0.6375 0.625
vt 0.7375 0.625
vt 0.6375 0.725
vt 0.7375 0.625
vt 0.7375 0.725
vt 0.6375 0.625
vt 0.7375 0.525
vt 0.6375 0.525
vt 0.6375 0.625
vt 0.7375 0.625
vt 0.7375 0.525
vt 0.6375 0.725
vt 0.7375 0.625
vt 0.6375 0.625
vt 0.6375 0.725
vt 0.7375 0.725
vt 0.7375 0.625
vt 0.5125 0.875
vt 0.5125 0.775
vt 0.6125 0.775
vt 0.5125 0.875
vt 0.6125 0.775
vt 0.6125 0.875
vt 0.5125 0.975
vt 0.5125 0.875
vt 0.6125 0.875
vt 0.5125 0.975
vt 0.6125 0.875
vt 0.6125 0.975
vt 0.5125 0.875
vt 0.6125 0.775
vt 0.5125 0.775
vt 0.5125 0.875
vt 0.6125 0.875
vt 0.6125 0.775
vt 0.5125 0.975
vt 0.6125 0.875
vt 0.5125 0.875
vt 0.5125 0.975
vt 0.6125 0.975
vt 0.6125 0.875
vt 0.87625 0.125
vt 0.87625 0.025
vt 0.87625 0.025
vt 0.87625 0.125
vt 0.87625 0.025
vt 0.87625 0.225
vt 0.87625 0.225
vt 0.87625 0.125
vt 0.87625 0.225
vt 0.87625 0.125
vt 0.87625 0.025
vt 0.87625 0.025
vt 0.87625 0.125
vt 0.87625 0.225
vt 0.87625 0.025
vt 0.87625 0.225
vt 0.87625 0.225
vt 0.87625 0.125
vt 0.5125 0.775
vt 0.5125 0.875
vt 0.6125 0.775
vt 0.6125 0.775
vt 0.5125 0.875
vt 0.6125 0.875
vt 0.5125 0.875
vt 0.5125 0.975
vt 0.6125 0.875
vt 0.6125 0.875
vt 0.5125 0.975
vt 0.6125 0.975
vt 0.5125 0.775
vt 0.6125 0.775
vt 0.5125 0.875
vt 0.6125 0.775
vt 0.6125 0.875
vt 0.5125 0.875
vt 0.5125 0.875
vt 0.6125 0.875
vt 0.5125 0.975
vt 0.6125 0.875
vt 0.6125 0.975
vt 0.5125 0.975
vt 0.6375 0.525
vt 0.6375 0.625
vt 0.7375 0.525
vt 0.7375 0.525
vt 0.6375 0.625
vt 0.7375 0.625
vt 0.6375 0.625
vt 0.6375 0.725
vt 0.7375 0.625
vt 0.7375 0.625
vt 0.6375 0.725
vt 0.7375 0.725
vt 0.6375 0.525
vt 0.7375 0.525
vt 0.6375 0.625
vt 0.7375 0.525
vt 0.7375 0.625
vt 0.6375 0.625
vt 0.6375 0.625
vt 0.7375 0.625
vt 0.6375 0.725
vt 0.7375 0.625
vt 0.7375 0.725
vt 0.6375 0.725
vt 0.5125 0.775
vt 0.5125 0.875
vt 0.6125 0.775
vt 0.6125 0.775
vt 0.5125 0.875
vt 0.6125 0.875
vt 0.5125 0.875
vt 0.5125 0.975
vt 0.6125 0.875
vt 0.6125 0.875
vt 0.5125 0.975
vt 0.6125 0.975
vt 0.5125 0.775
vt 0.6125 0.775
vt 0.5125 0.875
vt 0.6125 0.775
vt 0.6125 0.875
vt 0.5125 0.875
vt 0.5125 0.875
vt 0.6125 0.875
vt 0.5125 0.975
vt 0.6125 0.875
vt 0.6125 0.975
vt 0.5125 0.975
vt 0.87625 0.025
vt 0.87625 0.125
vt 0.87625 0.025
vt 0.87625 0.025
vt 0.87625 0.125
vt 0.87625 0.225
vt 0.87625 0.125
vt 0.87625 0.225
vt 0.87625 0.225
vt 0.87625 0.025
vt 0.87625 0.025
vt 0.87625 0.125
vt 0.87625 0.025
vt 0.87625 0.225
vt 0.87625 0.125
vt 0.87625 0.125
vt 0.87625 0.225
vt 0.87625 0.225
vt 0.5125 0.875
vt 0.5125 0.775
vt 0.6125 0.775
vt 0.5125 0.875
vt 0.6125 0.775
vt 0.6125 0.875
vt 0.5125 0.975
vt 0.5125 0.875
vt 0.6125 0.875
vt 0.5125 0.975
vt 0.6125 0.875
vt 0.6125 0.975
vt 0.5125 0.875
vt 0.6125 0.775
vt 0.5125 0.775
vt 0.5125 0.875
vt 0.6125 0.875
vt 0.6125 0.775
vt 0.5125 0.975
vt 0.6125 0.875
vt 0.5125 0.875
vt 0.5125 0.975
vt 0.6125 0.975
vt 0.6125 0.875
vt 0.6375 0.625
vt 0.6375 0.525
vt 0.7375 0.525
vt 0.6375 0.625
vt 0.7375 0.525
vt 0.7375 0.625
vt 0.6375 0.725
vt 0.6375 0.625
vt 0.7375 0.625
vt 0.6375 0.725
vt 0.7375 0.625
vt 0.7375 0.725
vt 0.6375 0.625
vt 0.7375 0.525
vt 0.6375 0.525
vt 0.6375 0.625
vt 0.7375 0.625
vt 0.7375 0.525
vt 0.6375 0.725
vt 0.7375 0.625
vt 0.6375 0.625
vt 0.6375 0.725
vt 0.7375 0.725
vt 0.7375 0.625
vt 0.5125 0.875
vt 0.5125 0.775
vt 0.6125 0.775
vt 0.5125 0.875
vt 0.6125 0.775
vt 0.6125 0.875
vt 0.5125 0.975
vt 0.5125 0.875
vt 0.6125 0.875
vt 0.5125 0.975
vt 0.6125 0.875
vt 0.6125 0.975
vt 0.5125 0.875
vt 0.6125 0.775
vt 0.5125 0.775
vt 0.5125 0.875
vt 0.6125 0.875
vt 0.6125 0.775
vt 0.5125 0.975
vt 0.6125 0.875
vt 0.5125 0.875
vt 0.5125 0.975
vt 0.6125 0.975
vt 0.6125 0.875
vt 0.87625 0.125
vt 0.87625 0.025
vt 0.87625 0.025
vt 0.87625 0.125
vt 0.87625 0.025
vt 0.87625 0.225
vt 0.87625 0.225
vt 0.87625 0.125
vt 0.87625 0.225
vt 0.87625 0.125
vt 0.87625 0.025
vt 0.87625 0.025
vt 0.87625 0.125
vt 0.87625 0.225
vt 0.87625 0.025
vt 0.87625 0.225
vt 0.87625 0.225
vt 0.87625 0.125
vt 0.5125 0.775
vt 0.5125 0.875
vt 0.6125 0.775
vt 0.6125 0.775
vt 0.5125 0.875
vt 0.6125 0.875
vt 0.5125 0.875
vt 0.5125 0.975
vt 0.6125 0.875
vt 0.6125 0.875
vt 0.5125 0.975
vt 0.6125 0.975
vt 0.5125 0.775
vt 0.6125 0.775
vt 0.5125 0.875
vt 0.6125 0.775
vt 0.6125 0.875
vt 0.5125 0.875
vt 0.5125 0.875
vt 0.6125 0.875
vt 0.5125 0.975
vt 0.6125 0.875
vt 0.6125 0.975
vt 0.5125 0.975
vt 0.6375 0.525
vt 0.6375 0.625
vt 0.7375 0.525
vt 0.7375 0.525
vt 0.6375 0.625
vt 0.7375 0.625
vt 0.6375 0.625
vt 0.6375 0.725
vt 0.7375 0.625
vt 0.7375 0.625
vt 0.6375 0.725
vt 0.7375 0.725
vt 0.6375 0.525
vt 0.7375 0.525
vt 0.6375 0.625
vt 0.7375 0.525
vt 0.7375 0.625
vt 0.6375 0.625
vt 0.6375 0.625
vt 0.7375 0.625
vt 0.6375 0.725
vt 0.7375 0.625
vt 0.7375 0.725
vt 0.6375 0.725
vt 0.5125 0.775
vt 0.5125 0.875
vt 0.6125 0.775
vt 0.6125 0.775
vt 0.5125 0.875
vt 0.6125 0.875
vt 0.5125 0.875
vt 0.5125 0.975
vt 0.6125 0.875
vt 0.6125 0.875
vt 0.5125 0.975
vt 0.6125 0.975
vt 0.5125 0.775
vt 0.6125 0.775
vt 0.5125 0.875
vt 0.6125 0.775
vt 0.6125 0.875
vt 0.5125 0.875
vt 0.5125 0.875
vt 0.6125 0.875
vt 0.5125 0.975
vt 0.6125 0.875
vt 0.6125 0.975
vt 0.5125 0.975
vt 0.87625 0.025
vt 0.87625 0.125
vt 0.87625 0.025
vt 0.87625 0.025
vt 0.87625 0.125
vt 0.87625 0.225
vt 0.87625 0.125
vt 0.87625 0.225
vt 0.87625 0.225
vt 0.87625 0.025
vt 0.87625 0.025
vt 0.87625 0.125
vt 0.87625 0.025
vt 0.87625 0.225
vt 0.87625 0.125
vt 0.87625 0.125
vt 0.87625 0.225
vt 0.87625 0.225
vt 0.5125 0.875
vt 0.5125 0.775
vt 0.6125 0.775
vt 0.5125 0.875
vt 0.6125 0.775
vt 0.6125 0.875
vt 0.5125 0.975
vt 0.5125 0.875
vt 0.6125 0.875
vt 0.5125 0.975
vt 0.6125 0.875
vt 0.6125 0.975
vt 0.5125 0.875
vt 0.6125 0.775
vt 0.5125 0.775
vt 0.5125 0.875
vt 0.6125 0.875
vt 0.6125 0.775
vt 0.5125 0.975
vt 0.6125 0.875
vt 0.5125 0.875
vt 0.5125 0.975
vt 0.6125 0.975
vt 0.6125 0.875
vt 0.6375 0.625
vt 0.6375 0.525
vt 0.7375 0.525
vt 0.6375 0.625
vt 0.7375 0.525
vt 0.7375 0.625
vt 0.6375 0.725
vt 0.6375 0.625
vt 0.7375 0.625
vt 0.6375 0.725
vt 0.7375 0.625
vt 0.7375 0.725
vt 0.6375 0.625
vt 0.7375 0.525
vt 0.6375 0.525
vt 0.6375 0.625
vt 0.7375 0.625
vt 0.7375 0.525
vt 0.6375 0.725
vt 0.7375 0.625
vt 0.6375 0.625
vt 0.6375 0.725
vt 0.7375 0.725
vt 0.7375 0.625
vt 0.5125 0.875
vt 0.5125 0.775
vt 0.6125 0.775
vt 0.5125 0.875
vt 0.6125 0.775
vt 0.6125 0.875
vt 0.5125 0.975
vt 0.5125 0.875
vt 0.6125 0.875
vt 0.5125 0.975
vt 0.6125 0.875
vt 0.6125 0.975
vt 0.5125 0.875
vt 0.6125 0.775
vt 0.5125 0.775
vt 0.5125 0.875
vt 0.6125 0.875
vt 0.6125 0.775
vt 0.5125 0.975
vt 0.6125 0.875
vt 0.5125 0.875
vt 0.5125 0.975
vt 0.6125 0.975
vt 0.6125 0.875
vt 0.87625 0.125
vt 0.87625 0.025
vt 0.87625 0.025
vt 0.87625 0.125
vt 0.87625 0.025
vt 0.87625 0.225
vt 0.87625 0.225
vt 0.87625 0.125
vt 0.87625 0.225
vt 0.87625 0.125
vt 0.87625 0.025
vt 0.87625 0.025
vt 0.87625 0.125
vt 0.87625 0.225
vt 0.87625 0.025
vt 0.87625 0.225
vt 0.87625 0.225
vt 0.87625 0.125

f 9/1 1/2 2/3
f 10/4 9/5 2/6
f 10/7 2/8 3/9
f 11/10 10/11 3/12
f 11/13 3/14 4/15
f 12/16 11/17 4/18
f 12/19 4/20 5/21
f 13/22 12/23 5/24
f 13/25 5/26 14/27
f 5/28 6/29 14/30
f 14/31 6/32 15/33
f 6/34 7/35 15/36
f 15/37 7/38 16/39
f 7/40 8/41 16/42
f 16/43 8/44 9/45
f 8/46 1/47 9/48
f 17/49 9/50 10/51
f 18/52 17/53 10/54
f 18/55 10/56 11/57
f 19/58 18/59 11/60
f 19/61 11/62 12/63
f 20/64 19/65 12/66
f 20/67 12/68 13/69
f 21/70 20/71 13/72
f 21/73 13/74 22/75
f 13/76 14/77 22/78
f 22/79 14/80 23/81
f 14/82 15/83 23/84
f 23/85 15/86 24/87
f 15/88 16/89 24/90
f 24/91 16/92 17/93
f 16/94 9/95 17/96
f 25/97 17/98 18/99
f 26/100 25/101 18/102
f 26/103 18/104 19/105
f 27/106 26/107 19/108
f 27/109 19/110 20/111
f 28/112 27/113 20/114
f 28/115 20/116 21/117
f 29/118 28/119 21/120
f 29/121 21/122 30/123
f 21/124 22/125 30/126
f 30/127 22/128 31/129
f 22/130 23/131 31/132
f 31/133 23/134 32/135
f 23/136 24/137 32/138
f 32/139 24/140 25/141
f 24/142 17/143 25/144
f 33/145 25/146 26/147
f 34/148 33/149 26/150
f 34/151 26/152 27/153
f 35/154 34/155 27/156
f 35/157 27/158 28/159
f 36/160 35/161 28/162
f 36/163 28/164 29/165
f 37/166 36/167 29/168
f 37/169 29/170 38/171
f 29/172 30/173 38/174
f 38/175 30/176 39/177
f 30/178 31/179 39/180
f 39/181 31/182 40/183
f 31/184 32/185 40/186
f 40/187 32/188 33/189
f 32/190 25/191 33/192
f 41/193 33/194 34/195
f 42/196 41/197 34/198
f 42/199 34/200 35/201
f 43/202 42/203 35/204
f 43/205 35/206 36/207
f 44/208 43/209 36/210
f 44/211 36/212 37/213
f 45/214 44/215 37/216
f 45/217 37/218 46/219
f 37/220 38/221 46/222
f 46/223 38/224 47/225
f 38/226 39/227 47/228
f 47/229 39/230 48/231
f 39/232 40/233 48/234
f 48/235 40/236 41/237
f 40/238 33/239 41/240
f 49/241 41/242 42/243
f 50/244 49/245 42/246
f 50/247 42/248 43/249
f 51/250 50/251 43/252
f 51/253 43/254 44/255
f 52/256 51/257 44/258
f 52/259 44/260 45/261
f 53/262 52/263 45/264
f 53/265 45/266 54/267
f 45/268 46/269 54/270
f 54/271 46/272 55/273
f 46/274 47/275 55/276
f 55/277 47/278 56/279
f 47/280 48/281 56/282
f 56/283 48/284 49/285
f 48/286 41/287 49/288
f 57/289 49/290 50/291
f 58/292 57/293 50/294
f 58/295 50/296 51/297
f 59/298 58/299 51/300
f 59/301 51/302 52/303
f 60/304 59/305 52/306
f 60/307 52/308 53/309
f 61/310 60/311 53/312
f 61/313 53/314 62/315
f 53/316 54/317 62/318
f 62/319 54/320 63/321
f 54/322 55/323 63/324
f 63/325 55/326 64/327
f 55/328 56/329 64/330
f 64/331 56/332 57/333
f 56/334 49/335 57/336
f 65/337 57/338 58/339
f 66/340 65/341 58/342
f 66/343 58/344 59/345
f 67/346 66/347 59/348
f 67/349 59/350 60/351
f 68/352 67/353 60/354
f 68/355 60/356 61/357
f 69/358 68/359 61/360
f 69/361 61/362 70/363
f 61/364 62/365 70/366
f 70/367 62/368 71/369
f 62/370 63/371 71/372
f 71/373 63/374 72/375
f 63/376 64/377 72/378
f 72/379 64/380 65/381
f 64/382 57/383 65/384
f 73/385 65/386 66/387
f 74/388 73/389 66/390
f 74/391 66/392 67/393
f 75/394 74/395 67/396
f 75/397 67/398 68/399
f 76/400 75/401 68/402
f 76/403 68/404 69/405
f 77/406 76/407 69/408
f 77/409 69/410 78/411
f 69/412 70/413 78/414
f 78/415 70/416 79/417
f 70/418 71/419 79/420
f 79/421 71/422 80/423
f 71/424 72/425 80/426
f 80/427 72/428 73/429
f 72/430 65/431 73/432
f 81/433 73/434 74/435
f 82/436 81/437 74/438
f 82/439 74/440 75/441
f 83/442 82/443 75/444
f 83/445 75/446 76/447
f 84/448 83/449 76/450
f 84/451 76/452 77/453
f 85/454 84/455 77/456
f 85/457 77/458 86/459
f 77/460 78/461 86/462
f 86/463 78/464 87/465
f 78/466 79/467 87/468
f 87/469 79/470 88/471
f 79/472 80/473 88/474
f 88/475 80/476 81/477
f 80/478 73/479 81/480
f 89/481 81/482 82/483
f 90/484 89/485 82/486
f 90/487 82/488 83/489
f 91/490 90/491 83/492
f 91/493 83/494 84/495
f 92/496 91/497 84/498
f 92/499 84/500 85/501
f 93/502 92/503 85/504
f 93/505 85/506 94/507
f 85/508 86/509 94/510
f 94/511 86/512 95/513
f 86/514 87/515 95/516
f 95/517 87/518 96/519
f 87/520 88/521 96/522
f 96/523 88/524 89/525
f 88/526 81/527 89/528
f 97/529 89/530 90/531
f 98/532 97/533 90/534
f 98/535 90/536 91/537
f 99/538 98/539 91/540
f 99/541 91/542 92/543
f 100/544 99/545 92/546
f 100/547 92/548 93/549
f 101/550 100/551 93/552
f 101/553 93/554 102/555
f 93/556 94/557 102/558
f 102/559 94/560 103/561
f 94/562 95/563 103/564
f 103/565 95/566 104/567
f 95/568 96/569 104/570
f 104/571 96/572 97/573
f 96/574 89/575 97/576
f 105/577 97/578 98/579
f 106/580 105/581 98/582
f 106/583 98/584 99/585
f 107/586 106/587 99/588
f 107/589 99/590 100/591
f 108/592 107/593 100/594
f 108/595 100/596 101/597
f 109/598 108/599 101/600
f 109/601 101/602 110/603
f 101/604 102/605 110/606
f 110/607 102/608 111/609
f 102/610 103/611 111/612
f 111/613 103/614 112/615
f 103/616 104/617 112/618
f 112/619 104/620 105/621
f 104/622 97/623 105/624
f 125/625 113/626 114/627
f 126/628 125/629 114/630
f 126/631 114/632 115/633
f 127/634 126/635 115/636
f 127/637 115/638 116/639
f 128/640 127/641 116/642
f 128/643 116/644 117/645
f 129/646 128/647 117/648
f 129/649 117/650 118/651
f 130/652 129/653 118/654
f 130/655 118/656 119/657
f 131/658 130/659 119/660
f 131/661 119/662 132/663
f 119/664 120/665 132/666
f 132/667 120/668 133/669
f 120/670 121/671 133/672
f 133/673 121/674 134/675
f 121/676 122/677 134/678
f 134/679 122/680 135/681
f 122/682 123/683 135/684
f 135/685 123/686 136/687
f 123/688 124/689 136/690
f 136/691 124/692 125/693
f 124/694 113/695 125/696
f 137/697 125/698 126/699
f 138/700 137/701 126/702
f 138/703 126/704 127/705
f 139/706 138/707 127/708
f 139/709 127/710 128/711
f 140/712 139/713 128/714
f 140/715 128/716 129/717
f 141/718 140/719 129/720
f 141/721 129/722 130/723
f 142/724 141/725 130/726
f 142/727 130/728 131/729
f 143/730 142/731 131/732
f 143/733 131/734 144/735
f 131/736 132/737 144/738
f 144/739 132/740 145/741
f 132/742 133/743 145/744
f 145/745 133/746 146/747
f 133/748 134/749 146/750
f 146/751 134/752 147/753
f 134/754 135/755 147/756
f 147/757 135/758 148/759
f 135/760 136/761 148/762
f 148/763 136/764 137/765
f 136/766 125/767 137/768
f 149/769 137/770 138/771
f 150/772 149/773 138/774
f 150/775 138/776 139/777
f 151/778 150/779 139/780
f 151/781 139/782 140/783
f 152/784 151/785 140/786
f 152/787 140/788 141/789
f 153/790 152/791 141/792
f 153/793 141/794 142/795
f 154/796 153/797 142/798
f 154/799 142/800 143/801
f 155/802 154/803 143/804
f 155/805 143/806 156/807
f 143/808 144/809 156/810
f 156/811 144/812 157/813
f 144/814 145/815 157/816
f 157/817 145/818 158/819
f 145/820 146/821 158/822
f 158/823 146/824 159/825
f 146/826 147/827 159/828
f 159/829 147/830 160/831
f 147/832 148/833 160/834
f 160/835 148/836 149/837
f 148/838 137/839 149/840
f 161/841 149/842 150/843
f 162/844 161/845 150/846
f 162/847 150/848 151/849
f 163/850 162/851 151/852
f 163/853 151/854 152/855
f 164/856 163/857 152/858
f 164/859 152/860 153/861
f 165/862 164/863 153/864
f 165/865 153/866 154/867
f 166/868 165/869 154/870
f 166/871 154/872 155/873
f 167/874 166/875 155/876
f 167/877 155/878 168/879
f 155/880 156/881 168/882
f 168/883 156/884 169/885
f 156/886 157/887 169/888
f 169/889 157/890 170/891
f 157/892 158/893 170/894
f 170/895 158/896 171/897
f 158/898 159/899 171/900
f 171/901 159/902 172/903
f 159/904 160/905 172/906
f 172/907 160/908 161/909
f 160/910 149/911 161/912
f 173/913 161/914 162/915
f 174/916 173/917 162/918
f 174/919 162/920 163/921
f 175/922 174/923 163/924
f 175/925 163/926 164/927
f 176/928 175/929 164/930
f 176/931 164/932 165/933
f 177/934 176/935 165/936
f 177/937 165/938 166/939
f 178/940 177/941 166/942
f 178/943 166/944 167/945
f 179/946 178/947 167/948
f 179/949 167/950 180/951
f 167/952 168/953 180/954
f 180/955 168/956 181/957
f 168/958 169/959 181/960
f 181/961 169/962 182/963
f 169/964 170/965 182/966
f 182/967 170/968 183/969
f 170/970 171/971 183/972
f 183/973 171/974 184/975
f 171/976 172/977 184/978
f 184/979 172/980 173/981
f 172/982 161/983 173/984
f 185/985 173/986 174/987
f 186/988 185/989 174/990
f 186/991 174/992 175/993
f 187/994 186/995 175/996
f 187/997 175/998 176/999
f 188/1000 187/1001 176/1002
f 188/1003 176/1004 177/1005
f 189/1006 188/1007 177/1008
f 189/1009 177/1010 178/1011
f 190/1012 189/1013 178/1014
f 190/1015 178/1016 179/1017
f 191/1018 190/1019 179/1020
f 191/1021 179/1022 192/1023
f 179/1024 180/1025 192/1026
f 192/1027 180/1028 193/1029
f 180/1030 181/1031 193/1032
f 193/1033 181/1034 194/1035
f 181/1036 182/1037 194/1038
f 194/1039 182/1040 195/1041
f 182/1042 183/1043 195/1044
f 195/1045 183/1046 196/1047
f 183/1048 184/1049 196/1050
f 196/1051 184/1052 185/1053
f 184/1054 173/1055 185/1056
f 197/1057 185/1058 186/1059
f 198/1060 197/1061 186/1062
f 198/1063 186/1064 187/1065
f 199/1066 198/1067 187/1068
f 199/1069 187/1070 188/1071
f 200/1072 199/1073 188/1074
f 200/1075 188/1076 189/1077
f 201/1078 200/1079 189/1080
f 201/1081 189/1082 190/1083
f 202/1084 201/1085 190/1086
f 202/1087 190/1088 191/1089
f 203/1090 202/1091 191/1092
f 203/1093 191/1094 204/1095
f 191/1096 192/1097 204/1098
f 204/1099 192/1100 205/1101
f 192/1102 193/1103 205/1104
f 205/1105 193/1106 206/1107
f 193/1108 194/1109 206/1110
f 206/1111 194/1112 207/1113
f 194/1114 195/1115 207/1116
f 207/1117 195/1118 208/1119
f 195/1120 196/1121 208/1122
f 208/1123 196/1124 197/1125
f 196/1126 185/1127 197/1128
f 209/1129 197/1130 198/1131
f 210/1132 209/1133 198/1134
f 210/1135 198/1136 199/1137
f 211/1138 210/1139 199/1140
f 211/1141 199/1142 200/1143
f 212/1144 211/1145 200/1146
f 212/1147 200/1148 201/1149
f 213/1150 212/1151 201/1152
f 213/1153 201/1154 202/1155
f 214/1156 213/1157 202/1158
f 214/1159 202/1160 203/1161
f 215/1162 214/1163 203/1164
f 215/1165 203/1166 216/1167
f 203/1168 204/1169 216/1170
f 216/1171 204/1172 217/1173
f 204/1174 205/1175 217/1176
f 217/1177 205/1178 218/1179
f 205/1180 206/1181 218/1182
f 218/1183 206/1184 219/1185
f 206/1186 207/1187 219/1188
f 219/1189 207/1190 220/1191
f 207/1192 208/1193 220/1194
f 220/1195 208/1196 209/1197
f 208/1198 197/1199 209/1200
f 221/1201 209/1202 210/1203
f 222/1204 221/1205 210/1206
f 222/1207 210/1208 211/1209
f 223/1210 222/1211 211/1212
f 223/1213 211/1214 212/1215
f 224/1216 223/1217 212/1218
f 224/1219 212/1220 213/1221
f 225/1222 224/1223 213/1224
f 225/1225 213/1226 214/1227
f 226/1228 225/1229 214/1230
f 226/1231 214/1232 215/1233
f 227/1234 226/1235 215/1236
f 227/1237 215/1238 228/1239
f 215/1240 216/1241 228/1242
f 228/1243 216/1244 229/1245
f 216/1246 217/1247 229/1248
f 229/1249 217/1250 230/1251
f 217/1252 218/1253 230/1254
f 230/1255 218/1256 231/1257
f 218/1258 219/1259 231/1260
f 231/1261 219/1262 232/1263
f 219/1264 220/1265 232/1266
f 232/1267 220/1268 221/1269
f 220/1270 209/1271 221/1272
f 233/1273 221/1274 222/1275
f 234/1276 233/1277 222/1278
f 234/1279 222/1280 223/1281
f 235/1282 234/1283 223/1284
f 235/1285 223/1286 224/1287
f 236/1288 235/1289 224/1290
f 236/1291 224/1292 225/1293
f 237/1294 236/1295 225/1296
f 237/1297 225/1298 226/1299
f 238/1300 237/1301 226/1302
f 238/1303 226/1304 227/1305
f 239/1306 238/1307 227/1308
f 239/1309 227/1310 240/1311
f 227/1312 228/1313 240/1314
f 240/1315 228/1316 241/1317
f 228/1318 229/1319 241/1320
f 241/1321 229/1322 242/1323
f 229/1324 230/1325 242/1326
f 242/1327 230/1328 243/1329
f 230/1330 231/1331 243/1332
f 243/1333 231/1334 244/1335
f 231/1336 232/1337 244/1338
f 244/1339 232/1340 233/1341
f 232/1342 221/1343 233/1344
f 251/1345 245/1346 246/1347
f 252/1348 251/1349 246/1350
f 252/1351 246/1352 247/1353
f 253/1354 252/1355 247/1356
f 253/1357 247/1358 248/1359
f 254/1360 253/1361 248/1362
f 254/1363 248/1364 255/1365
f 248/1366 249/1367 255/1368
f 255/1369 249/1370 256/1371
f 249/1372 250/1373 256/1374
f 256/1375 250/1376 251/1377
f 250/1378 245/1379 251/1380
f 257/1381 251/1382 252/1383
f 258/1384 257/1385 252/1386
f 258/1387 252/1388 253/1389
f 259/1390 258/1391 253/1392
f 259/1393 253/1394 254/1395
f 260/1396 259/1397 254/1398
f 260/1399 254/1400 261/1401
f 254/1402 255/1403 261/1404
f 261/1405 255/1406 262/1407
f 255/1408 256/1409 262/1410
f 262/1411 256/1412 257/1413
f 256/1414 251/1415 257/1416
f 263/1417 257/1418 258/1419
f 264/1420 263/1421 258/1422
f 264/1423 258/1424 259/1425
f 265/1426 264/1427 259/1428
f 265/1429 259/1430 260/1431
f 266/1432 265/1433 260/1434
f 266/1435 260/1436 267/1437
f 260/1438 261/1439 267/1440
f 267/1441 261/1442 268/1443
f 261/1444 262/1445 268/1446
f 268/1447 262/1448 263/1449
f 262/1450 257/1451 263/1452
f 269/1453 263/1454 264/1455
f 270/1456 269/1457 264/1458
f 270/1459 264/1460 265/1461
f 271/1462 270/1463 265/1464
f 271/1465 265/1466 266/1467
f 272/1468 271/1469 266/1470
f 272/1471 266/1472 273/1473
f 266/1474 267/1475 273/1476
f 273/1477 267/1478 274/1479
f 267/1480 268/1481 274/1482
f 274/1483 268/1484 269/1485
f 268/1486 263/1487 269/1488
f 275/1489 269/1490 270/1491
f 276/1492 275/1493 270/1494
f 276/1495 270/1496 271/1497
f 277/1498 276/1499 271/1500
f 277/1501 271/1502 272/1503
f 278/1504 277/1505 272/1506
f 278/1507 272/1508 279/1509
f 272/1510 273/1511 279/1512
f 279/1513 273/1514 280/1515
f 273/1516 274/1517 280/1518
f 280/1519 274/1520 275/1521
f 274/1522 269/1523 275/1524
f 281/1525 275/1526 276/1527
f 282/1528 281/1529 276/1530
f 282/1531 276/1532 277/1533
f 283/1534 282/1535 277/1536
f 283/1537 277/1538 278/1539
f 284/1540 283/1541 278/1542
f 284/1543 278/1544 285/1545
f 278/1546 279/1547 285/1548
f 285/1549 279/1550 286/1551
f 279/1552 280/1553 286/1554
f 286/1555 280/1556 281/1557
f 280/1558 275/1559 281/1560
f 287/1561 281/1562 282/1563
f 288/1564 287/1565 282/1566
f 288/1567 282/1568 283/1569
f 289/1570 288/1571 283/1572
f 289/1573 283/1574 284/1575
f 290/1576 289/1577 284/1578
f 290/1579 284/1580 291/1581
f 284/1582 285/1583 291/1584
f 291/1585 285/1586 292/1587
f 285/1588 286/1589 292/1590
f 292/1591 286/1592 287/1593
f 286/1594 281/1595 287/1596
f 293/1597 287/1598 288/1599
f 294/1600 293/1601 288/1602
f 294/1603 288/1604 289/1605
f 295/1606 294/1607 289/1608
f 295/1609 289/1610 290/1611
f 296/1612 295/1613 290/1614
f 296/1615 290/1616 297/1617
f 290/1618 291/1619 297/1620
f 297/1621 291/1622 298/1623
f 291/1624 292/1625 298/1626
f 298/1627 292/1628 293/1629
f 292/1630 287/1631 293/1632
f 299/1633 293/1634 294/1635
f 300/1636 299/1637 294/1638
f 300/1639 294/1640 295/1641
f 301/1642 300/1643 295/1644
f 301/1645 295/1646 296/1647
f 302/1648 301/1649 296/1650
f 302/1651 296/1652 303/1653
f 296/1654 297/1655 303/1656
f 303/1657 297/1658 304/1659
f 297/1660 298/1661 304/1662
f 304/1663 298/1664 299/1665
f 298/1666 293/1667 299/1668
f 305/1669 299/1670 300/1671
f 306/1672 305/1673 300/1674
f 306/1675 300/1676 301/1677
f 307/1678 306/1679 301/1680
f 307/1681 301/1682 302/1683
f 308/1684 307/1685 302/1686
f 308/1687 302/1688 309/1689
f 302/1690 303/1691 309/1692
f 309/1693 303/1694 310/1695
f 303/1696 304/1697 310/1698
f 310/1699 304/1700 305/1701
f 304/1702 299/1703 305/1704
f 317/1705 311/1706 312/1707
f 318/1708 317/1709 312/1710
f 318/1711 312/1712 313/1713
f 319/1714 318/1715 313/1716
f 319/1717 313/1718 314/1719
f 320/1720 319/1721 314/1722
f 320/1723 314/1724 321/1725
f 314/1726 315/1727 321/1728
f 321/1729 315/1730 322/1731
f 315/1732 316/1733 322/1734
f 322/1735 316/1736 317/1737
f 316/1738 311/1739 317/1740
f 323/1741 317/1742 318/1743
f 324/1744 323/1745 318/1746
f 324/1747 318/1748 319/1749
f 325/1750 324/1751 319/1752
f 325/1753 319/1754 320/1755
f 326/1756 325/1757 320/1758
f 326/1759 320/1760 327/1761
f 320/1762 321/1763 327/1764
f 327/1765 321/1766 328/1767
f 321/1768 322/1769 328/1770
f 328/1771 322/1772 323/1773
f 322/1774 317/1775 323/1776
f 329/1777 323/1778 324/1779
f 330/1780 329/1781 324/1782
f 330/1783 324/1784 325/1785
f 331/1786 330/1787 325/1788
f 331/1789 325/1790 326/1791
f 332/1792 331/1793 326/1794
f 332/1795 326/1796 333/1797
f 326/1798 327/1799 333/1800
f 333/1801 327/1802 334/1803
f 327/1804 328/1805 334/1806
f 334/1807 328/1808 329/1809
f 328/1810 323/1811 329/1812
f 335/1813 329/1814 330/1815
f 336/1816 335/1817 330/1818
f 336/1819 330/1820 331/1821
f 337/1822 336/1823 331/1824
f 337/1825 331/1826 332/1827
f 338/1828 337/1829 332/1830
f 338/1831 332/1832 339/1833
f 332/1834 333/1835 339/1836
f 339/1837 333/1838 340/1839
f 333/1840 334/1841 340/1842
f 340/1843 334/1844 335/1845
f 334/1846 329/1847 335/1848
f 341/1849 335/1850 336/1851
f 342/1852 341/1853 336/1854
f 342/1855 336/1856 337/1857
f 343/1858 342/1859 337/1860
f 343/1861 337/1862 338/1863
f 344/1864 343/1865 338/1866
f 344/1867 338/1868 345/1869
f 338/1870 339/1871 345/1872
f 345/1873 339/1874 346/1875
f 339/1876 340/1877 346/1878
f 346/1879 340/1880 341/1881
f 340/1882 335/1883 341/1884
f 347/1885 341/1886 342/1887
f 348/1888 347/1889 342/1890
f 348/1891 342/1892 343/1893
f 349/1894 348/1895 343/1896
f 349/1897 343/1898 344/1899
f 350/1900 349/1901 344/1902
f 350/1903 344/1904 351/1905
f 344/1906 345/1907 351/1908
f 351/1909 345/1910 352/1911
f 345/1912 346/1913 352/1914
f 352/1915 346/1916 347/1917
f 346/1918 341/1919 347/1920
f 353/1921 347/1922 348/1923
f 354/1924 353/1925 348/1926
f 354/1927 348/1928 349/1929
f 355/1930 354/1931 349/1932
f 355/1933 349/1934 350/1935
f 356/1936 355/1937 350/1938
f 356/1939 350/1940 357/1941
f 350/1942 351/1943 357/1944
f 357/1945 351/1946 358/1947
f 351/1948 352/1949 358/1950
f 358/1951 352/1952 353/1953
f 352/1954 347/1955 353/1956
f 359/1957 353/1958 354/1959
f 360/1960 359/1961 354/1962
f 360/1963 354/1964 355/1965
f 361/1966 360/1967 355/1968
f 361/1969 355/1970 356/1971
f 362/1972 361/1973 356/1974
f 362/1975 356/1976 363/1977
f 356/1978 357/1979 363/1980
f 363/1981 357/1982 364/1983
f 357/1984 358/1985 364/1986
f 364/1987 358/1988 359/1989
f 358/1990 353/1991 359/1992
f 365/1993 359/1994 360/1995
f 366/1996 365/1997 360/1998
f 366/1999 360/2000 361/2001
f 367/2002 366/2003 361/2004
f 367/2005 361/2006 362/2007
f 368/2008 367/2009 362/2010
f 368/2011 362/2012 369/2013
f 362/2014 363/2015 369/2016
f 369/2017 363/2018 370/2019
f 363/2020 364/2021 370/2022
f 370/2023 364/2024 365/2025
f 364/2026 359/2027 365/2028
f 371/2029 365/2030 366/2031
f 372/2032 371/2033 366/2034
f 372/2035 366/2036 367/2037
f 373/2038 372/2039 367/2040
f 373/2041 367/2042 368/2043
f 374/2044 373/2045 368/2046
f 374/2047 368/2048 375/2049
f 368/2050 369/2051 375/2052
f 375/2053 369/2054 376/2055
f 369/2056 370/2057 376/2058
f 376/2059 370/2060 371/2061
f 370/2062 365/2063 371/2064
f 386/2065 377/2066 378/2067
f 387/2068 386/2069 378/2070
f 387/2071 378/2072 379/2073
f 388/2074 387/2075 379/2076
f 388/2077 379/2078 380/2079
f 389/2080 388/2081 380/2082
f 389/2083 380/2084 381/2085
f 390/2086 389/2087 381/2088
f 390/2089 381/2090 382/2091
f 391/2092 390/2093 382/2094
f 391/2095 382/2096 392/2097
f 382/2098 383/2099 392/2100
f 392/2101 383/2102 393/2103
f 383/2104 384/2105 393/2106
f 393/2107 384/2108 394/2109
f 384/2110 385/2111 394/2112
f 394/2113 385/2114 386/2115
f 385/2116 377/2117 386/2118
f 395/2119 386/2120 387/2121
f 396/2122 395/2123 387/2124
f 396/2125 387/2126 388/2127
f 397/2128 396/2129 388/2130
f 397/2131 388/2132 389/2133
f 398/2134 397/2135 389/2136
f 398/2137 389/2138 390/2139
f 399/2140 398/2141 390/2142
f 399/2143 390/2144 391/2145
f 400/2146 399/2147 391/2148
f 400/2149 391/2150 401/2151
f 391/2152 392/2153 401/2154
f 401/2155 392/2156 402/2157
f 392/2158 393/2159 402/2160
f 402/2161 393/2162 403/2163
f 393/2164 394/2165 403/2166
f 403/2167 394/2168 395/2169
f 394/2170 386/2171 395/2172
f 404/2173 395/2174 396/2175
f 405/2176 404/2177 396/2178
f 405/2179 396/2180 397/2181
f 406/2182 405/2183 397/2184
f 406/2185 397/2186 398/2187
f 407/2188 406/2189 398/2190
f 407/2191 398/2192 399/2193
f 408/2194 407/2195 399/2196
f 408/2197 399/2198 400/2199
f 409/2200 408/2201 400/2202
f 409/2203 400/2204 410/2205
f 400/2206 401/2207 410/2208
f 410/2209 401/2210 411/2211
f 401/2212 402/2213 411/2214
f 411/2215 402/2216 412/2217
f 402/2218 403/2219 412/2220
f 412/2221 403/2222 404/2223
f 403/2224 395/2225 404/2226
f 413/2227 404/2228 405/2229
f 414/2230 413/2231 405/2232
f 414/2233 405/2234 406/2235
f 415/2236 414/2237 406/2238
f 415/2239 406/2240 407/2241
f 416/2242 415/2243 407/2244
f 416/2245 407/2246 408/2247
f 417/2248 416/2249 408/2250
f 417/2251 408/2252 409/2253
f 418/2254 417/2255 409/2256
f 418/2257 409/2258 419/2259
f 409/2260 410/2261 419/2262
f 419/2263 410/2264 420/2265
f 410/2266 411/2267 420/2268
f 420/2269 411/2270 421/2271
f 411/2272 412/2273 421/2274
f 421/2275 412/2276 413/2277
f 412/2278 404/2279 413/2280
f 422/2281 413/2282 414/2283
f 423/2284 422/2285 414/2286
f 423/2287 414/2288 415/2289
f 424/2290 423/2291 415/2292
f 424/2293 415/2294 416/2295
f 425/2296 424/2297 416/2298
f 425/2299 416/2300 417/2301
f 426/2302 425/2303 417/2304
f 426/2305 417/2306 418/2307
f 427/2308 426/2309 418/2310
f 427/2311 418/2312 428/2313
f 418/2314 419/2315 428/2316
f 428/2317 419/2318 429/2319
f 419/2320 420/2321 429/2322
f 429/2323 420/2324 430/2325
f 420/2326 421/2327 430/2328
f 430/2329 421/2330 422/2331
f 421/2332 413/2333 422/2334
f 440/2335 431/2336 432/2337
f 441/2338 440/2339 432/2340
f 441/2341 432/2342 433/2343
f 442/2344 441/2345 433/2346
f 442/2347 433/2348 434/2349
f 443/2350 442/2351 434/2352
f 443/2353 434/2354 435/2355
f 444/2356 443/2357 435/2358
f 444/2359 435/2360 436/2361
f 445/2362 444/2363 436/2364
f 445/2365 436/2366 446/2367
f 436/2368 437/2369 446/2370
f 446/2371 437/2372 447/2373
f 437/2374 438/2375 447/2376
f 447/2377 438/2378 448/2379
f 438/2380 439/2381 448/2382
f 448/2383 439/2384 440/2385
f 439/2386 431/2387 440/2388
f 449/2389 440/2390 441/2391
f 450/2392 449/2393 441/2394
f 450/2395 441/2396 442/2397
f 451/2398 450/2399 442/2400
f 451/2401 442/2402 443/2403
f 452/2404 451/2405 443/2406
f 452/2407 443/2408 444/2409
f 453/2410 452/2411 444/2412
f 453/2413 444/2414 445/2415
f 454/2416 453/2417 445/2418
f 454/2419 445/2420 455/2421
f 445/2422 446/2423 455/2424
f 455/2425 446/2426 456/2427
f 446/2428 447/2429 456/2430
f 456/2431 447/2432 457/2433
f 447/2434 448/2435 457/2436
f 457/2437 448/2438 449/2439
f 448/2440 440/2441 449/2442
f 458/2443 449/2444 450/2445
f 459/2446 458/2447 450/2448
f 459/2449 450/2450 451/2451
f 460/2452 459/2453 451/2454
f 460/2455 451/2456 452/2457
f 461/2458 460/2459 452/2460
f 461/2461 452/2462 453/2463
f 462/2464 461/2465 453/2466
f 462/2467 453/2468 454/2469
f 463/2470 462/2471 454/2472
f 463/2473 454/2474 464/2475
f 454/2476 455/2477 464/2478
f 464/2479 455/2480 465/2481
f 455/2482 456/2483 465/2484
f 465/2485 456/2486 466/2487
f 456/2488 457/2489 466/2490
f 466/2491 457/2492 458/2493
f 457/2494 449/2495 458/2496
f 467/2497 458/2498 459/2499
f 468/2500 467/2501 459/2502
f 468/2503 459/2504 460/2505
f 469/2506 468/2507 460/2508
f 469/2509 460/2510 461/2511
f 470/2512 469/2513 461/2514
f 470/2515 461/2516 462/2517
f 471/2518 470/2519 462/2520
f 471/2521 462/2522 463/2523
f 472/2524 471/2525 463/2526
f 472/2527 463/2528 473/2529
f 463/2530 464/2531 473/2532
f 473/2533 464/2534 474/2535
f 464/2536 465/2537 474/2538
f 474/2539 465/2540 475/2541
f 465/2542 466/2543 475/2544
f 475/2545 466/2546 467/2547
f 466/2548 458/2549 467/2550
f 476/2551 467/2552 468/2553
f 477/2554 476/2555 468/2556
f 477/2557 468/2558 469/2559
f 478/2560 477/2561 469/2562
f 478/2563 469/2564 470/2565
f 479/2566 478/2567 470/2568
f 479/2569 470/2570 471/2571
f 480/2572 479/2573 471/2574
f 480/2575 471/2576 472/2577
f 481/2578 480/2579 472/2580
f 481/2581 472/2582 482/2583
f 472/2584 473/2585 482/2586
f 482/2587 473/2588 483/2589
f 473/2590 474/2591 483/2592
f 483/2593 474/2594 484/2595
f 474/2596 475/2597 484/2598
f 484/2599 475/2600 476/2601
f 475/2602 467/2603 476/2604
f 489/2605 485/2606 486/2607
f 490/2608 489/2609 486/2610
f 490/2611 486/2612 487/2613
f 491/2614 490/2615 487/2616
f 491/2617 487/2618 492/2619
f 487/2620 488/2621 492/2622
f 492/2623 488/2624 489/2625
f 488/2626 485/2627 489/2628
f 493/2629 489/2630 490/2631
f 494/2632 493/2633 490/2634
f 494/2635 490/2636 491/2637
f 495/2638 494/2639 491/2640
f 495/2641 491/2642 496/2643
f 491/2644 492/2645 496/2646
f 496/2647 492/2648 493/2649
f 492/2650 489/2651 493/2652
f 497/2653 493/2654 494/2655
f 498/2656 497/2657 494/2658
f 498/2659 494/2660 495/2661
f 499/2662 498/2663 495/2664
f 499/2665 495/2666 500/2667
f 495/2668 496/2669 500/2670
f 500/2671 496/2672 497/2673
f 496/2674 493/2675 497/2676
f 505/2677 501/2678 502/2679
f 506/2680 505/2681 502/2682
f 506/2683 502/2684 503/2685
f 507/2686 506/2687 503/2688
f 507/2689 503/2690 508/2691
f 503/2692 504/2693 508/2694
f 508/2695 504/2696 505/2697
f 504/2698 501/2699 505/2700
f 509/2701 505/2702 506/2703
f 510/2704 509/2705 506/2706
f 510/2707 506/2708 507/2709
f 511/2710 510/2711 507/2712
f 511/2713 507/2714 512/2715
f 507/2716 508/2717 512/2718
f 512/2719 508/2720 509/2721
f 508/2722 505/2723 509/2724
f 513/2725 509/2726 510/2727
f 514/2728 513/2729 510/2730
f 514/2731 510/2732 511/2733
f 515/2734 514/2735 511/2736
f 515/2737 511/2738 516/2739
f 511/2740 512/2741 516/2742
f 516/2743 512/2744 513/2745
f 512/2746 509/2747 513/2748
f 525/2749 517/2750 518/2751
f 526/2752 525/2753 518/2754
f 526/2755 518/2756 519/2757
f 527/2758 526/2759 519/2760
f 527/2761 519/2762 520/2763
f 528/2764 527/2765 520/2766
f 528/2767 520/2768 521/2769
f 529/2770 528/2771 521/2772
f 529/2773 521/2774 530/2775
f 521/2776 522/2777 530/2778
f 530/2779 522/2780 531/2781
f 522/2782 523/2783 531/2784
f 531/2785 523/2786 532/2787
f 523/2788 524/2789 532/2790
f 532/2791 524/2792 525/2793
f 524/2794 517/2795 525/2796
f 533/2797 525/2798 526/2799
f 534/2800 533/2801 526/2802
f 534/2803 526/2804 527/2805
f 535/2806 534/2807 527/2808
f 535/2809 527/2810 528/2811
f 536/2812 535/2813 528/2814
f 536/2815 528/2816 529/2817
f 537/2818 536/2819 529/2820
f 537/2821 529/2822 538/2823
f 529/2824 530/2825 538/2826
f 538/2827 530/2828 539/2829
f 530/2830 531/2831 539/2832
f 539/2833 531/2834 540/2835
f 531/2836 532/2837 540/2838
f 540/2839 532/2840 533/2841
f 532/2842 525/2843 533/2844
f 541/2845 533/2846 534/2847
f 542/2848 541/2849 534/2850
f 542/2851 534/2852 535/2853
f 543/2854 542/2855 535/2856
f 543/2857 535/2858 536/2859
f 544/2860 543/2861 536/2862
f 544/2863 536/2864 537/2865
f 545/2866 544/2867 537/2868
f 545/2869 537/2870 546/2871
f 537/2872 538/2873 546/2874
f 546/2875 538/2876 547/2877
f 538/2878 539/2879 547/2880
f 547/2881 539/2882 548/2883
f 539/2884 540/2885 548/2886
f 548/2887 540/2888 541/2889
f 540/2890 533/2891 541/2892
f 549/2893 541/2894 542/2895
f 550/2896 549/2897 542/2898
f 550/2899 542/2900 543/2901
f 551/2902 550/2903 543/2904
f 551/2905 543/2906 544/2907
f 552/2908 551/2909 544/2910
f 552/2911 544/2912 545/2913
f 553/2914 552/2915 545/2916
f 553/2917 545/2918 554/2919
f 545/2920 546/2921 554/2922
f 554/2923 546/2924 555/2925
f 546/2926 547/2927 555/2928
f 555/2929 547/2930 556/2931
f 547/2932 548/2933 556/2934
f 556/2935 548/2936 549/2937
f 548/2938 541/2939 549/2940
f 557/2941 549/2942 550/2943
f 558/2944 557/2945 550/2946
f 558/2947 550/2948 551/2949
f 559/2950 558/2951 551/2952
f 559/2953 551/2954 552/2955
f 560/2956 559/2957 552/2958
f 560/2959 552/2960 553/2961
f 561/2962 560/2963 553/2964
f 561/2965 553/2966 562/2967
f 553/2968 554/2969 562/2970
f 562/2971 554/2972 563/2973
f 554/2974 555/2975 563/2976
f 563/2977 555/2978 564/2979
f 555/2980 556/2981 564/2982
f 564/2983 556/2984 557/2985
f 556/2986 549/2987 557/2988
f 565/2989 557/2990 558/2991
f 566/2992 565/2993 558/2994
f 566/2995 558/2996 559/2997
f 567/2998 566/2999 559/3000
f 567/3001 559/3002 560/3003
f 568/3004 567/3005 560/3006
f 568/3007 560/3008 561/3009
f 569/3010 568/3011 561/3012
f 569/3013 561/3014 570/3015
f 561/3016 562/3017 570/3018
f 570/3019 562/3020 571/3021
f 562/3022 563/3023 571/3024
f 571/3025 563/3026 572/3027
f 563/3028 564/3029 572/3030
f 572/3031 564/3032 565/3033
f 564/3034 557/3035 565/3036
f 581/3037 573/3038 574/3039
f 582/3040 581/3041 574/3042
f 582/3043 574/3044 575/3045
f 583/3046 582/3047 575/3048
f 583/3049 575/3050 576/3051
f 584/3052 583/3053 576/3054
f 584/3055 576/3056 577/3057
f 585/3058 584/3059 577/3060
f 585/3061 577/3062 586/3063
f 577/3064 578/3065 586/3066
f 586/3067 578/3068 587/3069
f 578/3070 579/3071 587/3072
f 587/3073 579/3074 588/3075
f 579/3076 580/3077 588/3078
f 588/3079 580/3080 581/3081
f 580/3082 573/3083 581/3084
f 589/3085 581/3086 582/3087
f 590/3088 589/3089 582/3090
f 590/3091 582/3092 583/3093
f 591/3094 590/3095 583/3096
f 591/3097 583/3098 584/3099
f 592/3100 591/3101 584/3102
f 592/3103 584/3104 585/3105
f 593/3106 592/3107 585/3108
f 593/3109 585/3110 594/3111
f 585/3112 586/3113 594/3114
f 594/3115 586/3116 595/3117
f 586/3118 587/3119 595/3120
f 595/3121 587/3122 596/3123
f 587/3124 588/3125 596/3126
f 596/3127 588/3128 589/3129
f 588/3130 581/3131 589/3132
f 597/3133 589/3134 590/3135
f 598/3136 597/3137 590/3138
f 598/3139 590/3140 591/3141
f 599/3142 598/3143 591/3144
f 599/3145 591/3146 592/3147
f 600/3148 599/3149 592/3150
f 600/3151 592/3152 593/3153
f 601/3154 600/3155 593/3156
f 601/3157 593/3158 602/3159
f 593/3160 594/3161 602/3162
f 602/3163 594/3164 603/3165
f 594/3166 595/3167 603/3168
f 603/3169 595/3170 604/3171
f 595/3172 596/3173 604/3174
f 604/3175 596/3176 597/3177
f 596/3178 589/3179 597/3180
f 605/3181 597/3182 598/3183
f 606/3184 605/3185 598/3186
f 606/3187 598/3188 599/3189
f 607/3190 606/3191 599/3192
f 607/3193 599/3194 600/3195
f 608/3196 607/3197 600/3198
f 608/3199 600/3200 601/3201
f 609/3202 608/3203 601/3204
f 609/3205 601/3206 610/3207
f 601/3208 602/3209 610/3210
f 610/3211 602/3212 611/3213
f 602/3214 603/3215 611/3216
f 611/3217 603/3218 612/3219
f 603/3220 604/3221 612/3222
f 612/3223 604/3224 605/3225
f 604/3226 597/3227 605/3228
f 613/3229 605/3230 606/3231
f 614/3232 613/3233 606/3234
f 614/3235 606/3236 607/3237
f 615/3238 614/3239 607/3240
f 615/3241 607/3242 608/3243
f 616/3244 615/3245 608/3246
f 616/3247 608/3248 609/3249
f 617/3250 616/3251 609/3252
f 617/3253 609/3254 618/3255
f 609/3256 610/3257 618/3258
f 618/3259 610/3260 619/3261
f 610/3262 611/3263 619/3264
f 619/3265 611/3266 620/3267
f 611/3268 612/3269 620/3270
f 620/3271 612/3272 613/3273
f 612/3274 605/3275 613/3276
f 621/3277 613/3278 614/3279
f 622/3280 621/3281 614/3282
f 622/3283 614/3284 615/3285
f 623/3286 622/3287 615/3288
f 623/3289 615/3290 616/3291
f 624/3292 623/3293 616/3294
f 624/3295 616/3296 617/3297
f 625/3298 624/3299 617/3300
f 625/3301 617/3302 626/3303
f 617/3304 618/3305 626/3306
f 626/3307 618/3308 627/3309
f 618/3310 619/3311 627/3312
f 627/3313 619/3314 628/3315
f 619/3316 620/3317 628/3318
f 628/3319 620/3320 621/3321
f 620/3322 613/3323 621/3324
f 629/3325 630/3326 633/3327
f 633/3328 630/3329 634/3330
f 630/3331 632/3332 634/3333
f 634/3334 632/3335 636/3336
f 629/3337 633/3338 631/3339
f 633/3340 635/3341 631/3342
f 631/3343 635/3344 632/3345
f 635/3346 636/3347 632/3348
f 633/3349 634/3350 637/3351
f 637/3352 634/3353 638/3354
f 634/3355 636/3356 638/3357
f 633/3358 637/3359 635/3360
f 637/3361 638/3362 635/3363
f 635/3364 638/3365 636/3366
f 640/3367 639/3368 643/3369
f 640/3370 643/3371 644/3372
f 642/3373 640/3374 644/3375
f 642/3376 644/3377 646/3378
f 641/3379 643/3380 639/3381
f 641/3382 645/3383 643/3384
f 642/3385 645/3386 641/3387
f 642/3388 646/3389 645/3390
f 644/3391 643/3392 647/3393
f 644/3394 647/3395 648/3396
f 646/3397 644/3398 648/3399
f 645/3400 647/3401 643/3402
f 645/3403 648/3404 647/3405
f 646/3406 648/3407 645/3408
f 649/3409 650/3410 653/3411
f 653/3412 650/3413 654/3414
f 650/3415 652/3416 654/3417
f 654/3418 652/3419 656/3420
f 649/3421 653/3422 651/3423
f 653/3424 655/3425 651/3426
f 651/3427 655/3428 652/3429
f 655/3430 656/3431 652/3432
f 653/3433 654/3434 657/3435
f 657/3436 654/3437 658/3438
f 654/3439 656/3440 658/3441
f 653/3442 657/3443 655/3444
f 657/3445 658/3446 655/3447
f 655/3448 658/3449 656/3450
f 660/3451 659/3452 663/3453
f 660/3454 663/3455 664/3456
f 662/3457 660/3458 664/3459
f 662/3460 664/3461 666/3462
f 661/3463 663/3464 659/3465
f 661/3466 665/3467 663/3468
f 662/3469 665/3470 661/3471
f 662/3472 666/3473 665/3474
f 664/3475 663/3476 667/3477
f 664/3478 667/3479 668/3480
f 666/3481 664/3482 668/3483
f 665/3484 667/3485 663/3486
f 665/3487 668/3488 667/3489
f 666/3490 668/3491 665/3492
f 669/3493 670/3494 673/3495
f 673/3496 670/3497 674/3498
f 670/3499 672/3500 674/3501
f 674/3502 672/3503 676/3504
f 669/3505 673/3506 671/3507
f 673/3508 675/3509 671/3510
f 671/3511 675/3512 672/3513
f 675/3514 676/3515 672/3516
f 673/3517 674/3518 677/3519
f 677/3520 674/3521 678/3522
f 674/3523 676/3524 678/3525
f 678/3526 676/3527 680/3528
f 673/3529 677/3530 675/3531
f 677/3532 679/3533 675/3534
f 675/3535 679/3536 676/3537
f 679/3538 680/3539 676/3540
f 677/3541 678/3542 681/3543
f 681/3544 678/3545 682/3546
f 678/3547 680/3548 682/3549
f 677/3550 681/3551 679/3552
f 681/3553 682/3554 679/3555
f 679/3556 682/3557 680/3558
f 684/3559 683/3560 687/3561
f 684/3562 687/3563 688/3564
f 686/3565 684/3566 688/3567
f 686/3568 688/3569 690/3570
f 685/3571 687/3572 683/3573
f 685/3574 689/3575 687/3576
f 686/3577 689/3578 685/3579
f 686/3580 690/3581 689/3582
f 688/3583 687/3584 691/3585
f 688/3586 691/3587 692/3588
f 690/3589 688/3590 692/3591
f 690/3592 692/3593 694/3594
f 689/3595 691/3596 687/3597
f 689/3598 693/3599 691/3600
f 690/3601 693/3602 689/3603
f 690/3604 694/3605 693/3606
f 692/3607 691/3608 695/3609
f 692/3610 695/3611 696/3612
f 694/3613 692/3614 696/3615
f 693/3616 695/3617 691/3618
f 693/3619 696/3620 695/3621
f 694/3622 696/3623 693/3624
f 697/3625 698/3626 701/3627
f 701/3628 698/3629 702/3630
f 698/3631 700/3632 702/3633
f 702/3634 700/3635 704/3636
f 697/3637 701/3638 699/3639
f 701/3640 703/3641 699/3642
f 699/3643 703/3644 700/3645
f 703/3646 704/3647 700/3648
f 701/3649 702/3650 705/3651
f 705/3652 702/3653 706/3654
f 702/3655 704/3656 706/3657
f 701/3658 705/3659 703/3660
f 705/3661 706/3662 703/3663
f 703/3664 706/3665 704/3666
f 708/3667 707/3668 711/3669
f 708/3670 711/3671 712/3672
f 710/3673 708/3674 712/3675
f 710/3676 712/3677 714/3678
f 709/3679 711/3680 707/3681
f 709/3682 713/3683 711/3684
f 710/3685 713/3686 709/3687
f 710/3688 714/3689 713/3690
f 712/3691 711/3692 715/3693
f 712/3694 715/3695 716/3696
f 714/3697 712/3698 716/3699
f 713/3700 715/3701 711/3702
f 713/3703 716/3704 715/3705
f 714/3706 716/3707 713/3708
f 717/3709 718/3710 721/3711
f 721/3712 718/3713 722/3714
f 718/3715 720/3716 722/3717
f 722/3718 720/3719 724/3720
f 717/3721 721/3722 719/3723
f 721/3724 723/3725 719/3726
f 719/3727 723/3728 720/3729
f 723/3730 724/3731 720/3732
f 721/3733 722/3734 725/3735
f 725/3736 722/3737 726/3738
f 722/3739 724/3740 726/3741
f 721/3742 725/3743 723/3744
f 725/3745 726/3746 723/3747
f 723/3748 726/3749 724/3750
f 728/3751 727/3752 731/3753
f 728/3754 731/3755 732/3756
f 730/3757 728/3758 732/3759
f 730/3760 732/3761 734/3762
f 729/3763 731/3764 727/3765
f 729/3766 733/3767 731/3768
f 730/3769 733/3770 729/3771
f 730/3772 734/3773 733/3774
f 732/3775 731/3776 735/3777
f 732/3778 735/3779 736/3780
f 734/3781 732/3782 736/3783
f 733/3784 735/3785 731/3786
f 733/3787 736/3788 735/3789
f 734/3790 736/3791 733/3792
f 737/3793 738/3794 741/3795
f 741/3796 738/3797 742/3798
f 738/3799 740/3800 742/3801
f 742/3802 740/3803 744/3804
f 737/3805 741/3806 739/3807
f 741/3808 743/3809 739/3810
f 739/3811 743/3812 740/3813
f 743/3814 744/3815 740/3816
f 741/3817 742/3818 745/3819
f 745/3820 742/3821 746/3822
f 742/3823 744/3824 746/3825
f 746/3826 744/3827 748/3828
f 741/3829 745/3830 743/3831
f 745/3832 747/3833 743/3834
f 743/3835 747/3836 744/3837
f 747/3838 748/3839 744/3840
f 745/3841 746/3842 749/3843
f 749/3844 746/3845 750/3846
f 746/3847 748/3848 750/3849
f 750/3850 748/3851 752/3852
f 745/3853 749/3854 747/3855
f 749/3856 751/3857 747/3858
f 747/3859 751/3860 748/3861
f 751/3862 752/3863 748/3864
f 749/3865 750/3866 753/3867
f 753/3868 750/3869 754/3870
f 750/3871 752/3872 754/3873
f 749/3874 753/3875 751/3876
f 753/3877 754/3878 751/3879
f 751/3880 754/3881 752/3882
f 756/3883 755/3884 759/3885
f 756/3886 759/3887 760/3888
f 758/3889 756/3890 760/3891
f 758/3892 760/3893 762/3894
f 757/3895 759/3896 755/3897
f 757/3898 761/3899 759/3900
f 758/3901 761/3902 757/3903
f 758/3904 762/3905 761/3906
f 760/3907 759/3908 763/3909
f 760/3910 763/3911 764/3912
f 762/3913 760/3914 764/3915
f 762/3916 764/3917 766/3918
f 761/3919 763/3920 759/3921
f 761/3922 765/3923 763/3924
f 762/3925 765/3926 761/3927
f 762/3928 766/3929 765/3930
f 764/3931 763/3932 767/3933
f 764/3934 767/3935 768/3936
f 766/3937 764/3938 768/3939
f 766/3940 768/3941 770/3942
f 765/3943 767/3944 763/3945
f 765/3946 769/3947 767/3948
f 766/3949 769/3950 765/3951
f 766/3952 770/3953 769/3954
f 768/3955 767/3956 771/3957
f 768/3958 771/3959 772/3960
f 770/3961 768/3962 772/3963
f 769/3964 771/3965 767/3966
f 769/3967 772/3968 771/3969
f 770/3970 772/3971 769/3972
f 773/3973 774/3974 777/3975
f 777/3976 774/3977 778/3978
f 774/3979 776/3980 778/3981
f 778/3982 776/3983 780/3984
f 773/3985 777/3986 775/3987
f 777/3988 779/3989 775/3990
f 775/3991 779/3992 776/3993
f 779/3994 780/3995 776/3996
f 777/3997 778/3998 781/3999
f 781/4000 778/4001 782/4002
f 778/4003 780/4004 782/4005
f 782/4006 780/4007 784/4008
f 777/4009 781/4010 779/4011
f 781/4012 783/4013 779/4014
f 779/4015 783/4016 780/4017
f 783/4018 784/4019 780/4020
f 781/4021 782/4022 785/4023
f 785/4024 782/4025 786/4026
f 782/4027 784/4028 786/4029
f 786/4030 784/4031 788/4032
f 781/4033 785/4034 783/4035
f 785/4036 787/4037 783/4038
f 783/4039 787/4040 784/4041
f 787/4042 788/4043 784/4044
f 785/4045 786/4046 789/4047
f 789/4048 786/4049 790/4050
f 786/4051 788/4052 790/4053
f 785/4054 789/4055 787/4056
f 789/4057 790/4058 787/4059
f 787/4060 790/4061 788/4062
f 792/4063 791/4064 795/4065
f 792/4066 795/4067 796/4068
f 794/4069 792/4070 796/4071
f 794/4072 796/4073 798/4074
f 793/4075 795/4076 791/4077
f 793/4078 797/4079 795/4080
f 794/4081 797/4082 793/4083
f 794/4084 798/4085 797/4086
f 796/4087 795/4088 799/4089
f 796/4090 799/4091 800/4092
f 798/4093 796/4094 800/4095
f 798/4096 800/4097 802/4098
f 797/4099 799/4100 795/4101
f 797/4102 801/4103 799/4104
f 798/4105 801/4106 797/4107
f 798/4108 802/4109 801/4110
f 800/4111 799/4112 803/4113
f 800/4114 803/4115 804/4116
f 802/4117 800/4118 804/4119
f 802/4120 804/4121 806/4122
f 801/4123 803/4124 799/4125
f 801/4126 805/4127 803/4128
f 802/4129 805/4130 801/4131
f 802/4132 806/4133 805/4134
f 804/4135 803/4136 807/4137
f 804/4138 807/4139 808/4140
f 806/4141 804/4142 808/4143
f 805/4144 807/4145 803/4146
f 805/4147 808/4148 807/4149
f 806/4150 808/4151 805/4152
f 809/4153 810/4154 813/4155
f 813/4156 810/4157 814/4158
f 810/4159 812/4160 814/4161
f 814/4162 812/4163 816/4164
f 809/4165 813/4166 811/4167
f 813/4168 815/4169 811/4170
f 811/4171 815/4172 812/4173
f 815/4174 816/4175 812/4176
f 813/4177 814/4178 817/4179
f 817/4180 814/4181 818/4182
f 814/4183 816/4184 818/4185
f 818/4186 816/4187 820/4188
f 813/4189 817/4190 815/4191
f 817/4192 819/4193 815/4194
f 815/4195 819/4196 816/4197
f 819/4198 820/4199 816/4200
f 817/4201 818/4202 821/4203
f 821/4204 818/4205 822/4206
f 818/4207 820/4208 822/4209
f 822/4210 820/4211 824/4212
f 817/4213 821/4214 819/4215
f 821/4216 823/4217 819/4218
f 819/4219 823/4220 820/4221
f 823/4222 824/4223 820/4224
f 821/4225 822/4226 825/4227
f 825/4228 822/4229 826/4230
f 822/4231 824/4232 826/4233
f 821/4234 825/4235 823/4236
f 825/4237 826/4238 823/4239
f 823/4240 826/4241 824/4242
f 828/4243 827/4244 831/4245
f 828/4246 831/4247 832/4248
f 830/4249 828/4250 832/4251
f 830/4252 832/4253 834/4254
f 829/4255 831/4256 827/4257
f 829/4258 833/4259 831/4260
f 830/4261 833/4262 829/4263
f 830/4264 834/4265 833/4266
f 832/4267 831/4268 835/4269
f 832/4270 835/4271 836/4272
f 834/4273 832/4274 836/4275
f 834/4276 836/4277 838/4278
f 833/4279 835/4280 831/4281
f 833/4282 837/4283 835/4284
f 834/4285 837/4286 833/4287
f 834/4288 838/4289 837/4290
f 836/4291 835/4292 839/4293
f 836/4294 839/4295 840/4296
f 838/4297 836/4298 840/4299
f 838/4300 840/4301 842/4302
f 837/4303 839/4304 835/4305
f 837/4306 841/4307 839/4308
f 838/4309 841/4310 837/4311
f 838/4312 842/4313 841/4314
f 840/4315 839/4316 843/4317
f 840/4318 843/4319 844/4320
f 842/4321 840/4322 844/4323
f 841/4324 843/4325 839/4326
f 841/4327 844/4328 843/4329
f 842/4330 844/4331 841/4332
