v -2 0 0
v -2 0 0
v -2 0 0
v -2 0 0
v -2 0 0
v -2 0 0
v -2 0 0
v -2 0 0
v -1.9 0 0.22
v -1.9 -0.15556 0.15556
v -1.9 -0.22 0
v -1.9 -0.15556 -0.15556
v -1.9 0 -0.22
v -1.9 0.15556 -0.15556
v -1.9 0.22 0
v -1.9 0.15556 0.15556
v -1.5 0 0.3
v -1.5 -0.21213 0.21213
v -1.5 -0.3 0
v -1.5 -0.21213 -0.21213
v -1.5 0 -0.3
v -1.5 0.21213 -0.21213
v -1.5 0.3 0
v -1.5 0.21213 0.21213
v -1.3 0 0.25
v -1.3 -0.17678 0.17678
v -1.3 -0.25 0
v -1.3 -0.17678 -0.17678
v -1.3 0 -0.25
v -1.3 0.17678 -0.17678
v -1.3 0.25 0
v -1.3 0.17678 0.17678
v -1.15 0 0.3
v -1.15 -0.21213 0.21213
v -1.15 -0.3 0
v -1.15 -0.21213 -0.21213
v -1.15 0 -0.3
v -1.15 0.21213 -0.21213
v -1.15 0.3 0
v -1.15 0.21213 0.21213
v -0.7 0 0.3
v -0.7 -0.21213 0.21213
v -0.7 -0.3 0
v -0.7 -0.21213 -0.21213
v -0.7 0 -0.3
v -0.7 0.21213 -0.21213
v -0.7 0.3 0
v -0.7 0.21213 0.21213
v -0.55 0 0.35
v -0.55 -0.24749 0.24749
v -0.55 -0.35 0
v -0.55 -0.24749 -0.24749
v -0.55 0 -0.35
v -0.55 0.24749 -0.24749
v -0.55 0.35 0
v -0.55 0.24749 0.24749
v -0.05 0 0.35
v -0.05 -0.24749 0.24749
v -0.05 -0.35 0
v -0.05 -0.24749 -0.24749
v -0.05 0 -0.35
v -0.05 0.24749 -0.24749
v -0.05 0.35 0
v -0.05 0.24749 0.24749
v 0.1 0 0.32
v 0.1 -0.22627 0.22627
v 0.1 -0.32 0
v 0.1 -0.22627 -0.22627
v 0.1 0 -0.32
v 0.1 0.22627 -0.22627
v 0.1 0.32 0
v 0.1 0.22627 0.22627
v 0.6 0 0.32
v 0.6 -0.22627 0.22627
v 0.6 -0.32 0
v 0.6 -0.22627 -0.22627
v 0.6 0 -0.32
v 0.6 0.22627 -0.22627
v 0.6 0.32 0
v 0.6 0.22627 0.22627
v 0.85 0 0.4
v 0.85 -0.28284 0.28284
v 0.85 -0.4 0
v 0.85 -0.28284 -0.28284
v 0.85 0 -0.4
v 0.85 0.28284 -0.28284
v 0.85 0.4 0
v 0.85 0.28284 0.28284
v 1.4 0 0.35
v 1.4 -0.24749 0.24749
v 1.4 -0.35 0
v 1.4 -0.24749 -0.24749
v 1.4 0 -0.35
v 1.4 0.24749 -0.24749
v 1.4 0.35 0
v 1.4 0.24749 0.24749
v 1.8 0 0.25
v 1.8 -0.17678 0.17678
v 1.8 -0.25 0
v 1.8 -0.17678 -0.17678
v 1.8 0 -0.25
v 1.8 0.17678 -0.17678
v 1.8 0.25 0
v 1.8 0.17678 0.17678
v 1.7 0 0
v 1.7 0 0
v 1.7 0 0
v 1.7 0 0
v 1.7 0 0
v 1.7 0 0
v 1.7 0 0
v 1.7 0 0
v -2 0.2 -0.15
v -2 0.2 -0.15
v -2 0.2 -0.15
v -2 0.2 -0.15
v -2 0.2 -0.15
v -2 0.2 -0.15
v -2 0.2 -0.15
v -2 0.2 -0.15
v -2.1 0.2 -0.08
v -2.1 0.1505 -0.1005
v -2.1 0.13 -0.15
v -2.1 0.1505 -0.1995
v -2.1 0.2 -0.22
v -2.1 0.2495 -0.1995
v -2.1 0.27 -0.15
v -2.1 0.2495 -0.1005
v -1.8 0.2 -0.06
v -1.8 0.13636 -0.08636
v -1.8 0.11 -0.15
v -1.8 0.13636 -0.21364
v -1.8 0.2 -0.24
v -1.8 0.26364 -0.21364
v -1.8 0.29 -0.15
v -1.8 0.26364 -0.08636
v -1.7 0.2 0.02
v -1.7 0.07979 -0.02979
v -1.7 0.03 -0.15
v -1.7 0.07979 -0.27021
v -1.7 0.2 -0.32
v -1.7 0.32021 -0.27021
v -1.7 0.37 -0.15
v -1.7 0.32021 -0.02979
v -1.4 0.2 0.02
v -1.4 0.07979 -0.02979
v -1.4 0.03 -0.15
v -1.4 0.07979 -0.27021
v -1.4 0.2 -0.32
v -1.4 0.32021 -0.27021
v -1.4 0.37 -0.15
v -1.4 0.32021 -0.02979
v -1.2 0.2 0.1
v -1.2 0.02322 0.02678
v -1.2 -0.05 -0.15
v -1.2 0.02322 -0.32678
v -1.2 0.2 -0.4
v -1.2 0.37678 -0.32678
v -1.2 0.45 -0.15
v -1.2 0.37678 0.02678
v -0.8 0.17 0.1
v -0.8 -0.00678 0.02678
v -0.8 -0.08 -0.15
v -0.8 -0.00678 -0.32678
v -0.8 0.17 -0.4
v -0.8 0.34678 -0.32678
v -0.8 0.42 -0.15
v -0.8 0.34678 0.02678
v -0.6 0.14 0.05
v -0.6 -0.00142 -0.00858
v -0.6 -0.06 -0.15
v -0.6 -0.00142 -0.29142
v -0.6 0.14 -0.35
v -0.6 0.28142 -0.29142
v -0.6 0.34 -0.15
v -0.6 0.28142 -0.00858
v -2 -0.2 -0.15
v -2 -0.2 -0.15
v -2 -0.2 -0.15
v -2 -0.2 -0.15
v -2 -0.2 -0.15
v -2 -0.2 -0.15
v -2 -0.2 -0.15
v -2 -0.2 -0.15
v -2.1 -0.2 -0.22
v -2.1 -0.1505 -0.1995
v -2.1 -0.13 -0.15
v -2.1 -0.1505 -0.1005
v -2.1 -0.2 -0.08
v -2.1 -0.2495 -0.1005
v -2.1 -0.27 -0.15
v -2.1 -0.2495 -0.1995
v -1.8 -0.2 -0.24
v -1.8 -0.13636 -0.21364
v -1.8 -0.11 -0.15
v -1.8 -0.13636 -0.08636
v -1.8 -0.2 -0.06
v -1.8 -0.26364 -0.08636
v -1.8 -0.29 -0.15
v -1.8 -0.26364 -0.21364
v -1.7 -0.2 -0.32
v -1.7 -0.07979 -0.27021
v -1.7 -0.03 -0.15
v -1.7 -0.07979 -0.02979
v -1.7 -0.2 0.02
v -1.7 -0.32021 -0.02979
v -1.7 -0.37 -0.15
v -1.7 -0.32021 -0.27021
v -1.4 -0.2 -0.32
v -1.4 -0.07979 -0.27021
v -1.4 -0.03 -0.15
v -1.4 -0.07979 -0.02979
v -1.4 -0.2 0.02
v -1.4 -0.32021 -0.02979
v -1.4 -0.37 -0.15
v -1.4 -0.32021 -0.27021
v -1.2 -0.2 -0.4
v -1.2 -0.02322 -0.32678
v -1.2 0.05 -0.15
v -1.2 -0.02322 0.02678
v -1.2 -0.2 0.1
v -1.2 -0.37678 0.02678
v -1.2 -0.45 -0.15
v -1.2 -0.37678 -0.32678
v -0.8 -0.17 -0.4
v -0.8 0.00678 -0.32678
v -0.8 0.08 -0.15
v -0.8 0.00678 0.02678
v -0.8 -0.17 0.1
v -0.8 -0.34678 0.02678
v -0.8 -0.42 -0.15
v -0.8 -0.34678 -0.32678
v -0.6 -0.14 -0.35
v -0.6 0.00142 -0.29142
v -0.6 0.06 -0.15
v -0.6 0.00142 -0.00858
v -0.6 -0.14 0.05
v -0.6 -0.28142 -0.00858
v -0.6 -0.34 -0.15
v -0.6 -0.28142 -0.29142
v 0.08428 -0.81744 0.15
v 0.15246 -0.73619 0.10607
v 0.1807 -0.70253 0
v 0.15246 -0.73619 -0.10607
v 0.08428 -0.81744 -0.15
v 0.0161 -0.89869 -0.10607
v -0.01214 -0.93235 0
v 0.0161 -0.89869 0.10607
v -0.11956 -0.51586 0.15
v -0.05138 -0.43461 0.10607
v -0.02314 -0.40095 0
v -0.05138 -0.43461 -0.10607
v -0.11956 -0.51586 -0.15
v -0.18774 -0.59711 -0.10607
v -0.21598 -0.63077 0
v -0.18774 -0.59711 0.10607
v -0.13188 -0.37498 0.15
v -0.06371 -0.29372 0.10607
v -0.03547 -0.26007 0
v -0.06371 -0.29372 -0.10607
v -0.13188 -0.37498 -0.15
v -0.20006 -0.45623 -0.10607
v -0.2283 -0.48988 0
v -0.20006 -0.45623 0.10607
v -0.4 -0.15 0.15
v -0.33182 -0.06875 0.10607
v -0.30358 -0.03509 0
v -0.33182 -0.06875 -0.10607
v -0.4 -0.15 -0.15
v -0.46818 -0.23125 -0.10607
v -0.49642 -0.26491 0
v -0.46818 -0.23125 0.10607
v 0.08428 0.81744 -0.15
v 0.15246 0.73619 -0.10607
v 0.1807 0.70253 0
v 0.15246 0.73619 0.10607
v 0.08428 0.81744 0.15
v 0.0161 0.89869 0.10607
v -0.01214 0.93235 0
v 0.0161 0.89869 -0.10607
v -0.11956 0.51586 -0.15
v -0.05138 0.43461 -0.10607
v -0.02314 0.40095 0
v -0.05138 0.43461 0.10607
v -0.11956 0.51586 0.15
v -0.18774 0.59711 0.10607
v -0.21598 0.63077 0
v -0.18774 0.59711 -0.10607
v -0.13188 0.37498 -0.15
v -0.06371 0.29372 -0.10607
v -0.03547 0.26007 0
v -0.06371 0.29372 0.10607
v -0.13188 0.37498 0.15
v -0.20006 0.45623 0.10607
v -0.2283 0.48988 0
v -0.20006 0.45623 -0.10607
v -0.4 0.15 -0.15
v -0.33182 0.06875 -0.10607
v -0.30358 0.03509 0
v -0.33182 0.06875 0.10607
v -0.4 0.15 0.15
v -0.46818 0.23125 0.10607
v -0.49642 0.26491 0
v -0.46818 0.23125 -0.10607
v 1 -0.75 0.15
v 1.10607 -0.75 0.10607
v 1.15 -0.75 0
v 1.10607 -0.75 -0.10607
v 1 -0.75 -0.15
v 0.89393 -0.75 -0.10607
v 0.85 -0.75 0
v 0.89393 -0.75 0.10607
v 1.2 -0.4 0.15
v 1.30607 -0.4 0.10607
v 1.35 -0.4 0
v 1.30607 -0.4 -0.10607
v 1.2 -0.4 -0.15
v 1.09393 -0.4 -0.10607
v 1.05 -0.4 0
v 1.09393 -0.4 0.10607
v 1.2 -0.1 0.15
v 1.30607 -0.1 0.10607
v 1.35 -0.1 0
v 1.30607 -0.1 -0.10607
v 1.2 -0.1 -0.15
v 1.09393 -0.1 -0.10607
v 1.05 -0.1 0
v 1.09393 -0.1 0.10607
v 1 0.75 -0.15
v 1.10607 0.75 -0.10607
v 1.15 0.75 0
v 1.10607 0.75 0.10607
v 1 0.75 0.15
v 0.89393 0.75 0.10607
v 0.85 0.75 0
v 0.89393 0.75 -0.10607
v 1.2 0.4 -0.15
v 1.30607 0.4 -0.10607
v 1.35 0.4 0
v 1.30607 0.4 0.10607
v 1.2 0.4 0.15
v 1.09393 0.4 0.10607
v 1.05 0.4 0
v 1.09393 0.4 -0.10607
v 1.2 0.1 -0.15
v 1.30607 0.1 -0.10607
v 1.35 0.1 0
v 1.30607 0.1 0.10607
v 1.2 0.1 0.15
v 1.09393 0.1 0.10607
v 1.05 0.1 0
v 1.09393 0.1 -0.10607
v -0.8 0.72 0.05
v -0.8 0.72 0.05
v -0.8 0.72 0.05
v -0.8 0.72 0.05
v -0.8 0.72 0.05
v -0.8 0.72 0.05
v -0.8 0.72 0.05
v -0.8 0.72 0.05
v -0.6 0.8 0.13
v -0.6 0.74343 0.10657
v -0.6 0.72 0.05
v -0.6 0.74343 -0.00657
v -0.6 0.8 -0.03
v -0.6 0.85657 -0.00657
v -0.6 0.88 0.05
v -0.6 0.85657 0.10657
v -0.5 0.8 0.2
v -0.5 0.69393 0.15607
v -0.5 0.65 0.05
v -0.5 0.69393 -0.05607
v -0.5 0.8 -0.1
v -0.5 0.90607 -0.05607
v -0.5 0.95 0.05
v -0.5 0.90607 0.15607
v -0.2 0.8 0.2
v -0.2 0.69393 0.15607
v -0.2 0.65 0.05
v -0.2 0.69393 -0.05607
v -0.2 0.8 -0.1
v -0.2 0.90607 -0.05607
v -0.2 0.95 0.05
v -0.2 0.90607 0.15607
v -0.05 0.82 0.25
v -0.05 0.67858 0.19142
v -0.05 0.62 0.05
v -0.05 0.67858 -0.09142
v -0.05 0.82 -0.15
v -0.05 0.96142 -0.09142
v -0.05 1.02 0.05
v -0.05 0.96142 0.19142
v 0.35 0.82 0.25
v 0.35 0.67858 0.19142
v 0.35 0.62 0.05
v 0.35 0.67858 -0.09142
v 0.35 0.82 -0.15
v 0.35 0.96142 -0.09142
v 0.35 1.02 0.05
v 0.35 0.96142 0.19142
v 0.5 0.8 0.3
v 0.5 0.62322 0.22678
v 0.5 0.55 0.05
v 0.5 0.62322 -0.12678
v 0.5 0.8 -0.2
v 0.5 0.97678 -0.12678
v 0.5 1.05 0.05
v 0.5 0.97678 0.22678
v 1 0.8 0.3
v 1 0.62322 0.22678
v 1 0.55 0.05
v 1 0.62322 -0.12678
v 1 0.8 -0.2
v 1 0.97678 -0.12678
v 1 1.05 0.05
v 1 0.97678 0.22678
v 1.5 0.8 0.25
v 1.5 0.65858 0.19142
v 1.5 0.6 0.05
v 1.5 0.65858 -0.09142
v 1.5 0.8 -0.15
v 1.5 0.94142 -0.09142
v 1.5 1 0.05
v 1.5 0.94142 0.19142
v 1.4 0.8 0.05
v 1.4 0.8 0.05
v 1.4 0.8 0.05
v 1.4 0.8 0.05
v 1.4 0.8 0.05
v 1.4 0.8 0.05
v 1.4 0.8 0.05
v 1.4 0.8 0.05
v -0.8 -0.72 0.05
v -0.8 -0.72 0.05
v -0.8 -0.72 0.05
v -0.8 -0.72 0.05
v -0.8 -0.72 0.05
v -0.8 -0.72 0.05
v -0.8 -0.72 0.05
v -0.8 -0.72 0.05
v -0.6 -0.8 -0.03
v -0.6 -0.74343 -0.00657
v -0.6 -0.72 0.05
v -0.6 -0.74343 0.10657
v -0.6 -0.8 0.13
v -0.6 -0.85657 0.10657
v -0.6 -0.88 0.05
v -0.6 -0.85657 -0.00657
v -0.5 -0.8 -0.1
v -0.5 -0.69393 -0.05607
v -0.5 -0.65 0.05
v -0.5 -0.69393 0.15607
v -0.5 -0.8 0.2
v -0.5 -0.90607 0.15607
v -0.5 -0.95 0.05
v -0.5 -0.90607 -0.05607
v -0.2 -0.8 -0.1
v -0.2 -0.69393 -0.05607
v -0.2 -0.65 0.05
v -0.2 -0.69393 0.15607
v -0.2 -0.8 0.2
v -0.2 -0.90607 0.15607
v -0.2 -0.95 0.05
v -0.2 -0.90607 -0.05607
v -0.05 -0.82 -0.15
v -0.05 -0.67858 -0.09142
v -0.05 -0.62 0.05
v -0.05 -0.67858 0.19142
v -0.05 -0.82 0.25
v -0.05 -0.96142 0.19142
v -0.05 -1.02 0.05
v -0.05 -0.96142 -0.09142
v 0.35 -0.82 -0.15
v 0.35 -0.67858 -0.09142
v 0.35 -0.62 0.05
v 0.35 -0.67858 0.19142
v 0.35 -0.82 0.25
v 0.35 -0.96142 0.19142
v 0.35 -1.02 0.05
v 0.35 -0.96142 -0.09142
v 0.5 -0.8 -0.2
v 0.5 -0.62322 -0.12678
v 0.5 -0.55 0.05
v 0.5 -0.62322 0.22678
v 0.5 -0.8 0.3
v 0.5 -0.97678 0.22678
v 0.5 -1.05 0.05
v 0.5 -0.97678 -0.12678
v 1 -0.8 -0.2
v 1 -0.62322 -0.12678
v 1 -0.55 0.05
v 1 -0.62322 0.22678
v 1 -0.8 0.3
v 1 -0.97678 0.22678
v 1 -1.05 0.05
v 1 -0.97678 -0.12678
v 1.5 -0.8 -0.15
v 1.5 -0.65858 -0.09142
v 1.5 -0.6 0.05
v 1.5 -0.65858 0.19142
v 1.5 -0.8 0.25
v 1.5 -0.94142 0.19142
v 1.5 -1 0.05
v 1.5 -0.94142 -0.09142
v 1.4 -0.8 0.05
v 1.4 -0.8 0.05
v 1.4 -0.8 0.05
v 1.4 -0.8 0.05
v 1.4 -0.8 0.05
v 1.4 -0.8 0.05
v 1.4 -0.8 0.05
v 1.4 -0.8 0.05
v -1.8 0 0.3
v -1.8 -0.02828 0.3
v -1.8 -0.04 0.3
v -1.8 -0.02828 0.3
v -1.8 0 0.3
v -1.8 0.02828 0.3
v -1.8 0.04 0.3
v -1.8 0.02828 0.3
v -1.7 0 0.38
v -1.7 -0.05657 0.35657
v -1.7 -0.08 0.3
v -1.7 -0.05657 0.24343
v -1.7 0 0.22
v -1.7 0.05657 0.24343
v -1.7 0.08 0.3
v -1.7 0.05657 0.35657
v -1.4 0 0.43
v -1.4 -0.09192 0.39192
v -1.4 -0.13 0.3
v -1.4 -0.09192 0.20808
v -1.4 0 0.17
v -1.4 0.09192 0.20808
v -1.4 0.13 0.3
v -1.4 0.09192 0.39192
v -1.1 0 0.45
v -1.1 -0.10607 0.40607
v -1.1 -0.15 0.3
v -1.1 -0.10607 0.19393
v -1.1 0 0.15
v -1.1 0.10607 0.19393
v -1.1 0.15 0.3
v -1.1 0.10607 0.40607
v -0.95 0 0.43
v -0.95 -0.09192 0.39192
v -0.95 -0.13 0.3
v -0.95 -0.09192 0.20808
v -0.95 0 0.17
v -0.95 0.09192 0.20808
v -0.95 0.13 0.3
v -0.95 0.09192 0.39192
v -0.55 0 0.43
v -0.55 -0.09192 0.39192
v -0.55 -0.13 0.3
v -0.55 -0.09192 0.20808
v -0.55 0 0.17
v -0.55 0.09192 0.20808
v -0.55 0.13 0.3
v -0.55 0.09192 0.39192
v -0.4 0 0.47
v -0.4 -0.12021 0.42021
v -0.4 -0.17 0.3
v -0.4 -0.12021 0.17979
v -0.4 0 0.13
v -0.4 0.12021 0.17979
v -0.4 0.17 0.3
v -0.4 0.12021 0.42021
v 0 0 0.47
v 0 -0.12021 0.42021
v 0 -0.17 0.3
v 0 -0.12021 0.17979
v 0 0 0.13
v 0 0.12021 0.17979
v 0 0.17 0.3
v 0 0.12021 0.42021
v 0.2 0 0.45
v 0.2 -0.10607 0.40607
v 0.2 -0.15 0.3
v 0.2 -0.10607 0.19393
v 0.2 0 0.15
v 0.2 0.10607 0.19393
v 0.2 0.15 0.3
v 0.2 0.10607 0.40607
v 0.65 0 0.48
v 0.65 -0.12728 0.42728
v 0.65 -0.18 0.3
v 0.65 -0.12728 0.17272
v 0.65 0 0.12
v 0.65 0.12728 0.17272
v 0.65 0.18 0.3
v 0.65 0.12728 0.42728
v 1 0 0.48
v 1 -0.12728 0.42728
v 1 -0.18 0.3
v 1 -0.12728 0.17272
v 1 0 0.12
v 1 0.12728 0.17272
v 1 0.18 0.3
v 1 0.12728 0.42728
v 1.3 0 0.43
v 1.3 -0.09192 0.39192
v 1.3 -0.13 0.3
v 1.3 -0.09192 0.20808
v 1.3 0 0.17
v 1.3 0.09192 0.20808
v 1.3 0.13 0.3
v 1.3 0.09192 0.39192
v 1.2 0 0.3
v 1.2 0 0.3
v 1.2 0 0.3
v 1.2 0 0.3
v 1.2 0 0.3
v 1.2 0 0.3
v 1.2 0 0.3
v 1.2 0 0.3
v 1.1 -1.1 0
v 1.1 -1.1 0
v 1.1 -1.1 0
v 1.1 -1.1 0
v 1.1 -1.1 0
v 1.1 -1.1 0
v 1.1 -1.1 0
v 1.1 -1.1 0
v 1.1 -1.15 0.05
v 1.13536 -1.15 0.03536
v 1.15 -1.15 0
v 1.13536 -1.15 -0.03536
v 1.1 -1.15 -0.05
v 1.06464 -1.15 -0.03536
v 1.05 -1.15 0
v 1.06464 -1.15 0.03536
v 1.1 -1.05 0.07
v 1.1495 -1.05 0.0495
v 1.17 -1.05 0
v 1.1495 -1.05 -0.0495
v 1.1 -1.05 -0.07
v 1.0505 -1.05 -0.0495
v 1.03 -1.05 0
v 1.0505 -1.05 0.0495
v 1.1 -0.9 0.07
v 1.1495 -0.9 0.0495
v 1.17 -0.9 0
v 1.1495 -0.9 -0.0495
v 1.1 -0.9 -0.07
v 1.0505 -0.9 -0.0495
v 1.03 -0.9 0
v 1.0505 -0.9 0.0495
v 1.1 1.1 0
v 1.1 1.1 0
v 1.1 1.1 0
v 1.1 1.1 0
v 1.1 1.1 0
v 1.1 1.1 0
v 1.1 1.1 0
v 1.1 1.1 0
v 1.1 1.15 -0.05
v 1.13536 1.15 -0.03536
v 1.15 1.15 0
v 1.13536 1.15 0.03536
v 1.1 1.15 0.05
v 1.06464 1.15 0.03536
v 1.05 1.15 0
v 1.06464 1.15 -0.03536
v 1.1 1.05 -0.07
v 1.1495 1.05 -0.0495
v 1.17 1.05 0
v 1.1495 1.05 0.0495
v 1.1 1.05 0.07
v 1.0505 1.05 0.0495
v 1.03 1.05 0
v 1.0505 1.05 -0.0495
v 1.1 0.9 -0.07
v 1.1495 0.9 -0.0495
v 1.17 0.9 0
v 1.1495 0.9 0.0495
v 1.1 0.9 0.07
v 1.0505 0.9 0.0495
v 1.03 0.9 0
v 1.0505 0.9 -0.0495
v 0.8 -1.1 0
v 0.8 -1.1 0
v 0.8 -1.1 0
v 0.8 -1.1 0
v 0.8 -1.1 0
v 0.8 -1.1 0
v 0.8 -1.1 0
v 0.8 -1.1 0
v 0.8 -1.15 0.05
v 0.83536 -1.15 0.03536
v 0.85 -1.15 0
v 0.83536 -1.15 -0.03536
v 0.8 -1.15 -0.05
v 0.76464 -1.15 -0.03536
v 0.75 -1.15 0
v 0.76464 -1.15 0.03536
v 0.8 -1.05 0.07
v 0.8495 -1.05 0.0495
v 0.87 -1.05 0
v 0.8495 -1.05 -0.0495
v 0.8 -1.05 -0.07
v 0.7505 -1.05 -0.0495
v 0.73 -1.05 0
v 0.7505 -1.05 0.0495
v 0.8 -0.9 0.07
v 0.8495 -0.9 0.0495
v 0.87 -0.9 0
v 0.8495 -0.9 -0.0495
v 0.8 -0.9 -0.07
v 0.7505 -0.9 -0.0495
v 0.73 -0.9 0
v 0.7505 -0.9 0.0495
v 0.8 1.1 0
v 0.8 1.1 0
v 0.8 1.1 0
v 0.8 1.1 0
v 0.8 1.1 0
v 0.8 1.1 0
v 0.8 1.1 0
v 0.8 1.1 0
v 0.8 1.15 -0.05
v 0.83536 1.15 -0.03536
v 0.85 1.15 0
v 0.83536 1.15 0.03536
v 0.8 1.15 0.05
v 0.76464 1.15 0.03536
v 0.75 1.15 0
v 0.76464 1.15 -0.03536
v 0.8 1.05 -0.07
v 0.8495 1.05 -0.0495
v 0.87 1.05 0
v 0.8495 1.05 0.0495
v 0.8 1.05 0.07
v 0.7505 1.05 0.0495
v 0.73 1.05 0
v 0.7505 1.05 -0.0495
v 0.8 0.9 -0.07
v 0.8495 0.9 -0.0495
v 0.87 0.9 0
v 0.8495 0.9 0.0495
v 0.8 0.9 0.07
v 0.7505 0.9 0.0495
v 0.73 0.9 0
v 0.7505 0.9 -0.0495
v 0.5 -1.1 0
v 0.5 -1.1 0
v 0.5 -1.1 0
v 0.5 -1.1 0
v 0.5 -1.1 0
v 0.5 -1.1 0
v 0.5 -1.1 0
v 0.5 -1.1 0
v 0.5 -1.15 0.05
v 0.53536 -1.15 0.03536
v 0.55 -1.15 0
v 0.53536 -1.15 -0.03536
v 0.5 -1.15 -0.05
v 0.46464 -1.15 -0.03536
v 0.45 -1.15 0
v 0.46464 -1.15 0.03536
v 0.5 -1.05 0.07
v 0.5495 -1.05 0.0495
v 0.57 -1.05 0
v 0.5495 -1.05 -0.0495
v 0.5 -1.05 -0.07
v 0.4505 -1.05 -0.0495
v 0.43 -1.05 0
v 0.4505 -1.05 0.0495
v 0.5 -0.9 0.07
v 0.5495 -0.9 0.0495
v 0.57 -0.9 0
v 0.5495 -0.9 -0.0495
v 0.5 -0.9 -0.07
v 0.4505 -0.9 -0.0495
v 0.43 -0.9 0
v 0.4505 -0.9 0.0495
v 0.5 1.1 0
v 0.5 1.1 0
v 0.5 1.1 0
v 0.5 1.1 0
v 0.5 1.1 0
v 0.5 1.1 0
v 0.5 1.1 0
v 0.5 1.1 0
v 0.5 1.15 -0.05
v 0.53536 1.15 -0.03536
v 0.55 1.15 0
v 0.53536 1.15 0.03536
v 0.5 1.15 0.05
v 0.46464 1.15 0.03536
v 0.45 1.15 0
v 0.46464 1.15 -0.03536
v 0.5 1.05 -0.07
v 0.5495 1.05 -0.0495
v 0.57 1.05 0
v 0.5495 1.05 0.0495
v 0.5 1.05 0.07
v 0.4505 1.05 0.0495
v 0.43 1.05 0
v 0.4505 1.05 -0.0495
v 0.5 0.9 -0.07
v 0.5495 0.9 -0.0495
v 0.57 0.9 0
v 0.5495 0.9 0.0495
v 0.5 0.9 0.07
v 0.4505 0.9 0.0495
v 0.43 0.9 0
v 0.4505 0.9 -0.0495
v 0.2 -1.1 0
v 0.2 -1.1 0
v 0.2 -1.1 0
v 0.2 -1.1 0
v 0.2 -1.1 0
v 0.2 -1.1 0
v 0.2 -1.1 0
v 0.2 -1.1 0
v 0.2 -1.15 0.05
v 0.23536 -1.15 0.03536
v 0.25 -1.15 0
v 0.23536 -1.15 -0.03536
v 0.2 -1.15 -0.05
v 0.16464 -1.15 -0.03536
v 0.15 -1.15 0
v 0.16464 -1.15 0.03536
v 0.2 -1.05 0.07
v 0.2495 -1.05 0.0495
v 0.27 -1.05 0
v 0.2495 -1.05 -0.0495
v 0.2 -1.05 -0.07
v 0.1505 -1.05 -0.0495
v 0.13 -1.05 0
v 0.1505 -1.05 0.0495
v 0.2 -0.9 0.07
v 0.2495 -0.9 0.0495
v 0.27 -0.9 0
v 0.2495 -0.9 -0.0495
v 0.2 -0.9 -0.07
v 0.1505 -0.9 -0.0495
v 0.13 -0.9 0
v 0.1505 -0.9 0.0495
v 0.2 1.1 0
v 0.2 1.1 0
v 0.2 1.1 0
v 0.2 1.1 0
v 0.2 1.1 0
v 0.2 1.1 0
v 0.2 1.1 0
v 0.2 1.1 0
v 0.2 1.15 -0.05
v 0.23536 1.15 -0.03536
v 0.25 1.15 0
v 0.23536 1.15 0.03536
v 0.2 1.15 0.05
v 0.16464 1.15 0.03536
v 0.15 1.15 0
v 0.16464 1.15 -0.03536
v 0.2 1.05 -0.07
v 0.2495 1.05 -0.0495
v 0.27 1.05 0
v 0.2495 1.05 0.0495
v 0.2 1.05 0.07
v 0.1505 1.05 0.0495
v 0.13 1.05 0
v 0.1505 1.05 -0.0495
v 0.2 0.9 -0.07
v 0.2495 0.9 -0.0495
v 0.27 0.9 0
v 0.2495 0.9 0.0495
v 0.2 0.9 0.07
v 0.1505 0.9 0.0495
v 0.13 0.9 0
v 0.1505 0.9 -0.0495
v -0.1 -1.05 0
v -0.1 -1.05 0
v -0.1 -1.05 0
v -0.1 -1.05 0
v -0.1 -1.05 0
v -0.1 -1.05 0
v -0.1 -1.05 0
v -0.1 -1.05 0
v -0.1 -1.1 0.05
v -0.06464 -1.1 0.03536
v -0.05 -1.1 0
v -0.06464 -1.1 -0.03536
v -0.1 -1.1 -0.05
v -0.13536 -1.1 -0.03536
v -0.15 -1.1 0
v -0.13536 -1.1 0.03536
v -0.1 -1 0.07
v -0.0505 -1 0.0495
v -0.03 -1 0
v -0.0505 -1 -0.0495
v -0.1 -1 -0.07
v -0.1495 -1 -0.0495
v -0.17 -1 0
v -0.1495 -1 0.0495
v -0.1 -0.85 0.07
v -0.0505 -0.85 0.0495
v -0.03 -0.85 0
v -0.0505 -0.85 -0.0495
v -0.1 -0.85 -0.07
v -0.1495 -0.85 -0.0495
v -0.17 -0.85 0
v -0.1495 -0.85 0.0495
v -0.1 1.05 0
v -0.1 1.05 0
v -0.1 1.05 0
v -0.1 1.05 0
v -0.1 1.05 0
v -0.1 1.05 0
v -0.1 1.05 0
v -0.1 1.05 0
v -0.1 1.1 -0.05
v -0.06464 1.1 -0.03536
v -0.05 1.1 0
v -0.06464 1.1 0.03536
v -0.1 1.1 0.05
v -0.13536 1.1 0.03536
v -0.15 1.1 0
v -0.13536 1.1 -0.03536
v -0.1 1 -0.07
v -0.0505 1 -0.0495
v -0.03 1 0
v -0.0505 1 0.0495
v -0.1 1 0.07
v -0.1495 1 0.0495
v -0.17 1 0
v -0.1495 1 -0.0495
v -0.1 0.85 -0.07
v -0.0505 0.85 -0.0495
v -0.03 0.85 0
v -0.0505 0.85 0.0495
v -0.1 0.85 0.07
v -0.1495 0.85 0.0495
v -0.17 0.85 0
v -0.1495 0.85 -0.0495
v 0.25 0.25 0.05
v 0.5 0.25 0.1
v 0.5 0.25 0
v 0.75 0.25 0.05
v 0.325 0.4 0.05
v 0.5 0.4 0.085
v 0.5 0.4 0.015
v 0.675 0.4 0.05
v 0.3 0.5 0.05
v 0.5 0.5 0.09
v 0.5 0.5 0.01
v 0.7 0.5 0.05
v 0.35 0.65 0.05
v 0.65 0.65 0.05
v 0.25 -0.25 0.05
v 0.5 -0.25 0.1
v 0.5 -0.25 0
v 0.75 -0.25 0.05
v 0.325 -0.4 0.05
v 0.5 -0.4 0.085
v 0.5 -0.4 0.015
v 0.675 -0.4 0.05
v 0.3 -0.5 0.05
v 0.5 -0.5 0.09
v 0.5 -0.5 0.01
v 0.7 -0.5 0.05
v 0.35 -0.65 0.05
v 0.65 -0.65 0.05

vt 0.5125 0.775
vt 0.5125 0.975
vt 0.6125 0.975
vt 0.6125 0.775
vt 0.5125 0.775
vt 0.6125 0.975
vt 0.5125 0.775
vt 0.5125 0.975
vt 0.6125 0.975
vt 0.6125 0.775
vt 0.5125 0.775
vt 0.6125 0.975
vt 0.5125 0.775
vt 0.5125 0.975
vt 0.6125 0.975
vt 0.6125 0.775
vt 0.5125 0.775
vt 0.6125 0.975
vt 0.5125 0.775
vt 0.5125 0.975
vt 0.6125 0.975
vt 0.6125 0.775
vt 0.5125 0.775
vt 0.6125 0.975
vt 0.5125 0.775
vt 0.5125 0.975
vt 0.6125 0.775
vt 0.5125 0.975
vt 0.6125 0.975
vt 0.6125 0.775
vt 0.5125 0.775
vt 0.5125 0.975
vt 0.6125 0.775
vt 0.5125 0.975
vt 0.6125 0.975
vt 0.6125 0.775
vt 0.5125 0.775
vt 0.5125 0.975
vt 0.6125 0.775
vt 0.5125 0.975
vt 0.6125 0.975
vt 0.6125 0.775
vt 0.5125 0.775
vt 0.5125 0.975
vt 0.6125 0.775
vt 0.5125 0.975
vt 0.6125 0.975
vt 0.6125 0.775
vt 0.3875 0.525
vt 0.3875 0.725
vt 0.4875 0.725
vt 0.4875 0.525
vt 0.3875 0.525
vt 0.4875 0.725
vt 0.3875 0.525
vt 0.3875 0.725
vt 0.4875 0.725
vt 0.4875 0.525
vt 0.3875 0.525
vt 0.4875 0.725
vt 0.3875 0.525
vt 0.3875 0.725
vt 0.4875 0.725
vt 0.4875 0.525
vt 0.3875 0.525
vt 0.4875 0.725
vt 0.3875 0.525
vt 0.3875 0.725
vt 0.4875 0.725
vt 0.4875 0.525
vt 0.3875 0.525
vt 0.4875 0.725
vt 0.3875 0.525
vt 0.3875 0.725
vt 0.4875 0.525
vt 0.3875 0.725
vt 0.4875 0.725
vt 0.4875 0.525
vt 0.3875 0.525
vt 0.3875 0.725
vt 0.4875 0.525
vt 0.3875 0.725
vt 0.4875 0.725
vt 0.4875 0.525
vt 0.3875 0.525
vt 0.3875 0.725
vt 0.4875 0.525
vt 0.3875 0.725
vt 0.4875 0.725
vt 0.4875 0.525
vt 0.3875 0.525
vt 0.3875 0.725
vt 0.4875 0.525
vt 0.3875 0.725
vt 0.4875 0.725
vt 0.4875 0.525
vt 0.87625 0.025
vt 0.87625 0.225
vt 0.87625 0.225
vt 0.87625 0.025
vt 0.87625 0.025
vt 0.87625 0.225
vt 0.87625 0.025
vt 0.87625 0.225
vt 0.87625 0.225
vt 0.87625 0.025
vt 0.87625 0.025
vt 0.87625 0.225
vt 0.87625 0.025
vt 0.87625 0.225
vt 0.87625 0.225
vt 0.87625 0.025
vt 0.87625 0.025
vt 0.87625 0.225
vt 0.87625 0.025
vt 0.87625 0.225
vt 0.87625 0.225
vt 0.87625 0.025
vt 0.87625 0.025
vt 0.87625 0.225
vt 0.87625 0.025
vt 0.87625 0.225
vt 0.87625 0.025
vt 0.87625 0.225
vt 0.87625 0.225
vt 0.87625 0.025
vt 0.87625 0.025
vt 0.87625 0.225
vt 0.87625 0.025
vt 0.87625 0.225
vt 0.87625 0.225
vt 0.87625 0.025
vt 0.87625 0.025
vt 0.87625 0.225
vt 0.87625 0.025
vt 0.87625 0.225
vt 0.87625 0.225
vt 0.87625 0.025
vt 0.87625 0.025
vt 0.87625 0.225
vt 0.87625 0.025
vt 0.87625 0.225
vt 0.87625 0.225
vt 0.87625 0.025
vt 0.6375 0.525
vt 0.6375 0.725
vt 0.7375 0.725
vt 0.7375 0.525
vt 0.6375 0.525
vt 0.7375 0.725
vt 0.6375 0.525
vt 0.6375 0.725
vt 0.7375 0.725
vt 0.7375 0.525
vt 0.6375 0.525
vt 0.7375 0.725
vt 0.6375 0.525
vt 0.6375 0.725
vt 0.7375 0.725
vt 0.7375 0.525
vt 0.6375 0.525
vt 0.7375 0.725
vt 0.6375 0.525
vt 0.6375 0.725
vt 0.7375 0.725
vt 0.7375 0.525
vt 0.6375 0.525
vt 0.7375 0.725
vt 0.6375 0.525
vt 0.6375 0.725
vt 0.7375 0.525
vt 0.6375 0.725
vt 0.7375 0.725
vt 0.7375 0.525
vt 0.6375 0.525
vt 0.6375 0.725
vt 0.7375 0.525
vt 0.6375 0.725
vt 0.7375 0.725
vt 0.7375 0.525
vt 0.6375 0.525
vt 0.6375 0.725
vt 0.7375 0.525
vt 0.6375 0.725
vt 0.7375 0.725
vt 0.7375 0.525
vt 0.6375 0.525
vt 0.6375 0.725
vt 0.7375 0.525
vt 0.6375 0.725
vt 0.7375 0.725
vt 0.7375 0.525
vt 0.0125 0.525
vt 0.0125 0.725
vt 0.1125 0.725
vt 0.1125 0.525
vt 0.0125 0.525
vt 0.1125 0.725
vt 0.0125 0.525
vt 0.0125 0.725
vt 0.1125 0.725
vt 0.1125 0.525
vt 0.0125 0.525
vt 0.1125 0.725
vt 0.0125 0.525
vt 0.0125 0.725
vt 0.1125 0.725
vt 0.1125 0.525
vt 0.0125 0.525
vt 0.1125 0.725
vt 0.0125 0.525
vt 0.0125 0.725
vt 0.1125 0.725
vt 0.1125 0.525
vt 0.0125 0.525
vt 0.1125 0.725
vt 0.0125 0.525
vt 0.0125 0.725
vt 0.1125 0.525
vt 0.0125 0.725
vt 0.1125 0.725
vt 0.1125 0.525
vt 0.0125 0.525
vt 0.0125 0.725
vt 0.1125 0.525
vt 0.0125 0.725
vt 0.1125 0.725
vt 0.1125 0.525
vt 0.0125 0.525
vt 0.0125 0.725
vt 0.1125 0.525
vt 0.0125 0.725
vt 0.1125 0.725
vt 0.1125 0.525
vt 0.0125 0.525
vt 0.0125 0.725
vt 0.1125 0.525
vt 0.0125 0.725
vt 0.1125 0.725
vt 0.1125 0.525
vt 0.5125 0.775
vt 0.5125 0.975
vt 0.6125 0.975
vt 0.6125 0.775
vt 0.5125 0.775
vt 0.6125 0.975
vt 0.5125 0.775
vt 0.5125 0.975
vt 0.6125 0.975
vt 0.6125 0.775
vt 0.5125 0.775
vt 0.6125 0.975
vt 0.5125 0.775
vt 0.5125 0.975
vt 0.6125 0.975
vt 0.6125 0.775
vt 0.5125 0.775
vt 0.6125 0.975
vt 0.5125 0.775
vt 0.5125 0.975
vt 0.6125 0.975
vt 0.6125 0.775
vt 0.5125 0.775
vt 0.6125 0.975
vt 0.5125 0.775
vt 0.5125 0.975
vt 0.6125 0.775
vt 0.5125 0.975
vt 0.6125 0.975
vt 0.6125 0.775
vt 0.5125 0.775
vt 0.5125 0.975
vt 0.6125 0.775
vt 0.5125 0.975
vt 0.6125 0.975
vt 0.6125 0.775
vt 0.5125 0.775
vt 0.5125 0.975
vt 0.6125 0.775
vt 0.5125 0.975
vt 0.6125 0.975
vt 0.6125 0.775
vt 0.5125 0.775
vt 0.5125 0.975
vt 0.6125 0.775
vt 0.5125 0.975
vt 0.6125 0.975
vt 0.6125 0.775
vt 0.2625 0.525
vt 0.2625 0.725
vt 0.3625 0.725
vt 0.3625 0.525
vt 0.2625 0.525
vt 0.3625 0.725
vt 0.2625 0.525
vt 0.2625 0.725
vt 0.3625 0.725
vt 0.3625 0.525
vt 0.2625 0.525
vt 0.3625 0.725
vt 0.2625 0.525
vt 0.2625 0.725
vt 0.3625 0.725
vt 0.3625 0.525
vt 0.2625 0.525
vt 0.3625 0.725
vt 0.2625 0.525
vt 0.2625 0.725
vt 0.3625 0.725
vt 0.3625 0.525
vt 0.2625 0.525
vt 0.3625 0.725
vt 0.2625 0.525
vt 0.2625 0.725
vt 0.3625 0.525
vt 0.2625 0.725
vt 0.3625 0.725
vt 0.3625 0.525
vt 0.2625 0.525
vt 0.2625 0.725
vt 0.3625 0.525
vt 0.2625 0.725
vt 0.3625 0.725
vt 0.3625 0.525
vt 0.2625 0.525
vt 0.2625 0.725
vt 0.3625 0.525
vt 0.2625 0.725
vt 0.3625 0.725
vt 0.3625 0.525
vt 0.2625 0.525
vt 0.2625 0.725
vt 0.3625 0.525
vt 0.2625 0.725
vt 0.3625 0.725
vt 0.3625 0.525
vt 0.3875 0.775
vt 0.3875 0.975
vt 0.4875 0.975
vt 0.4875 0.775
vt 0.3875 0.775
vt 0.4875 0.975
vt 0.3875 0.775
vt 0.3875 0.975
vt 0.4875 0.975
vt 0.4875 0.775
vt 0.3875 0.775
vt 0.4875 0.975
vt 0.3875 0.775
vt 0.3875 0.975
vt 0.4875 0.975
vt 0.4875 0.775
vt 0.3875 0.775
vt 0.4875 0.975
vt 0.3875 0.775
vt 0.3875 0.975
vt 0.4875 0.975
vt 0.4875 0.775
vt 0.3875 0.775
vt 0.4875 0.975
vt 0.3875 0.775
vt 0.3875 0.975
vt 0.4875 0.775
vt 0.3875 0.975
vt 0.4875 0.975
vt 0.4875 0.775
vt 0.3875 0.775
vt 0.3875 0.975
vt 0.4875 0.775
vt 0.3875 0.975
vt 0.4875 0.975
vt 0.4875 0.775
vt 0.3875 0.775
vt 0.3875 0.975
vt 0.4875 0.775
vt 0.3875 0.975
vt 0.4875 0.975
vt 0.4875 0.775
vt 0.3875 0.775
vt 0.3875 0.975
vt 0.4875 0.775
vt 0.3875 0.975
vt 0.4875 0.975
vt 0.4875 0.775
vt 0.3875 0.525
vt 0.3875 0.725
vt 0.4875 0.725
vt 0.4875 0.525
vt 0.3875 0.525
vt 0.4875 0.725
vt 0.3875 0.525
vt 0.3875 0.725
vt 0.4875 0.725
vt 0.4875 0.525
vt 0.3875 0.525
vt 0.4875 0.725
vt 0.3875 0.525
vt 0.3875 0.725
vt 0.4875 0.725
vt 0.4875 0.525
vt 0.3875 0.525
vt 0.4875 0.725
vt 0.3875 0.525
vt 0.3875 0.725
vt 0.4875 0.725
vt 0.4875 0.525
vt 0.3875 0.525
vt 0.4875 0.725
vt 0.3875 0.525
vt 0.3875 0.725
vt 0.4875 0.525
vt 0.3875 0.725
vt 0.4875 0.725
vt 0.4875 0.525
vt 0.3875 0.525
vt 0.3875 0.725
vt 0.4875 0.525
vt 0.3875 0.725
vt 0.4875 0.725
vt 0.4875 0.525
vt 0.3875 0.525
vt 0.3875 0.725
vt 0.4875 0.525
vt 0.3875 0.725
vt 0.4875 0.725
vt 0.4875 0.525
vt 0.3875 0.525
vt 0.3875 0.725
vt 0.4875 0.525
vt 0.3875 0.725
vt 0.4875 0.725
vt 0.4875 0.525
vt 0.87625 0.025
vt 0.87625 0.225
vt 0.87625 0.225
vt 0.87625 0.025
vt 0.87625 0.025
vt 0.87625 0.225
vt 0.87625 0.025
vt 0.87625 0.225
vt 0.87625 0.225
vt 0.87625 0.025
vt 0.87625 0.025
vt 0.87625 0.225
vt 0.87625 0.025
vt 0.87625 0.225
vt 0.87625 0.225
vt 0.87625 0.025
vt 0.87625 0.025
vt 0.87625 0.225
vt 0.87625 0.025
vt 0.87625 0.225
vt 0.87625 0.225
vt 0.87625 0.025
vt 0.87625 0.025
vt 0.87625 0.225
vt 0.87625 0.025
vt 0.87625 0.225
vt 0.87625 0.025
vt 0.87625 0.225
vt 0.87625 0.225
vt 0.87625 0.025
vt 0.87625 0.025
vt 0.87625 0.225
vt 0.87625 0.025
vt 0.87625 0.225
vt 0.87625 0.225
vt 0.87625 0.025
vt 0.87625 0.025
vt 0.87625 0.225
vt 0.87625 0.025
vt 0.87625 0.225
vt 0.87625 0.225
vt 0.87625 0.025
vt 0.87625 0.025
vt 0.87625 0.225
vt 0.87625 0.025
vt 0.87625 0.225
vt 0.87625 0.225
vt 0.87625 0.025
vt 0.2625 0.275
vt 0.2625 0.475
vt 0.3625 0.475
vt 0.3625 0.275
vt 0.2625 0.275
vt 0.3625 0.475
vt 0.2625 0.275
vt 0.2625 0.475
vt 0.3625 0.475
vt 0.3625 0.275
vt 0.2625 0.275
vt 0.3625 0.475
vt 0.2625 0.275
vt 0.2625 0.475
vt 0.3625 0.475
vt 0.3625 0.275
vt 0.2625 0.275
vt 0.3625 0.475
vt 0.2625 0.275
vt 0.2625 0.475
vt 0.3625 0.475
vt 0.3625 0.275
vt 0.2625 0.275
vt 0.3625 0.475
vt 0.2625 0.275
vt 0.2625 0.475
vt 0.3625 0.275
vt 0.2625 0.475
vt 0.3625 0.475
vt 0.3625 0.275
vt 0.2625 0.275
vt 0.2625 0.475
vt 0.3625 0.275
vt 0.2625 0.475
vt 0.3625 0.475
vt 0.3625 0.275
vt 0.2625 0.275
vt 0.2625 0.475
vt 0.3625 0.275
vt 0.2625 0.475
vt 0.3625 0.475
vt 0.3625 0.275
vt 0.2625 0.275
vt 0.2625 0.475
vt 0.3625 0.275
vt 0.2625 0.475
vt 0.3625 0.475
vt 0.3625 0.275
vt 0.6375 0.525
vt 0.6375 0.725
vt 0.7375 0.725
vt 0.7375 0.525
vt 0.6375 0.525
vt 0.7375 0.725
vt 0.6375 0.525
vt 0.6375 0.725
vt 0.7375 0.725
vt 0.7375 0.525
vt 0.6375 0.525
vt 0.7375 0.725
vt 0.6375 0.525
vt 0.6375 0.725
vt 0.7375 0.725
vt 0.7375 0.525
vt 0.6375 0.525
vt 0.7375 0.725
vt 0.6375 0.525
vt 0.6375 0.725
vt 0.7375 0.725
vt 0.7375 0.525
vt 0.6375 0.525
vt 0.7375 0.725
vt 0.6375 0.525
vt 0.6375 0.725
vt 0.7375 0.525
vt 0.6375 0.725
vt 0.7375 0.725
vt 0.7375 0.525
vt 0.6375 0.525
vt 0.6375 0.725
vt 0.7375 0.525
vt 0.6375 0.725
vt 0.7375 0.725
vt 0.7375 0.525
vt 0.6375 0.525
vt 0.6375 0.725
vt 0.7375 0.525
vt 0.6375 0.725
vt 0.7375 0.725
vt 0.7375 0.525
vt 0.6375 0.525
vt 0.6375 0.725
vt 0.7375 0.525
vt 0.6375 0.725
vt 0.7375 0.725
vt 0.7375 0.525
vt 0.1375 0.275
vt 0.1375 0.475
vt 0.2375 0.475
vt 0.2375 0.275
vt 0.1375 0.275
vt 0.2375 0.475
vt 0.1375 0.275
vt 0.1375 0.475
vt 0.2375 0.475
vt 0.2375 0.275
vt 0.1375 0.275
vt 0.2375 0.475
vt 0.1375 0.275
vt 0.1375 0.475
vt 0.2375 0.475
vt 0.2375 0.275
vt 0.1375 0.275
vt 0.2375 0.475
vt 0.1375 0.275
vt 0.1375 0.475
vt 0.2375 0.475
vt 0.2375 0.275
vt 0.1375 0.275
vt 0.2375 0.475
vt 0.1375 0.275
vt 0.1375 0.475
vt 0.2375 0.275
vt 0.1375 0.475
vt 0.2375 0.475
vt 0.2375 0.275
vt 0.1375 0.275
vt 0.1375 0.475
vt 0.2375 0.275
vt 0.1375 0.475
vt 0.2375 0.475
vt 0.2375 0.275
vt 0.1375 0.275
vt 0.1375 0.475
vt 0.2375 0.275
vt 0.1375 0.475
vt 0.2375 0.475
vt 0.2375 0.275
vt 0.1375 0.275
vt 0.1375 0.475
vt 0.2375 0.275
vt 0.1375 0.475
vt 0.2375 0.475
vt 0.2375 0.275
vt 0.1375 0.275
vt 0.1375 0.475
vt 0.1875 0.475
vt 0.1875 0.275
vt 0.1375 0.275
vt 0.1875 0.475
vt 0.1875 0.275
vt 0.1875 0.475
vt 0.2375 0.475
vt 0.2375 0.275
vt 0.1875 0.275
vt 0.2375 0.475
vt 0.1375 0.275
vt 0.1375 0.475
vt 0.1875 0.475
vt 0.1875 0.275
vt 0.1375 0.275
vt 0.1875 0.475
vt 0.1875 0.275
vt 0.1875 0.475
vt 0.2375 0.475
vt 0.2375 0.275
vt 0.1875 0.275
vt 0.2375 0.475
vt 0.1375 0.275
vt 0.1375 0.475
vt 0.1875 0.275
vt 0.1375 0.475
vt 0.1875 0.475
vt 0.1875 0.275
vt 0.1875 0.275
vt 0.1875 0.475
vt 0.2375 0.275
vt 0.1875 0.475
vt 0.2375 0.475
vt 0.2375 0.275
vt 0.1375 0.275
vt 0.1375 0.475
vt 0.1875 0.275
vt 0.1375 0.475
vt 0.1875 0.475
vt 0.1875 0.275
vt 0.1875 0.275
vt 0.1875 0.475
vt 0.2375 0.275
vt 0.1875 0.475
vt 0.2375 0.475
vt 0.2375 0.275
vt 0.3125 0.775
vt 0.3125 0.975
vt 0.3375 0.975
vt 0.3375 0.775
vt 0.3125 0.775
vt 0.3375 0.975
vt 0.3375 0.775
vt 0.3375 0.975
vt 0.3625 0.975
vt 0.3625 0.775
vt 0.3375 0.775
vt 0.3625 0.975
vt 0.2625 0.775
vt 0.2625 0.975
vt 0.2875 0.975
vt 0.2875 0.775
vt 0.2625 0.775
vt 0.2875 0.975
vt 0.2875 0.775
vt 0.2875 0.975
vt 0.3125 0.975
vt 0.3125 0.775
vt 0.2875 0.775
vt 0.3125 0.975
vt 0.3125 0.775
vt 0.3125 0.975
vt 0.3375 0.775
vt 0.3125 0.975
vt 0.3375 0.975
vt 0.3375 0.775
vt 0.3375 0.775
vt 0.3375 0.975
vt 0.3625 0.775
vt 0.3375 0.975
vt 0.3625 0.975
vt 0.3625 0.775
vt 0.2625 0.775
vt 0.2625 0.975
vt 0.2875 0.775
vt 0.2625 0.975
vt 0.2875 0.975
vt 0.2875 0.775
vt 0.2875 0.775
vt 0.2875 0.975
vt 0.3125 0.775
vt 0.2875 0.975
vt 0.3125 0.975
vt 0.3125 0.775
vt 0.87625 0.025
vt 0.87625 0.225
vt 0.87625 0.225
vt 0.87625 0.025
vt 0.87625 0.025
vt 0.87625 0.225
vt 0.87625 0.025
vt 0.87625 0.225
vt 0.87625 0.225
vt 0.87625 0.025
vt 0.87625 0.025
vt 0.87625 0.225
vt 0.87625 0.025
vt 0.87625 0.225
vt 0.87625 0.225
vt 0.87625 0.025
vt 0.87625 0.025
vt 0.87625 0.225
vt 0.87625 0.025
vt 0.87625 0.225
vt 0.87625 0.225
vt 0.87625 0.025
vt 0.87625 0.025
vt 0.87625 0.225
vt 0.87625 0.025
vt 0.87625 0.225
vt 0.87625 0.025
vt 0.87625 0.225
vt 0.87625 0.225
vt 0.87625 0.025
vt 0.87625 0.025
vt 0.87625 0.225
vt 0.87625 0.025
vt 0.87625 0.225
vt 0.87625 0.225
vt 0.87625 0.025
vt 0.87625 0.025
vt 0.87625 0.225
vt 0.87625 0.025
vt 0.87625 0.225
vt 0.87625 0.225
vt 0.87625 0.025
vt 0.87625 0.025
vt 0.87625 0.225
vt 0.87625 0.025
vt 0.87625 0.225
vt 0.87625 0.225
vt 0.87625 0.025
vt 0.2625 0.525
vt 0.2625 0.725
vt 0.3125 0.725
vt 0.3125 0.525
vt 0.2625 0.525
vt 0.3125 0.725
vt 0.3125 0.525
vt 0.3125 0.725
vt 0.3625 0.725
vt 0.3625 0.525
vt 0.3125 0.525
vt 0.3625 0.725
vt 0.2625 0.525
vt 0.2625 0.725
vt 0.3125 0.725
vt 0.3125 0.525
vt 0.2625 0.525
vt 0.3125 0.725
vt 0.3125 0.525
vt 0.3125 0.725
vt 0.3625 0.725
vt 0.3625 0.525
vt 0.3125 0.525
vt 0.3625 0.725
vt 0.2625 0.525
vt 0.2625 0.725
vt 0.3125 0.525
vt 0.2625 0.725
vt 0.3125 0.725
vt 0.3125 0.525
vt 0.3125 0.525
vt 0.3125 0.725
vt 0.3625 0.525
vt 0.3125 0.725
vt 0.3625 0.725
vt 0.3625 0.525
vt 0.2625 0.525
vt 0.2625 0.725
vt 0.3125 0.525
vt 0.2625 0.725
vt 0.3125 0.725
vt 0.3125 0.525
vt 0.3125 0.525
vt 0.3125 0.725
vt 0.3625 0.525
vt 0.3125 0.725
vt 0.3625 0.725
vt 0.3625 0.525
vt 0.5125 0.775
vt 0.5125 0.975
vt 0.6125 0.975
vt 0.6125 0.775
vt 0.5125 0.775
vt 0.6125 0.975
vt 0.5125 0.775
vt 0.5125 0.975
vt 0.6125 0.975
vt 0.6125 0.775
vt 0.5125 0.775
vt 0.6125 0.975
vt 0.5125 0.775
vt 0.5125 0.975
vt 0.6125 0.975
vt 0.6125 0.775
vt 0.5125 0.775
vt 0.6125 0.975
vt 0.5125 0.775
vt 0.5125 0.975
vt 0.6125 0.975
vt 0.6125 0.775
vt 0.5125 0.775
vt 0.6125 0.975
vt 0.5125 0.775
vt 0.5125 0.975
vt 0.6125 0.775
vt 0.5125 0.975
vt 0.6125 0.975
vt 0.6125 0.775
vt 0.5125 0.775
vt 0.5125 0.975
vt 0.6125 0.775
vt 0.5125 0.975
vt 0.6125 0.975
vt 0.6125 0.775
vt 0.5125 0.775
vt 0.5125 0.975
vt 0.6125 0.775
vt 0.5125 0.975
vt 0.6125 0.975
vt 0.6125 0.775
vt 0.5125 0.775
vt 0.5125 0.975
vt 0.6125 0.775
vt 0.5125 0.975
vt 0.6125 0.975
vt 0.6125 0.775
vt 0.3875 0.525
vt 0.3875 0.725
vt 0.4375 0.725
vt 0.4375 0.525
vt 0.3875 0.525
vt 0.4375 0.725
vt 0.4375 0.525
vt 0.4375 0.725
vt 0.4875 0.725
vt 0.4875 0.525
vt 0.4375 0.525
vt 0.4875 0.725
vt 0.3875 0.525
vt 0.3875 0.725
vt 0.4375 0.725
vt 0.4375 0.525
vt 0.3875 0.525
vt 0.4375 0.725
vt 0.4375 0.525
vt 0.4375 0.725
vt 0.4875 0.725
vt 0.4875 0.525
vt 0.4375 0.525
vt 0.4875 0.725
vt 0.3875 0.525
vt 0.3875 0.725
vt 0.4375 0.525
vt 0.3875 0.725
vt 0.4375 0.725
vt 0.4375 0.525
vt 0.4375 0.525
vt 0.4375 0.725
vt 0.4875 0.525
vt 0.4375 0.725
vt 0.4875 0.725
vt 0.4875 0.525
vt 0.3875 0.525
vt 0.3875 0.725
vt 0.4375 0.525
vt 0.3875 0.725
vt 0.4375 0.725
vt 0.4375 0.525
vt 0.4375 0.525
vt 0.4375 0.725
vt 0.4875 0.525
vt 0.4375 0.725
vt 0.4875 0.725
vt 0.4875 0.525
vt 0.87625 0.025
vt 0.87625 0.225
vt 0.87625 0.225
vt 0.87625 0.025
vt 0.87625 0.025
vt 0.87625 0.225
vt 0.87625 0.025
vt 0.87625 0.225
vt 0.87625 0.225
vt 0.87625 0.025
vt 0.87625 0.025
vt 0.87625 0.225
vt 0.87625 0.025
vt 0.87625 0.225
vt 0.87625 0.225
vt 0.87625 0.025
vt 0.87625 0.025
vt 0.87625 0.225
vt 0.87625 0.025
vt 0.87625 0.225
vt 0.87625 0.225
vt 0.87625 0.025
vt 0.87625 0.025
vt 0.87625 0.225
vt 0.87625 0.025
vt 0.87625 0.225
vt 0.87625 0.025
vt 0.87625 0.225
vt 0.87625 0.225
vt 0.87625 0.025
vt 0.87625 0.025
vt 0.87625 0.225
vt 0.87625 0.025
vt 0.87625 0.225
vt 0.87625 0.225
vt 0.87625 0.025
vt 0.87625 0.025
vt 0.87625 0.225
vt 0.87625 0.025
vt 0.87625 0.225
vt 0.87625 0.225
vt 0.87625 0.025
vt 0.87625 0.025
vt 0.87625 0.225
vt 0.87625 0.025
vt 0.87625 0.225
vt 0.87625 0.225
vt 0.87625 0.025
vt 0.1375 0.275
vt 0.1375 0.475
vt 0.1875 0.475
vt 0.1875 0.275
vt 0.1375 0.275
vt 0.1875 0.475
vt 0.1875 0.275
vt 0.1875 0.475
vt 0.2375 0.475
vt 0.2375 0.275
vt 0.1875 0.275
vt 0.2375 0.475
vt 0.1375 0.275
vt 0.1375 0.475
vt 0.1875 0.475
vt 0.1875 0.275
vt 0.1375 0.275
vt 0.1875 0.475
vt 0.1875 0.275
vt 0.1875 0.475
vt 0.2375 0.475
vt 0.2375 0.275
vt 0.1875 0.275
vt 0.2375 0.475
vt 0.1375 0.275
vt 0.1375 0.475
vt 0.1875 0.275
vt 0.1375 0.475
vt 0.1875 0.475
vt 0.1875 0.275
vt 0.1875 0.275
vt 0.1875 0.475
vt 0.2375 0.275
vt 0.1875 0.475
vt 0.2375 0.475
vt 0.2375 0.275
vt 0.1375 0.275
vt 0.1375 0.475
vt 0.1875 0.275
vt 0.1375 0.475
vt 0.1875 0.475
vt 0.1875 0.275
vt 0.1875 0.275
vt 0.1875 0.475
vt 0.2375 0.275
vt 0.1875 0.475
vt 0.2375 0.475
vt 0.2375 0.275
vt 0.3125 0.775
vt 0.3125 0.975
vt 0.3375 0.975
vt 0.3375 0.775
vt 0.3125 0.775
vt 0.3375 0.975
vt 0.3375 0.775
vt 0.3375 0.975
vt 0.3625 0.975
vt 0.3625 0.775
vt 0.3375 0.775
vt 0.3625 0.975
vt 0.2625 0.775
vt 0.2625 0.975
vt 0.2875 0.975
vt 0.2875 0.775
vt 0.2625 0.775
vt 0.2875 0.975
vt 0.2875 0.775
vt 0.2875 0.975
vt 0.3125 0.975
vt 0.3125 0.775
vt 0.2875 0.775
vt 0.3125 0.975
vt 0.3125 0.775
vt 0.3125 0.975
vt 0.3375 0.775
vt 0.3125 0.975
vt 0.3375 0.975
vt 0.3375 0.775
vt 0.3375 0.775
vt 0.3375 0.975
vt 0.3625 0.775
vt 0.3375 0.975
vt 0.3625 0.975
vt 0.3625 0.775
vt 0.2625 0.775
vt 0.2625 0.975
vt 0.2875 0.775
vt 0.2625 0.975
vt 0.2875 0.975
vt 0.2875 0.775
vt 0.2875 0.775
vt 0.2875 0.975
vt 0.3125 0.775
vt 0.2875 0.975
vt 0.3125 0.975
vt 0.3125 0.775
vt 0.87625 0.025
vt 0.87625 0.225
vt 0.87625 0.225
vt 0.87625 0.025
vt 0.87625 0.025
vt 0.87625 0.225
vt 0.87625 0.025
vt 0.87625 0.225
vt 0.87625 0.225
vt 0.87625 0.025
vt 0.87625 0.025
vt 0.87625 0.225
vt 0.87625 0.025
vt 0.87625 0.225
vt 0.87625 0.225
vt 0.87625 0.025
vt 0.87625 0.025
vt 0.87625 0.225
vt 0.87625 0.025
vt 0.87625 0.225
vt 0.87625 0.225
vt 0.87625 0.025
vt 0.87625 0.025
vt 0.87625 0.225
vt 0.87625 0.025
vt 0.87625 0.225
vt 0.87625 0.025
vt 0.87625 0.225
vt 0.87625 0.225
vt 0.87625 0.025
vt 0.87625 0.025
vt 0.87625 0.225
vt 0.87625 0.025
vt 0.87625 0.225
vt 0.87625 0.225
vt 0.87625 0.025
vt 0.87625 0.025
vt 0.87625 0.225
vt 0.87625 0.025
vt 0.87625 0.225
vt 0.87625 0.225
vt 0.87625 0.025
vt 0.87625 0.025
vt 0.87625 0.225
vt 0.87625 0.025
vt 0.87625 0.225
vt 0.87625 0.225
vt 0.87625 0.025
vt 0.2625 0.525
vt 0.2625 0.725
vt 0.3125 0.725
vt 0.3125 0.525
vt 0.2625 0.525
vt 0.3125 0.725
vt 0.3125 0.525
vt 0.3125 0.725
vt 0.3625 0.725
vt 0.3625 0.525
vt 0.3125 0.525
vt 0.3625 0.725
vt 0.2625 0.525
vt 0.2625 0.725
vt 0.3125 0.725
vt 0.3125 0.525
vt 0.2625 0.525
vt 0.3125 0.725
vt 0.3125 0.525
vt 0.3125 0.725
vt 0.3625 0.725
vt 0.3625 0.525
vt 0.3125 0.525
vt 0.3625 0.725
vt 0.2625 0.525
vt 0.2625 0.725
vt 0.3125 0.525
vt 0.2625 0.725
vt 0.3125 0.725
vt 0.3125 0.525
vt 0.3125 0.525
vt 0.3125 0.725
vt 0.3625 0.525
vt 0.3125 0.725
vt 0.3625 0.725
vt 0.3625 0.525
vt 0.2625 0.525
vt 0.2625 0.725
vt 0.3125 0.525
vt 0.2625 0.725
vt 0.3125 0.725
vt 0.3125 0.525
vt 0.3125 0.525
vt 0.3125 0.725
vt 0.3625 0.525
vt 0.3125 0.725
vt 0.3625 0.725
vt 0.3625 0.525
vt 0.5125 0.775
vt 0.5125 0.975
vt 0.6125 0.975
vt 0.6125 0.775
vt 0.5125 0.775
vt 0.6125 0.975
vt 0.5125 0.775
vt 0.5125 0.975
vt 0.6125 0.975
vt 0.6125 0.775
vt 0.5125 0.775
vt 0.6125 0.975
vt 0.5125 0.775
vt 0.5125 0.975
vt 0.6125 0.975
vt 0.6125 0.775
vt 0.5125 0.775
vt 0.6125 0.975
vt 0.5125 0.775
vt 0.5125 0.975
vt 0.6125 0.975
vt 0.6125 0.775
vt 0.5125 0.775
vt 0.6125 0.975
vt 0.5125 0.775
vt 0.5125 0.975
vt 0.6125 0.775
vt 0.5125 0.975
vt 0.6125 0.975
vt 0.6125 0.775
vt 0.5125 0.775
vt 0.5125 0.975
vt 0.6125 0.775
vt 0.5125 0.975
vt 0.6125 0.975
vt 0.6125 0.775
vt 0.5125 0.775
vt 0.5125 0.975
vt 0.6125 0.775
vt 0.5125 0.975
vt 0.6125 0.975
vt 0.6125 0.775
vt 0.5125 0.775
vt 0.5125 0.975
vt 0.6125 0.775
vt 0.5125 0.975
vt 0.6125 0.975
vt 0.6125 0.775
vt 0.3875 0.525
vt 0.3875 0.725
vt 0.4375 0.725
vt 0.4375 0.525
vt 0.3875 0.525
vt 0.4375 0.725
vt 0.4375 0.525
vt 0.4375 0.725
vt 0.4875 0.725
vt 0.4875 0.525
vt 0.4375 0.525
vt 0.4875 0.725
vt 0.3875 0.525
vt 0.3875 0.725
vt 0.4375 0.725
vt 0.4375 0.525
vt 0.3875 0.525
vt 0.4375 0.725
vt 0.4375 0.525
vt 0.4375 0.725
vt 0.4875 0.725
vt 0.4875 0.525
vt 0.4375 0.525
vt 0.4875 0.725
vt 0.3875 0.525
vt 0.3875 0.725
vt 0.4375 0.525
vt 0.3875 0.725
vt 0.4375 0.725
vt 0.4375 0.525
vt 0.4375 0.525
vt 0.4375 0.725
vt 0.4875 0.525
vt 0.4375 0.725
vt 0.4875 0.725
vt 0.4875 0.525
vt 0.3875 0.525
vt 0.3875 0.725
vt 0.4375 0.525
vt 0.3875 0.725
vt 0.4375 0.725
vt 0.4375 0.525
vt 0.4375 0.525
vt 0.4375 0.725
vt 0.4875 0.525
vt 0.4375 0.725
vt 0.4875 0.725
vt 0.4875 0.525
vt 0.87625 0.025
vt 0.87625 0.225
vt 0.87625 0.225
vt 0.87625 0.025
vt 0.87625 0.025
vt 0.87625 0.225
vt 0.87625 0.025
vt 0.87625 0.225
vt 0.87625 0.225
vt 0.87625 0.025
vt 0.87625 0.025
vt 0.87625 0.225
vt 0.87625 0.025
vt 0.87625 0.225
vt 0.87625 0.225
vt 0.87625 0.025
vt 0.87625 0.025
vt 0.87625 0.225
vt 0.87625 0.025
vt 0.87625 0.225
vt 0.87625 0.225
vt 0.87625 0.025
vt 0.87625 0.025
vt 0.87625 0.225
vt 0.87625 0.025
vt 0.87625 0.225
vt 0.87625 0.025
vt 0.87625 0.225
vt 0.87625 0.225
vt 0.87625 0.025
vt 0.87625 0.025
vt 0.87625 0.225
vt 0.87625 0.025
vt 0.87625 0.225
vt 0.87625 0.225
vt 0.87625 0.025
vt 0.87625 0.025
vt 0.87625 0.225
vt 0.87625 0.025
vt 0.87625 0.225
vt 0.87625 0.225
vt 0.87625 0.025
vt 0.87625 0.025
vt 0.87625 0.225
vt 0.87625 0.025
vt 0.87625 0.225
vt 0.87625 0.225
vt 0.87625 0.025
vt 0.87625 0.025
vt 0.87625 0.225
vt 0.87625 0.225
vt 0.87625 0.025
vt 0.87625 0.025
vt 0.87625 0.225
vt 0.87625 0.025
vt 0.87625 0.225
vt 0.87625 0.225
vt 0.87625 0.025
vt 0.87625 0.025
vt 0.87625 0.225
vt 0.87625 0.025
vt 0.87625 0.225
vt 0.87625 0.225
vt 0.87625 0.025
vt 0.87625 0.025
vt 0.87625 0.225
vt 0.87625 0.025
vt 0.87625 0.225
vt 0.87625 0.225
vt 0.87625 0.025
vt 0.87625 0.025
vt 0.87625 0.225
vt 0.87625 0.025
vt 0.87625 0.225
vt 0.87625 0.025
vt 0.87625 0.225
vt 0.87625 0.225
vt 0.87625 0.025
vt 0.87625 0.025
vt 0.87625 0.225
vt 0.87625 0.025
vt 0.87625 0.225
vt 0.87625 0.225
vt 0.87625 0.025
vt 0.87625 0.025
vt 0.87625 0.225
vt 0.87625 0.025
vt 0.87625 0.225
vt 0.87625 0.225
vt 0.87625 0.025
vt 0.87625 0.025
vt 0.87625 0.225
vt 0.87625 0.025
vt 0.87625 0.225
vt 0.87625 0.225
vt 0.87625 0.025
vt 0.6375 0.525
vt 0.6375 0.725
vt 0.7375 0.725
vt 0.7375 0.525
vt 0.6375 0.525
vt 0.7375 0.725
vt 0.6375 0.525
vt 0.6375 0.725
vt 0.7375 0.725
vt 0.7375 0.525
vt 0.6375 0.525
vt 0.7375 0.725
vt 0.6375 0.525
vt 0.6375 0.725
vt 0.7375 0.725
vt 0.7375 0.525
vt 0.6375 0.525
vt 0.7375 0.725
vt 0.6375 0.525
vt 0.6375 0.725
vt 0.7375 0.725
vt 0.7375 0.525
vt 0.6375 0.525
vt 0.7375 0.725
vt 0.6375 0.525
vt 0.6375 0.725
vt 0.7375 0.525
vt 0.6375 0.725
vt 0.7375 0.725
vt 0.7375 0.525
vt 0.6375 0.525
vt 0.6375 0.725
vt 0.7375 0.525
vt 0.6375 0.725
vt 0.7375 0.725
vt 0.7375 0.525
vt 0.6375 0.525
vt 0.6375 0.725
vt 0.7375 0.525
vt 0.6375 0.725
vt 0.7375 0.725
vt 0.7375 0.525
vt 0.6375 0.525
vt 0.6375 0.725
vt 0.7375 0.525
vt 0.6375 0.725
vt 0.7375 0.725
vt 0.7375 0.525
vt 0.5125 0.775
vt 0.5125 0.975
vt 0.5625 0.975
vt 0.5625 0.775
vt 0.5125 0.775
vt 0.5625 0.975
vt 0.5625 0.775
vt 0.5625 0.975
vt 0.6125 0.975
vt 0.6125 0.775
vt 0.5625 0.775
vt 0.6125 0.975
vt 0.5125 0.775
vt 0.5125 0.975
vt 0.5625 0.975
vt 0.5625 0.775
vt 0.5125 0.775
vt 0.5625 0.975
vt 0.5625 0.775
vt 0.5625 0.975
vt 0.6125 0.975
vt 0.6125 0.775
vt 0.5625 0.775
vt 0.6125 0.975
vt 0.5125 0.775
vt 0.5125 0.975
vt 0.5625 0.775
vt 0.5125 0.975
vt 0.5625 0.975
vt 0.5625 0.775
vt 0.5625 0.775
vt 0.5625 0.975
vt 0.6125 0.775
vt 0.5625 0.975
vt 0.6125 0.975
vt 0.6125 0.775
vt 0.5125 0.775
vt 0.5125 0.975
vt 0.5625 0.775
vt 0.5125 0.975
vt 0.5625 0.975
vt 0.5625 0.775
vt 0.5625 0.775
vt 0.5625 0.975
vt 0.6125 0.775
vt 0.5625 0.975
vt 0.6125 0.975
vt 0.6125 0.775
vt 0.87625 0.025
vt 0.87625 0.225
vt 0.87625 0.225
vt 0.87625 0.025
vt 0.87625 0.025
vt 0.87625 0.225
vt 0.87625 0.025
vt 0.87625 0.225
vt 0.87625 0.225
vt 0.87625 0.025
vt 0.87625 0.025
vt 0.87625 0.225
vt 0.87625 0.025
vt 0.87625 0.225
vt 0.87625 0.225
vt 0.87625 0.025
vt 0.87625 0.025
vt 0.87625 0.225
vt 0.87625 0.025
vt 0.87625 0.225
vt 0.87625 0.225
vt 0.87625 0.025
vt 0.87625 0.025
vt 0.87625 0.225
vt 0.87625 0.025
vt 0.87625 0.225
vt 0.87625 0.025
vt 0.87625 0.225
vt 0.87625 0.225
vt 0.87625 0.025
vt 0.87625 0.025
vt 0.87625 0.225
vt 0.87625 0.025
vt 0.87625 0.225
vt 0.87625 0.225
vt 0.87625 0.025
vt 0.87625 0.025
vt 0.87625 0.225
vt 0.87625 0.025
vt 0.87625 0.225
vt 0.87625 0.225
vt 0.87625 0.025
vt 0.87625 0.025
vt 0.87625 0.225
vt 0.87625 0.025
vt 0.87625 0.225
vt 0.87625 0.225
vt 0.87625 0.025
vt 0.6375 0.525
vt 0.6375 0.725
vt 0.7375 0.725
vt 0.7375 0.525
vt 0.6375 0.525
vt 0.7375 0.725
vt 0.6375 0.525
vt 0.6375 0.725
vt 0.7375 0.725
vt 0.7375 0.525
vt 0.6375 0.525
vt 0.7375 0.725
vt 0.6375 0.525
vt 0.6375 0.725
vt 0.7375 0.725
vt 0.7375 0.525
vt 0.6375 0.525
vt 0.7375 0.725
vt 0.6375 0.525
vt 0.6375 0.725
vt 0.7375 0.725
vt 0.7375 0.525
vt 0.6375 0.525
vt 0.7375 0.725
vt 0.6375 0.525
vt 0.6375 0.725
vt 0.7375 0.525
vt 0.6375 0.725
vt 0.7375 0.725
vt 0.7375 0.525
vt 0.6375 0.525
vt 0.6375 0.725
vt 0.7375 0.525
vt 0.6375 0.725
vt 0.7375 0.725
vt 0.7375 0.525
vt 0.6375 0.525
vt 0.6375 0.725
vt 0.7375 0.525
vt 0.6375 0.725
vt 0.7375 0.725
vt 0.7375 0.525
vt 0.6375 0.525
vt 0.6375 0.725
vt 0.7375 0.525
vt 0.6375 0.725
vt 0.7375 0.725
vt 0.7375 0.525
vt 0.5125 0.775
vt 0.5125 0.975
vt 0.5625 0.975
vt 0.5625 0.775
vt 0.5125 0.775
vt 0.5625 0.975
vt 0.5625 0.775
vt 0.5625 0.975
vt 0.6125 0.975
vt 0.6125 0.775
vt 0.5625 0.775
vt 0.6125 0.975
vt 0.5125 0.775
vt 0.5125 0.975
vt 0.5625 0.975
vt 0.5625 0.775
vt 0.5125 0.775
vt 0.5625 0.975
vt 0.5625 0.775
vt 0.5625 0.975
vt 0.6125 0.975
vt 0.6125 0.775
vt 0.5625 0.775
vt 0.6125 0.975
vt 0.5125 0.775
vt 0.5125 0.975
vt 0.5625 0.775
vt 0.5125 0.975
vt 0.5625 0.975
vt 0.5625 0.775
vt 0.5625 0.775
vt 0.5625 0.975
vt 0.6125 0.775
vt 0.5625 0.975
vt 0.6125 0.975
vt 0.6125 0.775
vt 0.5125 0.775
vt 0.5125 0.975
vt 0.5625 0.775
vt 0.5125 0.975
vt 0.5625 0.975
vt 0.5625 0.775
vt 0.5625 0.775
vt 0.5625 0.975
vt 0.6125 0.775
vt 0.5625 0.975
vt 0.6125 0.975
vt 0.6125 0.775
vt 0.0125 0.525
vt 0.0125 0.725
vt 0.0625 0.725
vt 0.0625 0.525
vt 0.0125 0.525
vt 0.0625 0.725
vt 0.0625 0.525
vt 0.0625 0.725
vt 0.1125 0.725
vt 0.1125 0.525
vt 0.0625 0.525
vt 0.1125 0.725
vt 0.0125 0.525
vt 0.0125 0.725
vt 0.0625 0.725
vt 0.0625 0.525
vt 0.0125 0.525
vt 0.0625 0.725
vt 0.0625 0.525
vt 0.0625 0.725
vt 0.1125 0.725
vt 0.1125 0.525
vt 0.0625 0.525
vt 0.1125 0.725
vt 0.0125 0.525
vt 0.0125 0.725
vt 0.0625 0.525
vt 0.0125 0.725
vt 0.0625 0.725
vt 0.0625 0.525
vt 0.0625 0.525
vt 0.0625 0.725
vt 0.1125 0.525
vt 0.0625 0.725
vt 0.1125 0.725
vt 0.1125 0.525
vt 0.0125 0.525
vt 0.0125 0.725
vt 0.0625 0.525
vt 0.0125 0.725
vt 0.0625 0.725
vt 0.0625 0.525
vt 0.0625 0.525
vt 0.0625 0.725
vt 0.1125 0.525
vt 0.0625 0.725
vt 0.1125 0.725
vt 0.1125 0.525
vt 0.2625 0.525
vt 0.2625 0.725
vt 0.3125 0.725
vt 0.3125 0.525
vt 0.2625 0.525
vt 0.3125 0.725
vt 0.3125 0.525
vt 0.3125 0.725
vt 0.3625 0.725
vt 0.3625 0.525
vt 0.3125 0.525
vt 0.3625 0.725
vt 0.2625 0.525
vt 0.2625 0.725
vt 0.3125 0.725
vt 0.3125 0.525
vt 0.2625 0.525
vt 0.3125 0.725
vt 0.3125 0.525
vt 0.3125 0.725
vt 0.3625 0.725
vt 0.3625 0.525
vt 0.3125 0.525
vt 0.3625 0.725
vt 0.2625 0.525
vt 0.2625 0.725
vt 0.3125 0.525
vt 0.2625 0.725
vt 0.3125 0.725
vt 0.3125 0.525
vt 0.3125 0.525
vt 0.3125 0.725
vt 0.3625 0.525
vt 0.3125 0.725
vt 0.3625 0.725
vt 0.3625 0.525
vt 0.2625 0.525
vt 0.2625 0.725
vt 0.3125 0.525
vt 0.2625 0.725
vt 0.3125 0.725
vt 0.3125 0.525
vt 0.3125 0.525
vt 0.3125 0.725
vt 0.3625 0.525
vt 0.3125 0.725
vt 0.3625 0.725
vt 0.3625 0.525
vt 0.0125 0.525
vt 0.0125 0.725
vt 0.0625 0.725
vt 0.0625 0.525
vt 0.0125 0.525
vt 0.0625 0.725
vt 0.0625 0.525
vt 0.0625 0.725
vt 0.1125 0.725
vt 0.1125 0.525
vt 0.0625 0.525
vt 0.1125 0.725
vt 0.0125 0.525
vt 0.0125 0.725
vt 0.0625 0.725
vt 0.0625 0.525
vt 0.0125 0.525
vt 0.0625 0.725
vt 0.0625 0.525
vt 0.0625 0.725
vt 0.1125 0.725
vt 0.1125 0.525
vt 0.0625 0.525
vt 0.1125 0.725
vt 0.0125 0.525
vt 0.0125 0.725
vt 0.0625 0.525
vt 0.0125 0.725
vt 0.0625 0.725
vt 0.0625 0.525
vt 0.0625 0.525
vt 0.0625 0.725
vt 0.1125 0.525
vt 0.0625 0.725
vt 0.1125 0.725
vt 0.1125 0.525
vt 0.0125 0.525
vt 0.0125 0.725
vt 0.0625 0.525
vt 0.0125 0.725
vt 0.0625 0.725
vt 0.0625 0.525
vt 0.0625 0.525
vt 0.0625 0.725
vt 0.1125 0.525
vt 0.0625 0.725
vt 0.1125 0.725
vt 0.1125 0.525
vt 0.2625 0.525
vt 0.2625 0.725
vt 0.3125 0.725
vt 0.3125 0.525
vt 0.2625 0.525
vt 0.3125 0.725
vt 0.3125 0.525
vt 0.3125 0.725
vt 0.3625 0.725
vt 0.3625 0.525
vt 0.3125 0.525
vt 0.3625 0.725
vt 0.2625 0.525
vt 0.2625 0.725
vt 0.3125 0.725
vt 0.3125 0.525
vt 0.2625 0.525
vt 0.3125 0.725
vt 0.3125 0.525
vt 0.3125 0.725
vt 0.3625 0.725
vt 0.3625 0.525
vt 0.3125 0.525
vt 0.3625 0.725
vt 0.2625 0.525
vt 0.2625 0.725
vt 0.3125 0.525
vt 0.2625 0.725
vt 0.3125 0.725
vt 0.3125 0.525
vt 0.3125 0.525
vt 0.3125 0.725
vt 0.3625 0.525
vt 0.3125 0.725
vt 0.3625 0.725
vt 0.3625 0.525
vt 0.2625 0.525
vt 0.2625 0.725
vt 0.3125 0.525
vt 0.2625 0.725
vt 0.3125 0.725
vt 0.3125 0.525
vt 0.3125 0.525
vt 0.3125 0.725
vt 0.3625 0.525
vt 0.3125 0.725
vt 0.3625 0.725
vt 0.3625 0.525
vt 0.8125 0.775
vt 0.8125 0.975
vt 0.8375 0.975
vt 0.8375 0.775
vt 0.8125 0.775
vt 0.8375 0.975
vt 0.8375 0.775
vt 0.8375 0.975
vt 0.8625 0.975
vt 0.8625 0.775
vt 0.8375 0.775
vt 0.8625 0.975
vt 0.7625 0.775
vt 0.7625 0.975
vt 0.7875 0.975
vt 0.7875 0.775
vt 0.7625 0.775
vt 0.7875 0.975
vt 0.7875 0.775
vt 0.7875 0.975
vt 0.8125 0.975
vt 0.8125 0.775
vt 0.7875 0.775
vt 0.8125 0.975
vt 0.8125 0.775
vt 0.8125 0.975
vt 0.8375 0.775
vt 0.8125 0.975
vt 0.8375 0.975
vt 0.8375 0.775
vt 0.8375 0.775
vt 0.8375 0.975
vt 0.8625 0.775
vt 0.8375 0.975
vt 0.8625 0.975
vt 0.8625 0.775
vt 0.7625 0.775
vt 0.7625 0.975
vt 0.7875 0.775
vt 0.7625 0.975
vt 0.7875 0.975
vt 0.7875 0.775
vt 0.7875 0.775
vt 0.7875 0.975
vt 0.8125 0.775
vt 0.7875 0.975
vt 0.8125 0.975
vt 0.8125 0.775
vt 0.87625 0.025
vt 0.87625 0.225
vt 0.87625 0.225
vt 0.87625 0.025
vt 0.87625 0.025
vt 0.87625 0.225
vt 0.87625 0.025
vt 0.87625 0.225
vt 0.87625 0.225
vt 0.87625 0.025
vt 0.87625 0.025
vt 0.87625 0.225
vt 0.87625 0.025
vt 0.87625 0.225
vt 0.87625 0.225
vt 0.87625 0.025
vt 0.87625 0.025
vt 0.87625 0.225
vt 0.87625 0.025
vt 0.87625 0.225
vt 0.87625 0.225
vt 0.87625 0.025
vt 0.87625 0.025
vt 0.87625 0.225
vt 0.87625 0.025
vt 0.87625 0.225
vt 0.87625 0.025
vt 0.87625 0.225
vt 0.87625 0.225
vt 0.87625 0.025
vt 0.87625 0.025
vt 0.87625 0.225
vt 0.87625 0.025
vt 0.87625 0.225
vt 0.87625 0.225
vt 0.87625 0.025
vt 0.87625 0.025
vt 0.87625 0.225
vt 0.87625 0.025
vt 0.87625 0.225
vt 0.87625 0.225
vt 0.87625 0.025
vt 0.87625 0.025
vt 0.87625 0.225
vt 0.87625 0.025
vt 0.87625 0.225
vt 0.87625 0.225
vt 0.87625 0.025
vt 0.3875 0.525
vt 0.3875 0.725
vt 0.4375 0.725
vt 0.4375 0.525
vt 0.3875 0.525
vt 0.4375 0.725
vt 0.4375 0.525
vt 0.4375 0.725
vt 0.4875 0.725
vt 0.4875 0.525
vt 0.4375 0.525
vt 0.4875 0.725
vt 0.3875 0.525
vt 0.3875 0.725
vt 0.4375 0.725
vt 0.4375 0.525
vt 0.3875 0.525
vt 0.4375 0.725
vt 0.4375 0.525
vt 0.4375 0.725
vt 0.4875 0.725
vt 0.4875 0.525
vt 0.4375 0.525
vt 0.4875 0.725
vt 0.3875 0.525
vt 0.3875 0.725
vt 0.4375 0.525
vt 0.3875 0.725
vt 0.4375 0.725
vt 0.4375 0.525
vt 0.4375 0.525
vt 0.4375 0.725
vt 0.4875 0.525
vt 0.4375 0.725
vt 0.4875 0.725
vt 0.4875 0.525
vt 0.3875 0.525
vt 0.3875 0.725
vt 0.4375 0.525
vt 0.3875 0.725
vt 0.4375 0.725
vt 0.4375 0.525
vt 0.4375 0.525
vt 0.4375 0.725
vt 0.4875 0.525
vt 0.4375 0.725
vt 0.4875 0.725
vt 0.4875 0.525
vt 0.5125 0.775
vt 0.5125 0.975
vt 0.6125 0.975
vt 0.6125 0.775
vt 0.5125 0.775
vt 0.6125 0.975
vt 0.5125 0.775
vt 0.5125 0.975
vt 0.6125 0.975
vt 0.6125 0.775
vt 0.5125 0.775
vt 0.6125 0.975
vt 0.5125 0.775
vt 0.5125 0.975
vt 0.6125 0.975
vt 0.6125 0.775
vt 0.5125 0.775
vt 0.6125 0.975
vt 0.5125 0.775
vt 0.5125 0.975
vt 0.6125 0.975
vt 0.6125 0.775
vt 0.5125 0.775
vt 0.6125 0.975
vt 0.5125 0.775
vt 0.5125 0.975
vt 0.6125 0.775
vt 0.5125 0.975
vt 0.6125 0.975
vt 0.6125 0.775
vt 0.5125 0.775
vt 0.5125 0.975
vt 0.6125 0.775
vt 0.5125 0.975
vt 0.6125 0.975
vt 0.6125 0.775
vt 0.5125 0.775
vt 0.5125 0.975
vt 0.6125 0.775
vt 0.5125 0.975
vt 0.6125 0.975
vt 0.6125 0.775
vt 0.5125 0.775
vt 0.5125 0.975
vt 0.6125 0.775
vt 0.5125 0.975
vt 0.6125 0.975
vt 0.6125 0.775
vt 0.0125 0.525
vt 0.0125 0.725
vt 0.0625 0.725
vt 0.0625 0.525
vt 0.0125 0.525
vt 0.0625 0.725
vt 0.0625 0.525
vt 0.0625 0.725
vt 0.1125 0.725
vt 0.1125 0.525
vt 0.0625 0.525
vt 0.1125 0.725
vt 0.0125 0.525
vt 0.0125 0.725
vt 0.0625 0.725
vt 0.0625 0.525
vt 0.0125 0.525
vt 0.0625 0.725
vt 0.0625 0.525
vt 0.0625 0.725
vt 0.1125 0.725
vt 0.1125 0.525
vt 0.0625 0.525
vt 0.1125 0.725
vt 0.0125 0.525
vt 0.0125 0.725
vt 0.0625 0.525
vt 0.0125 0.725
vt 0.0625 0.725
vt 0.0625 0.525
vt 0.0625 0.525
vt 0.0625 0.725
vt 0.1125 0.525
vt 0.0625 0.725
vt 0.1125 0.725
vt 0.1125 0.525
vt 0.0125 0.525
vt 0.0125 0.725
vt 0.0625 0.525
vt 0.0125 0.725
vt 0.0625 0.725
vt 0.0625 0.525
vt 0.0625 0.525
vt 0.0625 0.725
vt 0.1125 0.525
vt 0.0625 0.725
vt 0.1125 0.725
vt 0.1125 0.525
vt 0.87625 0.025
vt 0.87625 0.225
vt 0.87625 0.225
vt 0.87625 0.025
vt 0.87625 0.025
vt 0.87625 0.225
vt 0.87625 0.025
vt 0.87625 0.225
vt 0.87625 0.225
vt 0.87625 0.025
vt 0.87625 0.025
vt 0.87625 0.225
vt 0.87625 0.025
vt 0.87625 0.225
vt 0.87625 0.225
vt 0.87625 0.025
vt 0.87625 0.025
vt 0.87625 0.225
vt 0.87625 0.025
vt 0.87625 0.225
vt 0.87625 0.225
vt 0.87625 0.025
vt 0.87625 0.025
vt 0.87625 0.225
vt 0.87625 0.025
vt 0.87625 0.225
vt 0.87625 0.025
vt 0.87625 0.225
vt 0.87625 0.225
vt 0.87625 0.025
vt 0.87625 0.025
vt 0.87625 0.225
vt 0.87625 0.025
vt 0.87625 0.225
vt 0.87625 0.225
vt 0.87625 0.025
vt 0.87625 0.025
vt 0.87625 0.225
vt 0.87625 0.025
vt 0.87625 0.225
vt 0.87625 0.225
vt 0.87625 0.025
vt 0.87625 0.025
vt 0.87625 0.225
vt 0.87625 0.025
vt 0.87625 0.225
vt 0.87625 0.225
vt 0.87625 0.025
vt 0.2625 0.525
vt 0.2625 0.725
vt 0.3125 0.725
vt 0.3125 0.525
vt 0.2625 0.525
vt 0.3125 0.725
vt 0.3125 0.525
vt 0.3125 0.725
vt 0.3625 0.725
vt 0.3625 0.525
vt 0.3125 0.525
vt 0.3625 0.725
vt 0.2625 0.525
vt 0.2625 0.725
vt 0.3125 0.725
vt 0.3125 0.525
vt 0.2625 0.525
vt 0.3125 0.725
vt 0.3125 0.525
vt 0.3125 0.725
vt 0.3625 0.725
vt 0.3625 0.525
vt 0.3125 0.525
vt 0.3625 0.725
vt 0.2625 0.525
vt 0.2625 0.725
vt 0.3125 0.525
vt 0.2625 0.725
vt 0.3125 0.725
vt 0.3125 0.525
vt 0.3125 0.525
vt 0.3125 0.725
vt 0.3625 0.525
vt 0.3125 0.725
vt 0.3625 0.725
vt 0.3625 0.525
vt 0.2625 0.525
vt 0.2625 0.725
vt 0.3125 0.525
vt 0.2625 0.725
vt 0.3125 0.725
vt 0.3125 0.525
vt 0.3125 0.525
vt 0.3125 0.725
vt 0.3625 0.525
vt 0.3125 0.725
vt 0.3625 0.725
vt 0.3625 0.525
vt 0.5125 0.775
vt 0.5125 0.975
vt 0.5625 0.975
vt 0.5625 0.775
vt 0.5125 0.775
vt 0.5625 0.975
vt 0.5625 0.775
vt 0.5625 0.975
vt 0.6125 0.975
vt 0.6125 0.775
vt 0.5625 0.775
vt 0.6125 0.975
vt 0.5125 0.775
vt 0.5125 0.975
vt 0.5625 0.975
vt 0.5625 0.775
vt 0.5125 0.775
vt 0.5625 0.975
vt 0.5625 0.775
vt 0.5625 0.975
vt 0.6125 0.975
vt 0.6125 0.775
vt 0.5625 0.775
vt 0.6125 0.975
vt 0.5125 0.775
vt 0.5125 0.975
vt 0.5625 0.775
vt 0.5125 0.975
vt 0.5625 0.975
vt 0.5625 0.775
vt 0.5625 0.775
vt 0.5625 0.975
vt 0.6125 0.775
vt 0.5625 0.975
vt 0.6125 0.975
vt 0.6125 0.775
vt 0.5125 0.775
vt 0.5125 0.975
vt 0.5625 0.775
vt 0.5125 0.975
vt 0.5625 0.975
vt 0.5625 0.775
vt 0.5625 0.775
vt 0.5625 0.975
vt 0.6125 0.775
vt 0.5625 0.975
vt 0.6125 0.975
vt 0.6125 0.775
vt 0.1375 0.275
vt 0.1375 0.475
vt 0.2375 0.475
vt 0.2375 0.275
vt 0.1375 0.275
vt 0.2375 0.475
vt 0.1375 0.275
vt 0.1375 0.475
vt 0.2375 0.475
vt 0.2375 0.275
vt 0.1375 0.275
vt 0.2375 0.475
vt 0.1375 0.275
vt 0.1375 0.475
vt 0.2375 0.475
vt 0.2375 0.275
vt 0.1375 0.275
vt 0.2375 0.475
vt 0.1375 0.275
vt 0.1375 0.475
vt 0.2375 0.475
vt 0.2375 0.275
vt 0.1375 0.275
vt 0.2375 0.475
vt 0.1375 0.275
vt 0.1375 0.475
vt 0.2375 0.275
vt 0.1375 0.475
vt 0.2375 0.475
vt 0.2375 0.275
vt 0.1375 0.275
vt 0.1375 0.475
vt 0.2375 0.275
vt 0.1375 0.475
vt 0.2375 0.475
vt 0.2375 0.275
vt 0.1375 0.275
vt 0.1375 0.475
vt 0.2375 0.275
vt 0.1375 0.475
vt 0.2375 0.475
vt 0.2375 0.275
vt 0.1375 0.275
vt 0.1375 0.475
vt 0.2375 0.275
vt 0.1375 0.475
vt 0.2375 0.475
vt 0.2375 0.275
vt 0.8125 0.775
vt 0.8125 0.975
vt 0.8375 0.975
vt 0.8375 0.775
vt 0.8125 0.775
vt 0.8375 0.975
vt 0.8375 0.775
vt 0.8375 0.975
vt 0.8625 0.975
vt 0.8625 0.775
vt 0.8375 0.775
vt 0.8625 0.975
vt 0.7625 0.775
vt 0.7625 0.975
vt 0.7875 0.975
vt 0.7875 0.775
vt 0.7625 0.775
vt 0.7875 0.975
vt 0.7875 0.775
vt 0.7875 0.975
vt 0.8125 0.975
vt 0.8125 0.775
vt 0.7875 0.775
vt 0.8125 0.975
vt 0.8125 0.775
vt 0.8125 0.975
vt 0.8375 0.775
vt 0.8125 0.975
vt 0.8375 0.975
vt 0.8375 0.775
vt 0.8375 0.775
vt 0.8375 0.975
vt 0.8625 0.775
vt 0.8375 0.975
vt 0.8625 0.975
vt 0.8625 0.775
vt 0.7625 0.775
vt 0.7625 0.975
vt 0.7875 0.775
vt 0.7625 0.975
vt 0.7875 0.975
vt 0.7875 0.775
vt 0.7875 0.775
vt 0.7875 0.975
vt 0.8125 0.775
vt 0.7875 0.975
vt 0.8125 0.975
vt 0.8125 0.775
vt 0.87625 0.025
vt 0.87625 0.225
vt 0.87625 0.225
vt 0.87625 0.025
vt 0.87625 0.025
vt 0.87625 0.225
vt 0.87625 0.025
vt 0.87625 0.225
vt 0.87625 0.225
vt 0.87625 0.025
vt 0.87625 0.025
vt 0.87625 0.225
vt 0.87625 0.025
vt 0.87625 0.225
vt 0.87625 0.225
vt 0.87625 0.025
vt 0.87625 0.025
vt 0.87625 0.225
vt 0.87625 0.025
vt 0.87625 0.225
vt 0.87625 0.225
vt 0.87625 0.025
vt 0.87625 0.025
vt 0.87625 0.225
vt 0.87625 0.025
vt 0.87625 0.225
vt 0.87625 0.025
vt 0.87625 0.225
vt 0.87625 0.225
vt 0.87625 0.025
vt 0.87625 0.025
vt 0.87625 0.225
vt 0.87625 0.025
vt 0.87625 0.225
vt 0.87625 0.225
vt 0.87625 0.025
vt 0.87625 0.025
vt 0.87625 0.225
vt 0.87625 0.025
vt 0.87625 0.225
vt 0.87625 0.225
vt 0.87625 0.025
vt 0.87625 0.025
vt 0.87625 0.225
vt 0.87625 0.025
vt 0.87625 0.225
vt 0.87625 0.225
vt 0.87625 0.025
vt 0.3875 0.525
vt 0.3875 0.725
vt 0.4375 0.725
vt 0.4375 0.525
vt 0.3875 0.525
vt 0.4375 0.725
vt 0.4375 0.525
vt 0.4375 0.725
vt 0.4875 0.725
vt 0.4875 0.525
vt 0.4375 0.525
vt 0.4875 0.725
vt 0.3875 0.525
vt 0.3875 0.725
vt 0.4375 0.725
vt 0.4375 0.525
vt 0.3875 0.525
vt 0.4375 0.725
vt 0.4375 0.525
vt 0.4375 0.725
vt 0.4875 0.725
vt 0.4875 0.525
vt 0.4375 0.525
vt 0.4875 0.725
vt 0.3875 0.525
vt 0.3875 0.725
vt 0.4375 0.525
vt 0.3875 0.725
vt 0.4375 0.725
vt 0.4375 0.525
vt 0.4375 0.525
vt 0.4375 0.725
vt 0.4875 0.525
vt 0.4375 0.725
vt 0.4875 0.725
vt 0.4875 0.525
vt 0.3875 0.525
vt 0.3875 0.725
vt 0.4375 0.525
vt 0.3875 0.725
vt 0.4375 0.725
vt 0.4375 0.525
vt 0.4375 0.525
vt 0.4375 0.725
vt 0.4875 0.525
vt 0.4375 0.725
vt 0.4875 0.725
vt 0.4875 0.525
vt 0.5125 0.775
vt 0.5125 0.975
vt 0.6125 0.975
vt 0.6125 0.775
vt 0.5125 0.775
vt 0.6125 0.975
vt 0.5125 0.775
vt 0.5125 0.975
vt 0.6125 0.975
vt 0.6125 0.775
vt 0.5125 0.775
vt 0.6125 0.975
vt 0.5125 0.775
vt 0.5125 0.975
vt 0.6125 0.975
vt 0.6125 0.775
vt 0.5125 0.775
vt 0.6125 0.975
vt 0.5125 0.775
vt 0.5125 0.975
vt 0.6125 0.975
vt 0.6125 0.775
vt 0.5125 0.775
vt 0.6125 0.975
vt 0.5125 0.775
vt 0.5125 0.975
vt 0.6125 0.775
vt 0.5125 0.975
vt 0.6125 0.975
vt 0.6125 0.775
vt 0.5125 0.775
vt 0.5125 0.975
vt 0.6125 0.775
vt 0.5125 0.975
vt 0.6125 0.975
vt 0.6125 0.775
vt 0.5125 0.775
vt 0.5125 0.975
vt 0.6125 0.775
vt 0.5125 0.975
vt 0.6125 0.975
vt 0.6125 0.775
vt 0.5125 0.775
vt 0.5125 0.975
vt 0.6125 0.775
vt 0.5125 0.975
vt 0.6125 0.975
vt 0.6125 0.775
vt 0.0125 0.525
vt 0.0125 0.725
vt 0.0625 0.725
vt 0.0625 0.525
vt 0.0125 0.525
vt 0.0625 0.725
vt 0.0625 0.525
vt 0.0625 0.725
vt 0.1125 0.725
vt 0.1125 0.525
vt 0.0625 0.525
vt 0.1125 0.725
vt 0.0125 0.525
vt 0.0125 0.725
vt 0.0625 0.725
vt 0.0625 0.525
vt 0.0125 0.525
vt 0.0625 0.725
vt 0.0625 0.525
vt 0.0625 0.725
vt 0.1125 0.725
vt 0.1125 0.525
vt 0.0625 0.525
vt 0.1125 0.725
vt 0.0125 0.525
vt 0.0125 0.725
vt 0.0625 0.525
vt 0.0125 0.725
vt 0.0625 0.725
vt 0.0625 0.525
vt 0.0625 0.525
vt 0.0625 0.725
vt 0.1125 0.525
vt 0.0625 0.725
vt 0.1125 0.725
vt 0.1125 0.525
vt 0.0125 0.525
vt 0.0125 0.725
vt 0.0625 0.525
vt 0.0125 0.725
vt 0.0625 0.725
vt 0.0625 0.525
vt 0.0625 0.525
vt 0.0625 0.725
vt 0.1125 0.525
vt 0.0625 0.725
vt 0.1125 0.725
vt 0.1125 0.525
vt 0.87625 0.025
vt 0.87625 0.225
vt 0.87625 0.225
vt 0.87625 0.025
vt 0.87625 0.025
vt 0.87625 0.225
vt 0.87625 0.025
vt 0.87625 0.225
vt 0.87625 0.225
vt 0.87625 0.025
vt 0.87625 0.025
vt 0.87625 0.225
vt 0.87625 0.025
vt 0.87625 0.225
vt 0.87625 0.225
vt 0.87625 0.025
vt 0.87625 0.025
vt 0.87625 0.225
vt 0.87625 0.025
vt 0.87625 0.225
vt 0.87625 0.225
vt 0.87625 0.025
vt 0.87625 0.025
vt 0.87625 0.225
vt 0.87625 0.025
vt 0.87625 0.225
vt 0.87625 0.025
vt 0.87625 0.225
vt 0.87625 0.225
vt 0.87625 0.025
vt 0.87625 0.025
vt 0.87625 0.225
vt 0.87625 0.025
vt 0.87625 0.225
vt 0.87625 0.225
vt 0.87625 0.025
vt 0.87625 0.025
vt 0.87625 0.225
vt 0.87625 0.025
vt 0.87625 0.225
vt 0.87625 0.225
vt 0.87625 0.025
vt 0.87625 0.025
vt 0.87625 0.225
vt 0.87625 0.025
vt 0.87625 0.225
vt 0.87625 0.225
vt 0.87625 0.025
vt 0.2625 0.525
vt 0.2625 0.725
vt 0.3125 0.725
vt 0.3125 0.525
vt 0.2625 0.525
vt 0.3125 0.725
vt 0.3125 0.525
vt 0.3125 0.725
vt 0.3625 0.725
vt 0.3625 0.525
vt 0.3125 0.525
vt 0.3625 0.725
vt 0.2625 0.525
vt 0.2625 0.725
vt 0.3125 0.725
vt 0.3125 0.525
vt 0.2625 0.525
vt 0.3125 0.725
vt 0.3125 0.525
vt 0.3125 0.725
vt 0.3625 0.725
vt 0.3625 0.525
vt 0.3125 0.525
vt 0.3625 0.725
vt 0.2625 0.525
vt 0.2625 0.725
vt 0.3125 0.525
vt 0.2625 0.725
vt 0.3125 0.725
vt 0.3125 0.525
vt 0.3125 0.525
vt 0.3125 0.725
vt 0.3625 0.525
vt 0.3125 0.725
vt 0.3625 0.725
vt 0.3625 0.525
vt 0.2625 0.525
vt 0.2625 0.725
vt 0.3125 0.525
vt 0.2625 0.725
vt 0.3125 0.725
vt 0.3125 0.525
vt 0.3125 0.525
vt 0.3125 0.725
vt 0.3625 0.525
vt 0.3125 0.725
vt 0.3625 0.725
vt 0.3625 0.525
vt 0.5125 0.775
vt 0.5125 0.975
vt 0.5625 0.975
vt 0.5625 0.775
vt 0.5125 0.775
vt 0.5625 0.975
vt 0.5625 0.775
vt 0.5625 0.975
vt 0.6125 0.975
vt 0.6125 0.775
vt 0.5625 0.775
vt 0.6125 0.975
vt 0.5125 0.775
vt 0.5125 0.975
vt 0.5625 0.975
vt 0.5625 0.775
vt 0.5125 0.775
vt 0.5625 0.975
vt 0.5625 0.775
vt 0.5625 0.975
vt 0.6125 0.975
vt 0.6125 0.775
vt 0.5625 0.775
vt 0.6125 0.975
vt 0.5125 0.775
vt 0.5125 0.975
vt 0.5625 0.775
vt 0.5125 0.975
vt 0.5625 0.975
vt 0.5625 0.775
vt 0.5625 0.775
vt 0.5625 0.975
vt 0.6125 0.775
vt 0.5625 0.975
vt 0.6125 0.975
vt 0.6125 0.775
vt 0.5125 0.775
vt 0.5125 0.975
vt 0.5625 0.775
vt 0.5125 0.975
vt 0.5625 0.975
vt 0.5625 0.775
vt 0.5625 0.775
vt 0.5625 0.975
vt 0.6125 0.775
vt 0.5625 0.975
vt 0.6125 0.975
vt 0.6125 0.775
vt 0.1375 0.275
vt 0.1375 0.475
vt 0.2375 0.475
vt 0.2375 0.275
vt 0.1375 0.275
vt 0.2375 0.475
vt 0.1375 0.275
vt 0.1375 0.475
vt 0.2375 0.475
vt 0.2375 0.275
vt 0.1375 0.275
vt 0.2375 0.475
vt 0.1375 0.275
vt 0.1375 0.475
vt 0.2375 0.475
vt 0.2375 0.275
vt 0.1375 0.275
vt 0.2375 0.475
vt 0.1375 0.275
vt 0.1375 0.475
vt 0.2375 0.475
vt 0.2375 0.275
vt 0.1375 0.275
vt 0.2375 0.475
vt 0.1375 0.275
vt 0.1375 0.475
vt 0.2375 0.275
vt 0.1375 0.475
vt 0.2375 0.475
vt 0.2375 0.275
vt 0.1375 0.275
vt 0.1375 0.475
vt 0.2375 0.275
vt 0.1375 0.475
vt 0.2375 0.475
vt 0.2375 0.275
vt 0.1375 0.275
vt 0.1375 0.475
vt 0.2375 0.275
vt 0.1375 0.475
vt 0.2375 0.475
vt 0.2375 0.275
vt 0.1375 0.275
vt 0.1375 0.475
vt 0.2375 0.275
vt 0.1375 0.475
vt 0.2375 0.475
vt 0.2375 0.275
vt 0.5125 0.775
vt 0.5125 0.975
vt 0.5625 0.975
vt 0.5625 0.775
vt 0.5125 0.775
vt 0.5625 0.975
vt 0.5625 0.775
vt 0.5625 0.975
vt 0.6125 0.975
vt 0.6125 0.775
vt 0.5625 0.775
vt 0.6125 0.975
vt 0.5125 0.775
vt 0.5125 0.975
vt 0.5625 0.975
vt 0.5625 0.775
vt 0.5125 0.775
vt 0.5625 0.975
vt 0.5625 0.775
vt 0.5625 0.975
vt 0.6125 0.975
vt 0.6125 0.775
vt 0.5625 0.775
vt 0.6125 0.975
vt 0.5125 0.775
vt 0.5125 0.975
vt 0.5625 0.775
vt 0.5125 0.975
vt 0.5625 0.975
vt 0.5625 0.775
vt 0.5625 0.775
vt 0.5625 0.975
vt 0.6125 0.775
vt 0.5625 0.975
vt 0.6125 0.975
vt 0.6125 0.775
vt 0.5125 0.775
vt 0.5125 0.975
vt 0.5625 0.775
vt 0.5125 0.975
vt 0.5625 0.975
vt 0.5625 0.775
vt 0.5625 0.775
vt 0.5625 0.975
vt 0.6125 0.775
vt 0.5625 0.975
vt 0.6125 0.975
vt 0.6125 0.775
vt 0.1375 0.525
vt 0.1375 0.725
vt 0.1875 0.725
vt 0.1875 0.525
vt 0.1375 0.525
vt 0.1875 0.725
vt 0.1875 0.525
vt 0.1875 0.725
vt 0.2375 0.725
vt 0.2375 0.525
vt 0.1875 0.525
vt 0.2375 0.725
vt 0.1375 0.525
vt 0.1375 0.725
vt 0.1875 0.725
vt 0.1875 0.525
vt 0.1375 0.525
vt 0.1875 0.725
vt 0.1875 0.525
vt 0.1875 0.725
vt 0.2375 0.725
vt 0.2375 0.525
vt 0.1875 0.525
vt 0.2375 0.725
vt 0.1375 0.525
vt 0.1375 0.725
vt 0.1875 0.525
vt 0.1375 0.725
vt 0.1875 0.725
vt 0.1875 0.525
vt 0.1875 0.525
vt 0.1875 0.725
vt 0.2375 0.525
vt 0.1875 0.725
vt 0.2375 0.725
vt 0.2375 0.525
vt 0.1375 0.525
vt 0.1375 0.725
vt 0.1875 0.525
vt 0.1375 0.725
vt 0.1875 0.725
vt 0.1875 0.525
vt 0.1875 0.525
vt 0.1875 0.725
vt 0.2375 0.525
vt 0.1875 0.725
vt 0.2375 0.725
vt 0.2375 0.525
vt 0.1375 0.525
vt 0.1375 0.725
vt 0.1875 0.725
vt 0.1875 0.525
vt 0.1375 0.525
vt 0.1875 0.725
vt 0.1875 0.525
vt 0.1875 0.725
vt 0.2375 0.725
vt 0.2375 0.525
vt 0.1875 0.525
vt 0.2375 0.725
vt 0.1375 0.525
vt 0.1375 0.725
vt 0.1875 0.725
vt 0.1875 0.525
vt 0.1375 0.525
vt 0.1875 0.725
vt 0.1875 0.525
vt 0.1875 0.725
vt 0.2375 0.725
vt 0.2375 0.525
vt 0.1875 0.525
vt 0.2375 0.725
vt 0.1375 0.525
vt 0.1375 0.725
vt 0.1875 0.525
vt 0.1375 0.725
vt 0.1875 0.725
vt 0.1875 0.525
vt 0.1875 0.525
vt 0.1875 0.725
vt 0.2375 0.525
vt 0.1875 0.725
vt 0.2375 0.725
vt 0.2375 0.525
vt 0.1375 0.525
vt 0.1375 0.725
vt 0.1875 0.525
vt 0.1375 0.725
vt 0.1875 0.725
vt 0.1875 0.525
vt 0.1875 0.525
vt 0.1875 0.725
vt 0.2375 0.525
vt 0.1875 0.725
vt 0.2375 0.725
vt 0.2375 0.525
vt 0.87625 0.025
vt 0.87625 0.225
vt 0.87625 0.225
vt 0.87625 0.025
vt 0.87625 0.025
vt 0.87625 0.225
vt 0.87625 0.025
vt 0.87625 0.225
vt 0.87625 0.225
vt 0.87625 0.025
vt 0.87625 0.025
vt 0.87625 0.225
vt 0.87625 0.025
vt 0.87625 0.225
vt 0.87625 0.225
vt 0.87625 0.025
vt 0.87625 0.025
vt 0.87625 0.225
vt 0.87625 0.025
vt 0.87625 0.225
vt 0.87625 0.225
vt 0.87625 0.025
vt 0.87625 0.025
vt 0.87625 0.225
vt 0.87625 0.025
vt 0.87625 0.225
vt 0.87625 0.025
vt 0.87625 0.225
vt 0.87625 0.225
vt 0.87625 0.025
vt 0.87625 0.025
vt 0.87625 0.225
vt 0.87625 0.025
vt 0.87625 0.225
vt 0.87625 0.225
vt 0.87625 0.025
vt 0.87625 0.025
vt 0.87625 0.225
vt 0.87625 0.025
vt 0.87625 0.225
vt 0.87625 0.225
vt 0.87625 0.025
vt 0.87625 0.025
vt 0.87625 0.225
vt 0.87625 0.025
vt 0.87625 0.225
vt 0.87625 0.225
vt 0.87625 0.025
vt 0.2625 0.275
vt 0.2625 0.475
vt 0.3125 0.475
vt 0.3125 0.275
vt 0.2625 0.275
vt 0.3125 0.475
vt 0.3125 0.275
vt 0.3125 0.475
vt 0.3625 0.475
vt 0.3625 0.275
vt 0.3125 0.275
vt 0.3625 0.475
vt 0.2625 0.275
vt 0.2625 0.475
vt 0.3125 0.475
vt 0.3125 0.275
vt 0.2625 0.275
vt 0.3125 0.475
vt 0.3125 0.275
vt 0.3125 0.475
vt 0.3625 0.475
vt 0.3625 0.275
vt 0.3125 0.275
vt 0.3625 0.475
vt 0.2625 0.275
vt 0.2625 0.475
vt 0.3125 0.275
vt 0.2625 0.475
vt 0.3125 0.475
vt 0.3125 0.275
vt 0.3125 0.275
vt 0.3125 0.475
vt 0.3625 0.275
vt 0.3125 0.475
vt 0.3625 0.475
vt 0.3625 0.275
vt 0.2625 0.275
vt 0.2625 0.475
vt 0.3125 0.275
vt 0.2625 0.475
vt 0.3125 0.475
vt 0.3125 0.275
vt 0.3125 0.275
vt 0.3125 0.475
vt 0.3625 0.275
vt 0.3125 0.475
vt 0.3625 0.475
vt 0.3625 0.275
vt 0.3875 0.775
vt 0.3875 0.975
vt 0.4875 0.975
vt 0.4875 0.775
vt 0.3875 0.775
vt 0.4875 0.975
vt 0.3875 0.775
vt 0.3875 0.975
vt 0.4875 0.975
vt 0.4875 0.775
vt 0.3875 0.775
vt 0.4875 0.975
vt 0.3875 0.775
vt 0.3875 0.975
vt 0.4875 0.975
vt 0.4875 0.775
vt 0.3875 0.775
vt 0.4875 0.975
vt 0.3875 0.775
vt 0.3875 0.975
vt 0.4875 0.975
vt 0.4875 0.775
vt 0.3875 0.775
vt 0.4875 0.975
vt 0.3875 0.775
vt 0.3875 0.975
vt 0.4875 0.775
vt 0.3875 0.975
vt 0.4875 0.975
vt 0.4875 0.775
vt 0.3875 0.775
vt 0.3875 0.975
vt 0.4875 0.775
vt 0.3875 0.975
vt 0.4875 0.975
vt 0.4875 0.775
vt 0.3875 0.775
vt 0.3875 0.975
vt 0.4875 0.775
vt 0.3875 0.975
vt 0.4875 0.975
vt 0.4875 0.775
vt 0.3875 0.775
vt 0.3875 0.975
vt 0.4875 0.775
vt 0.3875 0.975
vt 0.4875 0.975
vt 0.4875 0.775
vt 0.6375 0.525
vt 0.6375 0.725
vt 0.6875 0.725
vt 0.6875 0.525
vt 0.6375 0.525
vt 0.6875 0.725
vt 0.6875 0.525
vt 0.6875 0.725
vt 0.7375 0.725
vt 0.7375 0.525
vt 0.6875 0.525
vt 0.7375 0.725
vt 0.6375 0.525
vt 0.6375 0.725
vt 0.6875 0.725
vt 0.6875 0.525
vt 0.6375 0.525
vt 0.6875 0.725
vt 0.6875 0.525
vt 0.6875 0.725
vt 0.7375 0.725
vt 0.7375 0.525
vt 0.6875 0.525
vt 0.7375 0.725
vt 0.6375 0.525
vt 0.6375 0.725
vt 0.6875 0.525
vt 0.6375 0.725
vt 0.6875 0.725
vt 0.6875 0.525
vt 0.6875 0.525
vt 0.6875 0.725
vt 0.7375 0.525
vt 0.6875 0.725
vt 0.7375 0.725
vt 0.7375 0.525
vt 0.6375 0.525
vt 0.6375 0.725
vt 0.6875 0.525
vt 0.6375 0.725
vt 0.6875 0.725
vt 0.6875 0.525
vt 0.6875 0.525
vt 0.6875 0.725
vt 0.7375 0.525
vt 0.6875 0.725
vt 0.7375 0.725
vt 0.7375 0.525
vt 0.87625 0.025
vt 0.87625 0.225
vt 0.87625 0.225
vt 0.87625 0.025
vt 0.87625 0.025
vt 0.87625 0.225
vt 0.87625 0.025
vt 0.87625 0.225
vt 0.87625 0.225
vt 0.87625 0.025
vt 0.87625 0.025
vt 0.87625 0.225
vt 0.87625 0.025
vt 0.87625 0.225
vt 0.87625 0.225
vt 0.87625 0.025
vt 0.87625 0.025
vt 0.87625 0.225
vt 0.87625 0.025
vt 0.87625 0.225
vt 0.87625 0.225
vt 0.87625 0.025
vt 0.87625 0.025
vt 0.87625 0.225
vt 0.87625 0.025
vt 0.87625 0.225
vt 0.87625 0.025
vt 0.87625 0.225
vt 0.87625 0.225
vt 0.87625 0.025
vt 0.87625 0.025
vt 0.87625 0.225
vt 0.87625 0.025
vt 0.87625 0.225
vt 0.87625 0.225
vt 0.87625 0.025
vt 0.87625 0.025
vt 0.87625 0.225
vt 0.87625 0.025
vt 0.87625 0.225
vt 0.87625 0.225
vt 0.87625 0.025
vt 0.87625 0.025
vt 0.87625 0.225
vt 0.87625 0.025
vt 0.87625 0.225
vt 0.87625 0.225
vt 0.87625 0.025
vt 0.2625 0.525
vt 0.2625 0.725
vt 0.3125 0.725
vt 0.3125 0.525
vt 0.2625 0.525
vt 0.3125 0.725
vt 0.3125 0.525
vt 0.3125 0.725
vt 0.3625 0.725
vt 0.3625 0.525
vt 0.3125 0.525
vt 0.3625 0.725
vt 0.2625 0.525
vt 0.2625 0.725
vt 0.3125 0.725
vt 0.3125 0.525
vt 0.2625 0.525
vt 0.3125 0.725
vt 0.3125 0.525
vt 0.3125 0.725
vt 0.3625 0.725
vt 0.3625 0.525
vt 0.3125 0.525
vt 0.3625 0.725
vt 0.2625 0.525
vt 0.2625 0.725
vt 0.3125 0.525
vt 0.2625 0.725
vt 0.3125 0.725
vt 0.3125 0.525
vt 0.3125 0.525
vt 0.3125 0.725
vt 0.3625 0.525
vt 0.3125 0.725
vt 0.3625 0.725
vt 0.3625 0.525
vt 0.2625 0.525
vt 0.2625 0.725
vt 0.3125 0.525
vt 0.2625 0.725
vt 0.3125 0.725
vt 0.3125 0.525
vt 0.3125 0.525
vt 0.3125 0.725
vt 0.3625 0.525
vt 0.3125 0.725
vt 0.3625 0.725
vt 0.3625 0.525
vt 0.0125 0.525
vt 0.0125 0.725
vt 0.0625 0.725
vt 0.0625 0.525
vt 0.0125 0.525
vt 0.0625 0.725
vt 0.0625 0.525
vt 0.0625 0.725
vt 0.1125 0.725
vt 0.1125 0.525
vt 0.0625 0.525
vt 0.1125 0.725
vt 0.0125 0.525
vt 0.0125 0.725
vt 0.0625 0.725
vt 0.0625 0.525
vt 0.0125 0.525
vt 0.0625 0.725
vt 0.0625 0.525
vt 0.0625 0.725
vt 0.1125 0.725
vt 0.1125 0.525
vt 0.0625 0.525
vt 0.1125 0.725
vt 0.0125 0.525
vt 0.0125 0.725
vt 0.0625 0.525
vt 0.0125 0.725
vt 0.0625 0.725
vt 0.0625 0.525
vt 0.0625 0.525
vt 0.0625 0.725
vt 0.1125 0.525
vt 0.0625 0.725
vt 0.1125 0.725
vt 0.1125 0.525
vt 0.0125 0.525
vt 0.0125 0.725
vt 0.0625 0.525
vt 0.0125 0.725
vt 0.0625 0.725
vt 0.0625 0.525
vt 0.0625 0.525
vt 0.0625 0.725
vt 0.1125 0.525
vt 0.0625 0.725
vt 0.1125 0.725
vt 0.1125 0.525
vt 0.6375 0.525
vt 0.6375 0.725
vt 0.6875 0.725
vt 0.6875 0.525
vt 0.6375 0.525
vt 0.6875 0.725
vt 0.6875 0.525
vt 0.6875 0.725
vt 0.7375 0.725
vt 0.7375 0.525
vt 0.6875 0.525
vt 0.7375 0.725
vt 0.6375 0.525
vt 0.6375 0.725
vt 0.6875 0.725
vt 0.6875 0.525
vt 0.6375 0.525
vt 0.6875 0.725
vt 0.6875 0.525
vt 0.6875 0.725
vt 0.7375 0.725
vt 0.7375 0.525
vt 0.6875 0.525
vt 0.7375 0.725
vt 0.6375 0.525
vt 0.6375 0.725
vt 0.6875 0.525
vt 0.6375 0.725
vt 0.6875 0.725
vt 0.6875 0.525
vt 0.6875 0.525
vt 0.6875 0.725
vt 0.7375 0.525
vt 0.6875 0.725
vt 0.7375 0.725
vt 0.7375 0.525
vt 0.6375 0.525
vt 0.6375 0.725
vt 0.6875 0.525
vt 0.6375 0.725
vt 0.6875 0.725
vt 0.6875 0.525
vt 0.6875 0.525
vt 0.6875 0.725
vt 0.7375 0.525
vt 0.6875 0.725
vt 0.7375 0.725
vt 0.7375 0.525
vt 0.1375 0.275
vt 0.1375 0.475
vt 0.2375 0.475
vt 0.2375 0.275
vt 0.1375 0.275
vt 0.2375 0.475
vt 0.1375 0.275
vt 0.1375 0.475
vt 0.2375 0.475
vt 0.2375 0.275
vt 0.1375 0.275
vt 0.2375 0.475
vt 0.1375 0.275
vt 0.1375 0.475
vt 0.2375 0.475
vt 0.2375 0.275
vt 0.1375 0.275
vt 0.2375 0.475
vt 0.1375 0.275
vt 0.1375 0.475
vt 0.2375 0.475
vt 0.2375 0.275
vt 0.1375 0.275
vt 0.2375 0.475
vt 0.1375 0.275
vt 0.1375 0.475
vt 0.2375 0.275
vt 0.1375 0.475
vt 0.2375 0.475
vt 0.2375 0.275
vt 0.1375 0.275
vt 0.1375 0.475
vt 0.2375 0.275
vt 0.1375 0.475
vt 0.2375 0.475
vt 0.2375 0.275
vt 0.1375 0.275
vt 0.1375 0.475
vt 0.2375 0.275
vt 0.1375 0.475
vt 0.2375 0.475
vt 0.2375 0.275
vt 0.1375 0.275
vt 0.1375 0.475
vt 0.2375 0.275
vt 0.1375 0.475
vt 0.2375 0.475
vt 0.2375 0.275
vt 0.7625 0.775
vt 0.7625 0.975
vt 0.8125 0.975
vt 0.8125 0.775
vt 0.7625 0.775
vt 0.8125 0.975
vt 0.8125 0.775
vt 0.8125 0.975
vt 0.8625 0.975
vt 0.8625 0.775
vt 0.8125 0.775
vt 0.8625 0.975
vt 0.7625 0.775
vt 0.7625 0.975
vt 0.8125 0.975
vt 0.8125 0.775
vt 0.7625 0.775
vt 0.8125 0.975
vt 0.8125 0.775
vt 0.8125 0.975
vt 0.8625 0.975
vt 0.8625 0.775
vt 0.8125 0.775
vt 0.8625 0.975
vt 0.7625 0.775
vt 0.7625 0.975
vt 0.8125 0.775
vt 0.7625 0.975
vt 0.8125 0.975
vt 0.8125 0.775
vt 0.8125 0.775
vt 0.8125 0.975
vt 0.8625 0.775
vt 0.8125 0.975
vt 0.8625 0.975
vt 0.8625 0.775
vt 0.7625 0.775
vt 0.7625 0.975
vt 0.8125 0.775
vt 0.7625 0.975
vt 0.8125 0.975
vt 0.8125 0.775
vt 0.8125 0.775
vt 0.8125 0.975
vt 0.8625 0.775
vt 0.8125 0.975
vt 0.8625 0.975
vt 0.8625 0.775
vt 0.7625 0.775
vt 0.7625 0.975
vt 0.8125 0.975
vt 0.8125 0.775
vt 0.7625 0.775
vt 0.8125 0.975
vt 0.8125 0.775
vt 0.8125 0.975
vt 0.8625 0.975
vt 0.8625 0.775
vt 0.8125 0.775
vt 0.8625 0.975
vt 0.7625 0.775
vt 0.7625 0.975
vt 0.8125 0.975
vt 0.8125 0.775
vt 0.7625 0.775
vt 0.8125 0.975
vt 0.8125 0.775
vt 0.8125 0.975
vt 0.8625 0.975
vt 0.8625 0.775
vt 0.8125 0.775
vt 0.8625 0.975
vt 0.7625 0.775
vt 0.7625 0.975
vt 0.8125 0.775
vt 0.7625 0.975
vt 0.8125 0.975
vt 0.8125 0.775
vt 0.8125 0.775
vt 0.8125 0.975
vt 0.8625 0.775
vt 0.8125 0.975
vt 0.8625 0.975
vt 0.8625 0.775
vt 0.7625 0.775
vt 0.7625 0.975
vt 0.8125 0.775
vt 0.7625 0.975
vt 0.8125 0.975
vt 0.8125 0.775
vt 0.8125 0.775
vt 0.8125 0.975
vt 0.8625 0.775
vt 0.8125 0.975
vt 0.8625 0.975
vt 0.8625 0.775
vt 0.7625 0.775
vt 0.7625 0.975
vt 0.8125 0.975
vt 0.8125 0.775
vt 0.7625 0.775
vt 0.8125 0.975
vt 0.8125 0.775
vt 0.8125 0.975
vt 0.8625 0.975
vt 0.8625 0.775
vt 0.8125 0.775
vt 0.8625 0.975
vt 0.7625 0.775
vt 0.7625 0.975
vt 0.8125 0.975
vt 0.8125 0.775
vt 0.7625 0.775
vt 0.8125 0.975
vt 0.8125 0.775
vt 0.8125 0.975
vt 0.8625 0.975
vt 0.8625 0.775
vt 0.8125 0.775
vt 0.8625 0.975
vt 0.7625 0.775
vt 0.7625 0.975
vt 0.8125 0.775
vt 0.7625 0.975
vt 0.8125 0.975
vt 0.8125 0.775
vt 0.8125 0.775
vt 0.8125 0.975
vt 0.8625 0.775
vt 0.8125 0.975
vt 0.8625 0.975
vt 0.8625 0.775
vt 0.7625 0.775
vt 0.7625 0.975
vt 0.8125 0.775
vt 0.7625 0.975
vt 0.8125 0.975
vt 0.8125 0.775
vt 0.8125 0.775
vt 0.8125 0.975
vt 0.8625 0.775
vt 0.8125 0.975
vt 0.8625 0.975
vt 0.8625 0.775
vt 0.7625 0.775
vt 0.7625 0.975
vt 0.8125 0.975
vt 0.8125 0.775
vt 0.7625 0.775
vt 0.8125 0.975
vt 0.8125 0.775
vt 0.8125 0.975
vt 0.8625 0.975
vt 0.8625 0.775
vt 0.8125 0.775
vt 0.8625 0.975
vt 0.7625 0.775
vt 0.7625 0.975
vt 0.8125 0.975
vt 0.8125 0.775
vt 0.7625 0.775
vt 0.8125 0.975
vt 0.8125 0.775
vt 0.8125 0.975
vt 0.8625 0.975
vt 0.8625 0.775
vt 0.8125 0.775
vt 0.8625 0.975
vt 0.7625 0.775
vt 0.7625 0.975
vt 0.8125 0.775
vt 0.7625 0.975
vt 0.8125 0.975
vt 0.8125 0.775
vt 0.8125 0.775
vt 0.8125 0.975
vt 0.8625 0.775
vt 0.8125 0.975
vt 0.8625 0.975
vt 0.8625 0.775
vt 0.7625 0.775
vt 0.7625 0.975
vt 0.8125 0.775
vt 0.7625 0.975
vt 0.8125 0.975
vt 0.8125 0.775
vt 0.8125 0.775
vt 0.8125 0.975
vt 0.8625 0.775
vt 0.8125 0.975
vt 0.8625 0.975
vt 0.8625 0.775
vt 0.7625 0.775
vt 0.7625 0.975
vt 0.8125 0.975
vt 0.8125 0.775
vt 0.7625 0.775
vt 0.8125 0.975
vt 0.8125 0.775
vt 0.8125 0.975
vt 0.8625 0.975
vt 0.8625 0.775
vt 0.8125 0.775
vt 0.8625 0.975
vt 0.7625 0.775
vt 0.7625 0.975
vt 0.8125 0.975
vt 0.8125 0.775
vt 0.7625 0.775
vt 0.8125 0.975
vt 0.8125 0.775
vt 0.8125 0.975
vt 0.8625 0.975
vt 0.8625 0.775
vt 0.8125 0.775
vt 0.8625 0.975
vt 0.7625 0.775
vt 0.7625 0.975
vt 0.8125 0.775
vt 0.7625 0.975
vt 0.8125 0.975
vt 0.8125 0.775
vt 0.8125 0.775
vt 0.8125 0.975
vt 0.8625 0.775
vt 0.8125 0.975
vt 0.8625 0.975
vt 0.8625 0.775
vt 0.7625 0.775
vt 0.7625 0.975
vt 0.8125 0.775
vt 0.7625 0.975
vt 0.8125 0.975
vt 0.8125 0.775
vt 0.8125 0.775
vt 0.8125 0.975
vt 0.8625 0.775
vt 0.8125 0.975
vt 0.8625 0.975
vt 0.8625 0.775
vt 0.7625 0.775
vt 0.7625 0.975
vt 0.8125 0.975
vt 0.8125 0.775
vt 0.7625 0.775
vt 0.8125 0.975
vt 0.8125 0.775
vt 0.8125 0.975
vt 0.8625 0.975
vt 0.8625 0.775
vt 0.8125 0.775
vt 0.8625 0.975
vt 0.7625 0.775
vt 0.7625 0.975
vt 0.8125 0.975
vt 0.8125 0.775
vt 0.7625 0.775
vt 0.8125 0.975
vt 0.8125 0.775
vt 0.8125 0.975
vt 0.8625 0.975
vt 0.8625 0.775
vt 0.8125 0.775
vt 0.8625 0.975
vt 0.7625 0.775
vt 0.7625 0.975
vt 0.8125 0.775
vt 0.7625 0.975
vt 0.8125 0.975
vt 0.8125 0.775
vt 0.8125 0.775
vt 0.8125 0.975
vt 0.8625 0.775
vt 0.8125 0.975
vt 0.8625 0.975
vt 0.8625 0.775
vt 0.7625 0.775
vt 0.7625 0.975
vt 0.8125 0.775
vt 0.7625 0.975
vt 0.8125 0.975
vt 0.8125 0.775
vt 0.8125 0.775
vt 0.8125 0.975
vt 0.8625 0.775
vt 0.8125 0.975
vt 0.8625 0.975
vt 0.8625 0.775
vt 0.7625 0.775
vt 0.7625 0.975
vt 0.8125 0.975
vt 0.8125 0.775
vt 0.7625 0.775
vt 0.8125 0.975
vt 0.8125 0.775
vt 0.8125 0.975
vt 0.8625 0.975
vt 0.8625 0.775
vt 0.8125 0.775
vt 0.8625 0.975
vt 0.7625 0.775
vt 0.7625 0.975
vt 0.8125 0.975
vt 0.8125 0.775
vt 0.7625 0.775
vt 0.8125 0.975
vt 0.8125 0.775
vt 0.8125 0.975
vt 0.8625 0.975
vt 0.8625 0.775
vt 0.8125 0.775
vt 0.8625 0.975
vt 0.7625 0.775
vt 0.7625 0.975
vt 0.8125 0.775
vt 0.7625 0.975
vt 0.8125 0.975
vt 0.8125 0.775
vt 0.8125 0.775
vt 0.8125 0.975
vt 0.8625 0.775
vt 0.8125 0.975
vt 0.8625 0.975
vt 0.8625 0.775
vt 0.7625 0.775
vt 0.7625 0.975
vt 0.8125 0.775
vt 0.7625 0.975
vt 0.8125 0.975
vt 0.8125 0.775
vt 0.8125 0.775
vt 0.8125 0.975
vt 0.8625 0.775
vt 0.8125 0.975
vt 0.8625 0.975
vt 0.8625 0.775
vt 0.7625 0.775
vt 0.7625 0.975
vt 0.8125 0.975
vt 0.8125 0.775
vt 0.7625 0.775
vt 0.8125 0.975
vt 0.8125 0.775
vt 0.8125 0.975
vt 0.8625 0.975
vt 0.8625 0.775
vt 0.8125 0.775
vt 0.8625 0.975
vt 0.7625 0.775
vt 0.7625 0.975
vt 0.8125 0.975
vt 0.8125 0.775
vt 0.7625 0.775
vt 0.8125 0.975
vt 0.8125 0.775
vt 0.8125 0.975
vt 0.8625 0.975
vt 0.8625 0.775
vt 0.8125 0.775
vt 0.8625 0.975
vt 0.7625 0.775
vt 0.7625 0.975
vt 0.8125 0.775
vt 0.7625 0.975
vt 0.8125 0.975
vt 0.8125 0.775
vt 0.8125 0.775
vt 0.8125 0.975
vt 0.8625 0.775
vt 0.8125 0.975
vt 0.8625 0.975
vt 0.8625 0.775
vt 0.7625 0.775
vt 0.7625 0.975
vt 0.8125 0.775
vt 0.7625 0.975
vt 0.8125 0.975
vt 0.8125 0.775
vt 0.8125 0.775
vt 0.8125 0.975
vt 0.8625 0.775
vt 0.8125 0.975
vt 0.8625 0.975
vt 0.8625 0.775
vt 0.7625 0.775
vt 0.7625 0.975
vt 0.8125 0.975
vt 0.8125 0.775
vt 0.7625 0.775
vt 0.8125 0.975
vt 0.8125 0.775
vt 0.8125 0.975
vt 0.8625 0.975
vt 0.8625 0.775
vt 0.8125 0.775
vt 0.8625 0.975
vt 0.7625 0.775
vt 0.7625 0.975
vt 0.8125 0.975
vt 0.8125 0.775
vt 0.7625 0.775
vt 0.8125 0.975
vt 0.8125 0.775
vt 0.8125 0.975
vt 0.8625 0.975
vt 0.8625 0.775
vt 0.8125 0.775
vt 0.8625 0.975
vt 0.7625 0.775
vt 0.7625 0.975
vt 0.8125 0.775
vt 0.7625 0.975
vt 0.8125 0.975
vt 0.8125 0.775
vt 0.8125 0.775
vt 0.8125 0.975
vt 0.8625 0.775
vt 0.8125 0.975
vt 0.8625 0.975
vt 0.8625 0.775
vt 0.7625 0.775
vt 0.7625 0.975
vt 0.8125 0.775
vt 0.7625 0.975
vt 0.8125 0.975
vt 0.8125 0.775
vt 0.8125 0.775
vt 0.8125 0.975
vt 0.8625 0.775
vt 0.8125 0.975
vt 0.8625 0.975
vt 0.8625 0.775
vt 0.7625 0.775
vt 0.7625 0.975
vt 0.8125 0.975
vt 0.8125 0.775
vt 0.7625 0.775
vt 0.8125 0.975
vt 0.8125 0.775
vt 0.8125 0.975
vt 0.8625 0.975
vt 0.8625 0.775
vt 0.8125 0.775
vt 0.8625 0.975
vt 0.7625 0.775
vt 0.7625 0.975
vt 0.8125 0.975
vt 0.8125 0.775
vt 0.7625 0.775
vt 0.8125 0.975
vt 0.8125 0.775
vt 0.8125 0.975
vt 0.8625 0.975
vt 0.8625 0.775
vt 0.8125 0.775
vt 0.8625 0.975
vt 0.7625 0.775
vt 0.7625 0.975
vt 0.8125 0.775
vt 0.7625 0.975
vt 0.8125 0.975
vt 0.8125 0.775
vt 0.8125 0.775
vt 0.8125 0.975
vt 0.8625 0.775
vt 0.8125 0.975
vt 0.8625 0.975
vt 0.8625 0.775
vt 0.7625 0.775
vt 0.7625 0.975
vt 0.8125 0.775
vt 0.7625 0.975
vt 0.8125 0.975
vt 0.8125 0.775
vt 0.8125 0.775
vt 0.8125 0.975
vt 0.8625 0.775
vt 0.8125 0.975
vt 0.8625 0.975
vt 0.8625 0.775
vt 0.7625 0.775
vt 0.7625 0.975
vt 0.8125 0.975
vt 0.8125 0.775
vt 0.7625 0.775
vt 0.8125 0.975
vt 0.8125 0.775
vt 0.8125 0.975
vt 0.8625 0.975
vt 0.8625 0.775
vt 0.8125 0.775
vt 0.8625 0.975
vt 0.7625 0.775
vt 0.7625 0.975
vt 0.8125 0.975
vt 0.8125 0.775
vt 0.7625 0.775
vt 0.8125 0.975
vt 0.8125 0.775
vt 0.8125 0.975
vt 0.8625 0.975
vt 0.8625 0.775
vt 0.8125 0.775
vt 0.8625 0.975
vt 0.7625 0.775
vt 0.7625 0.975
vt 0.8125 0.775
vt 0.7625 0.975
vt 0.8125 0.975
vt 0.8125 0.775
vt 0.8125 0.775
vt 0.8125 0.975
vt 0.8625 0.775
vt 0.8125 0.975
vt 0.8625 0.975
vt 0.8625 0.775
vt 0.7625 0.775
vt 0.7625 0.975
vt 0.8125 0.775
vt 0.7625 0.975
vt 0.8125 0.975
vt 0.8125 0.775
vt 0.8125 0.775
vt 0.8125 0.975
vt 0.8625 0.775
vt 0.8125 0.975
vt 0.8625 0.975
vt 0.8625 0.775
vt 0.7625 0.775
vt 0.7625 0.975
vt 0.8125 0.975
vt 0.8125 0.775
vt 0.7625 0.775
vt 0.8125 0.975
vt 0.8125 0.775
vt 0.8125 0.975
vt 0.8625 0.975
vt 0.8625 0.775
vt 0.8125 0.775
vt 0.8625 0.975
vt 0.7625 0.775
vt 0.7625 0.975
vt 0.8125 0.975
vt 0.8125 0.775
vt 0.7625 0.775
vt 0.8125 0.975
vt 0.8125 0.775
vt 0.8125 0.975
vt 0.8625 0.975
vt 0.8625 0.775
vt 0.8125 0.775
vt 0.8625 0.975
vt 0.7625 0.775
vt 0.7625 0.975
vt 0.8125 0.775
vt 0.7625 0.975
vt 0.8125 0.975
vt 0.8125 0.775
vt 0.8125 0.775
vt 0.8125 0.975
vt 0.8625 0.775
vt 0.8125 0.975
vt 0.8625 0.975
vt 0.8625 0.775
vt 0.7625 0.775
vt 0.7625 0.975
vt 0.8125 0.775
vt 0.7625 0.975
vt 0.8125 0.975
vt 0.8125 0.775
vt 0.8125 0.775
vt 0.8125 0.975
vt 0.8625 0.775
vt 0.8125 0.975
vt 0.8625 0.975
vt 0.8625 0.775
vt 0.7625 0.775
vt 0.7625 0.975
vt 0.8125 0.975
vt 0.8125 0.775
vt 0.7625 0.775
vt 0.8125 0.975
vt 0.8125 0.775
vt 0.8125 0.975
vt 0.8625 0.975
vt 0.8625 0.775
vt 0.8125 0.775
vt 0.8625 0.975
vt 0.7625 0.775
vt 0.7625 0.975
vt 0.8125 0.975
vt 0.8125 0.775
vt 0.7625 0.775
vt 0.8125 0.975
vt 0.8125 0.775
vt 0.8125 0.975
vt 0.8625 0.975
vt 0.8625 0.775
vt 0.8125 0.775
vt 0.8625 0.975
vt 0.7625 0.775
vt 0.7625 0.975
vt 0.8125 0.775
vt 0.7625 0.975
vt 0.8125 0.975
vt 0.8125 0.775
vt 0.8125 0.775
vt 0.8125 0.975
vt 0.8625 0.775
vt 0.8125 0.975
vt 0.8625 0.975
vt 0.8625 0.775
vt 0.7625 0.775
vt 0.7625 0.975
vt 0.8125 0.775
vt 0.7625 0.975
vt 0.8125 0.975
vt 0.8125 0.775
vt 0.8125 0.775
vt 0.8125 0.975
vt 0.8625 0.775
vt 0.8125 0.975
vt 0.8625 0.975
vt 0.8625 0.775
vt 0.7625 0.775
vt 0.7625 0.975
vt 0.8125 0.975
vt 0.8125 0.775
vt 0.7625 0.775
vt 0.8125 0.975
vt 0.8125 0.775
vt 0.8125 0.975
vt 0.8625 0.975
vt 0.8625 0.775
vt 0.8125 0.775
vt 0.8625 0.975
vt 0.7625 0.775
vt 0.7625 0.975
vt 0.8125 0.975
vt 0.8125 0.775
vt 0.7625 0.775
vt 0.8125 0.975
vt 0.8125 0.775
vt 0.8125 0.975
vt 0.8625 0.975
vt 0.8625 0.775
vt 0.8125 0.775
vt 0.8625 0.975
vt 0.7625 0.775
vt 0.7625 0.975
vt 0.8125 0.775
vt 0.7625 0.975
vt 0.8125 0.975
vt 0.8125 0.775
vt 0.8125 0.775
vt 0.8125 0.975
vt 0.8625 0.775
vt 0.8125 0.975
vt 0.8625 0.975
vt 0.8625 0.775
vt 0.7625 0.775
vt 0.7625 0.975
vt 0.8125 0.775
vt 0.7625 0.975
vt 0.8125 0.975
vt 0.8125 0.775
vt 0.8125 0.775
vt 0.8125 0.975
vt 0.8625 0.775
vt 0.8125 0.975
vt 0.8625 0.975
vt 0.8625 0.775
vt 0.7625 0.775
vt 0.7625 0.975
vt 0.8125 0.975
vt 0.8125 0.775
vt 0.7625 0.775
vt 0.8125 0.975
vt 0.8125 0.775
vt 0.8125 0.975
vt 0.8625 0.975
vt 0.8625 0.775
vt 0.8125 0.775
vt 0.8625 0.975
vt 0.7625 0.775
vt 0.7625 0.975
vt 0.8125 0.975
vt 0.8125 0.775
vt 0.7625 0.775
vt 0.8125 0.975
vt 0.8125 0.775
vt 0.8125 0.975
vt 0.8625 0.975
vt 0.8625 0.775
vt 0.8125 0.775
vt 0.8625 0.975
vt 0.7625 0.775
vt 0.7625 0.975
vt 0.8125 0.775
vt 0.7625 0.975
vt 0.8125 0.975
vt 0.8125 0.775
vt 0.8125 0.775
vt 0.8125 0.975
vt 0.8625 0.775
vt 0.8125 0.975
vt 0.8625 0.975
vt 0.8625 0.775
vt 0.7625 0.775
vt 0.7625 0.975
vt 0.8125 0.775
vt 0.7625 0.975
vt 0.8125 0.975
vt 0.8125 0.775
vt 0.8125 0.775
vt 0.8125 0.975
vt 0.8625 0.775
vt 0.8125 0.975
vt 0.8625 0.975
vt 0.8625 0.775
vt 0.7625 0.775
vt 0.7625 0.975
vt 0.8125 0.975
vt 0.8125 0.775
vt 0.7625 0.775
vt 0.8125 0.975
vt 0.8125 0.775
vt 0.8125 0.975
vt 0.8625 0.975
vt 0.8625 0.775
vt 0.8125 0.775
vt 0.8625 0.975
vt 0.7625 0.775
vt 0.7625 0.975
vt 0.8125 0.975
vt 0.8125 0.775
vt 0.7625 0.775
vt 0.8125 0.975
vt 0.8125 0.775
vt 0.8125 0.975
vt 0.8625 0.975
vt 0.8625 0.775
vt 0.8125 0.775
vt 0.8625 0.975
vt 0.7625 0.775
vt 0.7625 0.975
vt 0.8125 0.775
vt 0.7625 0.975
vt 0.8125 0.975
vt 0.8125 0.775
vt 0.8125 0.775
vt 0.8125 0.975
vt 0.8625 0.775
vt 0.8125 0.975
vt 0.8625 0.975
vt 0.8625 0.775
vt 0.7625 0.775
vt 0.7625 0.975
vt 0.8125 0.775
vt 0.7625 0.975
vt 0.8125 0.975
vt 0.8125 0.775
vt 0.8125 0.775
vt 0.8125 0.975
vt 0.8625 0.775
vt 0.8125 0.975
vt 0.8625 0.975
vt 0.8625 0.775
vt 0.7625 0.775
vt 0.7625 0.975
vt 0.8125 0.975
vt 0.8125 0.775
vt 0.7625 0.775
vt 0.8125 0.975
vt 0.8125 0.775
vt 0.8125 0.975
vt 0.8625 0.975
vt 0.8625 0.775
vt 0.8125 0.775
vt 0.8625 0.975
vt 0.7625 0.775
vt 0.7625 0.975
vt 0.8125 0.975
vt 0.8125 0.775
vt 0.7625 0.775
vt 0.8125 0.975
vt 0.8125 0.775
vt 0.8125 0.975
vt 0.8625 0.975
vt 0.8625 0.775
vt 0.8125 0.775
vt 0.8625 0.975
vt 0.7625 0.775
vt 0.7625 0.975
vt 0.8125 0.775
vt 0.7625 0.975
vt 0.8125 0.975
vt 0.8125 0.775
vt 0.8125 0.775
vt 0.8125 0.975
vt 0.8625 0.775
vt 0.8125 0.975
vt 0.8625 0.975
vt 0.8625 0.775
vt 0.7625 0.775
vt 0.7625 0.975
vt 0.8125 0.775
vt 0.7625 0.975
vt 0.8125 0.975
vt 0.8125 0.775
vt 0.8125 0.775
vt 0.8125 0.975
vt 0.8625 0.775
vt 0.8125 0.975
vt 0.8625 0.975
vt 0.8625 0.775
vt 0.7625 0.775
vt 0.7625 0.975
vt 0.8125 0.975
vt 0.8125 0.775
vt 0.7625 0.775
vt 0.8125 0.975
vt 0.8125 0.775
vt 0.8125 0.975
vt 0.8625 0.975
vt 0.8625 0.775
vt 0.8125 0.775
vt 0.8625 0.975
vt 0.7625 0.775
vt 0.7625 0.975
vt 0.8125 0.975
vt 0.8125 0.775
vt 0.7625 0.775
vt 0.8125 0.975
vt 0.8125 0.775
vt 0.8125 0.975
vt 0.8625 0.975
vt 0.8625 0.775
vt 0.8125 0.775
vt 0.8625 0.975
vt 0.7625 0.775
vt 0.7625 0.975
vt 0.8125 0.775
vt 0.7625 0.975
vt 0.8125 0.975
vt 0.8125 0.775
vt 0.8125 0.775
vt 0.8125 0.975
vt 0.8625 0.775
vt 0.8125 0.975
vt 0.8625 0.975
vt 0.8625 0.775
vt 0.7625 0.775
vt 0.7625 0.975
vt 0.8125 0.775
vt 0.7625 0.975
vt 0.8125 0.975
vt 0.8125 0.775
vt 0.8125 0.775
vt 0.8125 0.975
vt 0.8625 0.775
vt 0.8125 0.975
vt 0.8625 0.975
vt 0.8625 0.775
vt 0.7625 0.775
vt 0.7625 0.975
vt 0.8125 0.975
vt 0.8125 0.775
vt 0.7625 0.775
vt 0.8125 0.975
vt 0.8125 0.775
vt 0.8125 0.975
vt 0.8625 0.975
vt 0.8625 0.775
vt 0.8125 0.775
vt 0.8625 0.975
vt 0.7625 0.775
vt 0.7625 0.975
vt 0.8125 0.975
vt 0.8125 0.775
vt 0.7625 0.775
vt 0.8125 0.975
vt 0.8125 0.775
vt 0.8125 0.975
vt 0.8625 0.975
vt 0.8625 0.775
vt 0.8125 0.775
vt 0.8625 0.975
vt 0.7625 0.775
vt 0.7625 0.975
vt 0.8125 0.775
vt 0.7625 0.975
vt 0.8125 0.975
vt 0.8125 0.775
vt 0.8125 0.775
vt 0.8125 0.975
vt 0.8625 0.775
vt 0.8125 0.975
vt 0.8625 0.975
vt 0.8625 0.775
vt 0.7625 0.775
vt 0.7625 0.975
vt 0.8125 0.775
vt 0.7625 0.975
vt 0.8125 0.975
vt 0.8125 0.775
vt 0.8125 0.775
vt 0.8125 0.975
vt 0.8625 0.775
vt 0.8125 0.975
vt 0.8625 0.975
vt 0.8625 0.775
vt 0.7625 0.775
vt 0.7625 0.975
vt 0.8125 0.975
vt 0.8125 0.775
vt 0.7625 0.775
vt 0.8125 0.975
vt 0.8125 0.775
vt 0.8125 0.975
vt 0.8625 0.975
vt 0.8625 0.775
vt 0.8125 0.775
vt 0.8625 0.975
vt 0.7625 0.775
vt 0.7625 0.975
vt 0.8125 0.975
vt 0.8125 0.775
vt 0.7625 0.775
vt 0.8125 0.975
vt 0.8125 0.775
vt 0.8125 0.975
vt 0.8625 0.975
vt 0.8625 0.775
vt 0.8125 0.775
vt 0.8625 0.975
vt 0.7625 0.775
vt 0.7625 0.975
vt 0.8125 0.775
vt 0.7625 0.975
vt 0.8125 0.975
vt 0.8125 0.775
vt 0.8125 0.775
vt 0.8125 0.975
vt 0.8625 0.775
vt 0.8125 0.975
vt 0.8625 0.975
vt 0.8625 0.775
vt 0.7625 0.775
vt 0.7625 0.975
vt 0.8125 0.775
vt 0.7625 0.975
vt 0.8125 0.975
vt 0.8125 0.775
vt 0.8125 0.775
vt 0.8125 0.975
vt 0.8625 0.775
vt 0.8125 0.975
vt 0.8625 0.975
vt 0.8625 0.775
vt 0.7625 0.775
vt 0.7625 0.975
vt 0.8125 0.975
vt 0.8125 0.775
vt 0.7625 0.775
vt 0.8125 0.975
vt 0.8125 0.775
vt 0.8125 0.975
vt 0.8625 0.975
vt 0.8625 0.775
vt 0.8125 0.775
vt 0.8625 0.975
vt 0.7625 0.775
vt 0.7625 0.975
vt 0.8125 0.975
vt 0.8125 0.775
vt 0.7625 0.775
vt 0.8125 0.975
vt 0.8125 0.775
vt 0.8125 0.975
vt 0.8625 0.975
vt 0.8625 0.775
vt 0.8125 0.775
vt 0.8625 0.975
vt 0.7625 0.775
vt 0.7625 0.975
vt 0.8125 0.775
vt 0.7625 0.975
vt 0.8125 0.975
vt 0.8125 0.775
vt 0.8125 0.775
vt 0.8125 0.975
vt 0.8625 0.775
vt 0.8125 0.975
vt 0.8625 0.975
vt 0.8625 0.775
vt 0.7625 0.775
vt 0.7625 0.975
vt 0.8125 0.775
vt 0.7625 0.975
vt 0.8125 0.975
vt 0.8125 0.775
vt 0.8125 0.775
vt 0.8125 0.975
vt 0.8625 0.775
vt 0.8125 0.975
vt 0.8625 0.975
vt 0.8625 0.775
vt 0.7625 0.775
vt 0.7625 0.975
vt 0.8125 0.975
vt 0.8125 0.775
vt 0.7625 0.775
vt 0.8125 0.975
vt 0.8125 0.775
vt 0.8125 0.975
vt 0.8625 0.975
vt 0.8625 0.775
vt 0.8125 0.775
vt 0.8625 0.975
vt 0.7625 0.775
vt 0.7625 0.975
vt 0.8125 0.975
vt 0.8125 0.775
vt 0.7625 0.775
vt 0.8125 0.975
vt 0.8125 0.775
vt 0.8125 0.975
vt 0.8625 0.975
vt 0.8625 0.775
vt 0.8125 0.775
vt 0.8625 0.975
vt 0.7625 0.775
vt 0.7625 0.975
vt 0.8125 0.775
vt 0.7625 0.975
vt 0.8125 0.975
vt 0.8125 0.775
vt 0.8125 0.775
vt 0.8125 0.975
vt 0.8625 0.775
vt 0.8125 0.975
vt 0.8625 0.975
vt 0.8625 0.775
vt 0.7625 0.775
vt 0.7625 0.975
vt 0.8125 0.775
vt 0.7625 0.975
vt 0.8125 0.975
vt 0.8125 0.775
vt 0.8125 0.775
vt 0.8125 0.975
vt 0.8625 0.775
vt 0.8125 0.975
vt 0.8625 0.975
vt 0.8625 0.775
vt 0.7625 0.775
vt 0.7625 0.975
vt 0.8125 0.975
vt 0.8125 0.775
vt 0.7625 0.775
vt 0.8125 0.975
vt 0.8125 0.775
vt 0.8125 0.975
vt 0.8625 0.975
vt 0.8625 0.775
vt 0.8125 0.775
vt 0.8625 0.975
vt 0.7625 0.775
vt 0.7625 0.975
vt 0.8125 0.975
vt 0.8125 0.775
vt 0.7625 0.775
vt 0.8125 0.975
vt 0.8125 0.775
vt 0.8125 0.975
vt 0.8625 0.975
vt 0.8625 0.775
vt 0.8125 0.775
vt 0.8625 0.975
vt 0.7625 0.775
vt 0.7625 0.975
vt 0.8125 0.775
vt 0.7625 0.975
vt 0.8125 0.975
vt 0.8125 0.775
vt 0.8125 0.775
vt 0.8125 0.975
vt 0.8625 0.775
vt 0.8125 0.975
vt 0.8625 0.975
vt 0.8625 0.775
vt 0.7625 0.775
vt 0.7625 0.975
vt 0.8125 0.775
vt 0.7625 0.975
vt 0.8125 0.975
vt 0.8125 0.775
vt 0.8125 0.775
vt 0.8125 0.975
vt 0.8625 0.775
vt 0.8125 0.975
vt 0.8625 0.975
vt 0.8625 0.775
vt 0.7625 0.775
vt 0.7625 0.975
vt 0.8125 0.975
vt 0.8125 0.775
vt 0.7625 0.775
vt 0.8125 0.975
vt 0.8125 0.775
vt 0.8125 0.975
vt 0.8625 0.975
vt 0.8625 0.775
vt 0.8125 0.775
vt 0.8625 0.975
vt 0.7625 0.775
vt 0.7625 0.975
vt 0.8125 0.975
vt 0.8125 0.775
vt 0.7625 0.775
vt 0.8125 0.975
vt 0.8125 0.775
vt 0.8125 0.975
vt 0.8625 0.975
vt 0.8625 0.775
vt 0.8125 0.775
vt 0.8625 0.975
vt 0.7625 0.775
vt 0.7625 0.975
vt 0.8125 0.775
vt 0.7625 0.975
vt 0.8125 0.975
vt 0.8125 0.775
vt 0.8125 0.775
vt 0.8125 0.975
vt 0.8625 0.775
vt 0.8125 0.975
vt 0.8625 0.975
vt 0.8625 0.775
vt 0.7625 0.775
vt 0.7625 0.975
vt 0.8125 0.775
vt 0.7625 0.975
vt 0.8125 0.975
vt 0.8125 0.775
vt 0.8125 0.775
vt 0.8125 0.975
vt 0.8625 0.775
vt 0.8125 0.975
vt 0.8625 0.975
vt 0.8625 0.775
vt 0.7625 0.775
vt 0.7625 0.975
vt 0.8125 0.975
vt 0.8125 0.775
vt 0.7625 0.775
vt 0.8125 0.975
vt 0.8125 0.775
vt 0.8125 0.975
vt 0.8625 0.975
vt 0.8625 0.775
vt 0.8125 0.775
vt 0.8625 0.975
vt 0.7625 0.775
vt 0.7625 0.975
vt 0.8125 0.975
vt 0.8125 0.775
vt 0.7625 0.775
vt 0.8125 0.975
vt 0.8125 0.775
vt 0.8125 0.975
vt 0.8625 0.975
vt 0.8625 0.775
vt 0.8125 0.775
vt 0.8625 0.975
vt 0.7625 0.775
vt 0.7625 0.975
vt 0.8125 0.775
vt 0.7625 0.975
vt 0.8125 0.975
vt 0.8125 0.775
vt 0.8125 0.775
vt 0.8125 0.975
vt 0.8625 0.775
vt 0.8125 0.975
vt 0.8625 0.975
vt 0.8625 0.775
vt 0.7625 0.775
vt 0.7625 0.975
vt 0.8125 0.775
vt 0.7625 0.975
vt 0.8125 0.975
vt 0.8125 0.775
vt 0.8125 0.775
vt 0.8125 0.975
vt 0.8625 0.775
vt 0.8125 0.975
vt 0.8625 0.975
vt 0.8625 0.775
vt 0.7625 0.775
vt 0.7625 0.975
vt 0.8125 0.975
vt 0.8125 0.775
vt 0.7625 0.775
vt 0.8125 0.975
vt 0.8125 0.775
vt 0.8125 0.975
vt 0.8625 0.975
vt 0.8625 0.775
vt 0.8125 0.775
vt 0.8625 0.975
vt 0.7625 0.775
vt 0.7625 0.975
vt 0.8125 0.975
vt 0.8125 0.775
vt 0.7625 0.775
vt 0.8125 0.975
vt 0.8125 0.775
vt 0.8125 0.975
vt 0.8625 0.975
vt 0.8625 0.775
vt 0.8125 0.775
vt 0.8625 0.975
vt 0.7625 0.775
vt 0.7625 0.975
vt 0.8125 0.775
vt 0.7625 0.975
vt 0.8125 0.975
vt 0.8125 0.775
vt 0.8125 0.775
vt 0.8125 0.975
vt 0.8625 0.775
vt 0.8125 0.975
vt 0.8625 0.975
vt 0.8625 0.775
vt 0.7625 0.775
vt 0.7625 0.975
vt 0.8125 0.775
vt 0.7625 0.975
vt 0.8125 0.975
vt 0.8125 0.775
vt 0.8125 0.775
vt 0.8125 0.975
vt 0.8625 0.775
vt 0.8125 0.975
vt 0.8625 0.975
vt 0.8625 0.775
vt 0.7625 0.775
vt 0.7625 0.975
vt 0.8125 0.975
vt 0.8125 0.775
vt 0.7625 0.775
vt 0.8125 0.975
vt 0.8125 0.775
vt 0.8125 0.975
vt 0.8625 0.975
vt 0.8625 0.775
vt 0.8125 0.775
vt 0.8625 0.975
vt 0.7625 0.775
vt 0.7625 0.975
vt 0.8125 0.975
vt 0.8125 0.775
vt 0.7625 0.775
vt 0.8125 0.975
vt 0.8125 0.775
vt 0.8125 0.975
vt 0.8625 0.975
vt 0.8625 0.775
vt 0.8125 0.775
vt 0.8625 0.975
vt 0.7625 0.775
vt 0.7625 0.975
vt 0.8125 0.775
vt 0.7625 0.975
vt 0.8125 0.975
vt 0.8125 0.775
vt 0.8125 0.775
vt 0.8125 0.975
vt 0.8625 0.775
vt 0.8125 0.975
vt 0.8625 0.975
vt 0.8625 0.775
vt 0.7625 0.775
vt 0.7625 0.975
vt 0.8125 0.775
vt 0.7625 0.975
vt 0.8125 0.975
vt 0.8125 0.775
vt 0.8125 0.775
vt 0.8125 0.975
vt 0.8625 0.775
vt 0.8125 0.975
vt 0.8625 0.975
vt 0.8625 0.775
vt 0.7625 0.775
vt 0.7625 0.975
vt 0.8125 0.975
vt 0.8125 0.775
vt 0.7625 0.775
vt 0.8125 0.975
vt 0.8125 0.775
vt 0.8125 0.975
vt 0.8625 0.975
vt 0.8625 0.775
vt 0.8125 0.775
vt 0.8625 0.975
vt 0.7625 0.775
vt 0.7625 0.975
vt 0.8125 0.975
vt 0.8125 0.775
vt 0.7625 0.775
vt 0.8125 0.975
vt 0.8125 0.775
vt 0.8125 0.975
vt 0.8625 0.975
vt 0.8625 0.775
vt 0.8125 0.775
vt 0.8625 0.975
vt 0.7625 0.775
vt 0.7625 0.975
vt 0.8125 0.775
vt 0.7625 0.975
vt 0.8125 0.975
vt 0.8125 0.775
vt 0.8125 0.775
vt 0.8125 0.975
vt 0.8625 0.775
vt 0.8125 0.975
vt 0.8625 0.975
vt 0.8625 0.775
vt 0.7625 0.775
vt 0.7625 0.975
vt 0.8125 0.775
vt 0.7625 0.975
vt 0.8125 0.975
vt 0.8125 0.775
vt 0.8125 0.775
vt 0.8125 0.975
vt 0.8625 0.775
vt 0.8125 0.975
vt 0.8625 0.975
vt 0.8625 0.775
vt 0.7625 0.775
vt 0.7625 0.975
vt 0.8125 0.975
vt 0.8125 0.775
vt 0.7625 0.775
vt 0.8125 0.975
vt 0.8125 0.775
vt 0.8125 0.975
vt 0.8625 0.975
vt 0.8625 0.775
vt 0.8125 0.775
vt 0.8625 0.975
vt 0.7625 0.775
vt 0.7625 0.975
vt 0.8125 0.975
vt 0.8125 0.775
vt 0.7625 0.775
vt 0.8125 0.975
vt 0.8125 0.775
vt 0.8125 0.975
vt 0.8625 0.975
vt 0.8625 0.775
vt 0.8125 0.775
vt 0.8625 0.975
vt 0.7625 0.775
vt 0.7625 0.975
vt 0.8125 0.775
vt 0.7625 0.975
vt 0.8125 0.975
vt 0.8125 0.775
vt 0.8125 0.775
vt 0.8125 0.975
vt 0.8625 0.775
vt 0.8125 0.975
vt 0.8625 0.975
vt 0.8625 0.775
vt 0.7625 0.775
vt 0.7625 0.975
vt 0.8125 0.775
vt 0.7625 0.975
vt 0.8125 0.975
vt 0.8125 0.775
vt 0.8125 0.775
vt 0.8125 0.975
vt 0.8625 0.775
vt 0.8125 0.975
vt 0.8625 0.975
vt 0.8625 0.775
vt 0.7625 0.775
vt 0.7625 0.975
vt 0.8125 0.975
vt 0.8125 0.775
vt 0.7625 0.775
vt 0.8125 0.975
vt 0.8125 0.775
vt 0.8125 0.975
vt 0.8625 0.975
vt 0.8625 0.775
vt 0.8125 0.775
vt 0.8625 0.975
vt 0.7625 0.775
vt 0.7625 0.975
vt 0.8125 0.975
vt 0.8125 0.775
vt 0.7625 0.775
vt 0.8125 0.975
vt 0.8125 0.775
vt 0.8125 0.975
vt 0.8625 0.975
vt 0.8625 0.775
vt 0.8125 0.775
vt 0.8625 0.975
vt 0.7625 0.775
vt 0.7625 0.975
vt 0.8125 0.775
vt 0.7625 0.975
vt 0.8125 0.975
vt 0.8125 0.775
vt 0.8125 0.775
vt 0.8125 0.975
vt 0.8625 0.775
vt 0.8125 0.975
vt 0.8625 0.975
vt 0.8625 0.775
vt 0.7625 0.775
vt 0.7625 0.975
vt 0.8125 0.775
vt 0.7625 0.975
vt 0.8125 0.975
vt 0.8125 0.775
vt 0.8125 0.775
vt 0.8125 0.975
vt 0.8625 0.775
vt 0.8125 0.975
vt 0.8625 0.975
vt 0.8625 0.775
vt 0.6375 0.525
vt 0.6375 0.625
vt 0.7375 0.525
vt 0.7375 0.525
vt 0.6375 0.625
vt 0.7375 0.625
vt 0.6375 0.625
vt 0.6375 0.725
vt 0.7375 0.625
vt 0.7375 0.625
vt 0.6375 0.725
vt 0.7375 0.725
vt 0.6375 0.525
vt 0.7375 0.525
vt 0.6375 0.625
vt 0.7375 0.525
vt 0.7375 0.625
vt 0.6375 0.625
vt 0.6375 0.625
vt 0.7375 0.625
vt 0.6375 0.725
vt 0.7375 0.625
vt 0.7375 0.725
vt 0.6375 0.725
vt 0.87625 0.025
vt 0.87625 0.125
vt 0.87625 0.025
vt 0.87625 0.025
vt 0.87625 0.125
vt 0.87625 0.125
vt 0.87625 0.125
vt 0.87625 0.225
vt 0.87625 0.125
vt 0.87625 0.125
vt 0.87625 0.225
vt 0.87625 0.225
vt 0.87625 0.025
vt 0.87625 0.025
vt 0.87625 0.125
vt 0.87625 0.025
vt 0.87625 0.125
vt 0.87625 0.125
vt 0.87625 0.125
vt 0.87625 0.125
vt 0.87625 0.225
vt 0.87625 0.125
vt 0.87625 0.225
vt 0.87625 0.225
vt 0.2625 0.775
vt 0.2625 0.875
vt 0.3625 0.775
vt 0.3625 0.775
vt 0.2625 0.875
vt 0.3625 0.975
vt 0.2625 0.875
vt 0.2625 0.975
vt 0.3625 0.975
vt 0.2625 0.775
vt 0.3625 0.775
vt 0.2625 0.875
vt 0.3625 0.775
vt 0.3625 0.975
vt 0.2625 0.875
vt 0.2625 0.875
vt 0.3625 0.975
vt 0.2625 0.975
vt 0.6375 0.625
vt 0.6375 0.525
vt 0.7375 0.525
vt 0.6375 0.625
vt 0.7375 0.525
vt 0.7375 0.625
vt 0.6375 0.725
vt 0.6375 0.625
vt 0.7375 0.625
vt 0.6375 0.725
vt 0.7375 0.625
vt 0.7375 0.725
vt 0.6375 0.625
vt 0.7375 0.525
vt 0.6375 0.525
vt 0.6375 0.625
vt 0.7375 0.625
vt 0.7375 0.525
vt 0.6375 0.725
vt 0.7375 0.625
vt 0.6375 0.625
vt 0.6375 0.725
vt 0.7375 0.725
vt 0.7375 0.625
vt 0.87625 0.125
vt 0.87625 0.025
vt 0.87625 0.025
vt 0.87625 0.125
vt 0.87625 0.025
vt 0.87625 0.125
vt 0.87625 0.225
vt 0.87625 0.125
vt 0.87625 0.125
vt 0.87625 0.225
vt 0.87625 0.125
vt 0.87625 0.225
vt 0.87625 0.125
vt 0.87625 0.025
vt 0.87625 0.025
vt 0.87625 0.125
vt 0.87625 0.125
vt 0.87625 0.025
vt 0.87625 0.225
vt 0.87625 0.125
vt 0.87625 0.125
vt 0.87625 0.225
vt 0.87625 0.225
vt 0.87625 0.125
vt 0.2625 0.875
vt 0.2625 0.775
vt 0.3625 0.775
vt 0.2625 0.875
vt 0.3625 0.775
vt 0.3625 0.975
vt 0.2625 0.975
vt 0.2625 0.875
vt 0.3625 0.975
vt 0.2625 0.875
vt 0.3625 0.775
vt 0.2625 0.775
vt 0.2625 0.875
vt 0.3625 0.975
vt 0.3625 0.775
vt 0.2625 0.975
vt 0.3625 0.975
vt 0.2625 0.875

f 9/1 1/2 2/3
f 10/4 9/5 2/6
f 10/7 2/8 3/9
f 11/10 10/11 3/12
f 11/13 3/14 4/15
f 12/16 11/17 4/18
f 12/19 4/20 5/21
f 13/22 12/23 5/24
f 13/25 5/26 14/27
f 5/28 6/29 14/30
f 14/31 6/32 15/33
f 6/34 7/35 15/36
f 15/37 7/38 16/39
f 7/40 8/41 16/42
f 16/43 8/44 9/45
f 8/46 1/47 9/48
f 17/49 9/50 10/51
f 18/52 17/53 10/54
f 18/55 10/56 11/57
f 19/58 18/59 11/60
f 19/61 11/62 12/63
f 20/64 19/65 12/66
f 20/67 12/68 13/69
f 21/70 20/71 13/72
f 21/73 13/74 22/75
f 13/76 14/77 22/78
f 22/79 14/80 23/81
f 14/82 15/83 23/84
f 23/85 15/86 24/87
f 15/88 16/89 24/90
f 24/91 16/92 17/93
f 16/94 9/95 17/96
f 25/97 17/98 18/99
f 26/100 25/101 18/102
f 26/103 18/104 19/105
f 27/106 26/107 19/108
f 27/109 19/110 20/111
f 28/112 27/113 20/114
f 28/115 20/116 21/117
f 29/118 28/119 21/120
f 29/121 21/122 30/123
f 21/124 22/125 30/126
f 30/127 22/128 31/129
f 22/130 23/131 31/132
f 31/133 23/134 32/135
f 23/136 24/137 32/138
f 32/139 24/140 25/141
f 24/142 17/143 25/144
f 33/145 25/146 26/147
f 34/148 33/149 26/150
f 34/151 26/152 27/153
f 35/154 34/155 27/156
f 35/157 27/158 28/159
f 36/160 35/161 28/162
f 36/163 28/164 29/165
f 37/166 36/167 29/168
f 37/169 29/170 38/171
f 29/172 30/173 38/174
f 38/175 30/176 39/177
f 30/178 31/179 39/180
f 39/181 31/182 40/183
f 31/184 32/185 40/186
f 40/187 32/188 33/189
f 32/190 25/191 33/192
f 41/193 33/194 34/195
f 42/196 41/197 34/198
f 42/199 34/200 35/201
f 43/202 42/203 35/204
f 43/205 35/206 36/207
f 44/208 43/209 36/210
f 44/211 36/212 37/213
f 45/214 44/215 37/216
f 45/217 37/218 46/219
f 37/220 38/221 46/222
f 46/223 38/224 47/225
f 38/226 39/227 47/228
f 47/229 39/230 48/231
f 39/232 40/233 48/234
f 48/235 40/236 41/237
f 40/238 33/239 41/240
f 49/241 41/242 42/243
f 50/244 49/245 42/246
f 50/247 42/248 43/249
f 51/250 50/251 43/252
f 51/253 43/254 44/255
f 52/256 51/257 44/258
f 52/259 44/260 45/261
f 53/262 52/263 45/264
f 53/265 45/266 54/267
f 45/268 46/269 54/270
f 54/271 46/272 55/273
f 46/274 47/275 55/276
f 55/277 47/278 56/279
f 47/280 48/281 56/282
f 56/283 48/284 49/285
f 48/286 41/287 49/288
f 57/289 49/290 50/291
f 58/292 57/293 50/294
f 58/295 50/296 51/297
f 59/298 58/299 51/300
f 59/301 51/302 52/303
f 60/304 59/305 52/306
f 60/307 52/308 53/309
f 61/310 60/311 53/312
f 61/313 53/314 62/315
f 53/316 54/317 62/318
f 62/319 54/320 63/321
f 54/322 55/323 63/324
f 63/325 55/326 64/327
f 55/328 56/329 64/330
f 64/331 56/332 57/333
f 56/334 49/335 57/336
f 65/337 57/338 58/339
f 66/340 65/341 58/342
f 66/343 58/344 59/345
f 67/346 66/347 59/348
f 67/349 59/350 60/351
f 68/352 67/353 60/354
f 68/355 60/356 61/357
f 69/358 68/359 61/360
f 69/361 61/362 70/363
f 61/364 62/365 70/366
f 70/367 62/368 71/369
f 62/370 63/371 71/372
f 71/373 63/374 72/375
f 63/376 64/377 72/378
f 72/379 64/380 65/381
f 64/382 57/383 65/384
f 73/385 65/386 66/387
f 74/388 73/389 66/390
f 74/391 66/392 67/393
f 75/394 74/395 67/396
f 75/397 67/398 68/399
f 76/400 75/401 68/402
f 76/403 68/404 69/405
f 77/406 76/407 69/408
f 77/409 69/410 78/411
f 69/412 70/413 78/414
f 78/415 70/416 79/417
f 70/418 71/419 79/420
f 79/421 71/422 80/423
f 71/424 72/425 80/426
f 80/427 72/428 73/429
f 72/430 65/431 73/432
f 81/433 73/434 74/435
f 82/436 81/437 74/438
f 82/439 74/440 75/441
f 83/442 82/443 75/444
f 83/445 75/446 76/447
f 84/448 83/449 76/450
f 84/451 76/452 77/453
f 85/454 84/455 77/456
f 85/457 77/458 86/459
f 77/460 78/461 86/462
f 86/463 78/464 87/465
f 78/466 79/467 87/468
f 87/469 79/470 88/471
f 79/472 80/473 88/474
f 88/475 80/476 81/477
f 80/478 73/479 81/480
f 89/481 81/482 82/483
f 90/484 89/485 82/486
f 90/487 82/488 83/489
f 91/490 90/491 83/492
f 91/493 83/494 84/495
f 92/496 91/497 84/498
f 92/499 84/500 85/501
f 93/502 92/503 85/504
f 93/505 85/506 94/507
f 85/508 86/509 94/510
f 94/511 86/512 95/513
f 86/514 87/515 95/516
f 95/517 87/518 96/519
f 87/520 88/521 96/522
f 96/523 88/524 89/525
f 88/526 81/527 89/528
f 97/529 89/530 90/531
f 98/532 97/533 90/534
f 98/535 90/536 91/537
f 99/538 98/539 91/540
f 99/541 91/542 92/543
f 100/544 99/545 92/546
f 100/547 92/548 93/549
f 101/550 100/551 93/552
f 101/553 93/554 102/555
f 93/556 94/557 102/558
f 102/559 94/560 103/561
f 94/562 95/563 103/564
f 103/565 95/566 104/567
f 95/568 96/569 104/570
f 104/571 96/572 97/573
f 96/574 89/575 97/576
f 105/577 97/578 98/579
f 106/580 105/581 98/582
f 106/583 98/584 99/585
f 107/586 106/587 99/588
f 107/589 99/590 100/591
f 108/592 107/593 100/594
f 108/595 100/596 101/597
f 109/598 108/599 101/600
f 109/601 101/602 110/603
f 101/604 102/605 110/606
f 110/607 102/608 111/609
f 102/610 103/611 111/612
f 111/613 103/614 112/615
f 103/616 104/617 112/618
f 112/619 104/620 105/621
f 104/622 97/623 105/624
f 121/625 113/626 114/627
f 122/628 121/629 114/630
f 122/631 114/632 115/633
f 123/634 122/635 115/636
f 123/637 115/638 116/639
f 124/640 123/641 116/642
f 124/643 116/644 117/645
f 125/646 124/647 117/648
f 125/649 117/650 126/651
f 117/652 118/653 126/654
f 126/655 118/656 127/657
f 118/658 119/659 127/660
f 127/661 119/662 128/663
f 119/664 120/665 128/666
f 128/667 120/668 121/669
f 120/670 113/671 121/672
f 129/673 121/674 122/675
f 130/676 129/677 122/678
f 130/679 122/680 123/681
f 131/682 130/683 123/684
f 131/685 123/686 124/687
f 132/688 131/689 124/690
f 132/691 124/692 125/693
f 133/694 132/695 125/696
f 133/697 125/698 134/699
f 125/700 126/701 134/702
f 134/703 126/704 135/705
f 126/706 127/707 135/708
f 135/709 127/710 136/711
f 127/712 128/713 136/714
f 136/715 128/716 129/717
f 128/718 121/719 129/720
f 137/721 129/722 130/723
f 138/724 137/725 130/726
f 138/727 130/728 131/729
f 139/730 138/731 131/732
f 139/733 131/734 132/735
f 140/736 139/737 132/738
f 140/739 132/740 133/741
f 141/742 140/743 133/744
f 141/745 133/746 142/747
f 133/748 134/749 142/750
f 142/751 134/752 143/753
f 134/754 135/755 143/756
f 143/757 135/758 144/759
f 135/760 136/761 144/762
f 144/763 136/764 137/765
f 136/766 129/767 137/768
f 145/769 137/770 138/771
f 146/772 145/773 138/774
f 146/775 138/776 139/777
f 147/778 146/779 139/780
f 147/781 139/782 140/783
f 148/784 147/785 140/786
f 148/787 140/788 141/789
f 149/790 148/791 141/792
f 149/793 141/794 150/795
f 141/796 142/797 150/798
f 150/799 142/800 151/801
f 142/802 143/803 151/804
f 151/805 143/806 152/807
f 143/808 144/809 152/810
f 152/811 144/812 145/813
f 144/814 137/815 145/816
f 153/817 145/818 146/819
f 154/820 153/821 146/822
f 154/823 146/824 147/825
f 155/826 154/827 147/828
f 155/829 147/830 148/831
f 156/832 155/833 148/834
f 156/835 148/836 149/837
f 157/838 156/839 149/840
f 157/841 149/842 158/843
f 149/844 150/845 158/846
f 158/847 150/848 159/849
f 150/850 151/851 159/852
f 159/853 151/854 160/855
f 151/856 152/857 160/858
f 160/859 152/860 153/861
f 152/862 145/863 153/864
f 161/865 153/866 154/867
f 162/868 161/869 154/870
f 162/871 154/872 155/873
f 163/874 162/875 155/876
f 163/877 155/878 156/879
f 164/880 163/881 156/882
f 164/883 156/884 157/885
f 165/886 164/887 157/888
f 165/889 157/890 166/891
f 157/892 158/893 166/894
f 166/895 158/896 167/897
f 158/898 159/899 167/900
f 167/901 159/902 168/903
f 159/904 160/905 168/906
f 168/907 160/908 161/909
f 160/910 153/911 161/912
f 169/913 161/914 162/915
f 170/916 169/917 162/918
f 170/919 162/920 163/921
f 171/922 170/923 163/924
f 171/925 163/926 164/927
f 172/928 171/929 164/930
f 172/931 164/932 165/933
f 173/934 172/935 165/936
f 173/937 165/938 174/939
f 165/940 166/941 174/942
f 174/943 166/944 175/945
f 166/946 167/947 175/948
f 175/949 167/950 176/951
f 167/952 168/953 176/954
f 176/955 168/956 169/957
f 168/958 161/959 169/960
f 185/961 177/962 178/963
f 186/964 185/965 178/966
f 186/967 178/968 179/969
f 187/970 186/971 179/972
f 187/973 179/974 180/975
f 188/976 187/977 180/978
f 188/979 180/980 181/981
f 189/982 188/983 181/984
f 189/985 181/986 190/987
f 181/988 182/989 190/990
f 190/991 182/992 191/993
f 182/994 183/995 191/996
f 191/997 183/998 192/999
f 183/1000 184/1001 192/1002
f 192/1003 184/1004 185/1005
f 184/1006 177/1007 185/1008
f 193/1009 185/1010 186/1011
f 194/1012 193/1013 186/1014
f 194/1015 186/1016 187/1017
f 195/1018 194/1019 187/1020
f 195/1021 187/1022 188/1023
f 196/1024 195/1025 188/1026
f 196/1027 188/1028 189/1029
f 197/1030 196/1031 189/1032
f 197/1033 189/1034 198/1035
f 189/1036 190/1037 198/1038
f 198/1039 190/1040 199/1041
f 190/1042 191/1043 199/1044
f 199/1045 191/1046 200/1047
f 191/1048 192/1049 200/1050
f 200/1051 192/1052 193/1053
f 192/1054 185/1055 193/1056
f 201/1057 193/1058 194/1059
f 202/1060 201/1061 194/1062
f 202/1063 194/1064 195/1065
f 203/1066 202/1067 195/1068
f 203/1069 195/1070 196/1071
f 204/1072 203/1073 196/1074
f 204/1075 196/1076 197/1077
f 205/1078 204/1079 197/1080
f 205/1081 197/1082 206/1083
f 197/1084 198/1085 206/1086
f 206/1087 198/1088 207/1089
f 198/1090 199/1091 207/1092
f 207/1093 199/1094 208/1095
f 199/1096 200/1097 208/1098
f 208/1099 200/1100 201/1101
f 200/1102 193/1103 201/1104
f 209/1105 201/1106 202/1107
f 210/1108 209/1109 202/1110
f 210/1111 202/1112 203/1113
f 211/1114 210/1115 203/1116
f 211/1117 203/1118 204/1119
f 212/1120 211/1121 204/1122
f 212/1123 204/1124 205/1125
f 213/1126 212/1127 205/1128
f 213/1129 205/1130 214/1131
f 205/1132 206/1133 214/1134
f 214/1135 206/1136 215/1137
f 206/1138 207/1139 215/1140
f 215/1141 207/1142 216/1143
f 207/1144 208/1145 216/1146
f 216/1147 208/1148 209/1149
f 208/1150 201/1151 209/1152
f 217/1153 209/1154 210/1155
f 218/1156 217/1157 210/1158
f 218/1159 210/1160 211/1161
f 219/1162 218/1163 211/1164
f 219/1165 211/1166 212/1167
f 220/1168 219/1169 212/1170
f 220/1171 212/1172 213/1173
f 221/1174 220/1175 213/1176
f 221/1177 213/1178 222/1179
f 213/1180 214/1181 222/1182
f 222/1183 214/1184 223/1185
f 214/1186 215/1187 223/1188
f 223/1189 215/1190 224/1191
f 215/1192 216/1193 224/1194
f 224/1195 216/1196 217/1197
f 216/1198 209/1199 217/1200
f 225/1201 217/1202 218/1203
f 226/1204 225/1205 218/1206
f 226/1207 218/1208 219/1209
f 227/1210 226/1211 219/1212
f 227/1213 219/1214 220/1215
f 228/1216 227/1217 220/1218
f 228/1219 220/1220 221/1221
f 229/1222 228/1223 221/1224
f 229/1225 221/1226 230/1227
f 221/1228 222/1229 230/1230
f 230/1231 222/1232 231/1233
f 222/1234 223/1235 231/1236
f 231/1237 223/1238 232/1239
f 223/1240 224/1241 232/1242
f 232/1243 224/1244 225/1245
f 224/1246 217/1247 225/1248
f 233/1249 225/1250 226/1251
f 234/1252 233/1253 226/1254
f 234/1255 226/1256 227/1257
f 235/1258 234/1259 227/1260
f 235/1261 227/1262 228/1263
f 236/1264 235/1265 228/1266
f 236/1267 228/1268 229/1269
f 237/1270 236/1271 229/1272
f 237/1273 229/1274 238/1275
f 229/1276 230/1277 238/1278
f 238/1279 230/1280 239/1281
f 230/1282 231/1283 239/1284
f 239/1285 231/1286 240/1287
f 231/1288 232/1289 240/1290
f 240/1291 232/1292 233/1293
f 232/1294 225/1295 233/1296
f 249/1297 241/1298 242/1299
f 250/1300 249/1301 242/1302
f 250/1303 242/1304 243/1305
f 251/1306 250/1307 243/1308
f 251/1309 243/1310 244/1311
f 252/1312 251/1313 244/1314
f 252/1315 244/1316 245/1317
f 253/1318 252/1319 245/1320
f 253/1321 245/1322 254/1323
f 245/1324 246/1325 254/1326
f 254/1327 246/1328 255/1329
f 246/1330 247/1331 255/1332
f 255/1333 247/1334 256/1335
f 247/1336 248/1337 256/1338
f 256/1339 248/1340 249/1341
f 248/1342 241/1343 249/1344
f 257/1345 249/1346 250/1347
f 258/1348 257/1349 250/1350
f 258/1351 250/1352 251/1353
f 259/1354 258/1355 251/1356
f 259/1357 251/1358 252/1359
f 260/1360 259/1361 252/1362
f 260/1363 252/1364 253/1365
f 261/1366 260/1367 253/1368
f 261/1369 253/1370 262/1371
f 253/1372 254/1373 262/1374
f 262/1375 254/1376 263/1377
f 254/1378 255/1379 263/1380
f 263/1381 255/1382 264/1383
f 255/1384 256/1385 264/1386
f 264/1387 256/1388 257/1389
f 256/1390 249/1391 257/1392
f 265/1393 257/1394 258/1395
f 266/1396 265/1397 258/1398
f 266/1399 258/1400 259/1401
f 267/1402 266/1403 259/1404
f 267/1405 259/1406 260/1407
f 268/1408 267/1409 260/1410
f 268/1411 260/1412 261/1413
f 269/1414 268/1415 261/1416
f 269/1417 261/1418 270/1419
f 261/1420 262/1421 270/1422
f 270/1423 262/1424 271/1425
f 262/1426 263/1427 271/1428
f 271/1429 263/1430 272/1431
f 263/1432 264/1433 272/1434
f 272/1435 264/1436 265/1437
f 264/1438 257/1439 265/1440
f 281/1441 273/1442 274/1443
f 282/1444 281/1445 274/1446
f 282/1447 274/1448 275/1449
f 283/1450 282/1451 275/1452
f 283/1453 275/1454 276/1455
f 284/1456 283/1457 276/1458
f 284/1459 276/1460 277/1461
f 285/1462 284/1463 277/1464
f 285/1465 277/1466 286/1467
f 277/1468 278/1469 286/1470
f 286/1471 278/1472 287/1473
f 278/1474 279/1475 287/1476
f 287/1477 279/1478 288/1479
f 279/1480 280/1481 288/1482
f 288/1483 280/1484 281/1485
f 280/1486 273/1487 281/1488
f 289/1489 281/1490 282/1491
f 290/1492 289/1493 282/1494
f 290/1495 282/1496 283/1497
f 291/1498 290/1499 283/1500
f 291/1501 283/1502 284/1503
f 292/1504 291/1505 284/1506
f 292/1507 284/1508 285/1509
f 293/1510 292/1511 285/1512
f 293/1513 285/1514 294/1515
f 285/1516 286/1517 294/1518
f 294/1519 286/1520 295/1521
f 286/1522 287/1523 295/1524
f 295/1525 287/1526 296/1527
f 287/1528 288/1529 296/1530
f 296/1531 288/1532 289/1533
f 288/1534 281/1535 289/1536
f 297/1537 289/1538 290/1539
f 298/1540 297/1541 290/1542
f 298/1543 290/1544 291/1545
f 299/1546 298/1547 291/1548
f 299/1549 291/1550 292/1551
f 300/1552 299/1553 292/1554
f 300/1555 292/1556 293/1557
f 301/1558 300/1559 293/1560
f 301/1561 293/1562 302/1563
f 293/1564 294/1565 302/1566
f 302/1567 294/1568 303/1569
f 294/1570 295/1571 303/1572
f 303/1573 295/1574 304/1575
f 295/1576 296/1577 304/1578
f 304/1579 296/1580 297/1581
f 296/1582 289/1583 297/1584
f 313/1585 305/1586 306/1587
f 314/1588 313/1589 306/1590
f 314/1591 306/1592 307/1593
f 315/1594 314/1595 307/1596
f 315/1597 307/1598 308/1599
f 316/1600 315/1601 308/1602
f 316/1603 308/1604 309/1605
f 317/1606 316/1607 309/1608
f 317/1609 309/1610 318/1611
f 309/1612 310/1613 318/1614
f 318/1615 310/1616 319/1617
f 310/1618 311/1619 319/1620
f 319/1621 311/1622 320/1623
f 311/1624 312/1625 320/1626
f 320/1627 312/1628 313/1629
f 312/1630 305/1631 313/1632
f 321/1633 313/1634 314/1635
f 322/1636 321/1637 314/1638
f 322/1639 314/1640 315/1641
f 323/1642 322/1643 315/1644
f 323/1645 315/1646 316/1647
f 324/1648 323/1649 316/1650
f 324/1651 316/1652 317/1653
f 325/1654 324/1655 317/1656
f 325/1657 317/1658 326/1659
f 317/1660 318/1661 326/1662
f 326/1663 318/1664 327/1665
f 318/1666 319/1667 327/1668
f 327/1669 319/1670 328/1671
f 319/1672 320/1673 328/1674
f 328/1675 320/1676 321/1677
f 320/1678 313/1679 321/1680
f 337/1681 329/1682 330/1683
f 338/1684 337/1685 330/1686
f 338/1687 330/1688 331/1689
f 339/1690 338/1691 331/1692
f 339/1693 331/1694 332/1695
f 340/1696 339/1697 332/1698
f 340/1699 332/1700 333/1701
f 341/1702 340/1703 333/1704
f 341/1705 333/1706 342/1707
f 333/1708 334/1709 342/1710
f 342/1711 334/1712 343/1713
f 334/1714 335/1715 343/1716
f 343/1717 335/1718 344/1719
f 335/1720 336/1721 344/1722
f 344/1723 336/1724 337/1725
f 336/1726 329/1727 337/1728
f 345/1729 337/1730 338/1731
f 346/1732 345/1733 338/1734
f 346/1735 338/1736 339/1737
f 347/1738 346/1739 339/1740
f 347/1741 339/1742 340/1743
f 348/1744 347/1745 340/1746
f 348/1747 340/1748 341/1749
f 349/1750 348/1751 341/1752
f 349/1753 341/1754 350/1755
f 341/1756 342/1757 350/1758
f 350/1759 342/1760 351/1761
f 342/1762 343/1763 351/1764
f 351/1765 343/1766 352/1767
f 343/1768 344/1769 352/1770
f 352/1771 344/1772 345/1773
f 344/1774 337/1775 345/1776
f 361/1777 353/1778 354/1779
f 362/1780 361/1781 354/1782
f 362/1783 354/1784 355/1785
f 363/1786 362/1787 355/1788
f 363/1789 355/1790 356/1791
f 364/1792 363/1793 356/1794
f 364/1795 356/1796 357/1797
f 365/1798 364/1799 357/1800
f 365/1801 357/1802 366/1803
f 357/1804 358/1805 366/1806
f 366/1807 358/1808 367/1809
f 358/1810 359/1811 367/1812
f 367/1813 359/1814 368/1815
f 359/1816 360/1817 368/1818
f 368/1819 360/1820 361/1821
f 360/1822 353/1823 361/1824
f 369/1825 361/1826 362/1827
f 370/1828 369/1829 362/1830
f 370/1831 362/1832 363/1833
f 371/1834 370/1835 363/1836
f 371/1837 363/1838 364/1839
f 372/1840 371/1841 364/1842
f 372/1843 364/1844 365/1845
f 373/1846 372/1847 365/1848
f 373/1849 365/1850 374/1851
f 365/1852 366/1853 374/1854
f 374/1855 366/1856 375/1857
f 366/1858 367/1859 375/1860
f 375/1861 367/1862 376/1863
f 367/1864 368/1865 376/1866
f 376/1867 368/1868 369/1869
f 368/1870 361/1871 369/1872
f 377/1873 369/1874 370/1875
f 378/1876 377/1877 370/1878
f 378/1879 370/1880 371/1881
f 379/1882 378/1883 371/1884
f 379/1885 371/1886 372/1887
f 380/1888 379/1889 372/1890
f 380/1891 372/1892 373/1893
f 381/1894 380/1895 373/1896
f 381/1897 373/1898 382/1899
f 373/1900 374/1901 382/1902
f 382/1903 374/1904 383/1905
f 374/1906 375/1907 383/1908
f 383/1909 375/1910 384/1911
f 375/1912 376/1913 384/1914
f 384/1915 376/1916 377/1917
f 376/1918 369/1919 377/1920
f 385/1921 377/1922 378/1923
f 386/1924 385/1925 378/1926
f 386/1927 378/1928 379/1929
f 387/1930 386/1931 379/1932
f 387/1933 379/1934 380/1935
f 388/1936 387/1937 380/1938
f 388/1939 380/1940 381/1941
f 389/1942 388/1943 381/1944
f 389/1945 381/1946 390/1947
f 381/1948 382/1949 390/1950
f 390/1951 382/1952 391/1953
f 382/1954 383/1955 391/1956
f 391/1957 383/1958 392/1959
f 383/1960 384/1961 392/1962
f 392/1963 384/1964 385/1965
f 384/1966 377/1967 385/1968
f 393/1969 385/1970 386/1971
f 394/1972 393/1973 386/1974
f 394/1975 386/1976 387/1977
f 395/1978 394/1979 387/1980
f 395/1981 387/1982 388/1983
f 396/1984 395/1985 388/1986
f 396/1987 388/1988 389/1989
f 397/1990 396/1991 389/1992
f 397/1993 389/1994 398/1995
f 389/1996 390/1997 398/1998
f 398/1999 390/2000 399/2001
f 390/2002 391/2003 399/2004
f 399/2005 391/2006 400/2007
f 391/2008 392/2009 400/2010
f 400/2011 392/2012 393/2013
f 392/2014 385/2015 393/2016
f 401/2017 393/2018 394/2019
f 402/2020 401/2021 394/2022
f 402/2023 394/2024 395/2025
f 403/2026 402/2027 395/2028
f 403/2029 395/2030 396/2031
f 404/2032 403/2033 396/2034
f 404/2035 396/2036 397/2037
f 405/2038 404/2039 397/2040
f 405/2041 397/2042 406/2043
f 397/2044 398/2045 406/2046
f 406/2047 398/2048 407/2049
f 398/2050 399/2051 407/2052
f 407/2053 399/2054 408/2055
f 399/2056 400/2057 408/2058
f 408/2059 400/2060 401/2061
f 400/2062 393/2063 401/2064
f 409/2065 401/2066 402/2067
f 410/2068 409/2069 402/2070
f 410/2071 402/2072 403/2073
f 411/2074 410/2075 403/2076
f 411/2077 403/2078 404/2079
f 412/2080 411/2081 404/2082
f 412/2083 404/2084 405/2085
f 413/2086 412/2087 405/2088
f 413/2089 405/2090 414/2091
f 405/2092 406/2093 414/2094
f 414/2095 406/2096 415/2097
f 406/2098 407/2099 415/2100
f 415/2101 407/2102 416/2103
f 407/2104 408/2105 416/2106
f 416/2107 408/2108 409/2109
f 408/2110 401/2111 409/2112
f 417/2113 409/2114 410/2115
f 418/2116 417/2117 410/2118
f 418/2119 410/2120 411/2121
f 419/2122 418/2123 411/2124
f 419/2125 411/2126 412/2127
f 420/2128 419/2129 412/2130
f 420/2131 412/2132 413/2133
f 421/2134 420/2135 413/2136
f 421/2137 413/2138 422/2139
f 413/2140 414/2141 422/2142
f 422/2143 414/2144 423/2145
f 414/2146 415/2147 423/2148
f 423/2149 415/2150 424/2151
f 415/2152 416/2153 424/2154
f 424/2155 416/2156 417/2157
f 416/2158 409/2159 417/2160
f 425/2161 417/2162 418/2163
f 426/2164 425/2165 418/2166
f 426/2167 418/2168 419/2169
f 427/2170 426/2171 419/2172
f 427/2173 419/2174 420/2175
f 428/2176 427/2177 420/2178
f 428/2179 420/2180 421/2181
f 429/2182 428/2183 421/2184
f 429/2185 421/2186 430/2187
f 421/2188 422/2189 430/2190
f 430/2191 422/2192 431/2193
f 422/2194 423/2195 431/2196
f 431/2197 423/2198 432/2199
f 423/2200 424/2201 432/2202
f 432/2203 424/2204 425/2205
f 424/2206 417/2207 425/2208
f 441/2209 433/2210 434/2211
f 442/2212 441/2213 434/2214
f 442/2215 434/2216 435/2217
f 443/2218 442/2219 435/2220
f 443/2221 435/2222 436/2223
f 444/2224 443/2225 436/2226
f 444/2227 436/2228 437/2229
f 445/2230 444/2231 437/2232
f 445/2233 437/2234 446/2235
f 437/2236 438/2237 446/2238
f 446/2239 438/2240 447/2241
f 438/2242 439/2243 447/2244
f 447/2245 439/2246 448/2247
f 439/2248 440/2249 448/2250
f 448/2251 440/2252 441/2253
f 440/2254 433/2255 441/2256
f 449/2257 441/2258 442/2259
f 450/2260 449/2261 442/2262
f 450/2263 442/2264 443/2265
f 451/2266 450/2267 443/2268
f 451/2269 443/2270 444/2271
f 452/2272 451/2273 444/2274
f 452/2275 444/2276 445/2277
f 453/2278 452/2279 445/2280
f 453/2281 445/2282 454/2283
f 445/2284 446/2285 454/2286
f 454/2287 446/2288 455/2289
f 446/2290 447/2291 455/2292
f 455/2293 447/2294 456/2295
f 447/2296 448/2297 456/2298
f 456/2299 448/2300 449/2301
f 448/2302 441/2303 449/2304
f 457/2305 449/2306 450/2307
f 458/2308 457/2309 450/2310
f 458/2311 450/2312 451/2313
f 459/2314 458/2315 451/2316
f 459/2317 451/2318 452/2319
f 460/2320 459/2321 452/2322
f 460/2323 452/2324 453/2325
f 461/2326 460/2327 453/2328
f 461/2329 453/2330 462/2331
f 453/2332 454/2333 462/2334
f 462/2335 454/2336 463/2337
f 454/2338 455/2339 463/2340
f 463/2341 455/2342 464/2343
f 455/2344 456/2345 464/2346
f 464/2347 456/2348 457/2349
f 456/2350 449/2351 457/2352
f 465/2353 457/2354 458/2355
f 466/2356 465/2357 458/2358
f 466/2359 458/2360 459/2361
f 467/2362 466/2363 459/2364
f 467/2365 459/2366 460/2367
f 468/2368 467/2369 460/2370
f 468/2371 460/2372 461/2373
f 469/2374 468/2375 461/2376
f 469/2377 461/2378 470/2379
f 461/2380 462/2381 470/2382
f 470/2383 462/2384 471/2385
f 462/2386 463/2387 471/2388
f 471/2389 463/2390 472/2391
f 463/2392 464/2393 472/2394
f 472/2395 464/2396 465/2397
f 464/2398 457/2399 465/2400
f 473/2401 465/2402 466/2403
f 474/2404 473/2405 466/2406
f 474/2407 466/2408 467/2409
f 475/2410 474/2411 467/2412
f 475/2413 467/2414 468/2415
f 476/2416 475/2417 468/2418
f 476/2419 468/2420 469/2421
f 477/2422 476/2423 469/2424
f 477/2425 469/2426 478/2427
f 469/2428 470/2429 478/2430
f 478/2431 470/2432 479/2433
f 470/2434 471/2435 479/2436
f 479/2437 471/2438 480/2439
f 471/2440 472/2441 480/2442
f 480/2443 472/2444 473/2445
f 472/2446 465/2447 473/2448
f 481/2449 473/2450 474/2451
f 482/2452 481/2453 474/2454
f 482/2455 474/2456 475/2457
f 483/2458 482/2459 475/2460
f 483/2461 475/2462 476/2463
f 484/2464 483/2465 476/2466
f 484/2467 476/2468 477/2469
f 485/2470 484/2471 477/2472
f 485/2473 477/2474 486/2475
f 477/2476 478/2477 486/2478
f 486/2479 478/2480 487/2481
f 478/2482 479/2483 487/2484
f 487/2485 479/2486 488/2487
f 479/2488 480/2489 488/2490
f 488/2491 480/2492 481/2493
f 480/2494 473/2495 481/2496
f 489/2497 481/2498 482/2499
f 490/2500 489/2501 482/2502
f 490/2503 482/2504 483/2505
f 491/2506 490/2507 483/2508
f 491/2509 483/2510 484/2511
f 492/2512 491/2513 484/2514
f 492/2515 484/2516 485/2517
f 493/2518 492/2519 485/2520
f 493/2521 485/2522 494/2523
f 485/2524 486/2525 494/2526
f 494/2527 486/2528 495/2529
f 486/2530 487/2531 495/2532
f 495/2533 487/2534 496/2535
f 487/2536 488/2537 496/2538
f 496/2539 488/2540 489/2541
f 488/2542 481/2543 489/2544
f 497/2545 489/2546 490/2547
f 498/2548 497/2549 490/2550
f 498/2551 490/2552 491/2553
f 499/2554 498/2555 491/2556
f 499/2557 491/2558 492/2559
f 500/2560 499/2561 492/2562
f 500/2563 492/2564 493/2565
f 501/2566 500/2567 493/2568
f 501/2569 493/2570 502/2571
f 493/2572 494/2573 502/2574
f 502/2575 494/2576 503/2577
f 494/2578 495/2579 503/2580
f 503/2581 495/2582 504/2583
f 495/2584 496/2585 504/2586
f 504/2587 496/2588 497/2589
f 496/2590 489/2591 497/2592
f 505/2593 497/2594 498/2595
f 506/2596 505/2597 498/2598
f 506/2599 498/2600 499/2601
f 507/2602 506/2603 499/2604
f 507/2605 499/2606 500/2607
f 508/2608 507/2609 500/2610
f 508/2611 500/2612 501/2613
f 509/2614 508/2615 501/2616
f 509/2617 501/2618 510/2619
f 501/2620 502/2621 510/2622
f 510/2623 502/2624 511/2625
f 502/2626 503/2627 511/2628
f 511/2629 503/2630 512/2631
f 503/2632 504/2633 512/2634
f 512/2635 504/2636 505/2637
f 504/2638 497/2639 505/2640
f 521/2641 513/2642 514/2643
f 522/2644 521/2645 514/2646
f 522/2647 514/2648 515/2649
f 523/2650 522/2651 515/2652
f 523/2653 515/2654 516/2655
f 524/2656 523/2657 516/2658
f 524/2659 516/2660 517/2661
f 525/2662 524/2663 517/2664
f 525/2665 517/2666 526/2667
f 517/2668 518/2669 526/2670
f 526/2671 518/2672 527/2673
f 518/2674 519/2675 527/2676
f 527/2677 519/2678 528/2679
f 519/2680 520/2681 528/2682
f 528/2683 520/2684 521/2685
f 520/2686 513/2687 521/2688
f 529/2689 521/2690 522/2691
f 530/2692 529/2693 522/2694
f 530/2695 522/2696 523/2697
f 531/2698 530/2699 523/2700
f 531/2701 523/2702 524/2703
f 532/2704 531/2705 524/2706
f 532/2707 524/2708 525/2709
f 533/2710 532/2711 525/2712
f 533/2713 525/2714 534/2715
f 525/2716 526/2717 534/2718
f 534/2719 526/2720 535/2721
f 526/2722 527/2723 535/2724
f 535/2725 527/2726 536/2727
f 527/2728 528/2729 536/2730
f 536/2731 528/2732 529/2733
f 528/2734 521/2735 529/2736
f 537/2737 529/2738 530/2739
f 538/2740 537/2741 530/2742
f 538/2743 530/2744 531/2745
f 539/2746 538/2747 531/2748
f 539/2749 531/2750 532/2751
f 540/2752 539/2753 532/2754
f 540/2755 532/2756 533/2757
f 541/2758 540/2759 533/2760
f 541/2761 533/2762 542/2763
f 533/2764 534/2765 542/2766
f 542/2767 534/2768 543/2769
f 534/2770 535/2771 543/2772
f 543/2773 535/2774 544/2775
f 535/2776 536/2777 544/2778
f 544/2779 536/2780 537/2781
f 536/2782 529/2783 537/2784
f 545/2785 537/2786 538/2787
f 546/2788 545/2789 538/2790
f 546/2791 538/2792 539/2793
f 547/2794 546/2795 539/2796
f 547/2797 539/2798 540/2799
f 548/2800 547/2801 540/2802
f 548/2803 540/2804 541/2805
f 549/2806 548/2807 541/2808
f 549/2809 541/2810 550/2811
f 541/2812 542/2813 550/2814
f 550/2815 542/2816 551/2817
f 542/2818 543/2819 551/2820
f 551/2821 543/2822 552/2823
f 543/2824 544/2825 552/2826
f 552/2827 544/2828 545/2829
f 544/2830 537/2831 545/2832
f 553/2833 545/2834 546/2835
f 554/2836 553/2837 546/2838
f 554/2839 546/2840 547/2841
f 555/2842 554/2843 547/2844
f 555/2845 547/2846 548/2847
f 556/2848 555/2849 548/2850
f 556/2851 548/2852 549/2853
f 557/2854 556/2855 549/2856
f 557/2857 549/2858 558/2859
f 549/2860 550/2861 558/2862
f 558/2863 550/2864 559/2865
f 550/2866 551/2867 559/2868
f 559/2869 551/2870 560/2871
f 551/2872 552/2873 560/2874
f 560/2875 552/2876 553/2877
f 552/2878 545/2879 553/2880
f 561/2881 553/2882 554/2883
f 562/2884 561/2885 554/2886
f 562/2887 554/2888 555/2889
f 563/2890 562/2891 555/2892
f 563/2893 555/2894 556/2895
f 564/2896 563/2897 556/2898
f 564/2899 556/2900 557/2901
f 565/2902 564/2903 557/2904
f 565/2905 557/2906 566/2907
f 557/2908 558/2909 566/2910
f 566/2911 558/2912 567/2913
f 558/2914 559/2915 567/2916
f 567/2917 559/2918 568/2919
f 559/2920 560/2921 568/2922
f 568/2923 560/2924 561/2925
f 560/2926 553/2927 561/2928
f 569/2929 561/2930 562/2931
f 570/2932 569/2933 562/2934
f 570/2935 562/2936 563/2937
f 571/2938 570/2939 563/2940
f 571/2941 563/2942 564/2943
f 572/2944 571/2945 564/2946
f 572/2947 564/2948 565/2949
f 573/2950 572/2951 565/2952
f 573/2953 565/2954 574/2955
f 565/2956 566/2957 574/2958
f 574/2959 566/2960 575/2961
f 566/2962 567/2963 575/2964
f 575/2965 567/2966 576/2967
f 567/2968 568/2969 576/2970
f 576/2971 568/2972 569/2973
f 568/2974 561/2975 569/2976
f 577/2977 569/2978 570/2979
f 578/2980 577/2981 570/2982
f 578/2983 570/2984 571/2985
f 579/2986 578/2987 571/2988
f 579/2989 571/2990 572/2991
f 580/2992 579/2993 572/2994
f 580/2995 572/2996 573/2997
f 581/2998 580/2999 573/3000
f 581/3001 573/3002 582/3003
f 573/3004 574/3005 582/3006
f 582/3007 574/3008 583/3009
f 574/3010 575/3011 583/3012
f 583/3013 575/3014 584/3015
f 575/3016 576/3017 584/3018
f 584/3019 576/3020 577/3021
f 576/3022 569/3023 577/3024
f 585/3025 577/3026 578/3027
f 586/3028 585/3029 578/3030
f 586/3031 578/3032 579/3033
f 587/3034 586/3035 579/3036
f 587/3037 579/3038 580/3039
f 588/3040 587/3041 580/3042
f 588/3043 580/3044 581/3045
f 589/3046 588/3047 581/3048
f 589/3049 581/3050 590/3051
f 581/3052 582/3053 590/3054
f 590/3055 582/3056 591/3057
f 582/3058 583/3059 591/3060
f 591/3061 583/3062 592/3063
f 583/3064 584/3065 592/3066
f 592/3067 584/3068 585/3069
f 584/3070 577/3071 585/3072
f 593/3073 585/3074 586/3075
f 594/3076 593/3077 586/3078
f 594/3079 586/3080 587/3081
f 595/3082 594/3083 587/3084
f 595/3085 587/3086 588/3087
f 596/3088 595/3089 588/3090
f 596/3091 588/3092 589/3093
f 597/3094 596/3095 589/3096
f 597/3097 589/3098 598/3099
f 589/3100 590/3101 598/3102
f 598/3103 590/3104 599/3105
f 590/3106 591/3107 599/3108
f 599/3109 591/3110 600/3111
f 591/3112 592/3113 600/3114
f 600/3115 592/3116 593/3117
f 592/3118 585/3119 593/3120
f 601/3121 593/3122 594/3123
f 602/3124 601/3125 594/3126
f 602/3127 594/3128 595/3129
f 603/3130 602/3131 595/3132
f 603/3133 595/3134 596/3135
f 604/3136 603/3137 596/3138
f 604/3139 596/3140 597/3141
f 605/3142 604/3143 597/3144
f 605/3145 597/3146 606/3147
f 597/3148 598/3149 606/3150
f 606/3151 598/3152 607/3153
f 598/3154 599/3155 607/3156
f 607/3157 599/3158 608/3159
f 599/3160 600/3161 608/3162
f 608/3163 600/3164 601/3165
f 600/3166 593/3167 601/3168
f 609/3169 601/3170 602/3171
f 610/3172 609/3173 602/3174
f 610/3175 602/3176 603/3177
f 611/3178 610/3179 603/3180
f 611/3181 603/3182 604/3183
f 612/3184 611/3185 604/3186
f 612/3187 604/3188 605/3189
f 613/3190 612/3191 605/3192
f 613/3193 605/3194 614/3195
f 605/3196 606/3197 614/3198
f 614/3199 606/3200 615/3201
f 606/3202 607/3203 615/3204
f 615/3205 607/3206 616/3207
f 607/3208 608/3209 616/3210
f 616/3211 608/3212 609/3213
f 608/3214 601/3215 609/3216
f 625/3217 617/3218 618/3219
f 626/3220 625/3221 618/3222
f 626/3223 618/3224 619/3225
f 627/3226 626/3227 619/3228
f 627/3229 619/3230 620/3231
f 628/3232 627/3233 620/3234
f 628/3235 620/3236 621/3237
f 629/3238 628/3239 621/3240
f 629/3241 621/3242 630/3243
f 621/3244 622/3245 630/3246
f 630/3247 622/3248 631/3249
f 622/3250 623/3251 631/3252
f 631/3253 623/3254 632/3255
f 623/3256 624/3257 632/3258
f 632/3259 624/3260 625/3261
f 624/3262 617/3263 625/3264
f 633/3265 625/3266 626/3267
f 634/3268 633/3269 626/3270
f 634/3271 626/3272 627/3273
f 635/3274 634/3275 627/3276
f 635/3277 627/3278 628/3279
f 636/3280 635/3281 628/3282
f 636/3283 628/3284 629/3285
f 637/3286 636/3287 629/3288
f 637/3289 629/3290 638/3291
f 629/3292 630/3293 638/3294
f 638/3295 630/3296 639/3297
f 630/3298 631/3299 639/3300
f 639/3301 631/3302 640/3303
f 631/3304 632/3305 640/3306
f 640/3307 632/3308 633/3309
f 632/3310 625/3311 633/3312
f 641/3313 633/3314 634/3315
f 642/3316 641/3317 634/3318
f 642/3319 634/3320 635/3321
f 643/3322 642/3323 635/3324
f 643/3325 635/3326 636/3327
f 644/3328 643/3329 636/3330
f 644/3331 636/3332 637/3333
f 645/3334 644/3335 637/3336
f 645/3337 637/3338 646/3339
f 637/3340 638/3341 646/3342
f 646/3343 638/3344 647/3345
f 638/3346 639/3347 647/3348
f 647/3349 639/3350 648/3351
f 639/3352 640/3353 648/3354
f 648/3355 640/3356 641/3357
f 640/3358 633/3359 641/3360
f 657/3361 649/3362 650/3363
f 658/3364 657/3365 650/3366
f 658/3367 650/3368 651/3369
f 659/3370 658/3371 651/3372
f 659/3373 651/3374 652/3375
f 660/3376 659/3377 652/3378
f 660/3379 652/3380 653/3381
f 661/3382 660/3383 653/3384
f 661/3385 653/3386 662/3387
f 653/3388 654/3389 662/3390
f 662/3391 654/3392 663/3393
f 654/3394 655/3395 663/3396
f 663/3397 655/3398 664/3399
f 655/3400 656/3401 664/3402
f 664/3403 656/3404 657/3405
f 656/3406 649/3407 657/3408
f 665/3409 657/3410 658/3411
f 666/3412 665/3413 658/3414
f 666/3415 658/3416 659/3417
f 667/3418 666/3419 659/3420
f 667/3421 659/3422 660/3423
f 668/3424 667/3425 660/3426
f 668/3427 660/3428 661/3429
f 669/3430 668/3431 661/3432
f 669/3433 661/3434 670/3435
f 661/3436 662/3437 670/3438
f 670/3439 662/3440 671/3441
f 662/3442 663/3443 671/3444
f 671/3445 663/3446 672/3447
f 663/3448 664/3449 672/3450
f 672/3451 664/3452 665/3453
f 664/3454 657/3455 665/3456
f 673/3457 665/3458 666/3459
f 674/3460 673/3461 666/3462
f 674/3463 666/3464 667/3465
f 675/3466 674/3467 667/3468
f 675/3469 667/3470 668/3471
f 676/3472 675/3473 668/3474
f 676/3475 668/3476 669/3477
f 677/3478 676/3479 669/3480
f 677/3481 669/3482 678/3483
f 669/3484 670/3485 678/3486
f 678/3487 670/3488 679/3489
f 670/3490 671/3491 679/3492
f 679/3493 671/3494 680/3495
f 671/3496 672/3497 680/3498
f 680/3499 672/3500 673/3501
f 672/3502 665/3503 673/3504
f 689/3505 681/3506 682/3507
f 690/3508 689/3509 682/3510
f 690/3511 682/3512 683/3513
f 691/3514 690/3515 683/3516
f 691/3517 683/3518 684/3519
f 692/3520 691/3521 684/3522
f 692/3523 684/3524 685/3525
f 693/3526 692/3527 685/3528
f 693/3529 685/3530 694/3531
f 685/3532 686/3533 694/3534
f 694/3535 686/3536 695/3537
f 686/3538 687/3539 695/3540
f 695/3541 687/3542 696/3543
f 687/3544 688/3545 696/3546
f 696/3547 688/3548 689/3549
f 688/3550 681/3551 689/3552
f 697/3553 689/3554 690/3555
f 698/3556 697/3557 690/3558
f 698/3559 690/3560 691/3561
f 699/3562 698/3563 691/3564
f 699/3565 691/3566 692/3567
f 700/3568 699/3569 692/3570
f 700/3571 692/3572 693/3573
f 701/3574 700/3575 693/3576
f 701/3577 693/3578 702/3579
f 693/3580 694/3581 702/3582
f 702/3583 694/3584 703/3585
f 694/3586 695/3587 703/3588
f 703/3589 695/3590 704/3591
f 695/3592 696/3593 704/3594
f 704/3595 696/3596 697/3597
f 696/3598 689/3599 697/3600
f 705/3601 697/3602 698/3603
f 706/3604 705/3605 698/3606
f 706/3607 698/3608 699/3609
f 707/3610 706/3611 699/3612
f 707/3613 699/3614 700/3615
f 708/3616 707/3617 700/3618
f 708/3619 700/3620 701/3621
f 709/3622 708/3623 701/3624
f 709/3625 701/3626 710/3627
f 701/3628 702/3629 710/3630
f 710/3631 702/3632 711/3633
f 702/3634 703/3635 711/3636
f 711/3637 703/3638 712/3639
f 703/3640 704/3641 712/3642
f 712/3643 704/3644 705/3645
f 704/3646 697/3647 705/3648
f 721/3649 713/3650 714/3651
f 722/3652 721/3653 714/3654
f 722/3655 714/3656 715/3657
f 723/3658 722/3659 715/3660
f 723/3661 715/3662 716/3663
f 724/3664 723/3665 716/3666
f 724/3667 716/3668 717/3669
f 725/3670 724/3671 717/3672
f 725/3673 717/3674 726/3675
f 717/3676 718/3677 726/3678
f 726/3679 718/3680 727/3681
f 718/3682 719/3683 727/3684
f 727/3685 719/3686 728/3687
f 719/3688 720/3689 728/3690
f 728/3691 720/3692 721/3693
f 720/3694 713/3695 721/3696
f 729/3697 721/3698 722/3699
f 730/3700 729/3701 722/3702
f 730/3703 722/3704 723/3705
f 731/3706 730/3707 723/3708
f 731/3709 723/3710 724/3711
f 732/3712 731/3713 724/3714
f 732/3715 724/3716 725/3717
f 733/3718 732/3719 725/3720
f 733/3721 725/3722 734/3723
f 725/3724 726/3725 734/3726
f 734/3727 726/3728 735/3729
f 726/3730 727/3731 735/3732
f 735/3733 727/3734 736/3735
f 727/3736 728/3737 736/3738
f 736/3739 728/3740 729/3741
f 728/3742 721/3743 729/3744
f 737/3745 729/3746 730/3747
f 738/3748 737/3749 730/3750
f 738/3751 730/3752 731/3753
f 739/3754 738/3755 731/3756
f 739/3757 731/3758 732/3759
f 740/3760 739/3761 732/3762
f 740/3763 732/3764 733/3765
f 741/3766 740/3767 733/3768
f 741/3769 733/3770 742/3771
f 733/3772 734/3773 742/3774
f 742/3775 734/3776 743/3777
f 734/3778 735/3779 743/3780
f 743/3781 735/3782 744/3783
f 735/3784 736/3785 744/3786
f 744/3787 736/3788 737/3789
f 736/3790 729/3791 737/3792
f 753/3793 745/3794 746/3795
f 754/3796 753/3797 746/3798
f 754/3799 746/3800 747/3801
f 755/3802 754/3803 747/3804
f 755/3805 747/3806 748/3807
f 756/3808 755/3809 748/3810
f 756/3811 748/3812 749/3813
f 757/3814 756/3815 749/3816
f 757/3817 749/3818 758/3819
f 749/3820 750/3821 758/3822
f 758/3823 750/3824 759/3825
f 750/3826 751/3827 759/3828
f 759/3829 751/3830 760/3831
f 751/3832 752/3833 760/3834
f 760/3835 752/3836 753/3837
f 752/3838 745/3839 753/3840
f 761/3841 753/3842 754/3843
f 762/3844 761/3845 754/3846
f 762/3847 754/3848 755/3849
f 763/3850 762/3851 755/3852
f 763/3853 755/3854 756/3855
f 764/3856 763/3857 756/3858
f 764/3859 756/3860 757/3861
f 765/3862 764/3863 757/3864
f 765/3865 757/3866 766/3867
f 757/3868 758/3869 766/3870
f 766/3871 758/3872 767/3873
f 758/3874 759/3875 767/3876
f 767/3877 759/3878 768/3879
f 759/3880 760/3881 768/3882
f 768/3883 760/3884 761/3885
f 760/3886 753/3887 761/3888
f 769/3889 761/3890 762/3891
f 770/3892 769/3893 762/3894
f 770/3895 762/3896 763/3897
f 771/3898 770/3899 763/3900
f 771/3901 763/3902 764/3903
f 772/3904 771/3905 764/3906
f 772/3907 764/3908 765/3909
f 773/3910 772/3911 765/3912
f 773/3913 765/3914 774/3915
f 765/3916 766/3917 774/3918
f 774/3919 766/3920 775/3921
f 766/3922 767/3923 775/3924
f 775/3925 767/3926 776/3927
f 767/3928 768/3929 776/3930
f 776/3931 768/3932 769/3933
f 768/3934 761/3935 769/3936
f 785/3937 777/3938 778/3939
f 786/3940 785/3941 778/3942
f 786/3943 778/3944 779/3945
f 787/3946 786/3947 779/3948
f 787/3949 779/3950 780/3951
f 788/3952 787/3953 780/3954
f 788/3955 780/3956 781/3957
f 789/3958 788/3959 781/3960
f 789/3961 781/3962 790/3963
f 781/3964 782/3965 790/3966
f 790/3967 782/3968 791/3969
f 782/3970 783/3971 791/3972
f 791/3973 783/3974 792/3975
f 783/3976 784/3977 792/3978
f 792/3979 784/3980 785/3981
f 784/3982 777/3983 785/3984
f 793/3985 785/3986 786/3987
f 794/3988 793/3989 786/3990
f 794/3991 786/3992 787/3993
f 795/3994 794/3995 787/3996
f 795/3997 787/3998 788/3999
f 796/4000 795/4001 788/4002
f 796/4003 788/4004 789/4005
f 797/4006 796/4007 789/4008
f 797/4009 789/4010 798/4011
f 789/4012 790/4013 798/4014
f 798/4015 790/4016 799/4017
f 790/4018 791/4019 799/4020
f 799/4021 791/4022 800/4023
f 791/4024 792/4025 800/4026
f 800/4027 792/4028 793/4029
f 792/4030 785/4031 793/4032
f 801/4033 793/4034 794/4035
f 802/4036 801/4037 794/4038
f 802/4039 794/4040 795/4041
f 803/4042 802/4043 795/4044
f 803/4045 795/4046 796/4047
f 804/4048 803/4049 796/4050
f 804/4051 796/4052 797/4053
f 805/4054 804/4055 797/4056
f 805/4057 797/4058 806/4059
f 797/4060 798/4061 806/4062
f 806/4063 798/4064 807/4065
f 798/4066 799/4067 807/4068
f 807/4069 799/4070 808/4071
f 799/4072 800/4073 808/4074
f 808/4075 800/4076 801/4077
f 800/4078 793/4079 801/4080
f 817/4081 809/4082 810/4083
f 818/4084 817/4085 810/4086
f 818/4087 810/4088 811/4089
f 819/4090 818/4091 811/4092
f 819/4093 811/4094 812/4095
f 820/4096 819/4097 812/4098
f 820/4099 812/4100 813/4101
f 821/4102 820/4103 813/4104
f 821/4105 813/4106 822/4107
f 813/4108 814/4109 822/4110
f 822/4111 814/4112 823/4113
f 814/4114 815/4115 823/4116
f 823/4117 815/4118 824/4119
f 815/4120 816/4121 824/4122
f 824/4123 816/4124 817/4125
f 816/4126 809/4127 817/4128
f 825/4129 817/4130 818/4131
f 826/4132 825/4133 818/4134
f 826/4135 818/4136 819/4137
f 827/4138 826/4139 819/4140
f 827/4141 819/4142 820/4143
f 828/4144 827/4145 820/4146
f 828/4147 820/4148 821/4149
f 829/4150 828/4151 821/4152
f 829/4153 821/4154 830/4155
f 821/4156 822/4157 830/4158
f 830/4159 822/4160 831/4161
f 822/4162 823/4163 831/4164
f 831/4165 823/4166 832/4167
f 823/4168 824/4169 832/4170
f 832/4171 824/4172 825/4173
f 824/4174 817/4175 825/4176
f 833/4177 825/4178 826/4179
f 834/4180 833/4181 826/4182
f 834/4183 826/4184 827/4185
f 835/4186 834/4187 827/4188
f 835/4189 827/4190 828/4191
f 836/4192 835/4193 828/4194
f 836/4195 828/4196 829/4197
f 837/4198 836/4199 829/4200
f 837/4201 829/4202 838/4203
f 829/4204 830/4205 838/4206
f 838/4207 830/4208 839/4209
f 830/4210 831/4211 839/4212
f 839/4213 831/4214 840/4215
f 831/4216 832/4217 840/4218
f 840/4219 832/4220 833/4221
f 832/4222 825/4223 833/4224
f 849/4225 841/4226 842/4227
f 850/4228 849/4229 842/4230
f 850/4231 842/4232 843/4233
f 851/4234 850/4235 843/4236
f 851/4237 843/4238 844/4239
f 852/4240 851/4241 844/4242
f 852/4243 844/4244 845/4245
f 853/4246 852/4247 845/4248
f 853/4249 845/4250 854/4251
f 845/4252 846/4253 854/4254
f 854/4255 846/4256 855/4257
f 846/4258 847/4259 855/4260
f 855/4261 847/4262 856/4263
f 847/4264 848/4265 856/4266
f 856/4267 848/4268 849/4269
f 848/4270 841/4271 849/4272
f 857/4273 849/4274 850/4275
f 858/4276 857/4277 850/4278
f 858/4279 850/4280 851/4281
f 859/4282 858/4283 851/4284
f 859/4285 851/4286 852/4287
f 860/4288 859/4289 852/4290
f 860/4291 852/4292 853/4293
f 861/4294 860/4295 853/4296
f 861/4297 853/4298 862/4299
f 853/4300 854/4301 862/4302
f 862/4303 854/4304 863/4305
f 854/4306 855/4307 863/4308
f 863/4309 855/4310 864/4311
f 855/4312 856/4313 864/4314
f 864/4315 856/4316 857/4317
f 856/4318 849/4319 857/4320
f 865/4321 857/4322 858/4323
f 866/4324 865/4325 858/4326
f 866/4327 858/4328 859/4329
f 867/4330 866/4331 859/4332
f 867/4333 859/4334 860/4335
f 868/4336 867/4337 860/4338
f 868/4339 860/4340 861/4341
f 869/4342 868/4343 861/4344
f 869/4345 861/4346 870/4347
f 861/4348 862/4349 870/4350
f 870/4351 862/4352 871/4353
f 862/4354 863/4355 871/4356
f 871/4357 863/4358 872/4359
f 863/4360 864/4361 872/4362
f 872/4363 864/4364 865/4365
f 864/4366 857/4367 865/4368
f 881/4369 873/4370 874/4371
f 882/4372 881/4373 874/4374
f 882/4375 874/4376 875/4377
f 883/4378 882/4379 875/4380
f 883/4381 875/4382 876/4383
f 884/4384 883/4385 876/4386
f 884/4387 876/4388 877/4389
f 885/4390 884/4391 877/4392
f 885/4393 877/4394 886/4395
f 877/4396 878/4397 886/4398
f 886/4399 878/4400 887/4401
f 878/4402 879/4403 887/4404
f 887/4405 879/4406 888/4407
f 879/4408 880/4409 888/4410
f 888/4411 880/4412 881/4413
f 880/4414 873/4415 881/4416
f 889/4417 881/4418 882/4419
f 890/4420 889/4421 882/4422
f 890/4423 882/4424 883/4425
f 891/4426 890/4427 883/4428
f 891/4429 883/4430 884/4431
f 892/4432 891/4433 884/4434
f 892/4435 884/4436 885/4437
f 893/4438 892/4439 885/4440
f 893/4441 885/4442 894/4443
f 885/4444 886/4445 894/4446
f 894/4447 886/4448 895/4449
f 886/4450 887/4451 895/4452
f 895/4453 887/4454 896/4455
f 887/4456 888/4457 896/4458
f 896/4459 888/4460 889/4461
f 888/4462 881/4463 889/4464
f 897/4465 889/4466 890/4467
f 898/4468 897/4469 890/4470
f 898/4471 890/4472 891/4473
f 899/4474 898/4475 891/4476
f 899/4477 891/4478 892/4479
f 900/4480 899/4481 892/4482
f 900/4483 892/4484 893/4485
f 901/4486 900/4487 893/4488
f 901/4489 893/4490 902/4491
f 893/4492 894/4493 902/4494
f 902/4495 894/4496 903/4497
f 894/4498 895/4499 903/4500
f 903/4501 895/4502 904/4503
f 895/4504 896/4505 904/4506
f 904/4507 896/4508 897/4509
f 896/4510 889/4511 897/4512
f 913/4513 905/4514 906/4515
f 914/4516 913/4517 906/4518
f 914/4519 906/4520 907/4521
f 915/4522 914/4523 907/4524
f 915/4525 907/4526 908/4527
f 916/4528 915/4529 908/4530
f 916/4531 908/4532 909/4533
f 917/4534 916/4535 909/4536
f 917/4537 909/4538 918/4539
f 909/4540 910/4541 918/4542
f 918/4543 910/4544 919/4545
f 910/4546 911/4547 919/4548
f 919/4549 911/4550 920/4551
f 911/4552 912/4553 920/4554
f 920/4555 912/4556 913/4557
f 912/4558 905/4559 913/4560
f 921/4561 913/4562 914/4563
f 922/4564 921/4565 914/4566
f 922/4567 914/4568 915/4569
f 923/4570 922/4571 915/4572
f 923/4573 915/4574 916/4575
f 924/4576 923/4577 916/4578
f 924/4579 916/4580 917/4581
f 925/4582 924/4583 917/4584
f 925/4585 917/4586 926/4587
f 917/4588 918/4589 926/4590
f 926/4591 918/4592 927/4593
f 918/4594 919/4595 927/4596
f 927/4597 919/4598 928/4599
f 919/4600 920/4601 928/4602
f 928/4603 920/4604 921/4605
f 920/4606 913/4607 921/4608
f 929/4609 921/4610 922/4611
f 930/4612 929/4613 922/4614
f 930/4615 922/4616 923/4617
f 931/4618 930/4619 923/4620
f 931/4621 923/4622 924/4623
f 932/4624 931/4625 924/4626
f 932/4627 924/4628 925/4629
f 933/4630 932/4631 925/4632
f 933/4633 925/4634 934/4635
f 925/4636 926/4637 934/4638
f 934/4639 926/4640 935/4641
f 926/4642 927/4643 935/4644
f 935/4645 927/4646 936/4647
f 927/4648 928/4649 936/4650
f 936/4651 928/4652 929/4653
f 928/4654 921/4655 929/4656
f 937/4657 938/4658 941/4659
f 941/4660 938/4661 942/4662
f 938/4663 940/4664 942/4665
f 942/4666 940/4667 944/4668
f 937/4669 941/4670 939/4671
f 941/4672 943/4673 939/4674
f 939/4675 943/4676 940/4677
f 943/4678 944/4679 940/4680
f 941/4681 942/4682 945/4683
f 945/4684 942/4685 946/4686
f 942/4687 944/4688 946/4689
f 946/4690 944/4691 948/4692
f 941/4693 945/4694 943/4695
f 945/4696 947/4697 943/4698
f 943/4699 947/4700 944/4701
f 947/4702 948/4703 944/4704
f 945/4705 946/4706 949/4707
f 949/4708 946/4709 950/4710
f 946/4711 948/4712 950/4713
f 945/4714 949/4715 947/4716
f 949/4717 950/4718 947/4719
f 947/4720 950/4721 948/4722
f 952/4723 951/4724 955/4725
f 952/4726 955/4727 956/4728
f 954/4729 952/4730 956/4731
f 954/4732 956/4733 958/4734
f 953/4735 955/4736 951/4737
f 953/4738 957/4739 955/4740
f 954/4741 957/4742 953/4743
f 954/4744 958/4745 957/4746
f 956/4747 955/4748 959/4749
f 956/4750 959/4751 960/4752
f 958/4753 956/4754 960/4755
f 958/4756 960/4757 962/4758
f 957/4759 959/4760 955/4761
f 957/4762 961/4763 959/4764
f 958/4765 961/4766 957/4767
f 958/4768 962/4769 961/4770
f 960/4771 959/4772 963/4773
f 960/4774 963/4775 964/4776
f 962/4777 960/4778 964/4779
f 961/4780 963/4781 959/4782
f 961/4783 964/4784 963/4785
f 962/4786 964/4787 961/4788
