v -0.79698 0.2171 0
v -0.79698 0.2171 0
v -0.79698 0.2171 0
v -0.79698 0.2171 0
v -0.79698 0.2171 0.05
v -0.86539 0.02916 0
v -0.79698 0.2171 -0.05
v -0.72858 0.40504 0
v -0.70302 0.1829 0.1
v -0.78852 -0.05202 0
v -0.70302 0.1829 -0.1
v -0.61751 0.41782 0
v -0.70302 0.1829 0
v -0.70302 0.1829 0
v -0.70302 0.1829 0
v -0.70302 0.1829 0
v -0.79698 -0.2171 0
v -0.79698 -0.2171 0
v -0.79698 -0.2171 0
v -0.79698 -0.2171 0
v -0.79698 -0.2171 -0.05
v -0.86539 -0.02916 0
v -0.79698 -0.2171 0.05
v -0.72858 -0.40504 0
v -0.70302 -0.1829 -0.1
v -0.78852 0.05202 0
v -0.70302 -0.1829 0.1
v -0.61751 -0.41782 0
v -0.70302 -0.1829 0
v -0.70302 -0.1829 0
v -0.70302 -0.1829 0
v -0.70302 -0.1829 0
v -0.64698 0.2171 0
v -0.64698 0.2171 0
v -0.64698 0.2171 0
v -0.64698 0.2171 0
v -0.64698 0.2171 0.1
v -0.71539 0.02916 0
v -0.64698 0.2171 -0.1
v -0.57858 0.40504 0
v -0.55302 0.1829 0.15
v -0.63852 -0.05202 0
v -0.55302 0.1829 -0.15
v -0.46751 0.41782 0
v -0.55302 0.1829 0
v -0.55302 0.1829 0
v -0.55302 0.1829 0
v -0.55302 0.1829 0
v -0.64698 -0.2171 0
v -0.64698 -0.2171 0
v -0.64698 -0.2171 0
v -0.64698 -0.2171 0
v -0.64698 -0.2171 -0.1
v -0.71539 -0.02916 0
v -0.64698 -0.2171 0.1
v -0.57858 -0.40504 0
v -0.55302 -0.1829 -0.15
v -0.63852 0.05202 0
v -0.55302 -0.1829 0.15
v -0.46751 -0.41782 0
v -0.55302 -0.1829 0
v -0.55302 -0.1829 0
v -0.55302 -0.1829 0
v -0.55302 -0.1829 0
v -0.49698 0.2171 0
v -0.49698 0.2171 0
v -0.49698 0.2171 0
v -0.49698 0.2171 0
v -0.49698 0.2171 0.15
v -0.56539 0.02916 0
v -0.49698 0.2171 -0.15
v -0.42858 0.40504 0
v -0.40302 0.1829 0.2
v -0.48852 -0.05202 0
v -0.40302 0.1829 -0.2
v -0.31751 0.41782 0
v -0.40302 0.1829 0
v -0.40302 0.1829 0
v -0.40302 0.1829 0
v -0.40302 0.1829 0
v -0.49698 -0.2171 0
v -0.49698 -0.2171 0
v -0.49698 -0.2171 0
v -0.49698 -0.2171 0
v -0.49698 -0.2171 -0.15
v -0.56539 -0.02916 0
v -0.49698 -0.2171 0.15
v -0.42858 -0.40504 0
v -0.40302 -0.1829 -0.2
v -0.48852 0.05202 0
v -0.40302 -0.1829 0.2
v -0.31751 -0.41782 0
v -0.40302 -0.1829 0
v -0.40302 -0.1829 0
v -0.40302 -0.1829 0
v -0.40302 -0.1829 0
v -0.70302 0.1829 0
v -0.70302 0.1829 0
v -0.70302 0.1829 0
v -0.70302 0.1829 0
v -0.70302 0.1829 0.04
v -0.76458 0.01375 0
v -0.70302 0.1829 -0.04
v -0.64145 0.35204 0
v -0.65859 0.18801 0.06
v -0.72015 0.01887 0
v -0.65859 0.18801 -0.06
v -0.59702 0.35716 0
v -0.60905 0.1487 0
v -0.60905 0.1487 0
v -0.60905 0.1487 0
v -0.60905 0.1487 0
v -0.70302 -0.1829 0
v -0.70302 -0.1829 0
v -0.70302 -0.1829 0
v -0.70302 -0.1829 0
v -0.70302 -0.1829 -0.04
v -0.76458 -0.01375 0
v -0.70302 -0.1829 0.04
v -0.64145 -0.35204 0
v -0.65859 -0.18801 -0.06
v -0.72015 -0.01887 0
v -0.65859 -0.18801 0.06
v -0.59702 -0.35716 0
v -0.60905 -0.1487 0
v -0.60905 -0.1487 0
v -0.60905 -0.1487 0
v -0.60905 -0.1487 0
v -0.55302 0.1829 0
v -0.55302 0.1829 0
v -0.55302 0.1829 0
v -0.55302 0.1829 0
v -0.55302 0.1829 0.08
v -0.61458 0.01375 0
v -0.55302 0.1829 -0.08
v -0.49145 0.35204 0
v -0.50859 0.18801 0.1
v -0.57015 0.01887 0
v -0.50859 0.18801 -0.1
v -0.44702 0.35716 0
v -0.45905 0.1487 0
v -0.45905 0.1487 0
v -0.45905 0.1487 0
v -0.45905 0.1487 0
v -0.55302 -0.1829 0
v -0.55302 -0.1829 0
v -0.55302 -0.1829 0
v -0.55302 -0.1829 0
v -0.55302 -0.1829 -0.08
v -0.61458 -0.01375 0
v -0.55302 -0.1829 0.08
v -0.49145 -0.35204 0
v -0.50859 -0.18801 -0.1
v -0.57015 -0.01887 0
v -0.50859 -0.18801 0.1
v -0.44702 -0.35716 0
v -0.45905 -0.1487 0
v -0.45905 -0.1487 0
v -0.45905 -0.1487 0
v -0.45905 -0.1487 0
v -1.17 0 0
v -1.17 0 0
v -1.17 0 0
v -1.17 0 0
v -1.2 0 0.04
v -1.2 -0.04 0
v -1.2 0 -0.04
v -1.2 0.04 0
v -1 0 0.08
v -1 -0.08 0
v -1 0 -0.08
v -1 0.08 0
v -0.9 0 0.05
v -0.9 -0.05 0
v -0.9 0 -0.05
v -0.9 0.05 0
v -0.35 0 0.1
v -0.35 -0.1 0
v -0.35 0 -0.1
v -0.35 0.1 0
v -0.25 0 0.06
v -0.25 -0.06 0
v -0.25 0 -0.06
v -0.25 0.06 0
v 0.2 0 0.06
v 0.2 -0.06 0
v 0.2 0 -0.06
v 0.2 0.06 0
v 0.3 0 0.13
v 0.3 -0.13 0
v 0.3 0 -0.13
v 0.3 0.13 0
v 0.6 0 0
v 0.6 0 0
v 0.6 0 0
v 0.6 0 0
v 0.16 0 0
v 0.16 0 0
v 0.16 0 0
v 0.16 0 0
v 0.06 0 0.08
v 0.06 -0.08 0
v 0.06 0 -0.08
v 0.06 0.08 0
v 0.16 0.1001 0.08
v 0.16 0.0201 0
v 0.16 0.1001 -0.08
v 0.16 0.1801 0
v 0.26 0.1001 0.04
v 0.26 0.0601 0
v 0.26 0.1001 -0.04
v 0.26 0.1401 0
v 0.56 0.1001 0.04
v 0.56 0.0601 0
v 0.56 0.1001 -0.04
v 0.56 0.1401 0
v 0.61 0.1001 0.08
v 0.61 0.0201 0
v 0.61 0.1001 -0.08
v 0.61 0.1801 0
v 0.66 0 0.2
v 0.66 -0.2 0
v 0.66 0 -0.2
v 0.66 0.2 0
v 0.81 0 0.13
v 0.81 -0.13 0
v 0.81 0 -0.13
v 0.81 0.13 0
v 0.96 0 0.13
v 0.96 -0.13 0
v 0.96 0 -0.13
v 0.96 0.13 0
v 1.06 0 0.15
v 1.06 -0.15 0
v 1.06 0 -0.15
v 1.06 0.15 0
v 1.36 0 0.13
v 1.36 -0.13 0
v 1.36 0 -0.13
v 1.36 0.13 0
v 1.34 0 0.09
v 1.34 -0.09 0
v 1.34 0 -0.09
v 1.34 0.09 0
v 1.33 0 0
v 1.33 0 0
v 1.33 0 0
v 1.33 0 0
v 0.16 0 0
v 0.16 0 0
v 0.16 0 0
v 0.16 0 0
v 0.06 0 -0.08
v 0.06 0.08 0
v 0.06 0 0.08
v 0.06 -0.08 0
v 0.16 -0.1001 -0.08
v 0.16 -0.0201 0
v 0.16 -0.1001 0.08
v 0.16 -0.1801 0
v 0.26 -0.1001 -0.04
v 0.26 -0.0601 0
v 0.26 -0.1001 0.04
v 0.26 -0.1401 0
v 0.56 -0.1001 -0.04
v 0.56 -0.0601 0
v 0.56 -0.1001 0.04
v 0.56 -0.1401 0
v 0.61 -0.1001 -0.08
v 0.61 -0.0201 0
v 0.61 -0.1001 0.08
v 0.61 -0.1801 0
v 0.66 0 -0.2
v 0.66 0.2 0
v 0.66 0 0.2
v 0.66 -0.2 0
v 0.81 0 -0.13
v 0.81 0.13 0
v 0.81 0 0.13
v 0.81 -0.13 0
v 0.96 0 -0.13
v 0.96 0.13 0
v 0.96 0 0.13
v 0.96 -0.13 0
v 1.06 0 -0.15
v 1.06 0.15 0
v 1.06 0 0.15
v 1.06 -0.15 0
v 1.36 0 -0.13
v 1.36 0.13 0
v 1.36 0 0.13
v 1.36 -0.13 0
v 1.34 0 -0.09
v 1.34 0.09 0
v 1.34 0 0.09
v 1.34 -0.09 0
v 1.33 0 0
v 1.33 0 0
v 1.33 0 0
v 1.33 0 0
v 0.8 0.35 0
v 0.8 0.35 0
v 0.8 0.35 0
v 0.8 0.35 0
v 0.75 0.35 0.08
v 0.75 0.27 0
v 0.75 0.35 -0.08
v 0.75 0.43 0
v 0.82 0.35 0.1
v 0.82 0.25 0
v 0.82 0.35 -0.1
v 0.82 0.45 0
v 0.95 0.35 0.1
v 0.95 0.24 0
v 0.95 0.35 -0.1
v 0.95 0.46 0
v 1 0.33 0.1
v 1 0.25 0
v 1 0.33 -0.1
v 1 0.41 0
v 1.15 0.33 0.1
v 1.15 0.25 0
v 1.15 0.33 -0.1
v 1.15 0.41 0
v 1.23 0.35 0.1
v 1.23 0.25 0
v 1.23 0.35 -0.1
v 1.23 0.45 0
v 1.45 0.35 0.07
v 1.45 0.28 0
v 1.45 0.35 -0.07
v 1.45 0.42 0
v 0.8 -0.35 0
v 0.8 -0.35 0
v 0.8 -0.35 0
v 0.8 -0.35 0
v 0.75 -0.35 -0.08
v 0.75 -0.27 0
v 0.75 -0.35 0.08
v 0.75 -0.43 0
v 0.82 -0.35 -0.1
v 0.82 -0.25 0
v 0.82 -0.35 0.1
v 0.82 -0.45 0
v 0.95 -0.35 -0.1
v 0.95 -0.24 0
v 0.95 -0.35 0.1
v 0.95 -0.46 0
v 1 -0.33 -0.1
v 1 -0.25 0
v 1 -0.33 0.1
v 1 -0.41 0
v 1.15 -0.33 -0.1
v 1.15 -0.25 0
v 1.15 -0.33 0.1
v 1.15 -0.41 0
v 1.23 -0.35 -0.1
v 1.23 -0.25 0
v 1.23 -0.35 0.1
v 1.23 -0.45 0
v 1.45 -0.35 -0.07
v 1.45 -0.28 0
v 1.45 -0.35 0.07
v 1.45 -0.42 0
v 0.85 0.35 0.09
v 0.85 0.27 0
v 0.85 0.35 -0.09
v 0.85 0.43 0
v 1.3 0.35 0.09
v 1.3 0.27 0
v 1.3 0.35 -0.09
v 1.3 0.43 0
v 0.85 -0.35 -0.09
v 0.85 -0.27 0
v 0.85 -0.35 0.09
v 0.85 -0.43 0
v 1.3 -0.35 -0.09
v 1.3 -0.27 0
v 1.3 -0.35 0.09
v 1.3 -0.43 0
v 0.26 0.1 0
v 0.26 0.1 0
v 0.26 0.1 0
v 0.26 0.1 0
v 0.28 0.1 0.08
v 0.28 0.02 0
v 0.28 0.1 -0.08
v 0.28 0.18 0
v 0.32 0.1 0.08
v 0.32 0.02 0
v 0.32 0.1 -0.08
v 0.32 0.18 0
v 0.3 0.1 0
v 0.3 0.1 0
v 0.3 0.1 0
v 0.3 0.1 0
v 0.26 -0.1 0
v 0.26 -0.1 0
v 0.26 -0.1 0
v 0.26 -0.1 0
v 0.28 -0.1 -0.08
v 0.28 -0.02 0
v 0.28 -0.1 0.08
v 0.28 -0.18 0
v 0.32 -0.1 -0.08
v 0.32 -0.02 0
v 0.32 -0.1 0.08
v 0.32 -0.18 0
v 0.3 -0.1 0
v 0.3 -0.1 0
v 0.3 -0.1 0
v 0.3 -0.1 0
v 0.36 0.1 0
v 0.36 0.1 0
v 0.36 0.1 0
v 0.36 0.1 0
v 0.36 0.1 0.08
v 0.36 0.18 0
v 0.36 0.1 -0.08
v 0.36 0.02 0
v 0.35 0.1 0.08
v 0.35 0.18 0
v 0.35 0.1 -0.08
v 0.35 0.02 0
v 0.37 0.1 0
v 0.37 0.1 0
v 0.37 0.1 0
v 0.37 0.1 0
v 0.36 -0.1 0
v 0.36 -0.1 0
v 0.36 -0.1 0
v 0.36 -0.1 0
v 0.36 -0.1 -0.08
v 0.36 -0.18 0
v 0.36 -0.1 0.08
v 0.36 -0.02 0
v 0.35 -0.1 -0.08
v 0.35 -0.18 0
v 0.35 -0.1 0.08
v 0.35 -0.02 0
v 0.37 -0.1 0
v 0.37 -0.1 0
v 0.37 -0.1 0
v 0.37 -0.1 0
v 0.36 0.1 0
v 0.36 0.1 0
v 0.36 0.1 0
v 0.36 0.1 0
v 0.36 0.1 0.08
v 0.36 0.02 0
v 0.36 0.1 -0.08
v 0.36 0.18 0
v 0.39 0.1 0.08
v 0.39 0.02 0
v 0.39 0.1 -0.08
v 0.39 0.18 0
v 0.37 0.1 0
v 0.37 0.1 0
v 0.37 0.1 0
v 0.37 0.1 0
v 0.36 -0.1 0
v 0.36 -0.1 0
v 0.36 -0.1 0
v 0.36 -0.1 0
v 0.36 -0.1 -0.08
v 0.36 -0.02 0
v 0.36 -0.1 0.08
v 0.36 -0.18 0
v 0.39 -0.1 -0.08
v 0.39 -0.02 0
v 0.39 -0.1 0.08
v 0.39 -0.18 0
v 0.37 -0.1 0
v 0.37 -0.1 0
v 0.37 -0.1 0
v 0.37 -0.1 0
v 0.43 0.1 0
v 0.43 0.1 0
v 0.43 0.1 0
v 0.43 0.1 0
v 0.43 0.1 0.08
v 0.43 0.18 0
v 0.43 0.1 -0.08
v 0.43 0.02 0
v 0.42 0.1 0.08
v 0.42 0.18 0
v 0.42 0.1 -0.08
v 0.42 0.02 0
v 0.44 0.1 0
v 0.44 0.1 0
v 0.44 0.1 0
v 0.44 0.1 0
v 0.43 -0.1 0
v 0.43 -0.1 0
v 0.43 -0.1 0
v 0.43 -0.1 0
v 0.43 -0.1 -0.08
v 0.43 -0.18 0
v 0.43 -0.1 0.08
v 0.43 -0.02 0
v 0.42 -0.1 -0.08
v 0.42 -0.18 0
v 0.42 -0.1 0.08
v 0.42 -0.02 0
v 0.44 -0.1 0
v 0.44 -0.1 0
v 0.44 -0.1 0
v 0.44 -0.1 0
v 0.43 0.1 0
v 0.43 0.1 0
v 0.43 0.1 0
v 0.43 0.1 0
v 0.43 0.1 0.08
v 0.43 0.02 0
v 0.43 0.1 -0.08
v 0.43 0.18 0
v 0.46 0.1 0.08
v 0.46 0.02 0
v 0.46 0.1 -0.08
v 0.46 0.18 0
v 0.44 0.1 0
v 0.44 0.1 0
v 0.44 0.1 0
v 0.44 0.1 0
v 0.43 -0.1 0
v 0.43 -0.1 0
v 0.43 -0.1 0
v 0.43 -0.1 0
v 0.43 -0.1 -0.08
v 0.43 -0.02 0
v 0.43 -0.1 0.08
v 0.43 -0.18 0
v 0.46 -0.1 -0.08
v 0.46 -0.02 0
v 0.46 -0.1 0.08
v 0.46 -0.18 0
v 0.44 -0.1 0
v 0.44 -0.1 0
v 0.44 -0.1 0
v 0.44 -0.1 0
v 0.55 0.1 0
v 0.55 0.1 0
v 0.55 0.1 0
v 0.55 0.1 0
v 0.53 0.1 0.08
v 0.53 0.18 0
v 0.53 0.1 -0.08
v 0.53 0.02 0
v 0.49 0.1 0.08
v 0.49 0.18 0
v 0.49 0.1 -0.08
v 0.49 0.02 0
v 0.51 0.1 0
v 0.51 0.1 0
v 0.51 0.1 0
v 0.51 0.1 0
v 0.55 -0.1 0
v 0.55 -0.1 0
v 0.55 -0.1 0
v 0.55 -0.1 0
v 0.53 -0.1 -0.08
v 0.53 -0.18 0
v 0.53 -0.1 0.08
v 0.53 -0.02 0
v 0.49 -0.1 -0.08
v 0.49 -0.18 0
v 0.49 -0.1 0.08
v 0.49 -0.02 0
v 0.51 -0.1 0
v 0.51 -0.1 0
v 0.51 -0.1 0
v 0.51 -0.1 0
v 0.04 0.36 0
v 0.11 0.32 0
v 0.04 0.28 0
v -0.03 0.32 0
v 0.09 0.25456 -0.25456
v 0.16 0.22627 -0.22627
v 0.09 0.19799 -0.19799
v 0.02 0.22627 -0.22627
v 0.04 0 -0.36
v 0.11 0 -0.32
v 0.04 0 -0.28
v -0.03 0 -0.32
v 0.09 -0.25456 -0.25456
v 0.16 -0.22627 -0.22627
v 0.09 -0.19799 -0.19799
v 0.02 -0.22627 -0.22627
v 0.04 -0.36 0
v 0.11 -0.32 0
v 0.04 -0.28 0
v -0.03 -0.32 0
v 0.09 -0.25456 0.25456
v 0.16 -0.22627 0.22627
v 0.09 -0.19799 0.19799
v 0.02 -0.22627 0.22627
v 0.04 0 0.36
v 0.11 0 0.32
v 0.04 0 0.28
v -0.03 0 0.32
v 0.09 0.25456 0.25456
v 0.16 0.22627 0.22627
v 0.09 0.19799 0.19799
v 0.02 0.22627 0.22627
v 0.04 0.36 0
v 0.11 0.32 0
v 0.04 0.28 0
v -0.03 0.32 0
v -1.1 0.1 0
v -1.1 0.1 0
v -1.1 0.1 0
v -1.1 0.1 0
v -1.45 0.1 0
v -1.1 0.1 0.035
v -1.1 0.1 -0.035
v -0.75 0.1 0
v -1.2 0.2 0
v -0.9 0.2 0.03
v -0.9 0.2 -0.03
v -0.6 0.2 0
v -0.65 0.3 0
v -0.35 0.3 0
v -1.1 -0.1 0
v -1.1 -0.1 0
v -1.1 -0.1 0
v -1.1 -0.1 0
v -1.45 -0.1 0
v -1.1 -0.1 0.035
v -1.1 -0.1 -0.035
v -0.75 -0.1 0
v -1.2 -0.2 0
v -0.9 -0.2 0.03
v -0.9 -0.2 -0.03
v -0.6 -0.2 0
v -0.65 -0.3 0
v -0.35 -0.3 0
v -1.44 0.1 0
v -1.44 0.1 0
v -1.44 0.1 0
v -1.44 0.1 0
v -1.45 0.1 0
v -1.44 0.1 0.004
v -1.44 0.1 -0.004
v -1.43 0.1 0
v -1.21 0.2 0
v -1.2 0.2 0.004
v -1.2 0.2 -0.004
v -1.19 0.2 0
v -1.2 0.2 0
v -1.2 0.2 0
v -1.44 -0.1 0
v -1.44 -0.1 0
v -1.44 -0.1 0
v -1.44 -0.1 0
v -1.45 -0.1 0
v -1.44 -0.1 0.004
v -1.44 -0.1 -0.004
v -1.43 -0.1 0
v -1.21 -0.2 0
v -1.2 -0.2 0.004
v -1.2 -0.2 -0.004
v -1.19 -0.2 0
v -1.2 -0.2 0
v -1.2 -0.2 0
v -1.2 0.2 0
v -0.9 0.2 0.012
v -0.9 0.2 -0.012
v -0.6 0.2 0
v -1.35 0.3 0
v -1.25 0.3 0
v -1.2 -0.2 0
v -0.9 -0.2 0.012
v -0.9 -0.2 -0.012
v -0.6 -0.2 0
v -1.35 -0.3 0
v -1.25 -0.3 0
v -0.225 0 0
v -0.15 0 0.0225
v -0.15 0 -0.0225
v -0.075 0 0
v -0.19 0.15 0
v -0.15 0.15 0.012
v -0.15 0.15 -0.012
v -0.11 0.15 0
v -0.28 0.22 0
v -0.18 0.22 0.03
v -0.18 0.22 -0.03
v -0.08 0.22 0
v 0 0.32 0
v 0.1 0.32 0
v -0.225 0 0
v -0.15 0 0.0225
v -0.15 0 -0.0225
v -0.075 0 0
v -0.19 -0.15 0
v -0.15 -0.15 0.012
v -0.15 -0.15 -0.012
v -0.11 -0.15 0
v -0.28 -0.22 0
v -0.18 -0.22 0.03
v -0.18 -0.22 -0.03
v -0.08 -0.22 0
v 0 -0.32 0
v 0.1 -0.32 0
v -0.225 0 0
v -0.15 0 0.0225
v -0.15 0 -0.0225
v -0.075 0 0
v -0.19 0.10607 0.10607
v -0.15 0.09758 0.11455
v -0.15 0.11455 0.09758
v -0.11 0.10607 0.10607
v -0.28 0.15556 0.15556
v -0.18 0.13435 0.17678
v -0.18 0.17678 0.13435
v -0.08 0.15556 0.15556
v 0 0.22627 0.22627
v 0.1 0.22627 0.22627
v -0.225 0 0
v -0.15 0 0.0225
v -0.15 0 -0.0225
v -0.075 0 0
v -0.19 -0.10607 0.10607
v -0.15 -0.09758 0.11455
v -0.15 -0.11455 0.09758
v -0.11 -0.10607 0.10607
v -0.28 -0.15556 0.15556
v -0.18 -0.13435 0.17678
v -0.18 -0.17678 0.13435
v -0.08 -0.15556 0.15556
v 0 -0.22627 0.22627
v 0.1 -0.22627 0.22627
v -0.225 0 0
v -0.15 0 0.0225
v -0.15 0 -0.0225
v -0.075 0 0
v -0.19 0.10607 -0.10607
v -0.15 0.11455 -0.09758
v -0.15 0.09758 -0.11455
v -0.11 0.10607 -0.10607
v -0.28 0.15556 -0.15556
v -0.18 0.17678 -0.13435
v -0.18 0.13435 -0.17678
v -0.08 0.15556 -0.15556
v 0 0.22627 -0.22627
v 0.1 0.22627 -0.22627
v -0.225 0 0
v -0.15 0 0.0225
v -0.15 0 -0.0225
v -0.075 0 0
v -0.19 -0.10607 -0.10607
v -0.15 -0.11455 -0.09758
v -0.15 -0.09758 -0.11455
v -0.11 -0.10607 -0.10607
v -0.28 -0.15556 -0.15556
v -0.18 -0.17678 -0.13435
v -0.18 -0.13435 -0.17678
v -0.08 -0.15556 -0.15556
v 0 -0.22627 -0.22627
v 0.1 -0.22627 -0.22627
v -0.225 0 0
v -0.15 0 0.0225
v -0.15 0 -0.0225
v -0.075 0 0
v -0.19 0 -0.15
v -0.15 0.012 -0.15
v -0.15 -0.012 -0.15
v -0.11 0 -0.15
v -0.28 0 -0.22
v -0.18 0.03 -0.22
v -0.18 -0.03 -0.22
v -0.08 0 -0.22
v 0 0 -0.32
v 0.1 0 -0.32
v -0.225 0 0
v -0.15 0 0.0225
v -0.15 0 -0.0225
v -0.075 0 0
v -0.19 0 -0.15
v -0.15 -0.012 -0.15
v -0.15 0.012 -0.15
v -0.11 0 -0.15
v -0.28 0 -0.22
v -0.18 -0.03 -0.22
v -0.18 0.03 -0.22
v -0.08 0 -0.22
v 0 0 -0.32
v 0.1 0 -0.32
v -0.225 0 0
v -0.15 0 0.0225
v -0.15 0 -0.0225
v -0.075 0 0
v -0.19 0 0.15
v -0.15 -0.012 0.15
v -0.15 0.012 0.15
v -0.11 0 0.15
v -0.28 0 0.22
v -0.18 -0.03 0.22
v -0.18 0.03 0.22
v -0.08 0 0.22
v 0 0 0.32
v 0.1 0 0.32
v -0.225 0 0
v -0.15 0 0.0225
v -0.15 0 -0.0225
v -0.075 0 0
v -0.19 0 0.15
v -0.15 0.012 0.15
v -0.15 -0.012 0.15
v -0.11 0 0.15
v -0.28 0 0.22
v -0.18 0.03 0.22
v -0.18 -0.03 0.22
v -0.08 0 0.22
v 0 0 0.32
v 0.1 0 0.32
v -0.025 0.32 0
v 0.04 0.32 0.0065
v 0.04 0.32 -0.0065
v 0.105 0.32 0
v -0.16 0.4 0
v -0.06 0.4 0.01
v -0.06 0.4 -0.01
v 0.04 0.4 0
v 0.09 0.6 0
v 0.19 0.6 0
v -0.025 -0.32 0
v 0.04 -0.32 0.0065
v 0.04 -0.32 -0.0065
v 0.105 -0.32 0
v -0.16 -0.4 0
v -0.06 -0.4 0.01
v -0.06 -0.4 -0.01
v 0.04 -0.4 0
v 0.09 -0.6 0
v 0.19 -0.6 0
v -0.16 0.4 0
v -0.06 0.4 0.03
v -0.06 0.4 -0.03
v 0.04 0.4 0
v -0.31 0.54489 0.03882
v -0.16 0.53324 0.08229
v -0.16 0.55654 -0.00464
v -0.01 0.54489 0.03882
v -0.31 1.02785 0.16823
v -0.21 1.02785 0.16823
v -0.16 -0.4 0
v -0.06 -0.4 0.03
v -0.06 -0.4 -0.03
v 0.04 -0.4 0
v -0.31 -0.54489 0.03882
v -0.16 -0.53324 0.08229
v -0.16 -0.55654 -0.00464
v -0.01 -0.54489 0.03882
v -0.31 -1.02785 0.16823
v -0.21 -1.02785 0.16823
v -0.16 0.4 0
v -0.06 0.4 0.03
v -0.06 0.4 -0.03
v 0.04 0.4 0
v -0.31 0.54489 -0.03882
v -0.16 0.55654 0.00464
v -0.16 0.53324 -0.08229
v -0.01 0.54489 -0.03882
v -0.31 1.02785 -0.16823
v -0.21 1.02785 -0.16823
v -0.16 -0.4 0
v -0.06 -0.4 0.03
v -0.06 -0.4 -0.03
v 0.04 -0.4 0
v -0.31 -0.54489 -0.03882
v -0.16 -0.55654 0.00464
v -0.16 -0.53324 -0.08229
v -0.01 -0.54489 -0.03882
v -0.31 -1.02785 -0.16823
v -0.21 -1.02785 -0.16823
v 0.725 0.1 0
v 0.85 0.1 0.0125
v 0.85 0.1 -0.0125
v 0.975 0.1 0
v 0.875 0.3 0
v 1.025 0.3 0
v 0.725 -0.1 0
v 0.85 -0.1 0.0125
v 0.85 -0.1 -0.0125
v 0.975 -0.1 0
v 0.875 -0.3 0
v 1.025 -0.3 0
v 0.9 0.1 -0.01
v 1 0.1 0
v 1 0.1 -0.02
v 1.1 0.1 -0.01
v 0.95 0.3 -0.01
v 1.05 0.3 -0.01
v 0.9 -0.1 -0.01
v 1 -0.1 0
v 1 -0.1 -0.02
v 1.1 -0.1 -0.01
v 0.95 -0.3 -0.01
v 1.05 -0.3 -0.01

vt 0.3125 0.775
vt 0.3125 0.975
vt 0.3625 0.975
vt 0.3625 0.775
vt 0.3125 0.775
vt 0.3625 0.975
vt 0.2625 0.775
vt 0.2625 0.975
vt 0.3125 0.975
vt 0.3125 0.775
vt 0.2625 0.775
vt 0.3125 0.975
vt 0.3125 0.775
vt 0.3125 0.975
vt 0.3625 0.775
vt 0.3125 0.975
vt 0.3625 0.975
vt 0.3625 0.775
vt 0.2625 0.775
vt 0.2625 0.975
vt 0.3125 0.775
vt 0.2625 0.975
vt 0.3125 0.975
vt 0.3125 0.775
vt 0.2625 0.775
vt 0.2625 0.975
vt 0.3625 0.975
vt 0.3625 0.775
vt 0.2625 0.775
vt 0.3625 0.975
vt 0.2625 0.775
vt 0.2625 0.975
vt 0.3625 0.975
vt 0.3625 0.775
vt 0.2625 0.775
vt 0.3625 0.975
vt 0.2625 0.775
vt 0.2625 0.975
vt 0.3625 0.775
vt 0.2625 0.975
vt 0.3625 0.975
vt 0.3625 0.775
vt 0.2625 0.775
vt 0.2625 0.975
vt 0.3625 0.775
vt 0.2625 0.975
vt 0.3625 0.975
vt 0.3625 0.775
vt 0.3125 0.775
vt 0.3125 0.975
vt 0.3625 0.975
vt 0.3625 0.775
vt 0.3125 0.775
vt 0.3625 0.975
vt 0.2625 0.775
vt 0.2625 0.975
vt 0.3125 0.975
vt 0.3125 0.775
vt 0.2625 0.775
vt 0.3125 0.975
vt 0.3125 0.775
vt 0.3125 0.975
vt 0.3625 0.775
vt 0.3125 0.975
vt 0.3625 0.975
vt 0.3625 0.775
vt 0.2625 0.775
vt 0.2625 0.975
vt 0.3125 0.775
vt 0.2625 0.975
vt 0.3125 0.975
vt 0.3125 0.775
vt 0.3125 0.775
vt 0.3125 0.975
vt 0.3625 0.975
vt 0.3625 0.775
vt 0.3125 0.775
vt 0.3625 0.975
vt 0.2625 0.775
vt 0.2625 0.975
vt 0.3125 0.975
vt 0.3125 0.775
vt 0.2625 0.775
vt 0.3125 0.975
vt 0.3125 0.775
vt 0.3125 0.975
vt 0.3625 0.775
vt 0.3125 0.975
vt 0.3625 0.975
vt 0.3625 0.775
vt 0.2625 0.775
vt 0.2625 0.975
vt 0.3125 0.775
vt 0.2625 0.975
vt 0.3125 0.975
vt 0.3125 0.775
vt 0.2625 0.775
vt 0.2625 0.975
vt 0.3625 0.975
vt 0.3625 0.775
vt 0.2625 0.775
vt 0.3625 0.975
vt 0.2625 0.775
vt 0.2625 0.975
vt 0.3625 0.975
vt 0.3625 0.775
vt 0.2625 0.775
vt 0.3625 0.975
vt 0.2625 0.775
vt 0.2625 0.975
vt 0.3625 0.775
vt 0.2625 0.975
vt 0.3625 0.975
vt 0.3625 0.775
vt 0.2625 0.775
vt 0.2625 0.975
vt 0.3625 0.775
vt 0.2625 0.975
vt 0.3625 0.975
vt 0.3625 0.775
vt 0.3125 0.775
vt 0.3125 0.975
vt 0.3625 0.975
vt 0.3625 0.775
vt 0.3125 0.775
vt 0.3625 0.975
vt 0.2625 0.775
vt 0.2625 0.975
vt 0.3125 0.975
vt 0.3125 0.775
vt 0.2625 0.775
vt 0.3125 0.975
vt 0.3125 0.775
vt 0.3125 0.975
vt 0.3625 0.775
vt 0.3125 0.975
vt 0.3625 0.975
vt 0.3625 0.775
vt 0.2625 0.775
vt 0.2625 0.975
vt 0.3125 0.775
vt 0.2625 0.975
vt 0.3125 0.975
vt 0.3125 0.775
vt 0.3125 0.775
vt 0.3125 0.975
vt 0.3625 0.975
vt 0.3625 0.775
vt 0.3125 0.775
vt 0.3625 0.975
vt 0.2625 0.775
vt 0.2625 0.975
vt 0.3125 0.975
vt 0.3125 0.775
vt 0.2625 0.775
vt 0.3125 0.975
vt 0.3125 0.775
vt 0.3125 0.975
vt 0.3625 0.775
vt 0.3125 0.975
vt 0.3625 0.975
vt 0.3625 0.775
vt 0.2625 0.775
vt 0.2625 0.975
vt 0.3125 0.775
vt 0.2625 0.975
vt 0.3125 0.975
vt 0.3125 0.775
vt 0.2625 0.775
vt 0.2625 0.975
vt 0.3625 0.975
vt 0.3625 0.775
vt 0.2625 0.775
vt 0.3625 0.975
vt 0.2625 0.775
vt 0.2625 0.975
vt 0.3625 0.975
vt 0.3625 0.775
vt 0.2625 0.775
vt 0.3625 0.975
vt 0.2625 0.775
vt 0.2625 0.975
vt 0.3625 0.775
vt 0.2625 0.975
vt 0.3625 0.975
vt 0.3625 0.775
vt 0.2625 0.775
vt 0.2625 0.975
vt 0.3625 0.775
vt 0.2625 0.975
vt 0.3625 0.975
vt 0.3625 0.775
vt 0.3125 0.775
vt 0.3125 0.975
vt 0.3625 0.975
vt 0.3625 0.775
vt 0.3125 0.775
vt 0.3625 0.975
vt 0.2625 0.775
vt 0.2625 0.975
vt 0.3125 0.975
vt 0.3125 0.775
vt 0.2625 0.775
vt 0.3125 0.975
vt 0.3125 0.775
vt 0.3125 0.975
vt 0.3625 0.775
vt 0.3125 0.975
vt 0.3625 0.975
vt 0.3625 0.775
vt 0.2625 0.775
vt 0.2625 0.975
vt 0.3125 0.775
vt 0.2625 0.975
vt 0.3125 0.975
vt 0.3125 0.775
vt 0.3125 0.775
vt 0.3125 0.975
vt 0.3625 0.975
vt 0.3625 0.775
vt 0.3125 0.775
vt 0.3625 0.975
vt 0.2625 0.775
vt 0.2625 0.975
vt 0.3125 0.975
vt 0.3125 0.775
vt 0.2625 0.775
vt 0.3125 0.975
vt 0.3125 0.775
vt 0.3125 0.975
vt 0.3625 0.775
vt 0.3125 0.975
vt 0.3625 0.975
vt 0.3625 0.775
vt 0.2625 0.775
vt 0.2625 0.975
vt 0.3125 0.775
vt 0.2625 0.975
vt 0.3125 0.975
vt 0.3125 0.775
vt 0.2625 0.775
vt 0.2625 0.975
vt 0.3625 0.975
vt 0.3625 0.775
vt 0.2625 0.775
vt 0.3625 0.975
vt 0.2625 0.775
vt 0.2625 0.975
vt 0.3625 0.975
vt 0.3625 0.775
vt 0.2625 0.775
vt 0.3625 0.975
vt 0.2625 0.775
vt 0.2625 0.975
vt 0.3625 0.775
vt 0.2625 0.975
vt 0.3625 0.975
vt 0.3625 0.775
vt 0.2625 0.775
vt 0.2625 0.975
vt 0.3625 0.775
vt 0.2625 0.975
vt 0.3625 0.975
vt 0.3625 0.775
vt 0.3125 0.775
vt 0.3125 0.975
vt 0.3625 0.975
vt 0.3625 0.775
vt 0.3125 0.775
vt 0.3625 0.975
vt 0.2625 0.775
vt 0.2625 0.975
vt 0.3125 0.975
vt 0.3125 0.775
vt 0.2625 0.775
vt 0.3125 0.975
vt 0.3125 0.775
vt 0.3125 0.975
vt 0.3625 0.775
vt 0.3125 0.975
vt 0.3625 0.975
vt 0.3625 0.775
vt 0.2625 0.775
vt 0.2625 0.975
vt 0.3125 0.775
vt 0.2625 0.975
vt 0.3125 0.975
vt 0.3125 0.775
vt 0.3125 0.775
vt 0.3125 0.975
vt 0.3625 0.975
vt 0.3625 0.775
vt 0.3125 0.775
vt 0.3625 0.975
vt 0.2625 0.775
vt 0.2625 0.975
vt 0.3125 0.975
vt 0.3125 0.775
vt 0.2625 0.775
vt 0.3125 0.975
vt 0.3125 0.775
vt 0.3125 0.975
vt 0.3625 0.775
vt 0.3125 0.975
vt 0.3625 0.975
vt 0.3625 0.775
vt 0.2625 0.775
vt 0.2625 0.975
vt 0.3125 0.775
vt 0.2625 0.975
vt 0.3125 0.975
vt 0.3125 0.775
vt 0.2625 0.775
vt 0.2625 0.975
vt 0.3625 0.975
vt 0.3625 0.775
vt 0.2625 0.775
vt 0.3625 0.975
vt 0.2625 0.775
vt 0.2625 0.975
vt 0.3625 0.975
vt 0.3625 0.775
vt 0.2625 0.775
vt 0.3625 0.975
vt 0.2625 0.775
vt 0.2625 0.975
vt 0.3625 0.775
vt 0.2625 0.975
vt 0.3625 0.975
vt 0.3625 0.775
vt 0.2625 0.775
vt 0.2625 0.975
vt 0.3625 0.775
vt 0.2625 0.975
vt 0.3625 0.975
vt 0.3625 0.775
vt 0.3125 0.775
vt 0.3125 0.975
vt 0.3625 0.975
vt 0.3625 0.775
vt 0.3125 0.775
vt 0.3625 0.975
vt 0.2625 0.775
vt 0.2625 0.975
vt 0.3125 0.975
vt 0.3125 0.775
vt 0.2625 0.775
vt 0.3125 0.975
vt 0.3125 0.775
vt 0.3125 0.975
vt 0.3625 0.775
vt 0.3125 0.975
vt 0.3625 0.975
vt 0.3625 0.775
vt 0.2625 0.775
vt 0.2625 0.975
vt 0.3125 0.775
vt 0.2625 0.975
vt 0.3125 0.975
vt 0.3125 0.775
vt 0.3125 0.775
vt 0.3125 0.975
vt 0.3625 0.975
vt 0.3625 0.775
vt 0.3125 0.775
vt 0.3625 0.975
vt 0.2625 0.775
vt 0.2625 0.975
vt 0.3125 0.975
vt 0.3125 0.775
vt 0.2625 0.775
vt 0.3125 0.975
vt 0.3125 0.775
vt 0.3125 0.975
vt 0.3625 0.775
vt 0.3125 0.975
vt 0.3625 0.975
vt 0.3625 0.775
vt 0.2625 0.775
vt 0.2625 0.975
vt 0.3125 0.775
vt 0.2625 0.975
vt 0.3125 0.975
vt 0.3125 0.775
vt 0.2625 0.775
vt 0.2625 0.975
vt 0.3625 0.975
vt 0.3625 0.775
vt 0.2625 0.775
vt 0.3625 0.975
vt 0.2625 0.775
vt 0.2625 0.975
vt 0.3625 0.975
vt 0.3625 0.775
vt 0.2625 0.775
vt 0.3625 0.975
vt 0.2625 0.775
vt 0.2625 0.975
vt 0.3625 0.775
vt 0.2625 0.975
vt 0.3625 0.975
vt 0.3625 0.775
vt 0.2625 0.775
vt 0.2625 0.975
vt 0.3625 0.775
vt 0.2625 0.975
vt 0.3625 0.975
vt 0.3625 0.775
vt 0.3125 0.775
vt 0.3125 0.975
vt 0.3625 0.975
vt 0.3625 0.775
vt 0.3125 0.775
vt 0.3625 0.975
vt 0.2625 0.775
vt 0.2625 0.975
vt 0.3125 0.975
vt 0.3125 0.775
vt 0.2625 0.775
vt 0.3125 0.975
vt 0.3125 0.775
vt 0.3125 0.975
vt 0.3625 0.775
vt 0.3125 0.975
vt 0.3625 0.975
vt 0.3625 0.775
vt 0.2625 0.775
vt 0.2625 0.975
vt 0.3125 0.775
vt 0.2625 0.975
vt 0.3125 0.975
vt 0.3125 0.775
vt 0.4375 0.775
vt 0.4375 0.975
vt 0.4875 0.975
vt 0.4875 0.775
vt 0.4375 0.775
vt 0.4875 0.975
vt 0.3875 0.775
vt 0.3875 0.975
vt 0.4375 0.975
vt 0.4375 0.775
vt 0.3875 0.775
vt 0.4375 0.975
vt 0.4375 0.775
vt 0.4375 0.975
vt 0.4875 0.775
vt 0.4375 0.975
vt 0.4875 0.975
vt 0.4875 0.775
vt 0.3875 0.775
vt 0.3875 0.975
vt 0.4375 0.775
vt 0.3875 0.975
vt 0.4375 0.975
vt 0.4375 0.775
vt 0.3875 0.775
vt 0.3875 0.975
vt 0.4875 0.975
vt 0.4875 0.775
vt 0.3875 0.775
vt 0.4875 0.975
vt 0.3875 0.775
vt 0.3875 0.975
vt 0.4875 0.975
vt 0.4875 0.775
vt 0.3875 0.775
vt 0.4875 0.975
vt 0.3875 0.775
vt 0.3875 0.975
vt 0.4875 0.775
vt 0.3875 0.975
vt 0.4875 0.975
vt 0.4875 0.775
vt 0.3875 0.775
vt 0.3875 0.975
vt 0.4875 0.775
vt 0.3875 0.975
vt 0.4875 0.975
vt 0.4875 0.775
vt 0.3875 0.775
vt 0.3875 0.975
vt 0.4875 0.975
vt 0.4875 0.775
vt 0.3875 0.775
vt 0.4875 0.975
vt 0.3875 0.775
vt 0.3875 0.975
vt 0.4875 0.975
vt 0.4875 0.775
vt 0.3875 0.775
vt 0.4875 0.975
vt 0.3875 0.775
vt 0.3875 0.975
vt 0.4875 0.775
vt 0.3875 0.975
vt 0.4875 0.975
vt 0.4875 0.775
vt 0.3875 0.775
vt 0.3875 0.975
vt 0.4875 0.775
vt 0.3875 0.975
vt 0.4875 0.975
vt 0.4875 0.775
vt 0.4375 0.775
vt 0.4375 0.975
vt 0.4875 0.975
vt 0.4875 0.775
vt 0.4375 0.775
vt 0.4875 0.975
vt 0.3875 0.775
vt 0.3875 0.975
vt 0.4375 0.975
vt 0.4375 0.775
vt 0.3875 0.775
vt 0.4375 0.975
vt 0.4375 0.775
vt 0.4375 0.975
vt 0.4875 0.775
vt 0.4375 0.975
vt 0.4875 0.975
vt 0.4875 0.775
vt 0.3875 0.775
vt 0.3875 0.975
vt 0.4375 0.775
vt 0.3875 0.975
vt 0.4375 0.975
vt 0.4375 0.775
vt 0.3875 0.775
vt 0.3875 0.975
vt 0.4875 0.975
vt 0.4875 0.775
vt 0.3875 0.775
vt 0.4875 0.975
vt 0.3875 0.775
vt 0.3875 0.975
vt 0.4875 0.975
vt 0.4875 0.775
vt 0.3875 0.775
vt 0.4875 0.975
vt 0.3875 0.775
vt 0.3875 0.975
vt 0.4875 0.775
vt 0.3875 0.975
vt 0.4875 0.975
vt 0.4875 0.775
vt 0.3875 0.775
vt 0.3875 0.975
vt 0.4875 0.775
vt 0.3875 0.975
vt 0.4875 0.975
vt 0.4875 0.775
vt 0.3875 0.775
vt 0.3875 0.975
vt 0.4875 0.975
vt 0.4875 0.775
vt 0.3875 0.775
vt 0.4875 0.975
vt 0.3875 0.775
vt 0.3875 0.975
vt 0.4875 0.975
vt 0.4875 0.775
vt 0.3875 0.775
vt 0.4875 0.975
vt 0.3875 0.775
vt 0.3875 0.975
vt 0.4875 0.775
vt 0.3875 0.975
vt 0.4875 0.975
vt 0.4875 0.775
vt 0.3875 0.775
vt 0.3875 0.975
vt 0.4875 0.775
vt 0.3875 0.975
vt 0.4875 0.975
vt 0.4875 0.775
vt 0.4375 0.775
vt 0.4375 0.975
vt 0.4875 0.975
vt 0.4875 0.775
vt 0.4375 0.775
vt 0.4875 0.975
vt 0.3875 0.775
vt 0.3875 0.975
vt 0.4375 0.975
vt 0.4375 0.775
vt 0.3875 0.775
vt 0.4375 0.975
vt 0.4375 0.775
vt 0.4375 0.975
vt 0.4875 0.775
vt 0.4375 0.975
vt 0.4875 0.975
vt 0.4875 0.775
vt 0.3875 0.775
vt 0.3875 0.975
vt 0.4375 0.775
vt 0.3875 0.975
vt 0.4375 0.975
vt 0.4375 0.775
vt 0.3875 0.775
vt 0.3875 0.975
vt 0.4875 0.975
vt 0.4875 0.775
vt 0.3875 0.775
vt 0.4875 0.975
vt 0.3875 0.775
vt 0.3875 0.975
vt 0.4875 0.975
vt 0.4875 0.775
vt 0.3875 0.775
vt 0.4875 0.975
vt 0.3875 0.775
vt 0.3875 0.975
vt 0.4875 0.775
vt 0.3875 0.975
vt 0.4875 0.975
vt 0.4875 0.775
vt 0.3875 0.775
vt 0.3875 0.975
vt 0.4875 0.775
vt 0.3875 0.975
vt 0.4875 0.975
vt 0.4875 0.775
vt 0.3875 0.775
vt 0.3875 0.975
vt 0.4875 0.975
vt 0.4875 0.775
vt 0.3875 0.775
vt 0.4875 0.975
vt 0.3875 0.775
vt 0.3875 0.975
vt 0.4875 0.975
vt 0.4875 0.775
vt 0.3875 0.775
vt 0.4875 0.975
vt 0.3875 0.775
vt 0.3875 0.975
vt 0.4875 0.775
vt 0.3875 0.975
vt 0.4875 0.975
vt 0.4875 0.775
vt 0.3875 0.775
vt 0.3875 0.975
vt 0.4875 0.775
vt 0.3875 0.975
vt 0.4875 0.975
vt 0.4875 0.775
vt 0.4375 0.775
vt 0.4375 0.975
vt 0.4875 0.975
vt 0.4875 0.775
vt 0.4375 0.775
vt 0.4875 0.975
vt 0.3875 0.775
vt 0.3875 0.975
vt 0.4375 0.975
vt 0.4375 0.775
vt 0.3875 0.775
vt 0.4375 0.975
vt 0.4375 0.775
vt 0.4375 0.975
vt 0.4875 0.775
vt 0.4375 0.975
vt 0.4875 0.975
vt 0.4875 0.775
vt 0.3875 0.775
vt 0.3875 0.975
vt 0.4375 0.775
vt 0.3875 0.975
vt 0.4375 0.975
vt 0.4375 0.775
vt 0.3875 0.775
vt 0.3875 0.975
vt 0.4875 0.975
vt 0.4875 0.775
vt 0.3875 0.775
vt 0.4875 0.975
vt 0.3875 0.775
vt 0.3875 0.975
vt 0.4875 0.975
vt 0.4875 0.775
vt 0.3875 0.775
vt 0.4875 0.975
vt 0.3875 0.775
vt 0.3875 0.975
vt 0.4875 0.775
vt 0.3875 0.975
vt 0.4875 0.975
vt 0.4875 0.775
vt 0.3875 0.775
vt 0.3875 0.975
vt 0.4875 0.775
vt 0.3875 0.975
vt 0.4875 0.975
vt 0.4875 0.775
vt 0.3875 0.775
vt 0.3875 0.975
vt 0.4875 0.975
vt 0.4875 0.775
vt 0.3875 0.775
vt 0.4875 0.975
vt 0.3875 0.775
vt 0.3875 0.975
vt 0.4875 0.975
vt 0.4875 0.775
vt 0.3875 0.775
vt 0.4875 0.975
vt 0.3875 0.775
vt 0.3875 0.975
vt 0.4875 0.775
vt 0.3875 0.975
vt 0.4875 0.975
vt 0.4875 0.775
vt 0.3875 0.775
vt 0.3875 0.975
vt 0.4875 0.775
vt 0.3875 0.975
vt 0.4875 0.975
vt 0.4875 0.775
vt 0.1375 0.275
vt 0.1375 0.475
vt 0.2375 0.475
vt 0.2375 0.275
vt 0.1375 0.275
vt 0.2375 0.475
vt 0.1375 0.275
vt 0.1375 0.475
vt 0.2375 0.475
vt 0.2375 0.275
vt 0.1375 0.275
vt 0.2375 0.475
vt 0.1375 0.275
vt 0.1375 0.475
vt 0.2375 0.275
vt 0.1375 0.475
vt 0.2375 0.475
vt 0.2375 0.275
vt 0.1375 0.275
vt 0.1375 0.475
vt 0.2375 0.275
vt 0.1375 0.475
vt 0.2375 0.475
vt 0.2375 0.275
vt 0.3125 0.775
vt 0.3125 0.975
vt 0.3625 0.975
vt 0.3625 0.775
vt 0.3125 0.775
vt 0.3625 0.975
vt 0.2625 0.775
vt 0.2625 0.975
vt 0.3125 0.975
vt 0.3125 0.775
vt 0.2625 0.775
vt 0.3125 0.975
vt 0.3125 0.775
vt 0.3125 0.975
vt 0.3625 0.775
vt 0.3125 0.975
vt 0.3625 0.975
vt 0.3625 0.775
vt 0.2625 0.775
vt 0.2625 0.975
vt 0.3125 0.775
vt 0.2625 0.975
vt 0.3125 0.975
vt 0.3125 0.775
vt 0.87625 0.025
vt 0.87625 0.225
vt 0.87625 0.225
vt 0.87625 0.025
vt 0.87625 0.025
vt 0.87625 0.225
vt 0.87625 0.025
vt 0.87625 0.225
vt 0.87625 0.225
vt 0.87625 0.025
vt 0.87625 0.025
vt 0.87625 0.225
vt 0.87625 0.025
vt 0.87625 0.225
vt 0.87625 0.025
vt 0.87625 0.225
vt 0.87625 0.225
vt 0.87625 0.025
vt 0.87625 0.025
vt 0.87625 0.225
vt 0.87625 0.025
vt 0.87625 0.225
vt 0.87625 0.225
vt 0.87625 0.025
vt 0.5625 0.775
vt 0.5625 0.975
vt 0.6125 0.975
vt 0.6125 0.775
vt 0.5625 0.775
vt 0.6125 0.975
vt 0.5125 0.775
vt 0.5125 0.975
vt 0.5625 0.975
vt 0.5625 0.775
vt 0.5125 0.775
vt 0.5625 0.975
vt 0.5625 0.775
vt 0.5625 0.975
vt 0.6125 0.775
vt 0.5625 0.975
vt 0.6125 0.975
vt 0.6125 0.775
vt 0.5125 0.775
vt 0.5125 0.975
vt 0.5625 0.775
vt 0.5125 0.975
vt 0.5625 0.975
vt 0.5625 0.775
vt 0.2625 0.775
vt 0.2625 0.975
vt 0.3625 0.975
vt 0.3625 0.775
vt 0.2625 0.775
vt 0.3625 0.975
vt 0.2625 0.775
vt 0.2625 0.975
vt 0.3625 0.975
vt 0.3625 0.775
vt 0.2625 0.775
vt 0.3625 0.975
vt 0.2625 0.775
vt 0.2625 0.975
vt 0.3625 0.775
vt 0.2625 0.975
vt 0.3625 0.975
vt 0.3625 0.775
vt 0.2625 0.775
vt 0.2625 0.975
vt 0.3625 0.775
vt 0.2625 0.975
vt 0.3625 0.975
vt 0.3625 0.775
vt 0.6875 0.525
vt 0.6875 0.725
vt 0.7375 0.725
vt 0.7375 0.525
vt 0.6875 0.525
vt 0.7375 0.725
vt 0.6375 0.525
vt 0.6375 0.725
vt 0.6875 0.725
vt 0.6875 0.525
vt 0.6375 0.525
vt 0.6875 0.725
vt 0.6875 0.525
vt 0.6875 0.725
vt 0.7375 0.525
vt 0.6875 0.725
vt 0.7375 0.725
vt 0.7375 0.525
vt 0.6375 0.525
vt 0.6375 0.725
vt 0.6875 0.525
vt 0.6375 0.725
vt 0.6875 0.725
vt 0.6875 0.525
vt 0.3875 0.775
vt 0.3875 0.975
vt 0.4875 0.975
vt 0.4875 0.775
vt 0.3875 0.775
vt 0.4875 0.975
vt 0.3875 0.775
vt 0.3875 0.975
vt 0.4875 0.975
vt 0.4875 0.775
vt 0.3875 0.775
vt 0.4875 0.975
vt 0.3875 0.775
vt 0.3875 0.975
vt 0.4875 0.775
vt 0.3875 0.975
vt 0.4875 0.975
vt 0.4875 0.775
vt 0.3875 0.775
vt 0.3875 0.975
vt 0.4875 0.775
vt 0.3875 0.975
vt 0.4875 0.975
vt 0.4875 0.775
vt 0.5625 0.775
vt 0.5625 0.975
vt 0.6125 0.975
vt 0.6125 0.775
vt 0.5625 0.775
vt 0.6125 0.975
vt 0.5125 0.775
vt 0.5125 0.975
vt 0.5625 0.975
vt 0.5625 0.775
vt 0.5125 0.775
vt 0.5625 0.975
vt 0.5625 0.775
vt 0.5625 0.975
vt 0.6125 0.775
vt 0.5625 0.975
vt 0.6125 0.975
vt 0.6125 0.775
vt 0.5125 0.775
vt 0.5125 0.975
vt 0.5625 0.775
vt 0.5125 0.975
vt 0.5625 0.975
vt 0.5625 0.775
vt 0.1375 0.275
vt 0.1375 0.475
vt 0.2375 0.475
vt 0.2375 0.275
vt 0.1375 0.275
vt 0.2375 0.475
vt 0.1375 0.275
vt 0.1375 0.475
vt 0.2375 0.475
vt 0.2375 0.275
vt 0.1375 0.275
vt 0.2375 0.475
vt 0.1375 0.275
vt 0.1375 0.475
vt 0.2375 0.275
vt 0.1375 0.475
vt 0.2375 0.475
vt 0.2375 0.275
vt 0.1375 0.275
vt 0.1375 0.475
vt 0.2375 0.275
vt 0.1375 0.475
vt 0.2375 0.475
vt 0.2375 0.275
vt 0.2625 0.775
vt 0.2625 0.975
vt 0.3625 0.975
vt 0.3625 0.775
vt 0.2625 0.775
vt 0.3625 0.975
vt 0.2625 0.775
vt 0.2625 0.975
vt 0.3625 0.975
vt 0.3625 0.775
vt 0.2625 0.775
vt 0.3625 0.975
vt 0.2625 0.775
vt 0.2625 0.975
vt 0.3625 0.775
vt 0.2625 0.975
vt 0.3625 0.975
vt 0.3625 0.775
vt 0.2625 0.775
vt 0.2625 0.975
vt 0.3625 0.775
vt 0.2625 0.975
vt 0.3625 0.975
vt 0.3625 0.775
vt 0.5125 0.775
vt 0.5125 0.975
vt 0.6125 0.975
vt 0.6125 0.775
vt 0.5125 0.775
vt 0.6125 0.975
vt 0.5125 0.775
vt 0.5125 0.975
vt 0.6125 0.975
vt 0.6125 0.775
vt 0.5125 0.775
vt 0.6125 0.975
vt 0.5125 0.775
vt 0.5125 0.975
vt 0.6125 0.775
vt 0.5125 0.975
vt 0.6125 0.975
vt 0.6125 0.775
vt 0.5125 0.775
vt 0.5125 0.975
vt 0.6125 0.775
vt 0.5125 0.975
vt 0.6125 0.975
vt 0.6125 0.775
vt 0.4375 0.775
vt 0.4375 0.975
vt 0.4875 0.975
vt 0.4875 0.775
vt 0.4375 0.775
vt 0.4875 0.975
vt 0.3875 0.775
vt 0.3875 0.975
vt 0.4375 0.975
vt 0.4375 0.775
vt 0.3875 0.775
vt 0.4375 0.975
vt 0.4375 0.775
vt 0.4375 0.975
vt 0.4875 0.775
vt 0.4375 0.975
vt 0.4875 0.975
vt 0.4875 0.775
vt 0.3875 0.775
vt 0.3875 0.975
vt 0.4375 0.775
vt 0.3875 0.975
vt 0.4375 0.975
vt 0.4375 0.775
vt 0.87625 0.025
vt 0.87625 0.225
vt 0.87625 0.225
vt 0.87625 0.025
vt 0.87625 0.025
vt 0.87625 0.225
vt 0.87625 0.025
vt 0.87625 0.225
vt 0.87625 0.225
vt 0.87625 0.025
vt 0.87625 0.025
vt 0.87625 0.225
vt 0.87625 0.025
vt 0.87625 0.225
vt 0.87625 0.025
vt 0.87625 0.225
vt 0.87625 0.225
vt 0.87625 0.025
vt 0.87625 0.025
vt 0.87625 0.225
vt 0.87625 0.025
vt 0.87625 0.225
vt 0.87625 0.225
vt 0.87625 0.025
vt 0.5125 0.775
vt 0.5125 0.975
vt 0.6125 0.975
vt 0.6125 0.775
vt 0.5125 0.775
vt 0.6125 0.975
vt 0.5125 0.775
vt 0.5125 0.975
vt 0.6125 0.975
vt 0.6125 0.775
vt 0.5125 0.775
vt 0.6125 0.975
vt 0.5125 0.775
vt 0.5125 0.975
vt 0.6125 0.775
vt 0.5125 0.975
vt 0.6125 0.975
vt 0.6125 0.775
vt 0.5125 0.775
vt 0.5125 0.975
vt 0.6125 0.775
vt 0.5125 0.975
vt 0.6125 0.975
vt 0.6125 0.775
vt 0.2625 0.775
vt 0.2625 0.975
vt 0.3625 0.975
vt 0.3625 0.775
vt 0.2625 0.775
vt 0.3625 0.975
vt 0.2625 0.775
vt 0.2625 0.975
vt 0.3625 0.975
vt 0.3625 0.775
vt 0.2625 0.775
vt 0.3625 0.975
vt 0.2625 0.775
vt 0.2625 0.975
vt 0.3625 0.775
vt 0.2625 0.975
vt 0.3625 0.975
vt 0.3625 0.775
vt 0.2625 0.775
vt 0.2625 0.975
vt 0.3625 0.775
vt 0.2625 0.975
vt 0.3625 0.975
vt 0.3625 0.775
vt 0.6375 0.525
vt 0.6375 0.725
vt 0.7375 0.725
vt 0.7375 0.525
vt 0.6375 0.525
vt 0.7375 0.725
vt 0.6375 0.525
vt 0.6375 0.725
vt 0.7375 0.725
vt 0.7375 0.525
vt 0.6375 0.525
vt 0.7375 0.725
vt 0.6375 0.525
vt 0.6375 0.725
vt 0.7375 0.525
vt 0.6375 0.725
vt 0.7375 0.725
vt 0.7375 0.525
vt 0.6375 0.525
vt 0.6375 0.725
vt 0.7375 0.525
vt 0.6375 0.725
vt 0.7375 0.725
vt 0.7375 0.525
vt 0.87625 0.025
vt 0.87625 0.225
vt 0.87625 0.225
vt 0.87625 0.025
vt 0.87625 0.025
vt 0.87625 0.225
vt 0.87625 0.025
vt 0.87625 0.225
vt 0.87625 0.225
vt 0.87625 0.025
vt 0.87625 0.025
vt 0.87625 0.225
vt 0.87625 0.025
vt 0.87625 0.225
vt 0.87625 0.025
vt 0.87625 0.225
vt 0.87625 0.225
vt 0.87625 0.025
vt 0.87625 0.025
vt 0.87625 0.225
vt 0.87625 0.025
vt 0.87625 0.225
vt 0.87625 0.225
vt 0.87625 0.025
vt 0.5125 0.775
vt 0.5125 0.975
vt 0.6125 0.975
vt 0.6125 0.775
vt 0.5125 0.775
vt 0.6125 0.975
vt 0.5125 0.775
vt 0.5125 0.975
vt 0.6125 0.975
vt 0.6125 0.775
vt 0.5125 0.775
vt 0.6125 0.975
vt 0.5125 0.775
vt 0.5125 0.975
vt 0.6125 0.775
vt 0.5125 0.975
vt 0.6125 0.975
vt 0.6125 0.775
vt 0.5125 0.775
vt 0.5125 0.975
vt 0.6125 0.775
vt 0.5125 0.975
vt 0.6125 0.975
vt 0.6125 0.775
vt 0.87625 0.025
vt 0.87625 0.225
vt 0.87625 0.225
vt 0.87625 0.025
vt 0.87625 0.025
vt 0.87625 0.225
vt 0.87625 0.025
vt 0.87625 0.225
vt 0.87625 0.225
vt 0.87625 0.025
vt 0.87625 0.025
vt 0.87625 0.225
vt 0.87625 0.025
vt 0.87625 0.225
vt 0.87625 0.025
vt 0.87625 0.225
vt 0.87625 0.225
vt 0.87625 0.025
vt 0.87625 0.025
vt 0.87625 0.225
vt 0.87625 0.025
vt 0.87625 0.225
vt 0.87625 0.225
vt 0.87625 0.025
vt 0.1375 0.275
vt 0.1375 0.475
vt 0.2375 0.475
vt 0.2375 0.275
vt 0.1375 0.275
vt 0.2375 0.475
vt 0.1375 0.275
vt 0.1375 0.475
vt 0.2375 0.475
vt 0.2375 0.275
vt 0.1375 0.275
vt 0.2375 0.475
vt 0.1375 0.275
vt 0.1375 0.475
vt 0.2375 0.275
vt 0.1375 0.475
vt 0.2375 0.475
vt 0.2375 0.275
vt 0.1375 0.275
vt 0.1375 0.475
vt 0.2375 0.275
vt 0.1375 0.475
vt 0.2375 0.475
vt 0.2375 0.275
vt 0.1375 0.275
vt 0.1375 0.475
vt 0.2375 0.475
vt 0.2375 0.275
vt 0.1375 0.275
vt 0.2375 0.475
vt 0.1375 0.275
vt 0.1375 0.475
vt 0.2375 0.475
vt 0.2375 0.275
vt 0.1375 0.275
vt 0.2375 0.475
vt 0.1375 0.275
vt 0.1375 0.475
vt 0.2375 0.275
vt 0.1375 0.475
vt 0.2375 0.475
vt 0.2375 0.275
vt 0.1375 0.275
vt 0.1375 0.475
vt 0.2375 0.275
vt 0.1375 0.475
vt 0.2375 0.475
vt 0.2375 0.275
vt 0.2625 0.775
vt 0.2625 0.975
vt 0.3625 0.975
vt 0.3625 0.775
vt 0.2625 0.775
vt 0.3625 0.975
vt 0.2625 0.775
vt 0.2625 0.975
vt 0.3625 0.975
vt 0.3625 0.775
vt 0.2625 0.775
vt 0.3625 0.975
vt 0.2625 0.775
vt 0.2625 0.975
vt 0.3625 0.775
vt 0.2625 0.975
vt 0.3625 0.975
vt 0.3625 0.775
vt 0.2625 0.775
vt 0.2625 0.975
vt 0.3625 0.775
vt 0.2625 0.975
vt 0.3625 0.975
vt 0.3625 0.775
vt 0.5125 0.775
vt 0.5125 0.975
vt 0.6125 0.975
vt 0.6125 0.775
vt 0.5125 0.775
vt 0.6125 0.975
vt 0.5125 0.775
vt 0.5125 0.975
vt 0.6125 0.975
vt 0.6125 0.775
vt 0.5125 0.775
vt 0.6125 0.975
vt 0.5125 0.775
vt 0.5125 0.975
vt 0.6125 0.775
vt 0.5125 0.975
vt 0.6125 0.975
vt 0.6125 0.775
vt 0.5125 0.775
vt 0.5125 0.975
vt 0.6125 0.775
vt 0.5125 0.975
vt 0.6125 0.975
vt 0.6125 0.775
vt 0.4375 0.775
vt 0.4375 0.975
vt 0.4875 0.975
vt 0.4875 0.775
vt 0.4375 0.775
vt 0.4875 0.975
vt 0.3875 0.775
vt 0.3875 0.975
vt 0.4375 0.975
vt 0.4375 0.775
vt 0.3875 0.775
vt 0.4375 0.975
vt 0.4375 0.775
vt 0.4375 0.975
vt 0.4875 0.775
vt 0.4375 0.975
vt 0.4875 0.975
vt 0.4875 0.775
vt 0.3875 0.775
vt 0.3875 0.975
vt 0.4375 0.775
vt 0.3875 0.975
vt 0.4375 0.975
vt 0.4375 0.775
vt 0.87625 0.025
vt 0.87625 0.225
vt 0.87625 0.225
vt 0.87625 0.025
vt 0.87625 0.025
vt 0.87625 0.225
vt 0.87625 0.025
vt 0.87625 0.225
vt 0.87625 0.225
vt 0.87625 0.025
vt 0.87625 0.025
vt 0.87625 0.225
vt 0.87625 0.025
vt 0.87625 0.225
vt 0.87625 0.025
vt 0.87625 0.225
vt 0.87625 0.225
vt 0.87625 0.025
vt 0.87625 0.025
vt 0.87625 0.225
vt 0.87625 0.025
vt 0.87625 0.225
vt 0.87625 0.225
vt 0.87625 0.025
vt 0.5125 0.775
vt 0.5125 0.975
vt 0.6125 0.975
vt 0.6125 0.775
vt 0.5125 0.775
vt 0.6125 0.975
vt 0.5125 0.775
vt 0.5125 0.975
vt 0.6125 0.975
vt 0.6125 0.775
vt 0.5125 0.775
vt 0.6125 0.975
vt 0.5125 0.775
vt 0.5125 0.975
vt 0.6125 0.775
vt 0.5125 0.975
vt 0.6125 0.975
vt 0.6125 0.775
vt 0.5125 0.775
vt 0.5125 0.975
vt 0.6125 0.775
vt 0.5125 0.975
vt 0.6125 0.975
vt 0.6125 0.775
vt 0.2625 0.775
vt 0.2625 0.975
vt 0.3625 0.975
vt 0.3625 0.775
vt 0.2625 0.775
vt 0.3625 0.975
vt 0.2625 0.775
vt 0.2625 0.975
vt 0.3625 0.975
vt 0.3625 0.775
vt 0.2625 0.775
vt 0.3625 0.975
vt 0.2625 0.775
vt 0.2625 0.975
vt 0.3625 0.775
vt 0.2625 0.975
vt 0.3625 0.975
vt 0.3625 0.775
vt 0.2625 0.775
vt 0.2625 0.975
vt 0.3625 0.775
vt 0.2625 0.975
vt 0.3625 0.975
vt 0.3625 0.775
vt 0.6375 0.525
vt 0.6375 0.725
vt 0.7375 0.725
vt 0.7375 0.525
vt 0.6375 0.525
vt 0.7375 0.725
vt 0.6375 0.525
vt 0.6375 0.725
vt 0.7375 0.725
vt 0.7375 0.525
vt 0.6375 0.525
vt 0.7375 0.725
vt 0.6375 0.525
vt 0.6375 0.725
vt 0.7375 0.525
vt 0.6375 0.725
vt 0.7375 0.725
vt 0.7375 0.525
vt 0.6375 0.525
vt 0.6375 0.725
vt 0.7375 0.525
vt 0.6375 0.725
vt 0.7375 0.725
vt 0.7375 0.525
vt 0.87625 0.025
vt 0.87625 0.225
vt 0.87625 0.225
vt 0.87625 0.025
vt 0.87625 0.025
vt 0.87625 0.225
vt 0.87625 0.025
vt 0.87625 0.225
vt 0.87625 0.225
vt 0.87625 0.025
vt 0.87625 0.025
vt 0.87625 0.225
vt 0.87625 0.025
vt 0.87625 0.225
vt 0.87625 0.025
vt 0.87625 0.225
vt 0.87625 0.225
vt 0.87625 0.025
vt 0.87625 0.025
vt 0.87625 0.225
vt 0.87625 0.025
vt 0.87625 0.225
vt 0.87625 0.225
vt 0.87625 0.025
vt 0.5125 0.775
vt 0.5125 0.975
vt 0.6125 0.975
vt 0.6125 0.775
vt 0.5125 0.775
vt 0.6125 0.975
vt 0.5125 0.775
vt 0.5125 0.975
vt 0.6125 0.975
vt 0.6125 0.775
vt 0.5125 0.775
vt 0.6125 0.975
vt 0.5125 0.775
vt 0.5125 0.975
vt 0.6125 0.775
vt 0.5125 0.975
vt 0.6125 0.975
vt 0.6125 0.775
vt 0.5125 0.775
vt 0.5125 0.975
vt 0.6125 0.775
vt 0.5125 0.975
vt 0.6125 0.975
vt 0.6125 0.775
vt 0.87625 0.025
vt 0.87625 0.225
vt 0.87625 0.225
vt 0.87625 0.025
vt 0.87625 0.025
vt 0.87625 0.225
vt 0.87625 0.025
vt 0.87625 0.225
vt 0.87625 0.225
vt 0.87625 0.025
vt 0.87625 0.025
vt 0.87625 0.225
vt 0.87625 0.025
vt 0.87625 0.225
vt 0.87625 0.025
vt 0.87625 0.225
vt 0.87625 0.225
vt 0.87625 0.025
vt 0.87625 0.025
vt 0.87625 0.225
vt 0.87625 0.025
vt 0.87625 0.225
vt 0.87625 0.225
vt 0.87625 0.025
vt 0.1375 0.275
vt 0.1375 0.475
vt 0.2375 0.475
vt 0.2375 0.275
vt 0.1375 0.275
vt 0.2375 0.475
vt 0.1375 0.275
vt 0.1375 0.475
vt 0.2375 0.475
vt 0.2375 0.275
vt 0.1375 0.275
vt 0.2375 0.475
vt 0.1375 0.275
vt 0.1375 0.475
vt 0.2375 0.275
vt 0.1375 0.475
vt 0.2375 0.475
vt 0.2375 0.275
vt 0.1375 0.275
vt 0.1375 0.475
vt 0.2375 0.275
vt 0.1375 0.475
vt 0.2375 0.475
vt 0.2375 0.275
vt 0.1375 0.275
vt 0.1375 0.475
vt 0.2375 0.475
vt 0.2375 0.275
vt 0.1375 0.275
vt 0.2375 0.475
vt 0.1375 0.275
vt 0.1375 0.475
vt 0.2375 0.475
vt 0.2375 0.275
vt 0.1375 0.275
vt 0.2375 0.475
vt 0.1375 0.275
vt 0.1375 0.475
vt 0.2375 0.275
vt 0.1375 0.475
vt 0.2375 0.475
vt 0.2375 0.275
vt 0.1375 0.275
vt 0.1375 0.475
vt 0.2375 0.275
vt 0.1375 0.475
vt 0.2375 0.475
vt 0.2375 0.275
vt 0.5125 0.775
vt 0.5125 0.975
vt 0.6125 0.975
vt 0.6125 0.775
vt 0.5125 0.775
vt 0.6125 0.975
vt 0.5125 0.775
vt 0.5125 0.975
vt 0.6125 0.975
vt 0.6125 0.775
vt 0.5125 0.775
vt 0.6125 0.975
vt 0.5125 0.775
vt 0.5125 0.975
vt 0.6125 0.775
vt 0.5125 0.975
vt 0.6125 0.975
vt 0.6125 0.775
vt 0.5125 0.775
vt 0.5125 0.975
vt 0.6125 0.775
vt 0.5125 0.975
vt 0.6125 0.975
vt 0.6125 0.775
vt 0.2625 0.775
vt 0.2625 0.975
vt 0.3625 0.975
vt 0.3625 0.775
vt 0.2625 0.775
vt 0.3625 0.975
vt 0.2625 0.775
vt 0.2625 0.975
vt 0.3625 0.975
vt 0.3625 0.775
vt 0.2625 0.775
vt 0.3625 0.975
vt 0.2625 0.775
vt 0.2625 0.975
vt 0.3625 0.775
vt 0.2625 0.975
vt 0.3625 0.975
vt 0.3625 0.775
vt 0.2625 0.775
vt 0.2625 0.975
vt 0.3625 0.775
vt 0.2625 0.975
vt 0.3625 0.975
vt 0.3625 0.775
vt 0.2625 0.775
vt 0.2625 0.975
vt 0.3625 0.975
vt 0.3625 0.775
vt 0.2625 0.775
vt 0.3625 0.975
vt 0.2625 0.775
vt 0.2625 0.975
vt 0.3625 0.975
vt 0.3625 0.775
vt 0.2625 0.775
vt 0.3625 0.975
vt 0.2625 0.775
vt 0.2625 0.975
vt 0.3625 0.775
vt 0.2625 0.975
vt 0.3625 0.975
vt 0.3625 0.775
vt 0.2625 0.775
vt 0.2625 0.975
vt 0.3625 0.775
vt 0.2625 0.975
vt 0.3625 0.975
vt 0.3625 0.775
vt 0.2625 0.775
vt 0.2625 0.975
vt 0.3625 0.975
vt 0.3625 0.775
vt 0.2625 0.775
vt 0.3625 0.975
vt 0.2625 0.775
vt 0.2625 0.975
vt 0.3625 0.975
vt 0.3625 0.775
vt 0.2625 0.775
vt 0.3625 0.975
vt 0.2625 0.775
vt 0.2625 0.975
vt 0.3625 0.775
vt 0.2625 0.975
vt 0.3625 0.975
vt 0.3625 0.775
vt 0.2625 0.775
vt 0.2625 0.975
vt 0.3625 0.775
vt 0.2625 0.975
vt 0.3625 0.975
vt 0.3625 0.775
vt 0.2625 0.775
vt 0.2625 0.975
vt 0.3625 0.975
vt 0.3625 0.775
vt 0.2625 0.775
vt 0.3625 0.975
vt 0.2625 0.775
vt 0.2625 0.975
vt 0.3625 0.975
vt 0.3625 0.775
vt 0.2625 0.775
vt 0.3625 0.975
vt 0.2625 0.775
vt 0.2625 0.975
vt 0.3625 0.775
vt 0.2625 0.975
vt 0.3625 0.975
vt 0.3625 0.775
vt 0.2625 0.775
vt 0.2625 0.975
vt 0.3625 0.775
vt 0.2625 0.975
vt 0.3625 0.975
vt 0.3625 0.775
vt 0.87625 0.025
vt 0.87625 0.225
vt 0.87625 0.225
vt 0.87625 0.025
vt 0.87625 0.025
vt 0.87625 0.225
vt 0.87625 0.025
vt 0.87625 0.225
vt 0.87625 0.225
vt 0.87625 0.025
vt 0.87625 0.025
vt 0.87625 0.225
vt 0.87625 0.025
vt 0.87625 0.225
vt 0.87625 0.025
vt 0.87625 0.225
vt 0.87625 0.225
vt 0.87625 0.025
vt 0.87625 0.025
vt 0.87625 0.225
vt 0.87625 0.025
vt 0.87625 0.225
vt 0.87625 0.225
vt 0.87625 0.025
vt 0.1375 0.275
vt 0.1375 0.475
vt 0.2375 0.475
vt 0.2375 0.275
vt 0.1375 0.275
vt 0.2375 0.475
vt 0.1375 0.275
vt 0.1375 0.475
vt 0.2375 0.475
vt 0.2375 0.275
vt 0.1375 0.275
vt 0.2375 0.475
vt 0.1375 0.275
vt 0.1375 0.475
vt 0.2375 0.275
vt 0.1375 0.475
vt 0.2375 0.475
vt 0.2375 0.275
vt 0.1375 0.275
vt 0.1375 0.475
vt 0.2375 0.275
vt 0.1375 0.475
vt 0.2375 0.475
vt 0.2375 0.275
vt 0.5125 0.775
vt 0.5125 0.975
vt 0.6125 0.975
vt 0.6125 0.775
vt 0.5125 0.775
vt 0.6125 0.975
vt 0.5125 0.775
vt 0.5125 0.975
vt 0.6125 0.975
vt 0.6125 0.775
vt 0.5125 0.775
vt 0.6125 0.975
vt 0.5125 0.775
vt 0.5125 0.975
vt 0.6125 0.775
vt 0.5125 0.975
vt 0.6125 0.975
vt 0.6125 0.775
vt 0.5125 0.775
vt 0.5125 0.975
vt 0.6125 0.775
vt 0.5125 0.975
vt 0.6125 0.975
vt 0.6125 0.775
vt 0.2625 0.775
vt 0.2625 0.975
vt 0.3625 0.975
vt 0.3625 0.775
vt 0.2625 0.775
vt 0.3625 0.975
vt 0.2625 0.775
vt 0.2625 0.975
vt 0.3625 0.975
vt 0.3625 0.775
vt 0.2625 0.775
vt 0.3625 0.975
vt 0.2625 0.775
vt 0.2625 0.975
vt 0.3625 0.775
vt 0.2625 0.975
vt 0.3625 0.975
vt 0.3625 0.775
vt 0.2625 0.775
vt 0.2625 0.975
vt 0.3625 0.775
vt 0.2625 0.975
vt 0.3625 0.975
vt 0.3625 0.775
vt 0.2625 0.775
vt 0.2625 0.975
vt 0.3625 0.975
vt 0.3625 0.775
vt 0.2625 0.775
vt 0.3625 0.975
vt 0.2625 0.775
vt 0.2625 0.975
vt 0.3625 0.975
vt 0.3625 0.775
vt 0.2625 0.775
vt 0.3625 0.975
vt 0.2625 0.775
vt 0.2625 0.975
vt 0.3625 0.775
vt 0.2625 0.975
vt 0.3625 0.975
vt 0.3625 0.775
vt 0.2625 0.775
vt 0.2625 0.975
vt 0.3625 0.775
vt 0.2625 0.975
vt 0.3625 0.975
vt 0.3625 0.775
vt 0.2625 0.775
vt 0.2625 0.975
vt 0.3625 0.975
vt 0.3625 0.775
vt 0.2625 0.775
vt 0.3625 0.975
vt 0.2625 0.775
vt 0.2625 0.975
vt 0.3625 0.975
vt 0.3625 0.775
vt 0.2625 0.775
vt 0.3625 0.975
vt 0.2625 0.775
vt 0.2625 0.975
vt 0.3625 0.775
vt 0.2625 0.975
vt 0.3625 0.975
vt 0.3625 0.775
vt 0.2625 0.775
vt 0.2625 0.975
vt 0.3625 0.775
vt 0.2625 0.975
vt 0.3625 0.975
vt 0.3625 0.775
vt 0.2625 0.775
vt 0.2625 0.975
vt 0.3625 0.975
vt 0.3625 0.775
vt 0.2625 0.775
vt 0.3625 0.975
vt 0.2625 0.775
vt 0.2625 0.975
vt 0.3625 0.975
vt 0.3625 0.775
vt 0.2625 0.775
vt 0.3625 0.975
vt 0.2625 0.775
vt 0.2625 0.975
vt 0.3625 0.775
vt 0.2625 0.975
vt 0.3625 0.975
vt 0.3625 0.775
vt 0.2625 0.775
vt 0.2625 0.975
vt 0.3625 0.775
vt 0.2625 0.975
vt 0.3625 0.975
vt 0.3625 0.775
vt 0.87625 0.025
vt 0.87625 0.225
vt 0.87625 0.225
vt 0.87625 0.025
vt 0.87625 0.025
vt 0.87625 0.225
vt 0.87625 0.025
vt 0.87625 0.225
vt 0.87625 0.225
vt 0.87625 0.025
vt 0.87625 0.025
vt 0.87625 0.225
vt 0.87625 0.025
vt 0.87625 0.225
vt 0.87625 0.025
vt 0.87625 0.225
vt 0.87625 0.225
vt 0.87625 0.025
vt 0.87625 0.025
vt 0.87625 0.225
vt 0.87625 0.025
vt 0.87625 0.225
vt 0.87625 0.225
vt 0.87625 0.025
vt 0.5625 0.775
vt 0.5625 0.975
vt 0.6125 0.975
vt 0.6125 0.775
vt 0.5625 0.775
vt 0.6125 0.975
vt 0.5125 0.775
vt 0.5125 0.975
vt 0.5625 0.975
vt 0.5625 0.775
vt 0.5125 0.775
vt 0.5625 0.975
vt 0.5625 0.775
vt 0.5625 0.975
vt 0.6125 0.775
vt 0.5625 0.975
vt 0.6125 0.975
vt 0.6125 0.775
vt 0.5125 0.775
vt 0.5125 0.975
vt 0.5625 0.775
vt 0.5125 0.975
vt 0.5625 0.975
vt 0.5625 0.775
vt 0.5625 0.775
vt 0.5625 0.975
vt 0.6125 0.975
vt 0.6125 0.775
vt 0.5625 0.775
vt 0.6125 0.975
vt 0.5125 0.775
vt 0.5125 0.975
vt 0.5625 0.975
vt 0.5625 0.775
vt 0.5125 0.775
vt 0.5625 0.975
vt 0.5625 0.775
vt 0.5625 0.975
vt 0.6125 0.775
vt 0.5625 0.975
vt 0.6125 0.975
vt 0.6125 0.775
vt 0.5125 0.775
vt 0.5125 0.975
vt 0.5625 0.775
vt 0.5125 0.975
vt 0.5625 0.975
vt 0.5625 0.775
vt 0.2625 0.775
vt 0.2625 0.975
vt 0.3625 0.975
vt 0.3625 0.775
vt 0.2625 0.775
vt 0.3625 0.975
vt 0.2625 0.775
vt 0.2625 0.975
vt 0.3625 0.975
vt 0.3625 0.775
vt 0.2625 0.775
vt 0.3625 0.975
vt 0.2625 0.775
vt 0.2625 0.975
vt 0.3625 0.775
vt 0.2625 0.975
vt 0.3625 0.975
vt 0.3625 0.775
vt 0.2625 0.775
vt 0.2625 0.975
vt 0.3625 0.775
vt 0.2625 0.975
vt 0.3625 0.975
vt 0.3625 0.775
vt 0.2625 0.775
vt 0.2625 0.975
vt 0.3625 0.975
vt 0.3625 0.775
vt 0.2625 0.775
vt 0.3625 0.975
vt 0.2625 0.775
vt 0.2625 0.975
vt 0.3625 0.975
vt 0.3625 0.775
vt 0.2625 0.775
vt 0.3625 0.975
vt 0.2625 0.775
vt 0.2625 0.975
vt 0.3625 0.775
vt 0.2625 0.975
vt 0.3625 0.975
vt 0.3625 0.775
vt 0.2625 0.775
vt 0.2625 0.975
vt 0.3625 0.775
vt 0.2625 0.975
vt 0.3625 0.975
vt 0.3625 0.775
vt 0.1375 0.275
vt 0.1375 0.475
vt 0.2375 0.475
vt 0.2375 0.275
vt 0.1375 0.275
vt 0.2375 0.475
vt 0.1375 0.275
vt 0.1375 0.475
vt 0.2375 0.475
vt 0.2375 0.275
vt 0.1375 0.275
vt 0.2375 0.475
vt 0.1375 0.275
vt 0.1375 0.475
vt 0.2375 0.275
vt 0.1375 0.475
vt 0.2375 0.475
vt 0.2375 0.275
vt 0.1375 0.275
vt 0.1375 0.475
vt 0.2375 0.275
vt 0.1375 0.475
vt 0.2375 0.475
vt 0.2375 0.275
vt 0.2625 0.775
vt 0.2625 0.975
vt 0.3625 0.975
vt 0.3625 0.775
vt 0.2625 0.775
vt 0.3625 0.975
vt 0.2625 0.775
vt 0.2625 0.975
vt 0.3625 0.975
vt 0.3625 0.775
vt 0.2625 0.775
vt 0.3625 0.975
vt 0.2625 0.775
vt 0.2625 0.975
vt 0.3625 0.775
vt 0.2625 0.975
vt 0.3625 0.975
vt 0.3625 0.775
vt 0.2625 0.775
vt 0.2625 0.975
vt 0.3625 0.775
vt 0.2625 0.975
vt 0.3625 0.975
vt 0.3625 0.775
vt 0.2625 0.775
vt 0.2625 0.975
vt 0.3625 0.975
vt 0.3625 0.775
vt 0.2625 0.775
vt 0.3625 0.975
vt 0.2625 0.775
vt 0.2625 0.975
vt 0.3625 0.975
vt 0.3625 0.775
vt 0.2625 0.775
vt 0.3625 0.975
vt 0.2625 0.775
vt 0.2625 0.975
vt 0.3625 0.775
vt 0.2625 0.975
vt 0.3625 0.975
vt 0.3625 0.775
vt 0.2625 0.775
vt 0.2625 0.975
vt 0.3625 0.775
vt 0.2625 0.975
vt 0.3625 0.975
vt 0.3625 0.775
vt 0.1375 0.275
vt 0.1375 0.475
vt 0.2375 0.475
vt 0.2375 0.275
vt 0.1375 0.275
vt 0.2375 0.475
vt 0.1375 0.275
vt 0.1375 0.475
vt 0.2375 0.475
vt 0.2375 0.275
vt 0.1375 0.275
vt 0.2375 0.475
vt 0.1375 0.275
vt 0.1375 0.475
vt 0.2375 0.275
vt 0.1375 0.475
vt 0.2375 0.475
vt 0.2375 0.275
vt 0.1375 0.275
vt 0.1375 0.475
vt 0.2375 0.275
vt 0.1375 0.475
vt 0.2375 0.475
vt 0.2375 0.275
vt 0.3125 0.775
vt 0.3125 0.975
vt 0.3625 0.975
vt 0.3625 0.775
vt 0.3125 0.775
vt 0.3625 0.975
vt 0.2625 0.775
vt 0.2625 0.975
vt 0.3125 0.975
vt 0.3125 0.775
vt 0.2625 0.775
vt 0.3125 0.975
vt 0.3125 0.775
vt 0.3125 0.975
vt 0.3625 0.775
vt 0.3125 0.975
vt 0.3625 0.975
vt 0.3625 0.775
vt 0.2625 0.775
vt 0.2625 0.975
vt 0.3125 0.775
vt 0.2625 0.975
vt 0.3125 0.975
vt 0.3125 0.775
vt 0.2625 0.775
vt 0.2625 0.975
vt 0.3625 0.975
vt 0.3625 0.775
vt 0.2625 0.775
vt 0.3625 0.975
vt 0.2625 0.775
vt 0.2625 0.975
vt 0.3625 0.975
vt 0.3625 0.775
vt 0.2625 0.775
vt 0.3625 0.975
vt 0.2625 0.775
vt 0.2625 0.975
vt 0.3625 0.775
vt 0.2625 0.975
vt 0.3625 0.975
vt 0.3625 0.775
vt 0.2625 0.775
vt 0.2625 0.975
vt 0.3625 0.775
vt 0.2625 0.975
vt 0.3625 0.975
vt 0.3625 0.775
vt 0.1375 0.275
vt 0.1375 0.475
vt 0.2375 0.475
vt 0.2375 0.275
vt 0.1375 0.275
vt 0.2375 0.475
vt 0.1375 0.275
vt 0.1375 0.475
vt 0.2375 0.475
vt 0.2375 0.275
vt 0.1375 0.275
vt 0.2375 0.475
vt 0.1375 0.275
vt 0.1375 0.475
vt 0.2375 0.275
vt 0.1375 0.475
vt 0.2375 0.475
vt 0.2375 0.275
vt 0.1375 0.275
vt 0.1375 0.475
vt 0.2375 0.275
vt 0.1375 0.475
vt 0.2375 0.475
vt 0.2375 0.275
vt 0.3125 0.775
vt 0.3125 0.975
vt 0.3625 0.975
vt 0.3625 0.775
vt 0.3125 0.775
vt 0.3625 0.975
vt 0.2625 0.775
vt 0.2625 0.975
vt 0.3125 0.975
vt 0.3125 0.775
vt 0.2625 0.775
vt 0.3125 0.975
vt 0.3125 0.775
vt 0.3125 0.975
vt 0.3625 0.775
vt 0.3125 0.975
vt 0.3625 0.975
vt 0.3625 0.775
vt 0.2625 0.775
vt 0.2625 0.975
vt 0.3125 0.775
vt 0.2625 0.975
vt 0.3125 0.975
vt 0.3125 0.775
vt 0.2625 0.775
vt 0.2625 0.975
vt 0.3625 0.975
vt 0.3625 0.775
vt 0.2625 0.775
vt 0.3625 0.975
vt 0.2625 0.775
vt 0.2625 0.975
vt 0.3625 0.975
vt 0.3625 0.775
vt 0.2625 0.775
vt 0.3625 0.975
vt 0.2625 0.775
vt 0.2625 0.975
vt 0.3625 0.775
vt 0.2625 0.975
vt 0.3625 0.975
vt 0.3625 0.775
vt 0.2625 0.775
vt 0.2625 0.975
vt 0.3625 0.775
vt 0.2625 0.975
vt 0.3625 0.975
vt 0.3625 0.775
vt 0.1375 0.275
vt 0.1375 0.475
vt 0.2375 0.475
vt 0.2375 0.275
vt 0.1375 0.275
vt 0.2375 0.475
vt 0.1375 0.275
vt 0.1375 0.475
vt 0.2375 0.475
vt 0.2375 0.275
vt 0.1375 0.275
vt 0.2375 0.475
vt 0.1375 0.275
vt 0.1375 0.475
vt 0.2375 0.275
vt 0.1375 0.475
vt 0.2375 0.475
vt 0.2375 0.275
vt 0.1375 0.275
vt 0.1375 0.475
vt 0.2375 0.275
vt 0.1375 0.475
vt 0.2375 0.475
vt 0.2375 0.275
vt 0.3125 0.775
vt 0.3125 0.975
vt 0.3625 0.975
vt 0.3625 0.775
vt 0.3125 0.775
vt 0.3625 0.975
vt 0.2625 0.775
vt 0.2625 0.975
vt 0.3125 0.975
vt 0.3125 0.775
vt 0.2625 0.775
vt 0.3125 0.975
vt 0.3125 0.775
vt 0.3125 0.975
vt 0.3625 0.775
vt 0.3125 0.975
vt 0.3625 0.975
vt 0.3625 0.775
vt 0.2625 0.775
vt 0.2625 0.975
vt 0.3125 0.775
vt 0.2625 0.975
vt 0.3125 0.975
vt 0.3125 0.775
vt 0.2625 0.775
vt 0.2625 0.975
vt 0.3625 0.975
vt 0.3625 0.775
vt 0.2625 0.775
vt 0.3625 0.975
vt 0.2625 0.775
vt 0.2625 0.975
vt 0.3625 0.975
vt 0.3625 0.775
vt 0.2625 0.775
vt 0.3625 0.975
vt 0.2625 0.775
vt 0.2625 0.975
vt 0.3625 0.775
vt 0.2625 0.975
vt 0.3625 0.975
vt 0.3625 0.775
vt 0.2625 0.775
vt 0.2625 0.975
vt 0.3625 0.775
vt 0.2625 0.975
vt 0.3625 0.975
vt 0.3625 0.775
vt 0.1375 0.275
vt 0.1375 0.475
vt 0.2375 0.475
vt 0.2375 0.275
vt 0.1375 0.275
vt 0.2375 0.475
vt 0.1375 0.275
vt 0.1375 0.475
vt 0.2375 0.475
vt 0.2375 0.275
vt 0.1375 0.275
vt 0.2375 0.475
vt 0.1375 0.275
vt 0.1375 0.475
vt 0.2375 0.275
vt 0.1375 0.475
vt 0.2375 0.475
vt 0.2375 0.275
vt 0.1375 0.275
vt 0.1375 0.475
vt 0.2375 0.275
vt 0.1375 0.475
vt 0.2375 0.475
vt 0.2375 0.275
vt 0.3125 0.775
vt 0.3125 0.975
vt 0.3625 0.975
vt 0.3625 0.775
vt 0.3125 0.775
vt 0.3625 0.975
vt 0.2625 0.775
vt 0.2625 0.975
vt 0.3125 0.975
vt 0.3125 0.775
vt 0.2625 0.775
vt 0.3125 0.975
vt 0.3125 0.775
vt 0.3125 0.975
vt 0.3625 0.775
vt 0.3125 0.975
vt 0.3625 0.975
vt 0.3625 0.775
vt 0.2625 0.775
vt 0.2625 0.975
vt 0.3125 0.775
vt 0.2625 0.975
vt 0.3125 0.975
vt 0.3125 0.775
vt 0.2625 0.775
vt 0.2625 0.975
vt 0.3625 0.975
vt 0.3625 0.775
vt 0.2625 0.775
vt 0.3625 0.975
vt 0.2625 0.775
vt 0.2625 0.975
vt 0.3625 0.975
vt 0.3625 0.775
vt 0.2625 0.775
vt 0.3625 0.975
vt 0.2625 0.775
vt 0.2625 0.975
vt 0.3625 0.775
vt 0.2625 0.975
vt 0.3625 0.975
vt 0.3625 0.775
vt 0.2625 0.775
vt 0.2625 0.975
vt 0.3625 0.775
vt 0.2625 0.975
vt 0.3625 0.975
vt 0.3625 0.775
vt 0.1375 0.275
vt 0.1375 0.475
vt 0.2375 0.475
vt 0.2375 0.275
vt 0.1375 0.275
vt 0.2375 0.475
vt 0.1375 0.275
vt 0.1375 0.475
vt 0.2375 0.475
vt 0.2375 0.275
vt 0.1375 0.275
vt 0.2375 0.475
vt 0.1375 0.275
vt 0.1375 0.475
vt 0.2375 0.275
vt 0.1375 0.475
vt 0.2375 0.475
vt 0.2375 0.275
vt 0.1375 0.275
vt 0.1375 0.475
vt 0.2375 0.275
vt 0.1375 0.475
vt 0.2375 0.475
vt 0.2375 0.275
vt 0.3125 0.775
vt 0.3125 0.975
vt 0.3625 0.975
vt 0.3625 0.775
vt 0.3125 0.775
vt 0.3625 0.975
vt 0.2625 0.775
vt 0.2625 0.975
vt 0.3125 0.975
vt 0.3125 0.775
vt 0.2625 0.775
vt 0.3125 0.975
vt 0.3125 0.775
vt 0.3125 0.975
vt 0.3625 0.775
vt 0.3125 0.975
vt 0.3625 0.975
vt 0.3625 0.775
vt 0.2625 0.775
vt 0.2625 0.975
vt 0.3125 0.775
vt 0.2625 0.975
vt 0.3125 0.975
vt 0.3125 0.775
vt 0.2625 0.775
vt 0.2625 0.975
vt 0.3625 0.975
vt 0.3625 0.775
vt 0.2625 0.775
vt 0.3625 0.975
vt 0.2625 0.775
vt 0.2625 0.975
vt 0.3625 0.975
vt 0.3625 0.775
vt 0.2625 0.775
vt 0.3625 0.975
vt 0.2625 0.775
vt 0.2625 0.975
vt 0.3625 0.775
vt 0.2625 0.975
vt 0.3625 0.975
vt 0.3625 0.775
vt 0.2625 0.775
vt 0.2625 0.975
vt 0.3625 0.775
vt 0.2625 0.975
vt 0.3625 0.975
vt 0.3625 0.775
vt 0.1375 0.275
vt 0.1375 0.475
vt 0.2375 0.475
vt 0.2375 0.275
vt 0.1375 0.275
vt 0.2375 0.475
vt 0.1375 0.275
vt 0.1375 0.475
vt 0.2375 0.475
vt 0.2375 0.275
vt 0.1375 0.275
vt 0.2375 0.475
vt 0.1375 0.275
vt 0.1375 0.475
vt 0.2375 0.275
vt 0.1375 0.475
vt 0.2375 0.475
vt 0.2375 0.275
vt 0.1375 0.275
vt 0.1375 0.475
vt 0.2375 0.275
vt 0.1375 0.475
vt 0.2375 0.475
vt 0.2375 0.275
vt 0.3125 0.775
vt 0.3125 0.975
vt 0.3625 0.975
vt 0.3625 0.775
vt 0.3125 0.775
vt 0.3625 0.975
vt 0.2625 0.775
vt 0.2625 0.975
vt 0.3125 0.975
vt 0.3125 0.775
vt 0.2625 0.775
vt 0.3125 0.975
vt 0.3125 0.775
vt 0.3125 0.975
vt 0.3625 0.775
vt 0.3125 0.975
vt 0.3625 0.975
vt 0.3625 0.775
vt 0.2625 0.775
vt 0.2625 0.975
vt 0.3125 0.775
vt 0.2625 0.975
vt 0.3125 0.975
vt 0.3125 0.775
vt 0.2625 0.775
vt 0.2625 0.975
vt 0.3625 0.975
vt 0.3625 0.775
vt 0.2625 0.775
vt 0.3625 0.975
vt 0.2625 0.775
vt 0.2625 0.975
vt 0.3625 0.975
vt 0.3625 0.775
vt 0.2625 0.775
vt 0.3625 0.975
vt 0.2625 0.775
vt 0.2625 0.975
vt 0.3625 0.775
vt 0.2625 0.975
vt 0.3625 0.975
vt 0.3625 0.775
vt 0.2625 0.775
vt 0.2625 0.975
vt 0.3625 0.775
vt 0.2625 0.975
vt 0.3625 0.975
vt 0.3625 0.775
vt 0.1375 0.275
vt 0.1375 0.475
vt 0.2375 0.475
vt 0.2375 0.275
vt 0.1375 0.275
vt 0.2375 0.475
vt 0.1375 0.275
vt 0.1375 0.475
vt 0.2375 0.475
vt 0.2375 0.275
vt 0.1375 0.275
vt 0.2375 0.475
vt 0.1375 0.275
vt 0.1375 0.475
vt 0.2375 0.275
vt 0.1375 0.475
vt 0.2375 0.475
vt 0.2375 0.275
vt 0.1375 0.275
vt 0.1375 0.475
vt 0.2375 0.275
vt 0.1375 0.475
vt 0.2375 0.475
vt 0.2375 0.275
vt 0.3125 0.775
vt 0.3125 0.975
vt 0.3625 0.975
vt 0.3625 0.775
vt 0.3125 0.775
vt 0.3625 0.975
vt 0.2625 0.775
vt 0.2625 0.975
vt 0.3125 0.975
vt 0.3125 0.775
vt 0.2625 0.775
vt 0.3125 0.975
vt 0.3125 0.775
vt 0.3125 0.975
vt 0.3625 0.775
vt 0.3125 0.975
vt 0.3625 0.975
vt 0.3625 0.775
vt 0.2625 0.775
vt 0.2625 0.975
vt 0.3125 0.775
vt 0.2625 0.975
vt 0.3125 0.975
vt 0.3125 0.775
vt 0.2625 0.775
vt 0.2625 0.975
vt 0.3625 0.975
vt 0.3625 0.775
vt 0.2625 0.775
vt 0.3625 0.975
vt 0.2625 0.775
vt 0.2625 0.975
vt 0.3625 0.975
vt 0.3625 0.775
vt 0.2625 0.775
vt 0.3625 0.975
vt 0.2625 0.775
vt 0.2625 0.975
vt 0.3625 0.775
vt 0.2625 0.975
vt 0.3625 0.975
vt 0.3625 0.775
vt 0.2625 0.775
vt 0.2625 0.975
vt 0.3625 0.775
vt 0.2625 0.975
vt 0.3625 0.975
vt 0.3625 0.775
vt 0.1375 0.275
vt 0.1375 0.475
vt 0.2375 0.475
vt 0.2375 0.275
vt 0.1375 0.275
vt 0.2375 0.475
vt 0.1375 0.275
vt 0.1375 0.475
vt 0.2375 0.475
vt 0.2375 0.275
vt 0.1375 0.275
vt 0.2375 0.475
vt 0.1375 0.275
vt 0.1375 0.475
vt 0.2375 0.275
vt 0.1375 0.475
vt 0.2375 0.475
vt 0.2375 0.275
vt 0.1375 0.275
vt 0.1375 0.475
vt 0.2375 0.275
vt 0.1375 0.475
vt 0.2375 0.475
vt 0.2375 0.275
vt 0.3125 0.775
vt 0.3125 0.975
vt 0.3625 0.975
vt 0.3625 0.775
vt 0.3125 0.775
vt 0.3625 0.975
vt 0.2625 0.775
vt 0.2625 0.975
vt 0.3125 0.975
vt 0.3125 0.775
vt 0.2625 0.775
vt 0.3125 0.975
vt 0.3125 0.775
vt 0.3125 0.975
vt 0.3625 0.775
vt 0.3125 0.975
vt 0.3625 0.975
vt 0.3625 0.775
vt 0.2625 0.775
vt 0.2625 0.975
vt 0.3125 0.775
vt 0.2625 0.975
vt 0.3125 0.975
vt 0.3125 0.775
vt 0.2625 0.775
vt 0.2625 0.975
vt 0.3625 0.975
vt 0.3625 0.775
vt 0.2625 0.775
vt 0.3625 0.975
vt 0.2625 0.775
vt 0.2625 0.975
vt 0.3625 0.975
vt 0.3625 0.775
vt 0.2625 0.775
vt 0.3625 0.975
vt 0.2625 0.775
vt 0.2625 0.975
vt 0.3625 0.775
vt 0.2625 0.975
vt 0.3625 0.975
vt 0.3625 0.775
vt 0.2625 0.775
vt 0.2625 0.975
vt 0.3625 0.775
vt 0.2625 0.975
vt 0.3625 0.975
vt 0.3625 0.775
vt 0.1375 0.275
vt 0.1375 0.475
vt 0.2375 0.475
vt 0.2375 0.275
vt 0.1375 0.275
vt 0.2375 0.475
vt 0.1375 0.275
vt 0.1375 0.475
vt 0.2375 0.475
vt 0.2375 0.275
vt 0.1375 0.275
vt 0.2375 0.475
vt 0.1375 0.275
vt 0.1375 0.475
vt 0.2375 0.275
vt 0.1375 0.475
vt 0.2375 0.475
vt 0.2375 0.275
vt 0.1375 0.275
vt 0.1375 0.475
vt 0.2375 0.275
vt 0.1375 0.475
vt 0.2375 0.475
vt 0.2375 0.275
vt 0.2625 0.775
vt 0.2625 0.975
vt 0.3625 0.975
vt 0.3625 0.775
vt 0.2625 0.775
vt 0.3625 0.975
vt 0.2625 0.775
vt 0.2625 0.975
vt 0.3625 0.975
vt 0.3625 0.775
vt 0.2625 0.775
vt 0.3625 0.975
vt 0.2625 0.775
vt 0.2625 0.975
vt 0.3625 0.775
vt 0.2625 0.975
vt 0.3625 0.975
vt 0.3625 0.775
vt 0.2625 0.775
vt 0.2625 0.975
vt 0.3625 0.775
vt 0.2625 0.975
vt 0.3625 0.975
vt 0.3625 0.775
vt 0.2625 0.775
vt 0.2625 0.975
vt 0.3625 0.975
vt 0.3625 0.775
vt 0.2625 0.775
vt 0.3625 0.975
vt 0.2625 0.775
vt 0.2625 0.975
vt 0.3625 0.975
vt 0.3625 0.775
vt 0.2625 0.775
vt 0.3625 0.975
vt 0.2625 0.775
vt 0.2625 0.975
vt 0.3625 0.775
vt 0.2625 0.975
vt 0.3625 0.975
vt 0.3625 0.775
vt 0.2625 0.775
vt 0.2625 0.975
vt 0.3625 0.775
vt 0.2625 0.975
vt 0.3625 0.975
vt 0.3625 0.775
vt 0.1375 0.275
vt 0.1375 0.475
vt 0.2375 0.475
vt 0.2375 0.275
vt 0.1375 0.275
vt 0.2375 0.475
vt 0.1375 0.275
vt 0.1375 0.475
vt 0.2375 0.475
vt 0.2375 0.275
vt 0.1375 0.275
vt 0.2375 0.475
vt 0.1375 0.275
vt 0.1375 0.475
vt 0.2375 0.275
vt 0.1375 0.475
vt 0.2375 0.475
vt 0.2375 0.275
vt 0.1375 0.275
vt 0.1375 0.475
vt 0.2375 0.275
vt 0.1375 0.475
vt 0.2375 0.475
vt 0.2375 0.275
vt 0.2625 0.775
vt 0.2625 0.975
vt 0.3625 0.975
vt 0.3625 0.775
vt 0.2625 0.775
vt 0.3625 0.975
vt 0.2625 0.775
vt 0.2625 0.975
vt 0.3625 0.975
vt 0.3625 0.775
vt 0.2625 0.775
vt 0.3625 0.975
vt 0.2625 0.775
vt 0.2625 0.975
vt 0.3625 0.775
vt 0.2625 0.975
vt 0.3625 0.975
vt 0.3625 0.775
vt 0.2625 0.775
vt 0.2625 0.975
vt 0.3625 0.775
vt 0.2625 0.975
vt 0.3625 0.975
vt 0.3625 0.775
vt 0.2625 0.775
vt 0.2625 0.975
vt 0.3625 0.975
vt 0.3625 0.775
vt 0.2625 0.775
vt 0.3625 0.975
vt 0.2625 0.775
vt 0.2625 0.975
vt 0.3625 0.975
vt 0.3625 0.775
vt 0.2625 0.775
vt 0.3625 0.975
vt 0.2625 0.775
vt 0.2625 0.975
vt 0.3625 0.775
vt 0.2625 0.975
vt 0.3625 0.975
vt 0.3625 0.775
vt 0.2625 0.775
vt 0.2625 0.975
vt 0.3625 0.775
vt 0.2625 0.975
vt 0.3625 0.975
vt 0.3625 0.775
vt 0.1375 0.275
vt 0.1375 0.475
vt 0.2375 0.475
vt 0.2375 0.275
vt 0.1375 0.275
vt 0.2375 0.475
vt 0.1375 0.275
vt 0.1375 0.475
vt 0.2375 0.475
vt 0.2375 0.275
vt 0.1375 0.275
vt 0.2375 0.475
vt 0.1375 0.275
vt 0.1375 0.475
vt 0.2375 0.275
vt 0.1375 0.475
vt 0.2375 0.475
vt 0.2375 0.275
vt 0.1375 0.275
vt 0.1375 0.475
vt 0.2375 0.275
vt 0.1375 0.475
vt 0.2375 0.475
vt 0.2375 0.275
vt 0.26 0.775
vt 0.26 0.975
vt 0.31 0.975
vt 0.31 0.775
vt 0.26 0.775
vt 0.31 0.975
vt 0.31 0.775
vt 0.31 0.975
vt 0.36 0.975
vt 0.36 0.775
vt 0.31 0.775
vt 0.36 0.975
vt 0.26 0.775
vt 0.26 0.975
vt 0.31 0.975
vt 0.31 0.775
vt 0.26 0.775
vt 0.31 0.975
vt 0.31 0.775
vt 0.31 0.975
vt 0.36 0.975
vt 0.36 0.775
vt 0.31 0.775
vt 0.36 0.975
vt 0.76 0.525
vt 0.76 0.725
vt 0.81 0.725
vt 0.81 0.525
vt 0.76 0.525
vt 0.81 0.725
vt 0.81 0.525
vt 0.81 0.725
vt 0.86 0.725
vt 0.86 0.525
vt 0.81 0.525
vt 0.86 0.725
vt 0.76 0.525
vt 0.76 0.725
vt 0.81 0.725
vt 0.81 0.525
vt 0.76 0.525
vt 0.81 0.725
vt 0.81 0.525
vt 0.81 0.725
vt 0.86 0.725
vt 0.86 0.525
vt 0.81 0.525
vt 0.86 0.725
vt 0.76 0.525
vt 0.76 0.725
vt 0.81 0.725
vt 0.81 0.525
vt 0.76 0.525
vt 0.81 0.725
vt 0.81 0.525
vt 0.81 0.725
vt 0.86 0.725
vt 0.86 0.525
vt 0.81 0.525
vt 0.86 0.725
vt 0.76 0.525
vt 0.76 0.725
vt 0.81 0.725
vt 0.81 0.525
vt 0.76 0.525
vt 0.81 0.725
vt 0.81 0.525
vt 0.81 0.725
vt 0.86 0.725
vt 0.86 0.525
vt 0.81 0.525
vt 0.86 0.725
vt 0.26 0.775
vt 0.26 0.975
vt 0.31 0.975
vt 0.31 0.775
vt 0.26 0.775
vt 0.31 0.975
vt 0.31 0.775
vt 0.31 0.975
vt 0.36 0.975
vt 0.36 0.775
vt 0.31 0.775
vt 0.36 0.975
vt 0.26 0.775
vt 0.26 0.975
vt 0.31 0.975
vt 0.31 0.775
vt 0.26 0.775
vt 0.31 0.975
vt 0.31 0.775
vt 0.31 0.975
vt 0.36 0.975
vt 0.36 0.775
vt 0.31 0.775
vt 0.36 0.975
vt 0.26 0.775
vt 0.26 0.975
vt 0.31 0.975
vt 0.31 0.775
vt 0.26 0.775
vt 0.31 0.975
vt 0.31 0.775
vt 0.31 0.975
vt 0.36 0.975
vt 0.36 0.775
vt 0.31 0.775
vt 0.36 0.975
vt 0.26 0.775
vt 0.26 0.975
vt 0.31 0.975
vt 0.31 0.775
vt 0.26 0.775
vt 0.31 0.975
vt 0.31 0.775
vt 0.31 0.975
vt 0.36 0.975
vt 0.36 0.775
vt 0.31 0.775
vt 0.36 0.975
vt 0.76 0.525
vt 0.76 0.725
vt 0.81 0.725
vt 0.81 0.525
vt 0.76 0.525
vt 0.81 0.725
vt 0.81 0.525
vt 0.81 0.725
vt 0.86 0.725
vt 0.86 0.525
vt 0.81 0.525
vt 0.86 0.725
vt 0.76 0.525
vt 0.76 0.725
vt 0.81 0.725
vt 0.81 0.525
vt 0.76 0.525
vt 0.81 0.725
vt 0.81 0.525
vt 0.81 0.725
vt 0.86 0.725
vt 0.86 0.525
vt 0.81 0.525
vt 0.86 0.725
vt 0.76 0.525
vt 0.76 0.725
vt 0.81 0.725
vt 0.81 0.525
vt 0.76 0.525
vt 0.81 0.725
vt 0.81 0.525
vt 0.81 0.725
vt 0.86 0.725
vt 0.86 0.525
vt 0.81 0.525
vt 0.86 0.725
vt 0.76 0.525
vt 0.76 0.725
vt 0.81 0.725
vt 0.81 0.525
vt 0.76 0.525
vt 0.81 0.725
vt 0.81 0.525
vt 0.81 0.725
vt 0.86 0.725
vt 0.86 0.525
vt 0.81 0.525
vt 0.86 0.725
vt 0.26 0.775
vt 0.26 0.975
vt 0.31 0.975
vt 0.31 0.775
vt 0.26 0.775
vt 0.31 0.975
vt 0.31 0.775
vt 0.31 0.975
vt 0.36 0.975
vt 0.36 0.775
vt 0.31 0.775
vt 0.36 0.975
vt 0.26 0.775
vt 0.26 0.975
vt 0.31 0.975
vt 0.31 0.775
vt 0.26 0.775
vt 0.31 0.975
vt 0.31 0.775
vt 0.31 0.975
vt 0.36 0.975
vt 0.36 0.775
vt 0.31 0.775
vt 0.36 0.975
vt 0.7625 0.525
vt 0.7625 0.625
vt 0.8625 0.525
vt 0.8625 0.525
vt 0.7625 0.625
vt 0.8625 0.625
vt 0.7625 0.625
vt 0.7625 0.725
vt 0.8625 0.625
vt 0.8625 0.625
vt 0.7625 0.725
vt 0.8625 0.725
vt 0.7625 0.525
vt 0.8625 0.525
vt 0.7625 0.625
vt 0.8625 0.525
vt 0.8625 0.625
vt 0.7625 0.625
vt 0.7625 0.625
vt 0.8625 0.625
vt 0.7625 0.725
vt 0.8625 0.625
vt 0.8625 0.725
vt 0.7625 0.725
vt 0.7625 0.525
vt 0.7625 0.625
vt 0.8625 0.525
vt 0.8625 0.525
vt 0.7625 0.625
vt 0.8625 0.625
vt 0.7625 0.625
vt 0.7625 0.725
vt 0.8625 0.625
vt 0.8625 0.625
vt 0.7625 0.725
vt 0.8625 0.725
vt 0.7625 0.525
vt 0.8625 0.525
vt 0.7625 0.625
vt 0.8625 0.525
vt 0.8625 0.625
vt 0.7625 0.625
vt 0.7625 0.625
vt 0.8625 0.625
vt 0.7625 0.725
vt 0.8625 0.625
vt 0.8625 0.725
vt 0.7625 0.725
vt 0.5125 0.775
vt 0.5125 0.875
vt 0.6125 0.775
vt 0.6125 0.775
vt 0.5125 0.875
vt 0.6125 0.975
vt 0.5125 0.875
vt 0.5125 0.975
vt 0.6125 0.975
vt 0.5125 0.775
vt 0.6125 0.775
vt 0.5125 0.875
vt 0.6125 0.775
vt 0.6125 0.975
vt 0.5125 0.875
vt 0.5125 0.875
vt 0.6125 0.975
vt 0.5125 0.975
vt 0.7625 0.625
vt 0.7625 0.525
vt 0.8625 0.525
vt 0.7625 0.625
vt 0.8625 0.525
vt 0.8625 0.625
vt 0.7625 0.725
vt 0.7625 0.625
vt 0.8625 0.625
vt 0.7625 0.725
vt 0.8625 0.625
vt 0.8625 0.725
vt 0.7625 0.625
vt 0.8625 0.525
vt 0.7625 0.525
vt 0.7625 0.625
vt 0.8625 0.625
vt 0.8625 0.525
vt 0.7625 0.725
vt 0.8625 0.625
vt 0.7625 0.625
vt 0.7625 0.725
vt 0.8625 0.725
vt 0.8625 0.625
vt 0.7625 0.625
vt 0.7625 0.525
vt 0.8625 0.525
vt 0.7625 0.625
vt 0.8625 0.525
vt 0.8625 0.625
vt 0.7625 0.725
vt 0.7625 0.625
vt 0.8625 0.625
vt 0.7625 0.725
vt 0.8625 0.625
vt 0.8625 0.725
vt 0.7625 0.625
vt 0.8625 0.525
vt 0.7625 0.525
vt 0.7625 0.625
vt 0.8625 0.625
vt 0.8625 0.525
vt 0.7625 0.725
vt 0.8625 0.625
vt 0.7625 0.625
vt 0.7625 0.725
vt 0.8625 0.725
vt 0.8625 0.625
vt 0.5125 0.875
vt 0.5125 0.775
vt 0.6125 0.775
vt 0.5125 0.875
vt 0.6125 0.775
vt 0.6125 0.975
vt 0.5125 0.975
vt 0.5125 0.875
vt 0.6125 0.975
vt 0.5125 0.875
vt 0.6125 0.775
vt 0.5125 0.775
vt 0.5125 0.875
vt 0.6125 0.975
vt 0.6125 0.775
vt 0.5125 0.975
vt 0.6125 0.975
vt 0.5125 0.875
vt 0.1375 0.275
vt 0.1375 0.375
vt 0.2375 0.275
vt 0.2375 0.275
vt 0.1375 0.375
vt 0.2375 0.375
vt 0.1375 0.375
vt 0.1375 0.475
vt 0.2375 0.375
vt 0.2375 0.375
vt 0.1375 0.475
vt 0.2375 0.475
vt 0.1375 0.275
vt 0.2375 0.275
vt 0.1375 0.375
vt 0.2375 0.275
vt 0.2375 0.375
vt 0.1375 0.375
vt 0.1375 0.375
vt 0.2375 0.375
vt 0.1375 0.475
vt 0.2375 0.375
vt 0.2375 0.475
vt 0.1375 0.475
vt 0.1375 0.275
vt 0.1375 0.375
vt 0.2375 0.275
vt 0.2375 0.275
vt 0.1375 0.375
vt 0.2375 0.375
vt 0.1375 0.375
vt 0.1375 0.475
vt 0.2375 0.375
vt 0.2375 0.375
vt 0.1375 0.475
vt 0.2375 0.475
vt 0.1375 0.275
vt 0.2375 0.275
vt 0.1375 0.375
vt 0.2375 0.275
vt 0.2375 0.375
vt 0.1375 0.375
vt 0.1375 0.375
vt 0.2375 0.375
vt 0.1375 0.475
vt 0.2375 0.375
vt 0.2375 0.475
vt 0.1375 0.475
vt 0.1375 0.275
vt 0.1375 0.375
vt 0.2375 0.275
vt 0.2375 0.275
vt 0.1375 0.375
vt 0.2375 0.475
vt 0.1375 0.375
vt 0.1375 0.475
vt 0.2375 0.475
vt 0.1375 0.275
vt 0.2375 0.275
vt 0.1375 0.375
vt 0.2375 0.275
vt 0.2375 0.475
vt 0.1375 0.375
vt 0.1375 0.375
vt 0.2375 0.475
vt 0.1375 0.475
vt 0.1375 0.375
vt 0.1375 0.275
vt 0.2375 0.275
vt 0.1375 0.375
vt 0.2375 0.275
vt 0.2375 0.375
vt 0.1375 0.475
vt 0.1375 0.375
vt 0.2375 0.375
vt 0.1375 0.475
vt 0.2375 0.375
vt 0.2375 0.475
vt 0.1375 0.375
vt 0.2375 0.275
vt 0.1375 0.275
vt 0.1375 0.375
vt 0.2375 0.375
vt 0.2375 0.275
vt 0.1375 0.475
vt 0.2375 0.375
vt 0.1375 0.375
vt 0.1375 0.475
vt 0.2375 0.475
vt 0.2375 0.375
vt 0.1375 0.375
vt 0.1375 0.275
vt 0.2375 0.275
vt 0.1375 0.375
vt 0.2375 0.275
vt 0.2375 0.375
vt 0.1375 0.475
vt 0.1375 0.375
vt 0.2375 0.375
vt 0.1375 0.475
vt 0.2375 0.375
vt 0.2375 0.475
vt 0.1375 0.375
vt 0.2375 0.275
vt 0.1375 0.275
vt 0.1375 0.375
vt 0.2375 0.375
vt 0.2375 0.275
vt 0.1375 0.475
vt 0.2375 0.375
vt 0.1375 0.375
vt 0.1375 0.475
vt 0.2375 0.475
vt 0.2375 0.375
vt 0.1375 0.375
vt 0.1375 0.275
vt 0.2375 0.275
vt 0.1375 0.375
vt 0.2375 0.275
vt 0.2375 0.475
vt 0.1375 0.475
vt 0.1375 0.375
vt 0.2375 0.475
vt 0.1375 0.375
vt 0.2375 0.275
vt 0.1375 0.275
vt 0.1375 0.375
vt 0.2375 0.475
vt 0.2375 0.275
vt 0.1375 0.475
vt 0.2375 0.475
vt 0.1375 0.375
vt 0.2625 0.775
vt 0.2625 0.875
vt 0.3625 0.775
vt 0.3625 0.775
vt 0.2625 0.875
vt 0.3625 0.975
vt 0.2625 0.875
vt 0.2625 0.975
vt 0.3625 0.975
vt 0.2625 0.775
vt 0.3625 0.775
vt 0.2625 0.875
vt 0.3625 0.775
vt 0.3625 0.975
vt 0.2625 0.875
vt 0.2625 0.875
vt 0.3625 0.975
vt 0.2625 0.975
vt 0.2625 0.875
vt 0.2625 0.775
vt 0.3625 0.775
vt 0.2625 0.875
vt 0.3625 0.775
vt 0.3625 0.975
vt 0.2625 0.975
vt 0.2625 0.875
vt 0.3625 0.975
vt 0.2625 0.875
vt 0.3625 0.775
vt 0.2625 0.775
vt 0.2625 0.875
vt 0.3625 0.975
vt 0.3625 0.775
vt 0.2625 0.975
vt 0.3625 0.975
vt 0.2625 0.875
vt 0.5125 0.775
vt 0.5125 0.875
vt 0.6125 0.775
vt 0.6125 0.775
vt 0.5125 0.875
vt 0.6125 0.875
vt 0.5125 0.875
vt 0.5125 0.975
vt 0.6125 0.875
vt 0.6125 0.875
vt 0.5125 0.975
vt 0.6125 0.975
vt 0.5125 0.775
vt 0.6125 0.775
vt 0.5125 0.875
vt 0.6125 0.775
vt 0.6125 0.875
vt 0.5125 0.875
vt 0.5125 0.875
vt 0.6125 0.875
vt 0.5125 0.975
vt 0.6125 0.875
vt 0.6125 0.975
vt 0.5125 0.975
vt 0.87625 0.025
vt 0.87625 0.125
vt 0.87625 0.025
vt 0.87625 0.025
vt 0.87625 0.125
vt 0.87625 0.125
vt 0.87625 0.125
vt 0.87625 0.225
vt 0.87625 0.125
vt 0.87625 0.125
vt 0.87625 0.225
vt 0.87625 0.225
vt 0.87625 0.025
vt 0.87625 0.025
vt 0.87625 0.125
vt 0.87625 0.025
vt 0.87625 0.125
vt 0.87625 0.125
vt 0.87625 0.125
vt 0.87625 0.125
vt 0.87625 0.225
vt 0.87625 0.125
vt 0.87625 0.225
vt 0.87625 0.225
vt 0.2625 0.775
vt 0.2625 0.875
vt 0.3625 0.775
vt 0.3625 0.775
vt 0.2625 0.875
vt 0.3625 0.975
vt 0.2625 0.875
vt 0.2625 0.975
vt 0.3625 0.975
vt 0.2625 0.775
vt 0.3625 0.775
vt 0.2625 0.875
vt 0.3625 0.775
vt 0.3625 0.975
vt 0.2625 0.875
vt 0.2625 0.875
vt 0.3625 0.975
vt 0.2625 0.975
vt 0.5125 0.875
vt 0.5125 0.775
vt 0.6125 0.775
vt 0.5125 0.875
vt 0.6125 0.775
vt 0.6125 0.875
vt 0.5125 0.975
vt 0.5125 0.875
vt 0.6125 0.875
vt 0.5125 0.975
vt 0.6125 0.875
vt 0.6125 0.975
vt 0.5125 0.875
vt 0.6125 0.775
vt 0.5125 0.775
vt 0.5125 0.875
vt 0.6125 0.875
vt 0.6125 0.775
vt 0.5125 0.975
vt 0.6125 0.875
vt 0.5125 0.875
vt 0.5125 0.975
vt 0.6125 0.975
vt 0.6125 0.875
vt 0.87625 0.125
vt 0.87625 0.025
vt 0.87625 0.025
vt 0.87625 0.125
vt 0.87625 0.025
vt 0.87625 0.125
vt 0.87625 0.225
vt 0.87625 0.125
vt 0.87625 0.125
vt 0.87625 0.225
vt 0.87625 0.125
vt 0.87625 0.225
vt 0.87625 0.125
vt 0.87625 0.025
vt 0.87625 0.025
vt 0.87625 0.125
vt 0.87625 0.125
vt 0.87625 0.025
vt 0.87625 0.225
vt 0.87625 0.125
vt 0.87625 0.125
vt 0.87625 0.225
vt 0.87625 0.225
vt 0.87625 0.125
vt 0.2625 0.875
vt 0.2625 0.775
vt 0.3625 0.775
vt 0.2625 0.875
vt 0.3625 0.775
vt 0.3625 0.975
vt 0.2625 0.975
vt 0.2625 0.875
vt 0.3625 0.975
vt 0.2625 0.875
vt 0.3625 0.775
vt 0.2625 0.775
vt 0.2625 0.875
vt 0.3625 0.975
vt 0.3625 0.775
vt 0.2625 0.975
vt 0.3625 0.975
vt 0.2625 0.875
vt 0.5125 0.775
vt 0.5125 0.875
vt 0.6125 0.775
vt 0.6125 0.775
vt 0.5125 0.875
vt 0.6125 0.875
vt 0.5125 0.875
vt 0.5125 0.975
vt 0.6125 0.875
vt 0.6125 0.875
vt 0.5125 0.975
vt 0.6125 0.975
vt 0.5125 0.775
vt 0.6125 0.775
vt 0.5125 0.875
vt 0.6125 0.775
vt 0.6125 0.875
vt 0.5125 0.875
vt 0.5125 0.875
vt 0.6125 0.875
vt 0.5125 0.975
vt 0.6125 0.875
vt 0.6125 0.975
vt 0.5125 0.975
vt 0.87625 0.025
vt 0.87625 0.125
vt 0.87625 0.025
vt 0.87625 0.025
vt 0.87625 0.125
vt 0.87625 0.125
vt 0.87625 0.125
vt 0.87625 0.225
vt 0.87625 0.125
vt 0.87625 0.125
vt 0.87625 0.225
vt 0.87625 0.225
vt 0.87625 0.025
vt 0.87625 0.025
vt 0.87625 0.125
vt 0.87625 0.025
vt 0.87625 0.125
vt 0.87625 0.125
vt 0.87625 0.125
vt 0.87625 0.125
vt 0.87625 0.225
vt 0.87625 0.125
vt 0.87625 0.225
vt 0.87625 0.225
vt 0.2625 0.775
vt 0.2625 0.875
vt 0.3625 0.775
vt 0.3625 0.775
vt 0.2625 0.875
vt 0.3625 0.975
vt 0.2625 0.875
vt 0.2625 0.975
vt 0.3625 0.975
vt 0.2625 0.775
vt 0.3625 0.775
vt 0.2625 0.875
vt 0.3625 0.775
vt 0.3625 0.975
vt 0.2625 0.875
vt 0.2625 0.875
vt 0.3625 0.975
vt 0.2625 0.975
vt 0.5125 0.875
vt 0.5125 0.775
vt 0.6125 0.775
vt 0.5125 0.875
vt 0.6125 0.775
vt 0.6125 0.875
vt 0.5125 0.975
vt 0.5125 0.875
vt 0.6125 0.875
vt 0.5125 0.975
vt 0.6125 0.875
vt 0.6125 0.975
vt 0.5125 0.875
vt 0.6125 0.775
vt 0.5125 0.775
vt 0.5125 0.875
vt 0.6125 0.875
vt 0.6125 0.775
vt 0.5125 0.975
vt 0.6125 0.875
vt 0.5125 0.875
vt 0.5125 0.975
vt 0.6125 0.975
vt 0.6125 0.875
vt 0.87625 0.125
vt 0.87625 0.025
vt 0.87625 0.025
vt 0.87625 0.125
vt 0.87625 0.025
vt 0.87625 0.125
vt 0.87625 0.225
vt 0.87625 0.125
vt 0.87625 0.125
vt 0.87625 0.225
vt 0.87625 0.125
vt 0.87625 0.225
vt 0.87625 0.125
vt 0.87625 0.025
vt 0.87625 0.025
vt 0.87625 0.125
vt 0.87625 0.125
vt 0.87625 0.025
vt 0.87625 0.225
vt 0.87625 0.125
vt 0.87625 0.125
vt 0.87625 0.225
vt 0.87625 0.225
vt 0.87625 0.125
vt 0.2625 0.875
vt 0.2625 0.775
vt 0.3625 0.775
vt 0.2625 0.875
vt 0.3625 0.775
vt 0.3625 0.975
vt 0.2625 0.975
vt 0.2625 0.875
vt 0.3625 0.975
vt 0.2625 0.875
vt 0.3625 0.775
vt 0.2625 0.775
vt 0.2625 0.875
vt 0.3625 0.975
vt 0.3625 0.775
vt 0.2625 0.975
vt 0.3625 0.975
vt 0.2625 0.875
vt 0.5125 0.775
vt 0.5125 0.875
vt 0.6125 0.775
vt 0.6125 0.775
vt 0.5125 0.875
vt 0.6125 0.875
vt 0.5125 0.875
vt 0.5125 0.975
vt 0.6125 0.875
vt 0.6125 0.875
vt 0.5125 0.975
vt 0.6125 0.975
vt 0.5125 0.775
vt 0.6125 0.775
vt 0.5125 0.875
vt 0.6125 0.775
vt 0.6125 0.875
vt 0.5125 0.875
vt 0.5125 0.875
vt 0.6125 0.875
vt 0.5125 0.975
vt 0.6125 0.875
vt 0.6125 0.975
vt 0.5125 0.975
vt 0.87625 0.025
vt 0.87625 0.125
vt 0.87625 0.025
vt 0.87625 0.025
vt 0.87625 0.125
vt 0.87625 0.125
vt 0.87625 0.125
vt 0.87625 0.225
vt 0.87625 0.125
vt 0.87625 0.125
vt 0.87625 0.225
vt 0.87625 0.225
vt 0.87625 0.025
vt 0.87625 0.025
vt 0.87625 0.125
vt 0.87625 0.025
vt 0.87625 0.125
vt 0.87625 0.125
vt 0.87625 0.125
vt 0.87625 0.125
vt 0.87625 0.225
vt 0.87625 0.125
vt 0.87625 0.225
vt 0.87625 0.225
vt 0.2625 0.775
vt 0.2625 0.875
vt 0.3625 0.775
vt 0.3625 0.775
vt 0.2625 0.875
vt 0.3625 0.975
vt 0.2625 0.875
vt 0.2625 0.975
vt 0.3625 0.975
vt 0.2625 0.775
vt 0.3625 0.775
vt 0.2625 0.875
vt 0.3625 0.775
vt 0.3625 0.975
vt 0.2625 0.875
vt 0.2625 0.875
vt 0.3625 0.975
vt 0.2625 0.975
vt 0.5125 0.875
vt 0.5125 0.775
vt 0.6125 0.775
vt 0.5125 0.875
vt 0.6125 0.775
vt 0.6125 0.875
vt 0.5125 0.975
vt 0.5125 0.875
vt 0.6125 0.875
vt 0.5125 0.975
vt 0.6125 0.875
vt 0.6125 0.975
vt 0.5125 0.875
vt 0.6125 0.775
vt 0.5125 0.775
vt 0.5125 0.875
vt 0.6125 0.875
vt 0.6125 0.775
vt 0.5125 0.975
vt 0.6125 0.875
vt 0.5125 0.875
vt 0.5125 0.975
vt 0.6125 0.975
vt 0.6125 0.875
vt 0.87625 0.125
vt 0.87625 0.025
vt 0.87625 0.025
vt 0.87625 0.125
vt 0.87625 0.025
vt 0.87625 0.125
vt 0.87625 0.225
vt 0.87625 0.125
vt 0.87625 0.125
vt 0.87625 0.225
vt 0.87625 0.125
vt 0.87625 0.225
vt 0.87625 0.125
vt 0.87625 0.025
vt 0.87625 0.025
vt 0.87625 0.125
vt 0.87625 0.125
vt 0.87625 0.025
vt 0.87625 0.225
vt 0.87625 0.125
vt 0.87625 0.125
vt 0.87625 0.225
vt 0.87625 0.225
vt 0.87625 0.125
vt 0.2625 0.875
vt 0.2625 0.775
vt 0.3625 0.775
vt 0.2625 0.875
vt 0.3625 0.775
vt 0.3625 0.975
vt 0.2625 0.975
vt 0.2625 0.875
vt 0.3625 0.975
vt 0.2625 0.875
vt 0.3625 0.775
vt 0.2625 0.775
vt 0.2625 0.875
vt 0.3625 0.975
vt 0.3625 0.775
vt 0.2625 0.975
vt 0.3625 0.975
vt 0.2625 0.875
vt 0.5125 0.775
vt 0.5125 0.875
vt 0.6125 0.775
vt 0.6125 0.775
vt 0.5125 0.875
vt 0.6125 0.875
vt 0.5125 0.875
vt 0.5125 0.975
vt 0.6125 0.875
vt 0.6125 0.875
vt 0.5125 0.975
vt 0.6125 0.975
vt 0.5125 0.775
vt 0.6125 0.775
vt 0.5125 0.875
vt 0.6125 0.775
vt 0.6125 0.875
vt 0.5125 0.875
vt 0.5125 0.875
vt 0.6125 0.875
vt 0.5125 0.975
vt 0.6125 0.875
vt 0.6125 0.975
vt 0.5125 0.975
vt 0.87625 0.025
vt 0.87625 0.125
vt 0.87625 0.025
vt 0.87625 0.025
vt 0.87625 0.125
vt 0.87625 0.125
vt 0.87625 0.125
vt 0.87625 0.225
vt 0.87625 0.125
vt 0.87625 0.125
vt 0.87625 0.225
vt 0.87625 0.225
vt 0.87625 0.025
vt 0.87625 0.025
vt 0.87625 0.125
vt 0.87625 0.025
vt 0.87625 0.125
vt 0.87625 0.125
vt 0.87625 0.125
vt 0.87625 0.125
vt 0.87625 0.225
vt 0.87625 0.125
vt 0.87625 0.225
vt 0.87625 0.225
vt 0.2625 0.775
vt 0.2625 0.875
vt 0.3625 0.775
vt 0.3625 0.775
vt 0.2625 0.875
vt 0.3625 0.975
vt 0.2625 0.875
vt 0.2625 0.975
vt 0.3625 0.975
vt 0.2625 0.775
vt 0.3625 0.775
vt 0.2625 0.875
vt 0.3625 0.775
vt 0.3625 0.975
vt 0.2625 0.875
vt 0.2625 0.875
vt 0.3625 0.975
vt 0.2625 0.975
vt 0.5125 0.875
vt 0.5125 0.775
vt 0.6125 0.775
vt 0.5125 0.875
vt 0.6125 0.775
vt 0.6125 0.875
vt 0.5125 0.975
vt 0.5125 0.875
vt 0.6125 0.875
vt 0.5125 0.975
vt 0.6125 0.875
vt 0.6125 0.975
vt 0.5125 0.875
vt 0.6125 0.775
vt 0.5125 0.775
vt 0.5125 0.875
vt 0.6125 0.875
vt 0.6125 0.775
vt 0.5125 0.975
vt 0.6125 0.875
vt 0.5125 0.875
vt 0.5125 0.975
vt 0.6125 0.975
vt 0.6125 0.875
vt 0.87625 0.125
vt 0.87625 0.025
vt 0.87625 0.025
vt 0.87625 0.125
vt 0.87625 0.025
vt 0.87625 0.125
vt 0.87625 0.225
vt 0.87625 0.125
vt 0.87625 0.125
vt 0.87625 0.225
vt 0.87625 0.125
vt 0.87625 0.225
vt 0.87625 0.125
vt 0.87625 0.025
vt 0.87625 0.025
vt 0.87625 0.125
vt 0.87625 0.125
vt 0.87625 0.025
vt 0.87625 0.225
vt 0.87625 0.125
vt 0.87625 0.125
vt 0.87625 0.225
vt 0.87625 0.225
vt 0.87625 0.125
vt 0.2625 0.875
vt 0.2625 0.775
vt 0.3625 0.775
vt 0.2625 0.875
vt 0.3625 0.775
vt 0.3625 0.975
vt 0.2625 0.975
vt 0.2625 0.875
vt 0.3625 0.975
vt 0.2625 0.875
vt 0.3625 0.775
vt 0.2625 0.775
vt 0.2625 0.875
vt 0.3625 0.975
vt 0.3625 0.775
vt 0.2625 0.975
vt 0.3625 0.975
vt 0.2625 0.875
vt 0.5125 0.775
vt 0.5125 0.875
vt 0.6125 0.775
vt 0.6125 0.775
vt 0.5125 0.875
vt 0.6125 0.875
vt 0.5125 0.875
vt 0.5125 0.975
vt 0.6125 0.875
vt 0.6125 0.875
vt 0.5125 0.975
vt 0.6125 0.975
vt 0.5125 0.775
vt 0.6125 0.775
vt 0.5125 0.875
vt 0.6125 0.775
vt 0.6125 0.875
vt 0.5125 0.875
vt 0.5125 0.875
vt 0.6125 0.875
vt 0.5125 0.975
vt 0.6125 0.875
vt 0.6125 0.975
vt 0.5125 0.975
vt 0.87625 0.025
vt 0.87625 0.125
vt 0.87625 0.025
vt 0.87625 0.025
vt 0.87625 0.125
vt 0.87625 0.125
vt 0.87625 0.125
vt 0.87625 0.225
vt 0.87625 0.125
vt 0.87625 0.125
vt 0.87625 0.225
vt 0.87625 0.225
vt 0.87625 0.025
vt 0.87625 0.025
vt 0.87625 0.125
vt 0.87625 0.025
vt 0.87625 0.125
vt 0.87625 0.125
vt 0.87625 0.125
vt 0.87625 0.125
vt 0.87625 0.225
vt 0.87625 0.125
vt 0.87625 0.225
vt 0.87625 0.225
vt 0.2625 0.775
vt 0.2625 0.875
vt 0.3625 0.775
vt 0.3625 0.775
vt 0.2625 0.875
vt 0.3625 0.975
vt 0.2625 0.875
vt 0.2625 0.975
vt 0.3625 0.975
vt 0.2625 0.775
vt 0.3625 0.775
vt 0.2625 0.875
vt 0.3625 0.775
vt 0.3625 0.975
vt 0.2625 0.875
vt 0.2625 0.875
vt 0.3625 0.975
vt 0.2625 0.975
vt 0.5125 0.875
vt 0.5125 0.775
vt 0.6125 0.775
vt 0.5125 0.875
vt 0.6125 0.775
vt 0.6125 0.875
vt 0.5125 0.975
vt 0.5125 0.875
vt 0.6125 0.875
vt 0.5125 0.975
vt 0.6125 0.875
vt 0.6125 0.975
vt 0.5125 0.875
vt 0.6125 0.775
vt 0.5125 0.775
vt 0.5125 0.875
vt 0.6125 0.875
vt 0.6125 0.775
vt 0.5125 0.975
vt 0.6125 0.875
vt 0.5125 0.875
vt 0.5125 0.975
vt 0.6125 0.975
vt 0.6125 0.875
vt 0.87625 0.125
vt 0.87625 0.025
vt 0.87625 0.025
vt 0.87625 0.125
vt 0.87625 0.025
vt 0.87625 0.125
vt 0.87625 0.225
vt 0.87625 0.125
vt 0.87625 0.125
vt 0.87625 0.225
vt 0.87625 0.125
vt 0.87625 0.225
vt 0.87625 0.125
vt 0.87625 0.025
vt 0.87625 0.025
vt 0.87625 0.125
vt 0.87625 0.125
vt 0.87625 0.025
vt 0.87625 0.225
vt 0.87625 0.125
vt 0.87625 0.125
vt 0.87625 0.225
vt 0.87625 0.225
vt 0.87625 0.125
vt 0.2625 0.875
vt 0.2625 0.775
vt 0.3625 0.775
vt 0.2625 0.875
vt 0.3625 0.775
vt 0.3625 0.975
vt 0.2625 0.975
vt 0.2625 0.875
vt 0.3625 0.975
vt 0.2625 0.875
vt 0.3625 0.775
vt 0.2625 0.775
vt 0.2625 0.875
vt 0.3625 0.975
vt 0.3625 0.775
vt 0.2625 0.975
vt 0.3625 0.975
vt 0.2625 0.875
vt 0.5125 0.775
vt 0.5125 0.875
vt 0.6125 0.775
vt 0.6125 0.775
vt 0.5125 0.875
vt 0.6125 0.875
vt 0.5125 0.875
vt 0.5125 0.975
vt 0.6125 0.875
vt 0.6125 0.875
vt 0.5125 0.975
vt 0.6125 0.975
vt 0.5125 0.775
vt 0.6125 0.775
vt 0.5125 0.875
vt 0.6125 0.775
vt 0.6125 0.875
vt 0.5125 0.875
vt 0.5125 0.875
vt 0.6125 0.875
vt 0.5125 0.975
vt 0.6125 0.875
vt 0.6125 0.975
vt 0.5125 0.975
vt 0.87625 0.025
vt 0.87625 0.125
vt 0.87625 0.025
vt 0.87625 0.025
vt 0.87625 0.125
vt 0.87625 0.225
vt 0.87625 0.125
vt 0.87625 0.225
vt 0.87625 0.225
vt 0.87625 0.025
vt 0.87625 0.025
vt 0.87625 0.125
vt 0.87625 0.025
vt 0.87625 0.225
vt 0.87625 0.125
vt 0.87625 0.125
vt 0.87625 0.225
vt 0.87625 0.225
vt 0.5125 0.875
vt 0.5125 0.775
vt 0.6125 0.775
vt 0.5125 0.875
vt 0.6125 0.775
vt 0.6125 0.875
vt 0.5125 0.975
vt 0.5125 0.875
vt 0.6125 0.875
vt 0.5125 0.975
vt 0.6125 0.875
vt 0.6125 0.975
vt 0.5125 0.875
vt 0.6125 0.775
vt 0.5125 0.775
vt 0.5125 0.875
vt 0.6125 0.875
vt 0.6125 0.775
vt 0.5125 0.975
vt 0.6125 0.875
vt 0.5125 0.875
vt 0.5125 0.975
vt 0.6125 0.975
vt 0.6125 0.875
vt 0.87625 0.125
vt 0.87625 0.025
vt 0.87625 0.025
vt 0.87625 0.125
vt 0.87625 0.025
vt 0.87625 0.225
vt 0.87625 0.225
vt 0.87625 0.125
vt 0.87625 0.225
vt 0.87625 0.125
vt 0.87625 0.025
vt 0.87625 0.025
vt 0.87625 0.125
vt 0.87625 0.225
vt 0.87625 0.025
vt 0.87625 0.225
vt 0.87625 0.225
vt 0.87625 0.125
vt 0.2625 0.775
vt 0.2625 0.875
vt 0.3625 0.775
vt 0.3625 0.775
vt 0.2625 0.875
vt 0.3625 0.875
vt 0.2625 0.875
vt 0.2625 0.975
vt 0.3625 0.875
vt 0.3625 0.875
vt 0.2625 0.975
vt 0.3625 0.975
vt 0.2625 0.775
vt 0.3625 0.775
vt 0.2625 0.875
vt 0.3625 0.775
vt 0.3625 0.875
vt 0.2625 0.875
vt 0.2625 0.875
vt 0.3625 0.875
vt 0.2625 0.975
vt 0.3625 0.875
vt 0.3625 0.975
vt 0.2625 0.975
vt 0.2625 0.775
vt 0.2625 0.875
vt 0.3625 0.775
vt 0.3625 0.775
vt 0.2625 0.875
vt 0.3625 0.975
vt 0.2625 0.875
vt 0.2625 0.975
vt 0.3625 0.975
vt 0.2625 0.775
vt 0.3625 0.775
vt 0.2625 0.875
vt 0.3625 0.775
vt 0.3625 0.975
vt 0.2625 0.875
vt 0.2625 0.875
vt 0.3625 0.975
vt 0.2625 0.975
vt 0.2625 0.875
vt 0.2625 0.775
vt 0.3625 0.775
vt 0.2625 0.875
vt 0.3625 0.775
vt 0.3625 0.875
vt 0.2625 0.975
vt 0.2625 0.875
vt 0.3625 0.875
vt 0.2625 0.975
vt 0.3625 0.875
vt 0.3625 0.975
vt 0.2625 0.875
vt 0.3625 0.775
vt 0.2625 0.775
vt 0.2625 0.875
vt 0.3625 0.875
vt 0.3625 0.775
vt 0.2625 0.975
vt 0.3625 0.875
vt 0.2625 0.875
vt 0.2625 0.975
vt 0.3625 0.975
vt 0.3625 0.875
vt 0.2625 0.875
vt 0.2625 0.775
vt 0.3625 0.775
vt 0.2625 0.875
vt 0.3625 0.775
vt 0.3625 0.975
vt 0.2625 0.975
vt 0.2625 0.875
vt 0.3625 0.975
vt 0.2625 0.875
vt 0.3625 0.775
vt 0.2625 0.775
vt 0.2625 0.875
vt 0.3625 0.975
vt 0.3625 0.775
vt 0.2625 0.975
vt 0.3625 0.975
vt 0.2625 0.875
vt 0.2625 0.775
vt 0.2625 0.875
vt 0.3625 0.775
vt 0.3625 0.775
vt 0.2625 0.875
vt 0.3625 0.875
vt 0.2625 0.875
vt 0.2625 0.975
vt 0.3625 0.875
vt 0.3625 0.875
vt 0.2625 0.975
vt 0.3625 0.975
vt 0.2625 0.775
vt 0.3625 0.775
vt 0.2625 0.875
vt 0.3625 0.775
vt 0.3625 0.875
vt 0.2625 0.875
vt 0.2625 0.875
vt 0.3625 0.875
vt 0.2625 0.975
vt 0.3625 0.875
vt 0.3625 0.975
vt 0.2625 0.975
vt 0.2625 0.775
vt 0.2625 0.875
vt 0.3625 0.775
vt 0.3625 0.775
vt 0.2625 0.875
vt 0.3625 0.975
vt 0.2625 0.875
vt 0.2625 0.975
vt 0.3625 0.975
vt 0.2625 0.775
vt 0.3625 0.775
vt 0.2625 0.875
vt 0.3625 0.775
vt 0.3625 0.975
vt 0.2625 0.875
vt 0.2625 0.875
vt 0.3625 0.975
vt 0.2625 0.975
vt 0.2625 0.875
vt 0.2625 0.775
vt 0.3625 0.775
vt 0.2625 0.875
vt 0.3625 0.775
vt 0.3625 0.875
vt 0.2625 0.975
vt 0.2625 0.875
vt 0.3625 0.875
vt 0.2625 0.975
vt 0.3625 0.875
vt 0.3625 0.975
vt 0.2625 0.875
vt 0.3625 0.775
vt 0.2625 0.775
vt 0.2625 0.875
vt 0.3625 0.875
vt 0.3625 0.775
vt 0.2625 0.975
vt 0.3625 0.875
vt 0.2625 0.875
vt 0.2625 0.975
vt 0.3625 0.975
vt 0.3625 0.875
vt 0.2625 0.875
vt 0.2625 0.775
vt 0.3625 0.775
vt 0.2625 0.875
vt 0.3625 0.775
vt 0.3625 0.975
vt 0.2625 0.975
vt 0.2625 0.875
vt 0.3625 0.975
vt 0.2625 0.875
vt 0.3625 0.775
vt 0.2625 0.775
vt 0.2625 0.875
vt 0.3625 0.975
vt 0.3625 0.775
vt 0.2625 0.975
vt 0.3625 0.975
vt 0.2625 0.875
vt 0.7625 0.525
vt 0.7625 0.625
vt 0.8625 0.525
vt 0.8625 0.525
vt 0.7625 0.625
vt 0.8625 0.725
vt 0.7625 0.625
vt 0.7625 0.725
vt 0.8625 0.725
vt 0.7625 0.525
vt 0.8625 0.525
vt 0.7625 0.625
vt 0.8625 0.525
vt 0.8625 0.725
vt 0.7625 0.625
vt 0.7625 0.625
vt 0.8625 0.725
vt 0.7625 0.725
vt 0.7625 0.625
vt 0.7625 0.525
vt 0.8625 0.525
vt 0.7625 0.625
vt 0.8625 0.525
vt 0.8625 0.725
vt 0.7625 0.725
vt 0.7625 0.625
vt 0.8625 0.725
vt 0.7625 0.625
vt 0.8625 0.525
vt 0.7625 0.525
vt 0.7625 0.625
vt 0.8625 0.725
vt 0.8625 0.525
vt 0.7625 0.725
vt 0.8625 0.725
vt 0.7625 0.625
vt 0.2625 0.775
vt 0.2625 0.875
vt 0.3625 0.775
vt 0.3625 0.775
vt 0.2625 0.875
vt 0.3625 0.975
vt 0.2625 0.875
vt 0.2625 0.975
vt 0.3625 0.975
vt 0.2625 0.775
vt 0.3625 0.775
vt 0.2625 0.875
vt 0.3625 0.775
vt 0.3625 0.975
vt 0.2625 0.875
vt 0.2625 0.875
vt 0.3625 0.975
vt 0.2625 0.975
vt 0.2625 0.875
vt 0.2625 0.775
vt 0.3625 0.775
vt 0.2625 0.875
vt 0.3625 0.775
vt 0.3625 0.975
vt 0.2625 0.975
vt 0.2625 0.875
vt 0.3625 0.975
vt 0.2625 0.875
vt 0.3625 0.775
vt 0.2625 0.775
vt 0.2625 0.875
vt 0.3625 0.975
vt 0.3625 0.775
vt 0.2625 0.975
vt 0.3625 0.975
vt 0.2625 0.875

f 5/1 1/2 2/3
f 6/4 5/5 2/6
f 6/7 2/8 3/9
f 7/10 6/11 3/12
f 7/13 3/14 8/15
f 3/16 4/17 8/18
f 8/19 4/20 5/21
f 4/22 1/23 5/24
f 9/25 5/26 6/27
f 10/28 9/29 6/30
f 10/31 6/32 7/33
f 11/34 10/35 7/36
f 11/37 7/38 12/39
f 7/40 8/41 12/42
f 12/43 8/44 9/45
f 8/46 5/47 9/48
f 13/49 9/50 10/51
f 14/52 13/53 10/54
f 14/55 10/56 11/57
f 15/58 14/59 11/60
f 15/61 11/62 16/63
f 11/64 12/65 16/66
f 16/67 12/68 13/69
f 12/70 9/71 13/72
f 21/73 17/74 18/75
f 22/76 21/77 18/78
f 22/79 18/80 19/81
f 23/82 22/83 19/84
f 23/85 19/86 24/87
f 19/88 20/89 24/90
f 24/91 20/92 21/93
f 20/94 17/95 21/96
f 25/97 21/98 22/99
f 26/100 25/101 22/102
f 26/103 22/104 23/105
f 27/106 26/107 23/108
f 27/109 23/110 28/111
f 23/112 24/113 28/114
f 28/115 24/116 25/117
f 24/118 21/119 25/120
f 29/121 25/122 26/123
f 30/124 29/125 26/126
f 30/127 26/128 27/129
f 31/130 30/131 27/132
f 31/133 27/134 32/135
f 27/136 28/137 32/138
f 32/139 28/140 29/141
f 28/142 25/143 29/144
f 37/145 33/146 34/147
f 38/148 37/149 34/150
f 38/151 34/152 35/153
f 39/154 38/155 35/156
f 39/157 35/158 40/159
f 35/160 36/161 40/162
f 40/163 36/164 37/165
f 36/166 33/167 37/168
f 41/169 37/170 38/171
f 42/172 41/173 38/174
f 42/175 38/176 39/177
f 43/178 42/179 39/180
f 43/181 39/182 44/183
f 39/184 40/185 44/186
f 44/187 40/188 41/189
f 40/190 37/191 41/192
f 45/193 41/194 42/195
f 46/196 45/197 42/198
f 46/199 42/200 43/201
f 47/202 46/203 43/204
f 47/205 43/206 48/207
f 43/208 44/209 48/210
f 48/211 44/212 45/213
f 44/214 41/215 45/216
f 53/217 49/218 50/219
f 54/220 53/221 50/222
f 54/223 50/224 51/225
f 55/226 54/227 51/228
f 55/229 51/230 56/231
f 51/232 52/233 56/234
f 56/235 52/236 53/237
f 52/238 49/239 53/240
f 57/241 53/242 54/243
f 58/244 57/245 54/246
f 58/247 54/248 55/249
f 59/250 58/251 55/252
f 59/253 55/254 60/255
f 55/256 56/257 60/258
f 60/259 56/260 57/261
f 56/262 53/263 57/264
f 61/265 57/266 58/267
f 62/268 61/269 58/270
f 62/271 58/272 59/273
f 63/274 62/275 59/276
f 63/277 59/278 64/279
f 59/280 60/281 64/282
f 64/283 60/284 61/285
f 60/286 57/287 61/288
f 69/289 65/290 66/291
f 70/292 69/293 66/294
f 70/295 66/296 67/297
f 71/298 70/299 67/300
f 71/301 67/302 72/303
f 67/304 68/305 72/306
f 72/307 68/308 69/309
f 68/310 65/311 69/312
f 73/313 69/314 70/315
f 74/316 73/317 70/318
f 74/319 70/320 71/321
f 75/322 74/323 71/324
f 75/325 71/326 76/327
f 71/328 72/329 76/330
f 76/331 72/332 73/333
f 72/334 69/335 73/336
f 77/337 73/338 74/339
f 78/340 77/341 74/342
f 78/343 74/344 75/345
f 79/346 78/347 75/348
f 79/349 75/350 80/351
f 75/352 76/353 80/354
f 80/355 76/356 77/357
f 76/358 73/359 77/360
f 85/361 81/362 82/363
f 86/364 85/365 82/366
f 86/367 82/368 83/369
f 87/370 86/371 83/372
f 87/373 83/374 88/375
f 83/376 84/377 88/378
f 88/379 84/380 85/381
f 84/382 81/383 85/384
f 89/385 85/386 86/387
f 90/388 89/389 86/390
f 90/391 86/392 87/393
f 91/394 90/395 87/396
f 91/397 87/398 92/399
f 87/400 88/401 92/402
f 92/403 88/404 89/405
f 88/406 85/407 89/408
f 93/409 89/410 90/411
f 94/412 93/413 90/414
f 94/415 90/416 91/417
f 95/418 94/419 91/420
f 95/421 91/422 96/423
f 91/424 92/425 96/426
f 96/427 92/428 93/429
f 92/430 89/431 93/432
f 101/433 97/434 98/435
f 102/436 101/437 98/438
f 102/439 98/440 99/441
f 103/442 102/443 99/444
f 103/445 99/446 104/447
f 99/448 100/449 104/450
f 104/451 100/452 101/453
f 100/454 97/455 101/456
f 105/457 101/458 102/459
f 106/460 105/461 102/462
f 106/463 102/464 103/465
f 107/466 106/467 103/468
f 107/469 103/470 108/471
f 103/472 104/473 108/474
f 108/475 104/476 105/477
f 104/478 101/479 105/480
f 109/481 105/482 106/483
f 110/484 109/485 106/486
f 110/487 106/488 107/489
f 111/490 110/491 107/492
f 111/493 107/494 112/495
f 107/496 108/497 112/498
f 112/499 108/500 109/501
f 108/502 105/503 109/504
f 117/505 113/506 114/507
f 118/508 117/509 114/510
f 118/511 114/512 115/513
f 119/514 118/515 115/516
f 119/517 115/518 120/519
f 115/520 116/521 120/522
f 120/523 116/524 117/525
f 116/526 113/527 117/528
f 121/529 117/530 118/531
f 122/532 121/533 118/534
f 122/535 118/536 119/537
f 123/538 122/539 119/540
f 123/541 119/542 124/543
f 119/544 120/545 124/546
f 124/547 120/548 121/549
f 120/550 117/551 121/552
f 125/553 121/554 122/555
f 126/556 125/557 122/558
f 126/559 122/560 123/561
f 127/562 126/563 123/564
f 127/565 123/566 128/567
f 123/568 124/569 128/570
f 128/571 124/572 125/573
f 124/574 121/575 125/576
f 133/577 129/578 130/579
f 134/580 133/581 130/582
f 134/583 130/584 131/585
f 135/586 134/587 131/588
f 135/589 131/590 136/591
f 131/592 132/593 136/594
f 136/595 132/596 133/597
f 132/598 129/599 133/600
f 137/601 133/602 134/603
f 138/604 137/605 134/606
f 138/607 134/608 135/609
f 139/610 138/611 135/612
f 139/613 135/614 140/615
f 135/616 136/617 140/618
f 140/619 136/620 137/621
f 136/622 133/623 137/624
f 141/625 137/626 138/627
f 142/628 141/629 138/630
f 142/631 138/632 139/633
f 143/634 142/635 139/636
f 143/637 139/638 144/639
f 139/640 140/641 144/642
f 144/643 140/644 141/645
f 140/646 137/647 141/648
f 149/649 145/650 146/651
f 150/652 149/653 146/654
f 150/655 146/656 147/657
f 151/658 150/659 147/660
f 151/661 147/662 152/663
f 147/664 148/665 152/666
f 152/667 148/668 149/669
f 148/670 145/671 149/672
f 153/673 149/674 150/675
f 154/676 153/677 150/678
f 154/679 150/680 151/681
f 155/682 154/683 151/684
f 155/685 151/686 156/687
f 151/688 152/689 156/690
f 156/691 152/692 153/693
f 152/694 149/695 153/696
f 157/697 153/698 154/699
f 158/700 157/701 154/702
f 158/703 154/704 155/705
f 159/706 158/707 155/708
f 159/709 155/710 160/711
f 155/712 156/713 160/714
f 160/715 156/716 157/717
f 156/718 153/719 157/720
f 165/721 161/722 162/723
f 166/724 165/725 162/726
f 166/727 162/728 163/729
f 167/730 166/731 163/732
f 167/733 163/734 168/735
f 163/736 164/737 168/738
f 168/739 164/740 165/741
f 164/742 161/743 165/744
f 169/745 165/746 166/747
f 170/748 169/749 166/750
f 170/751 166/752 167/753
f 171/754 170/755 167/756
f 171/757 167/758 172/759
f 167/760 168/761 172/762
f 172/763 168/764 169/765
f 168/766 165/767 169/768
f 173/769 169/770 170/771
f 174/772 173/773 170/774
f 174/775 170/776 171/777
f 175/778 174/779 171/780
f 175/781 171/782 176/783
f 171/784 172/785 176/786
f 176/787 172/788 173/789
f 172/790 169/791 173/792
f 177/793 173/794 174/795
f 178/796 177/797 174/798
f 178/799 174/800 175/801
f 179/802 178/803 175/804
f 179/805 175/806 180/807
f 175/808 176/809 180/810
f 180/811 176/812 177/813
f 176/814 173/815 177/816
f 181/817 177/818 178/819
f 182/820 181/821 178/822
f 182/823 178/824 179/825
f 183/826 182/827 179/828
f 183/829 179/830 184/831
f 179/832 180/833 184/834
f 184/835 180/836 181/837
f 180/838 177/839 181/840
f 185/841 181/842 182/843
f 186/844 185/845 182/846
f 186/847 182/848 183/849
f 187/850 186/851 183/852
f 187/853 183/854 188/855
f 183/856 184/857 188/858
f 188/859 184/860 185/861
f 184/862 181/863 185/864
f 189/865 185/866 186/867
f 190/868 189/869 186/870
f 190/871 186/872 187/873
f 191/874 190/875 187/876
f 191/877 187/878 192/879
f 187/880 188/881 192/882
f 192/883 188/884 189/885
f 188/886 185/887 189/888
f 193/889 189/890 190/891
f 194/892 193/893 190/894
f 194/895 190/896 191/897
f 195/898 194/899 191/900
f 195/901 191/902 196/903
f 191/904 192/905 196/906
f 196/907 192/908 193/909
f 192/910 189/911 193/912
f 201/913 197/914 198/915
f 202/916 201/917 198/918
f 202/919 198/920 199/921
f 203/922 202/923 199/924
f 203/925 199/926 204/927
f 199/928 200/929 204/930
f 204/931 200/932 201/933
f 200/934 197/935 201/936
f 205/937 201/938 202/939
f 206/940 205/941 202/942
f 206/943 202/944 203/945
f 207/946 206/947 203/948
f 207/949 203/950 208/951
f 203/952 204/953 208/954
f 208/955 204/956 205/957
f 204/958 201/959 205/960
f 209/961 205/962 206/963
f 210/964 209/965 206/966
f 210/967 206/968 207/969
f 211/970 210/971 207/972
f 211/973 207/974 212/975
f 207/976 208/977 212/978
f 212/979 208/980 209/981
f 208/982 205/983 209/984
f 213/985 209/986 210/987
f 214/988 213/989 210/990
f 214/991 210/992 211/993
f 215/994 214/995 211/996
f 215/997 211/998 216/999
f 211/1000 212/1001 216/1002
f 216/1003 212/1004 213/1005
f 212/1006 209/1007 213/1008
f 217/1009 213/1010 214/1011
f 218/1012 217/1013 214/1014
f 218/1015 214/1016 215/1017
f 219/1018 218/1019 215/1020
f 219/1021 215/1022 220/1023
f 215/1024 216/1025 220/1026
f 220/1027 216/1028 217/1029
f 216/1030 213/1031 217/1032
f 221/1033 217/1034 218/1035
f 222/1036 221/1037 218/1038
f 222/1039 218/1040 219/1041
f 223/1042 222/1043 219/1044
f 223/1045 219/1046 224/1047
f 219/1048 220/1049 224/1050
f 224/1051 220/1052 221/1053
f 220/1054 217/1055 221/1056
f 225/1057 221/1058 222/1059
f 226/1060 225/1061 222/1062
f 226/1063 222/1064 223/1065
f 227/1066 226/1067 223/1068
f 227/1069 223/1070 228/1071
f 223/1072 224/1073 228/1074
f 228/1075 224/1076 225/1077
f 224/1078 221/1079 225/1080
f 229/1081 225/1082 226/1083
f 230/1084 229/1085 226/1086
f 230/1087 226/1088 227/1089
f 231/1090 230/1091 227/1092
f 231/1093 227/1094 232/1095
f 227/1096 228/1097 232/1098
f 232/1099 228/1100 229/1101
f 228/1102 225/1103 229/1104
f 233/1105 229/1106 230/1107
f 234/1108 233/1109 230/1110
f 234/1111 230/1112 231/1113
f 235/1114 234/1115 231/1116
f 235/1117 231/1118 236/1119
f 231/1120 232/1121 236/1122
f 236/1123 232/1124 233/1125
f 232/1126 229/1127 233/1128
f 237/1129 233/1130 234/1131
f 238/1132 237/1133 234/1134
f 238/1135 234/1136 235/1137
f 239/1138 238/1139 235/1140
f 239/1141 235/1142 240/1143
f 235/1144 236/1145 240/1146
f 240/1147 236/1148 237/1149
f 236/1150 233/1151 237/1152
f 241/1153 237/1154 238/1155
f 242/1156 241/1157 238/1158
f 242/1159 238/1160 239/1161
f 243/1162 242/1163 239/1164
f 243/1165 239/1166 244/1167
f 239/1168 240/1169 244/1170
f 244/1171 240/1172 241/1173
f 240/1174 237/1175 241/1176
f 245/1177 241/1178 242/1179
f 246/1180 245/1181 242/1182
f 246/1183 242/1184 243/1185
f 247/1186 246/1187 243/1188
f 247/1189 243/1190 248/1191
f 243/1192 244/1193 248/1194
f 248/1195 244/1196 245/1197
f 244/1198 241/1199 245/1200
f 253/1201 249/1202 250/1203
f 254/1204 253/1205 250/1206
f 254/1207 250/1208 251/1209
f 255/1210 254/1211 251/1212
f 255/1213 251/1214 256/1215
f 251/1216 252/1217 256/1218
f 256/1219 252/1220 253/1221
f 252/1222 249/1223 253/1224
f 257/1225 253/1226 254/1227
f 258/1228 257/1229 254/1230
f 258/1231 254/1232 255/1233
f 259/1234 258/1235 255/1236
f 259/1237 255/1238 260/1239
f 255/1240 256/1241 260/1242
f 260/1243 256/1244 257/1245
f 256/1246 253/1247 257/1248
f 261/1249 257/1250 258/1251
f 262/1252 261/1253 258/1254
f 262/1255 258/1256 259/1257
f 263/1258 262/1259 259/1260
f 263/1261 259/1262 264/1263
f 259/1264 260/1265 264/1266
f 264/1267 260/1268 261/1269
f 260/1270 257/1271 261/1272
f 265/1273 261/1274 262/1275
f 266/1276 265/1277 262/1278
f 266/1279 262/1280 263/1281
f 267/1282 266/1283 263/1284
f 267/1285 263/1286 268/1287
f 263/1288 264/1289 268/1290
f 268/1291 264/1292 265/1293
f 264/1294 261/1295 265/1296
f 269/1297 265/1298 266/1299
f 270/1300 269/1301 266/1302
f 270/1303 266/1304 267/1305
f 271/1306 270/1307 267/1308
f 271/1309 267/1310 272/1311
f 267/1312 268/1313 272/1314
f 272/1315 268/1316 269/1317
f 268/1318 265/1319 269/1320
f 273/1321 269/1322 270/1323
f 274/1324 273/1325 270/1326
f 274/1327 270/1328 271/1329
f 275/1330 274/1331 271/1332
f 275/1333 271/1334 276/1335
f 271/1336 272/1337 276/1338
f 276/1339 272/1340 273/1341
f 272/1342 269/1343 273/1344
f 277/1345 273/1346 274/1347
f 278/1348 277/1349 274/1350
f 278/1351 274/1352 275/1353
f 279/1354 278/1355 275/1356
f 279/1357 275/1358 280/1359
f 275/1360 276/1361 280/1362
f 280/1363 276/1364 277/1365
f 276/1366 273/1367 277/1368
f 281/1369 277/1370 278/1371
f 282/1372 281/1373 278/1374
f 282/1375 278/1376 279/1377
f 283/1378 282/1379 279/1380
f 283/1381 279/1382 284/1383
f 279/1384 280/1385 284/1386
f 284/1387 280/1388 281/1389
f 280/1390 277/1391 281/1392
f 285/1393 281/1394 282/1395
f 286/1396 285/1397 282/1398
f 286/1399 282/1400 283/1401
f 287/1402 286/1403 283/1404
f 287/1405 283/1406 288/1407
f 283/1408 284/1409 288/1410
f 288/1411 284/1412 285/1413
f 284/1414 281/1415 285/1416
f 289/1417 285/1418 286/1419
f 290/1420 289/1421 286/1422
f 290/1423 286/1424 287/1425
f 291/1426 290/1427 287/1428
f 291/1429 287/1430 292/1431
f 287/1432 288/1433 292/1434
f 292/1435 288/1436 289/1437
f 288/1438 285/1439 289/1440
f 293/1441 289/1442 290/1443
f 294/1444 293/1445 290/1446
f 294/1447 290/1448 291/1449
f 295/1450 294/1451 291/1452
f 295/1453 291/1454 296/1455
f 291/1456 292/1457 296/1458
f 296/1459 292/1460 293/1461
f 292/1462 289/1463 293/1464
f 297/1465 293/1466 294/1467
f 298/1468 297/1469 294/1470
f 298/1471 294/1472 295/1473
f 299/1474 298/1475 295/1476
f 299/1477 295/1478 300/1479
f 295/1480 296/1481 300/1482
f 300/1483 296/1484 297/1485
f 296/1486 293/1487 297/1488
f 305/1489 301/1490 302/1491
f 306/1492 305/1493 302/1494
f 306/1495 302/1496 303/1497
f 307/1498 306/1499 303/1500
f 307/1501 303/1502 308/1503
f 303/1504 304/1505 308/1506
f 308/1507 304/1508 305/1509
f 304/1510 301/1511 305/1512
f 309/1513 305/1514 306/1515
f 310/1516 309/1517 306/1518
f 310/1519 306/1520 307/1521
f 311/1522 310/1523 307/1524
f 311/1525 307/1526 312/1527
f 307/1528 308/1529 312/1530
f 312/1531 308/1532 309/1533
f 308/1534 305/1535 309/1536
f 313/1537 309/1538 310/1539
f 314/1540 313/1541 310/1542
f 314/1543 310/1544 311/1545
f 315/1546 314/1547 311/1548
f 315/1549 311/1550 316/1551
f 311/1552 312/1553 316/1554
f 316/1555 312/1556 313/1557
f 312/1558 309/1559 313/1560
f 317/1561 313/1562 314/1563
f 318/1564 317/1565 314/1566
f 318/1567 314/1568 315/1569
f 319/1570 318/1571 315/1572
f 319/1573 315/1574 320/1575
f 315/1576 316/1577 320/1578
f 320/1579 316/1580 317/1581
f 316/1582 313/1583 317/1584
f 321/1585 317/1586 318/1587
f 322/1588 321/1589 318/1590
f 322/1591 318/1592 319/1593
f 323/1594 322/1595 319/1596
f 323/1597 319/1598 324/1599
f 319/1600 320/1601 324/1602
f 324/1603 320/1604 321/1605
f 320/1606 317/1607 321/1608
f 325/1609 321/1610 322/1611
f 326/1612 325/1613 322/1614
f 326/1615 322/1616 323/1617
f 327/1618 326/1619 323/1620
f 327/1621 323/1622 328/1623
f 323/1624 324/1625 328/1626
f 328/1627 324/1628 325/1629
f 324/1630 321/1631 325/1632
f 329/1633 325/1634 326/1635
f 330/1636 329/1637 326/1638
f 330/1639 326/1640 327/1641
f 331/1642 330/1643 327/1644
f 331/1645 327/1646 332/1647
f 327/1648 328/1649 332/1650
f 332/1651 328/1652 329/1653
f 328/1654 325/1655 329/1656
f 337/1657 333/1658 334/1659
f 338/1660 337/1661 334/1662
f 338/1663 334/1664 335/1665
f 339/1666 338/1667 335/1668
f 339/1669 335/1670 340/1671
f 335/1672 336/1673 340/1674
f 340/1675 336/1676 337/1677
f 336/1678 333/1679 337/1680
f 341/1681 337/1682 338/1683
f 342/1684 341/1685 338/1686
f 342/1687 338/1688 339/1689
f 343/1690 342/1691 339/1692
f 343/1693 339/1694 344/1695
f 339/1696 340/1697 344/1698
f 344/1699 340/1700 341/1701
f 340/1702 337/1703 341/1704
f 345/1705 341/1706 342/1707
f 346/1708 345/1709 342/1710
f 346/1711 342/1712 343/1713
f 347/1714 346/1715 343/1716
f 347/1717 343/1718 348/1719
f 343/1720 344/1721 348/1722
f 348/1723 344/1724 345/1725
f 344/1726 341/1727 345/1728
f 349/1729 345/1730 346/1731
f 350/1732 349/1733 346/1734
f 350/1735 346/1736 347/1737
f 351/1738 350/1739 347/1740
f 351/1741 347/1742 352/1743
f 347/1744 348/1745 352/1746
f 352/1747 348/1748 349/1749
f 348/1750 345/1751 349/1752
f 353/1753 349/1754 350/1755
f 354/1756 353/1757 350/1758
f 354/1759 350/1760 351/1761
f 355/1762 354/1763 351/1764
f 355/1765 351/1766 356/1767
f 351/1768 352/1769 356/1770
f 356/1771 352/1772 353/1773
f 352/1774 349/1775 353/1776
f 357/1777 353/1778 354/1779
f 358/1780 357/1781 354/1782
f 358/1783 354/1784 355/1785
f 359/1786 358/1787 355/1788
f 359/1789 355/1790 360/1791
f 355/1792 356/1793 360/1794
f 360/1795 356/1796 357/1797
f 356/1798 353/1799 357/1800
f 361/1801 357/1802 358/1803
f 362/1804 361/1805 358/1806
f 362/1807 358/1808 359/1809
f 363/1810 362/1811 359/1812
f 363/1813 359/1814 364/1815
f 359/1816 360/1817 364/1818
f 364/1819 360/1820 361/1821
f 360/1822 357/1823 361/1824
f 369/1825 365/1826 366/1827
f 370/1828 369/1829 366/1830
f 370/1831 366/1832 367/1833
f 371/1834 370/1835 367/1836
f 371/1837 367/1838 372/1839
f 367/1840 368/1841 372/1842
f 372/1843 368/1844 369/1845
f 368/1846 365/1847 369/1848
f 377/1849 373/1850 374/1851
f 378/1852 377/1853 374/1854
f 378/1855 374/1856 375/1857
f 379/1858 378/1859 375/1860
f 379/1861 375/1862 380/1863
f 375/1864 376/1865 380/1866
f 380/1867 376/1868 377/1869
f 376/1870 373/1871 377/1872
f 385/1873 381/1874 382/1875
f 386/1876 385/1877 382/1878
f 386/1879 382/1880 383/1881
f 387/1882 386/1883 383/1884
f 387/1885 383/1886 388/1887
f 383/1888 384/1889 388/1890
f 388/1891 384/1892 385/1893
f 384/1894 381/1895 385/1896
f 389/1897 385/1898 386/1899
f 390/1900 389/1901 386/1902
f 390/1903 386/1904 387/1905
f 391/1906 390/1907 387/1908
f 391/1909 387/1910 392/1911
f 387/1912 388/1913 392/1914
f 392/1915 388/1916 389/1917
f 388/1918 385/1919 389/1920
f 393/1921 389/1922 390/1923
f 394/1924 393/1925 390/1926
f 394/1927 390/1928 391/1929
f 395/1930 394/1931 391/1932
f 395/1933 391/1934 396/1935
f 391/1936 392/1937 396/1938
f 396/1939 392/1940 393/1941
f 392/1942 389/1943 393/1944
f 401/1945 397/1946 398/1947
f 402/1948 401/1949 398/1950
f 402/1951 398/1952 399/1953
f 403/1954 402/1955 399/1956
f 403/1957 399/1958 404/1959
f 399/1960 400/1961 404/1962
f 404/1963 400/1964 401/1965
f 400/1966 397/1967 401/1968
f 405/1969 401/1970 402/1971
f 406/1972 405/1973 402/1974
f 406/1975 402/1976 403/1977
f 407/1978 406/1979 403/1980
f 407/1981 403/1982 408/1983
f 403/1984 404/1985 408/1986
f 408/1987 404/1988 405/1989
f 404/1990 401/1991 405/1992
f 409/1993 405/1994 406/1995
f 410/1996 409/1997 406/1998
f 410/1999 406/2000 407/2001
f 411/2002 410/2003 407/2004
f 411/2005 407/2006 412/2007
f 407/2008 408/2009 412/2010
f 412/2011 408/2012 409/2013
f 408/2014 405/2015 409/2016
f 417/2017 413/2018 414/2019
f 418/2020 417/2021 414/2022
f 418/2023 414/2024 415/2025
f 419/2026 418/2027 415/2028
f 419/2029 415/2030 420/2031
f 415/2032 416/2033 420/2034
f 420/2035 416/2036 417/2037
f 416/2038 413/2039 417/2040
f 421/2041 417/2042 418/2043
f 422/2044 421/2045 418/2046
f 422/2047 418/2048 419/2049
f 423/2050 422/2051 419/2052
f 423/2053 419/2054 424/2055
f 419/2056 420/2057 424/2058
f 424/2059 420/2060 421/2061
f 420/2062 417/2063 421/2064
f 425/2065 421/2066 422/2067
f 426/2068 425/2069 422/2070
f 426/2071 422/2072 423/2073
f 427/2074 426/2075 423/2076
f 427/2077 423/2078 428/2079
f 423/2080 424/2081 428/2082
f 428/2083 424/2084 425/2085
f 424/2086 421/2087 425/2088
f 433/2089 429/2090 430/2091
f 434/2092 433/2093 430/2094
f 434/2095 430/2096 431/2097
f 435/2098 434/2099 431/2100
f 435/2101 431/2102 436/2103
f 431/2104 432/2105 436/2106
f 436/2107 432/2108 433/2109
f 432/2110 429/2111 433/2112
f 437/2113 433/2114 434/2115
f 438/2116 437/2117 434/2118
f 438/2119 434/2120 435/2121
f 439/2122 438/2123 435/2124
f 439/2125 435/2126 440/2127
f 435/2128 436/2129 440/2130
f 440/2131 436/2132 437/2133
f 436/2134 433/2135 437/2136
f 441/2137 437/2138 438/2139
f 442/2140 441/2141 438/2142
f 442/2143 438/2144 439/2145
f 443/2146 442/2147 439/2148
f 443/2149 439/2150 444/2151
f 439/2152 440/2153 444/2154
f 444/2155 440/2156 441/2157
f 440/2158 437/2159 441/2160
f 449/2161 445/2162 446/2163
f 450/2164 449/2165 446/2166
f 450/2167 446/2168 447/2169
f 451/2170 450/2171 447/2172
f 451/2173 447/2174 452/2175
f 447/2176 448/2177 452/2178
f 452/2179 448/2180 449/2181
f 448/2182 445/2183 449/2184
f 453/2185 449/2186 450/2187
f 454/2188 453/2189 450/2190
f 454/2191 450/2192 451/2193
f 455/2194 454/2195 451/2196
f 455/2197 451/2198 456/2199
f 451/2200 452/2201 456/2202
f 456/2203 452/2204 453/2205
f 452/2206 449/2207 453/2208
f 457/2209 453/2210 454/2211
f 458/2212 457/2213 454/2214
f 458/2215 454/2216 455/2217
f 459/2218 458/2219 455/2220
f 459/2221 455/2222 460/2223
f 455/2224 456/2225 460/2226
f 460/2227 456/2228 457/2229
f 456/2230 453/2231 457/2232
f 465/2233 461/2234 462/2235
f 466/2236 465/2237 462/2238
f 466/2239 462/2240 463/2241
f 467/2242 466/2243 463/2244
f 467/2245 463/2246 468/2247
f 463/2248 464/2249 468/2250
f 468/2251 464/2252 465/2253
f 464/2254 461/2255 465/2256
f 469/2257 465/2258 466/2259
f 470/2260 469/2261 466/2262
f 470/2263 466/2264 467/2265
f 471/2266 470/2267 467/2268
f 471/2269 467/2270 472/2271
f 467/2272 468/2273 472/2274
f 472/2275 468/2276 469/2277
f 468/2278 465/2279 469/2280
f 473/2281 469/2282 470/2283
f 474/2284 473/2285 470/2286
f 474/2287 470/2288 471/2289
f 475/2290 474/2291 471/2292
f 475/2293 471/2294 476/2295
f 471/2296 472/2297 476/2298
f 476/2299 472/2300 473/2301
f 472/2302 469/2303 473/2304
f 481/2305 477/2306 478/2307
f 482/2308 481/2309 478/2310
f 482/2311 478/2312 479/2313
f 483/2314 482/2315 479/2316
f 483/2317 479/2318 484/2319
f 479/2320 480/2321 484/2322
f 484/2323 480/2324 481/2325
f 480/2326 477/2327 481/2328
f 485/2329 481/2330 482/2331
f 486/2332 485/2333 482/2334
f 486/2335 482/2336 483/2337
f 487/2338 486/2339 483/2340
f 487/2341 483/2342 488/2343
f 483/2344 484/2345 488/2346
f 488/2347 484/2348 485/2349
f 484/2350 481/2351 485/2352
f 489/2353 485/2354 486/2355
f 490/2356 489/2357 486/2358
f 490/2359 486/2360 487/2361
f 491/2362 490/2363 487/2364
f 491/2365 487/2366 492/2367
f 487/2368 488/2369 492/2370
f 492/2371 488/2372 489/2373
f 488/2374 485/2375 489/2376
f 497/2377 493/2378 494/2379
f 498/2380 497/2381 494/2382
f 498/2383 494/2384 495/2385
f 499/2386 498/2387 495/2388
f 499/2389 495/2390 500/2391
f 495/2392 496/2393 500/2394
f 500/2395 496/2396 497/2397
f 496/2398 493/2399 497/2400
f 501/2401 497/2402 498/2403
f 502/2404 501/2405 498/2406
f 502/2407 498/2408 499/2409
f 503/2410 502/2411 499/2412
f 503/2413 499/2414 504/2415
f 499/2416 500/2417 504/2418
f 504/2419 500/2420 501/2421
f 500/2422 497/2423 501/2424
f 505/2425 501/2426 502/2427
f 506/2428 505/2429 502/2430
f 506/2431 502/2432 503/2433
f 507/2434 506/2435 503/2436
f 507/2437 503/2438 508/2439
f 503/2440 504/2441 508/2442
f 508/2443 504/2444 505/2445
f 504/2446 501/2447 505/2448
f 513/2449 509/2450 510/2451
f 514/2452 513/2453 510/2454
f 514/2455 510/2456 511/2457
f 515/2458 514/2459 511/2460
f 515/2461 511/2462 516/2463
f 511/2464 512/2465 516/2466
f 516/2467 512/2468 513/2469
f 512/2470 509/2471 513/2472
f 517/2473 513/2474 514/2475
f 518/2476 517/2477 514/2478
f 518/2479 514/2480 515/2481
f 519/2482 518/2483 515/2484
f 519/2485 515/2486 520/2487
f 515/2488 516/2489 520/2490
f 520/2491 516/2492 517/2493
f 516/2494 513/2495 517/2496
f 521/2497 517/2498 518/2499
f 522/2500 521/2501 518/2502
f 522/2503 518/2504 519/2505
f 523/2506 522/2507 519/2508
f 523/2509 519/2510 524/2511
f 519/2512 520/2513 524/2514
f 524/2515 520/2516 521/2517
f 520/2518 517/2519 521/2520
f 529/2521 525/2522 526/2523
f 530/2524 529/2525 526/2526
f 530/2527 526/2528 527/2529
f 531/2530 530/2531 527/2532
f 531/2533 527/2534 532/2535
f 527/2536 528/2537 532/2538
f 532/2539 528/2540 529/2541
f 528/2542 525/2543 529/2544
f 533/2545 529/2546 530/2547
f 534/2548 533/2549 530/2550
f 534/2551 530/2552 531/2553
f 535/2554 534/2555 531/2556
f 535/2557 531/2558 536/2559
f 531/2560 532/2561 536/2562
f 536/2563 532/2564 533/2565
f 532/2566 529/2567 533/2568
f 537/2569 533/2570 534/2571
f 538/2572 537/2573 534/2574
f 538/2575 534/2576 535/2577
f 539/2578 538/2579 535/2580
f 539/2581 535/2582 540/2583
f 535/2584 536/2585 540/2586
f 540/2587 536/2588 537/2589
f 536/2590 533/2591 537/2592
f 545/2593 541/2594 542/2595
f 546/2596 545/2597 542/2598
f 546/2599 542/2600 543/2601
f 547/2602 546/2603 543/2604
f 547/2605 543/2606 548/2607
f 543/2608 544/2609 548/2610
f 548/2611 544/2612 545/2613
f 544/2614 541/2615 545/2616
f 549/2617 545/2618 546/2619
f 550/2620 549/2621 546/2622
f 550/2623 546/2624 547/2625
f 551/2626 550/2627 547/2628
f 551/2629 547/2630 552/2631
f 547/2632 548/2633 552/2634
f 552/2635 548/2636 549/2637
f 548/2638 545/2639 549/2640
f 553/2641 549/2642 550/2643
f 554/2644 553/2645 550/2646
f 554/2647 550/2648 551/2649
f 555/2650 554/2651 551/2652
f 555/2653 551/2654 556/2655
f 551/2656 552/2657 556/2658
f 556/2659 552/2660 553/2661
f 552/2662 549/2663 553/2664
f 561/2665 557/2666 558/2667
f 562/2668 561/2669 558/2670
f 562/2671 558/2672 559/2673
f 563/2674 562/2675 559/2676
f 563/2677 559/2678 564/2679
f 559/2680 560/2681 564/2682
f 564/2683 560/2684 561/2685
f 560/2686 557/2687 561/2688
f 565/2689 561/2690 562/2691
f 566/2692 565/2693 562/2694
f 566/2695 562/2696 563/2697
f 567/2698 566/2699 563/2700
f 567/2701 563/2702 568/2703
f 563/2704 564/2705 568/2706
f 568/2707 564/2708 565/2709
f 564/2710 561/2711 565/2712
f 569/2713 565/2714 566/2715
f 570/2716 569/2717 566/2718
f 570/2719 566/2720 567/2721
f 571/2722 570/2723 567/2724
f 571/2725 567/2726 572/2727
f 567/2728 568/2729 572/2730
f 572/2731 568/2732 569/2733
f 568/2734 565/2735 569/2736
f 577/2737 573/2738 574/2739
f 578/2740 577/2741 574/2742
f 578/2743 574/2744 575/2745
f 579/2746 578/2747 575/2748
f 579/2749 575/2750 576/2751
f 580/2752 579/2753 576/2754
f 580/2755 576/2756 573/2757
f 577/2758 580/2759 573/2760
f 581/2761 577/2762 578/2763
f 582/2764 581/2765 578/2766
f 582/2767 578/2768 579/2769
f 583/2770 582/2771 579/2772
f 583/2773 579/2774 580/2775
f 584/2776 583/2777 580/2778
f 584/2779 580/2780 577/2781
f 581/2782 584/2783 577/2784
f 585/2785 581/2786 582/2787
f 586/2788 585/2789 582/2790
f 586/2791 582/2792 583/2793
f 587/2794 586/2795 583/2796
f 587/2797 583/2798 584/2799
f 588/2800 587/2801 584/2802
f 588/2803 584/2804 581/2805
f 585/2806 588/2807 581/2808
f 589/2809 585/2810 586/2811
f 590/2812 589/2813 586/2814
f 590/2815 586/2816 587/2817
f 591/2818 590/2819 587/2820
f 591/2821 587/2822 588/2823
f 592/2824 591/2825 588/2826
f 592/2827 588/2828 585/2829
f 589/2830 592/2831 585/2832
f 593/2833 589/2834 590/2835
f 594/2836 593/2837 590/2838
f 594/2839 590/2840 591/2841
f 595/2842 594/2843 591/2844
f 595/2845 591/2846 592/2847
f 596/2848 595/2849 592/2850
f 596/2851 592/2852 589/2853
f 593/2854 596/2855 589/2856
f 597/2857 593/2858 594/2859
f 598/2860 597/2861 594/2862
f 598/2863 594/2864 595/2865
f 599/2866 598/2867 595/2868
f 599/2869 595/2870 596/2871
f 600/2872 599/2873 596/2874
f 600/2875 596/2876 593/2877
f 597/2878 600/2879 593/2880
f 601/2881 597/2882 598/2883
f 602/2884 601/2885 598/2886
f 602/2887 598/2888 599/2889
f 603/2890 602/2891 599/2892
f 603/2893 599/2894 600/2895
f 604/2896 603/2897 600/2898
f 604/2899 600/2900 597/2901
f 601/2902 604/2903 597/2904
f 605/2905 601/2906 602/2907
f 606/2908 605/2909 602/2910
f 606/2911 602/2912 603/2913
f 607/2914 606/2915 603/2916
f 607/2917 603/2918 604/2919
f 608/2920 607/2921 604/2922
f 608/2923 604/2924 601/2925
f 605/2926 608/2927 601/2928
f 609/2929 610/2930 613/2931
f 613/2932 610/2933 614/2934
f 610/2935 612/2936 614/2937
f 614/2938 612/2939 616/2940
f 609/2941 613/2942 611/2943
f 613/2944 615/2945 611/2946
f 611/2947 615/2948 612/2949
f 615/2950 616/2951 612/2952
f 613/2953 614/2954 617/2955
f 617/2956 614/2957 618/2958
f 614/2959 616/2960 618/2961
f 618/2962 616/2963 620/2964
f 613/2965 617/2966 615/2967
f 617/2968 619/2969 615/2970
f 615/2971 619/2972 616/2973
f 619/2974 620/2975 616/2976
f 617/2977 618/2978 621/2979
f 621/2980 618/2981 622/2982
f 618/2983 620/2984 622/2985
f 617/2986 621/2987 619/2988
f 621/2989 622/2990 619/2991
f 619/2992 622/2993 620/2994
f 624/2995 623/2996 627/2997
f 624/2998 627/2999 628/3000
f 626/3001 624/3002 628/3003
f 626/3004 628/3005 630/3006
f 625/3007 627/3008 623/3009
f 625/3010 629/3011 627/3012
f 626/3013 629/3014 625/3015
f 626/3016 630/3017 629/3018
f 628/3019 627/3020 631/3021
f 628/3022 631/3023 632/3024
f 630/3025 628/3026 632/3027
f 630/3028 632/3029 634/3030
f 629/3031 631/3032 627/3033
f 629/3034 633/3035 631/3036
f 630/3037 633/3038 629/3039
f 630/3040 634/3041 633/3042
f 632/3043 631/3044 635/3045
f 632/3046 635/3047 636/3048
f 634/3049 632/3050 636/3051
f 633/3052 635/3053 631/3054
f 633/3055 636/3056 635/3057
f 634/3058 636/3059 633/3060
f 637/3061 638/3062 641/3063
f 641/3064 638/3065 642/3066
f 638/3067 640/3068 642/3069
f 642/3070 640/3071 644/3072
f 637/3073 641/3074 639/3075
f 641/3076 643/3077 639/3078
f 639/3079 643/3080 640/3081
f 643/3082 644/3083 640/3084
f 641/3085 642/3086 645/3087
f 645/3088 642/3089 646/3090
f 642/3091 644/3092 646/3093
f 646/3094 644/3095 648/3096
f 641/3097 645/3098 643/3099
f 645/3100 647/3101 643/3102
f 643/3103 647/3104 644/3105
f 647/3106 648/3107 644/3108
f 645/3109 646/3110 649/3111
f 649/3112 646/3113 650/3114
f 646/3115 648/3116 650/3117
f 645/3118 649/3119 647/3120
f 649/3121 650/3122 647/3123
f 647/3124 650/3125 648/3126
f 652/3127 651/3128 655/3129
f 652/3130 655/3131 656/3132
f 654/3133 652/3134 656/3135
f 654/3136 656/3137 658/3138
f 653/3139 655/3140 651/3141
f 653/3142 657/3143 655/3144
f 654/3145 657/3146 653/3147
f 654/3148 658/3149 657/3150
f 656/3151 655/3152 659/3153
f 656/3154 659/3155 660/3156
f 658/3157 656/3158 660/3159
f 658/3160 660/3161 662/3162
f 657/3163 659/3164 655/3165
f 657/3166 661/3167 659/3168
f 658/3169 661/3170 657/3171
f 658/3172 662/3173 661/3174
f 660/3175 659/3176 663/3177
f 660/3178 663/3179 664/3180
f 662/3181 660/3182 664/3183
f 661/3184 663/3185 659/3186
f 661/3187 664/3188 663/3189
f 662/3190 664/3191 661/3192
f 665/3193 666/3194 669/3195
f 669/3196 666/3197 670/3198
f 666/3199 668/3200 670/3201
f 665/3202 669/3203 667/3204
f 669/3205 670/3206 667/3207
f 667/3208 670/3209 668/3210
f 672/3211 671/3212 675/3213
f 672/3214 675/3215 676/3216
f 674/3217 672/3218 676/3219
f 673/3220 675/3221 671/3222
f 673/3223 676/3224 675/3225
f 674/3226 676/3227 673/3228
f 677/3229 678/3230 681/3231
f 681/3232 678/3233 682/3234
f 678/3235 680/3236 682/3237
f 682/3238 680/3239 684/3240
f 677/3241 681/3242 679/3243
f 681/3244 683/3245 679/3246
f 679/3247 683/3248 680/3249
f 683/3250 684/3251 680/3252
f 681/3253 682/3254 685/3255
f 685/3256 682/3257 686/3258
f 682/3259 684/3260 686/3261
f 686/3262 684/3263 688/3264
f 681/3265 685/3266 683/3267
f 685/3268 687/3269 683/3270
f 683/3271 687/3272 684/3273
f 687/3274 688/3275 684/3276
f 685/3277 686/3278 689/3279
f 689/3280 686/3281 690/3282
f 686/3283 688/3284 690/3285
f 685/3286 689/3287 687/3288
f 689/3289 690/3290 687/3291
f 687/3292 690/3293 688/3294
f 692/3295 691/3296 695/3297
f 692/3298 695/3299 696/3300
f 694/3301 692/3302 696/3303
f 694/3304 696/3305 698/3306
f 693/3307 695/3308 691/3309
f 693/3310 697/3311 695/3312
f 694/3313 697/3314 693/3315
f 694/3316 698/3317 697/3318
f 696/3319 695/3320 699/3321
f 696/3322 699/3323 700/3324
f 698/3325 696/3326 700/3327
f 698/3328 700/3329 702/3330
f 697/3331 699/3332 695/3333
f 697/3334 701/3335 699/3336
f 698/3337 701/3338 697/3339
f 698/3340 702/3341 701/3342
f 700/3343 699/3344 703/3345
f 700/3346 703/3347 704/3348
f 702/3349 700/3350 704/3351
f 701/3352 703/3353 699/3354
f 701/3355 704/3356 703/3357
f 702/3358 704/3359 701/3360
f 705/3361 706/3362 709/3363
f 709/3364 706/3365 710/3366
f 706/3367 708/3368 710/3369
f 710/3370 708/3371 712/3372
f 705/3373 709/3374 707/3375
f 709/3376 711/3377 707/3378
f 707/3379 711/3380 708/3381
f 711/3382 712/3383 708/3384
f 709/3385 710/3386 713/3387
f 713/3388 710/3389 714/3390
f 710/3391 712/3392 714/3393
f 714/3394 712/3395 716/3396
f 709/3397 713/3398 711/3399
f 713/3400 715/3401 711/3402
f 711/3403 715/3404 712/3405
f 715/3406 716/3407 712/3408
f 713/3409 714/3410 717/3411
f 717/3412 714/3413 718/3414
f 714/3415 716/3416 718/3417
f 713/3418 717/3419 715/3420
f 717/3421 718/3422 715/3423
f 715/3424 718/3425 716/3426
f 720/3427 719/3428 723/3429
f 720/3430 723/3431 724/3432
f 722/3433 720/3434 724/3435
f 722/3436 724/3437 726/3438
f 721/3439 723/3440 719/3441
f 721/3442 725/3443 723/3444
f 722/3445 725/3446 721/3447
f 722/3448 726/3449 725/3450
f 724/3451 723/3452 727/3453
f 724/3454 727/3455 728/3456
f 726/3457 724/3458 728/3459
f 726/3460 728/3461 730/3462
f 725/3463 727/3464 723/3465
f 725/3466 729/3467 727/3468
f 726/3469 729/3470 725/3471
f 726/3472 730/3473 729/3474
f 728/3475 727/3476 731/3477
f 728/3478 731/3479 732/3480
f 730/3481 728/3482 732/3483
f 729/3484 731/3485 727/3486
f 729/3487 732/3488 731/3489
f 730/3490 732/3491 729/3492
f 733/3493 734/3494 737/3495
f 737/3496 734/3497 738/3498
f 734/3499 736/3500 738/3501
f 738/3502 736/3503 740/3504
f 733/3505 737/3506 735/3507
f 737/3508 739/3509 735/3510
f 735/3511 739/3512 736/3513
f 739/3514 740/3515 736/3516
f 737/3517 738/3518 741/3519
f 741/3520 738/3521 742/3522
f 738/3523 740/3524 742/3525
f 742/3526 740/3527 744/3528
f 737/3529 741/3530 739/3531
f 741/3532 743/3533 739/3534
f 739/3535 743/3536 740/3537
f 743/3538 744/3539 740/3540
f 741/3541 742/3542 745/3543
f 745/3544 742/3545 746/3546
f 742/3547 744/3548 746/3549
f 741/3550 745/3551 743/3552
f 745/3553 746/3554 743/3555
f 743/3556 746/3557 744/3558
f 748/3559 747/3560 751/3561
f 748/3562 751/3563 752/3564
f 750/3565 748/3566 752/3567
f 750/3568 752/3569 754/3570
f 749/3571 751/3572 747/3573
f 749/3574 753/3575 751/3576
f 750/3577 753/3578 749/3579
f 750/3580 754/3581 753/3582
f 752/3583 751/3584 755/3585
f 752/3586 755/3587 756/3588
f 754/3589 752/3590 756/3591
f 754/3592 756/3593 758/3594
f 753/3595 755/3596 751/3597
f 753/3598 757/3599 755/3600
f 754/3601 757/3602 753/3603
f 754/3604 758/3605 757/3606
f 756/3607 755/3608 759/3609
f 756/3610 759/3611 760/3612
f 758/3613 756/3614 760/3615
f 757/3616 759/3617 755/3618
f 757/3619 760/3620 759/3621
f 758/3622 760/3623 757/3624
f 761/3625 762/3626 765/3627
f 765/3628 762/3629 766/3630
f 762/3631 764/3632 766/3633
f 766/3634 764/3635 768/3636
f 761/3637 765/3638 763/3639
f 765/3640 767/3641 763/3642
f 763/3643 767/3644 764/3645
f 767/3646 768/3647 764/3648
f 765/3649 766/3650 769/3651
f 769/3652 766/3653 770/3654
f 766/3655 768/3656 770/3657
f 770/3658 768/3659 772/3660
f 765/3661 769/3662 767/3663
f 769/3664 771/3665 767/3666
f 767/3667 771/3668 768/3669
f 771/3670 772/3671 768/3672
f 769/3673 770/3674 773/3675
f 773/3676 770/3677 774/3678
f 770/3679 772/3680 774/3681
f 769/3682 773/3683 771/3684
f 773/3685 774/3686 771/3687
f 771/3688 774/3689 772/3690
f 776/3691 775/3692 779/3693
f 776/3694 779/3695 780/3696
f 778/3697 776/3698 780/3699
f 778/3700 780/3701 782/3702
f 777/3703 779/3704 775/3705
f 777/3706 781/3707 779/3708
f 778/3709 781/3710 777/3711
f 778/3712 782/3713 781/3714
f 780/3715 779/3716 783/3717
f 780/3718 783/3719 784/3720
f 782/3721 780/3722 784/3723
f 782/3724 784/3725 786/3726
f 781/3727 783/3728 779/3729
f 781/3730 785/3731 783/3732
f 782/3733 785/3734 781/3735
f 782/3736 786/3737 785/3738
f 784/3739 783/3740 787/3741
f 784/3742 787/3743 788/3744
f 786/3745 784/3746 788/3747
f 785/3748 787/3749 783/3750
f 785/3751 788/3752 787/3753
f 786/3754 788/3755 785/3756
f 789/3757 790/3758 793/3759
f 793/3760 790/3761 794/3762
f 790/3763 792/3764 794/3765
f 794/3766 792/3767 796/3768
f 789/3769 793/3770 791/3771
f 793/3772 795/3773 791/3774
f 791/3775 795/3776 792/3777
f 795/3778 796/3779 792/3780
f 793/3781 794/3782 797/3783
f 797/3784 794/3785 798/3786
f 794/3787 796/3788 798/3789
f 798/3790 796/3791 800/3792
f 793/3793 797/3794 795/3795
f 797/3796 799/3797 795/3798
f 795/3799 799/3800 796/3801
f 799/3802 800/3803 796/3804
f 797/3805 798/3806 801/3807
f 801/3808 798/3809 802/3810
f 798/3811 800/3812 802/3813
f 797/3814 801/3815 799/3816
f 801/3817 802/3818 799/3819
f 799/3820 802/3821 800/3822
f 804/3823 803/3824 807/3825
f 804/3826 807/3827 808/3828
f 806/3829 804/3830 808/3831
f 806/3832 808/3833 810/3834
f 805/3835 807/3836 803/3837
f 805/3838 809/3839 807/3840
f 806/3841 809/3842 805/3843
f 806/3844 810/3845 809/3846
f 808/3847 807/3848 811/3849
f 808/3850 811/3851 812/3852
f 810/3853 808/3854 812/3855
f 810/3856 812/3857 814/3858
f 809/3859 811/3860 807/3861
f 809/3862 813/3863 811/3864
f 810/3865 813/3866 809/3867
f 810/3868 814/3869 813/3870
f 812/3871 811/3872 815/3873
f 812/3874 815/3875 816/3876
f 814/3877 812/3878 816/3879
f 813/3880 815/3881 811/3882
f 813/3883 816/3884 815/3885
f 814/3886 816/3887 813/3888
f 817/3889 818/3890 821/3891
f 821/3892 818/3893 822/3894
f 818/3895 820/3896 822/3897
f 822/3898 820/3899 824/3900
f 817/3901 821/3902 819/3903
f 821/3904 823/3905 819/3906
f 819/3907 823/3908 820/3909
f 823/3910 824/3911 820/3912
f 821/3913 822/3914 825/3915
f 825/3916 822/3917 826/3918
f 822/3919 824/3920 826/3921
f 821/3922 825/3923 823/3924
f 825/3925 826/3926 823/3927
f 823/3928 826/3929 824/3930
f 828/3931 827/3932 831/3933
f 828/3934 831/3935 832/3936
f 830/3937 828/3938 832/3939
f 830/3940 832/3941 834/3942
f 829/3943 831/3944 827/3945
f 829/3946 833/3947 831/3948
f 830/3949 833/3950 829/3951
f 830/3952 834/3953 833/3954
f 832/3955 831/3956 835/3957
f 832/3958 835/3959 836/3960
f 834/3961 832/3962 836/3963
f 833/3964 835/3965 831/3966
f 833/3967 836/3968 835/3969
f 834/3970 836/3971 833/3972
f 837/3973 838/3974 841/3975
f 841/3976 838/3977 842/3978
f 838/3979 840/3980 842/3981
f 842/3982 840/3983 844/3984
f 837/3985 841/3986 839/3987
f 841/3988 843/3989 839/3990
f 839/3991 843/3992 840/3993
f 843/3994 844/3995 840/3996
f 841/3997 842/3998 845/3999
f 845/4000 842/4001 846/4002
f 842/4003 844/4004 846/4005
f 841/4006 845/4007 843/4008
f 845/4009 846/4010 843/4011
f 843/4012 846/4013 844/4014
f 848/4015 847/4016 851/4017
f 848/4018 851/4019 852/4020
f 850/4021 848/4022 852/4023
f 850/4024 852/4025 854/4026
f 849/4027 851/4028 847/4029
f 849/4030 853/4031 851/4032
f 850/4033 853/4034 849/4035
f 850/4036 854/4037 853/4038
f 852/4039 851/4040 855/4041
f 852/4042 855/4043 856/4044
f 854/4045 852/4046 856/4047
f 853/4048 855/4049 851/4050
f 853/4051 856/4052 855/4053
f 854/4054 856/4055 853/4056
f 857/4057 858/4058 861/4059
f 861/4060 858/4061 862/4062
f 858/4063 860/4064 862/4065
f 862/4066 860/4067 864/4068
f 857/4069 861/4070 859/4071
f 861/4072 863/4073 859/4074
f 859/4075 863/4076 860/4077
f 863/4078 864/4079 860/4080
f 861/4081 862/4082 865/4083
f 865/4084 862/4085 866/4086
f 862/4087 864/4088 866/4089
f 861/4090 865/4091 863/4092
f 865/4093 866/4094 863/4095
f 863/4096 866/4097 864/4098
f 868/4099 867/4100 871/4101
f 868/4102 871/4103 872/4104
f 870/4105 868/4106 872/4107
f 870/4108 872/4109 874/4110
f 869/4111 871/4112 867/4113
f 869/4114 873/4115 871/4116
f 870/4117 873/4118 869/4119
f 870/4120 874/4121 873/4122
f 872/4123 871/4124 875/4125
f 872/4126 875/4127 876/4128
f 874/4129 872/4130 876/4131
f 873/4132 875/4133 871/4134
f 873/4135 876/4136 875/4137
f 874/4138 876/4139 873/4140
f 877/4141 878/4142 881/4143
f 881/4144 878/4145 882/4146
f 878/4147 880/4148 882/4149
f 877/4150 881/4151 879/4152
f 881/4153 882/4154 879/4155
f 879/4156 882/4157 880/4158
f 884/4159 883/4160 887/4161
f 884/4162 887/4163 888/4164
f 886/4165 884/4166 888/4167
f 885/4168 887/4169 883/4170
f 885/4171 888/4172 887/4173
f 886/4174 888/4175 885/4176
f 889/4177 890/4178 893/4179
f 893/4180 890/4181 894/4182
f 890/4183 892/4184 894/4185
f 889/4186 893/4187 891/4188
f 893/4189 894/4190 891/4191
f 891/4192 894/4193 892/4194
f 896/4195 895/4196 899/4197
f 896/4198 899/4199 900/4200
f 898/4201 896/4202 900/4203
f 897/4204 899/4205 895/4206
f 897/4207 900/4208 899/4209
f 898/4210 900/4211 897/4212
