v -0.17 0 0.07
v -0.17 0 0.07
v -0.17 0 0.07
v -0.17 0 0.07
v -0.17 0 0.07
v -0.17 0 0.07
v -0.21 0 0.11
v -0.21 -0.0433 0.09
v -0.21 -0.0433 0.05
v -0.21 0 0.03
v -0.21 0.0433 0.05
v -0.21 0.0433 0.09
v -0.18 0 0.17
v -0.18 -0.1299 0.12
v -0.18 -0.1299 0.02
v -0.18 0 -0.03
v -0.18 0.1299 0.02
v -0.18 0.1299 0.12
v -0.15 0 0.19
v -0.15 -0.16454 0.13
v -0.15 -0.16454 0.01
v -0.15 0 -0.05
v -0.15 0.16454 0.01
v -0.15 0.16454 0.13
v 0.07 0 0.19
v 0.07 -0.16454 0.13
v 0.07 -0.16454 0.01
v 0.07 0 -0.05
v 0.07 0.16454 0.01
v 0.07 0.16454 0.13
v 0.1 0 0.19
v 0.1 -0.16454 0.13
v 0.1 -0.16454 0.01
v 0.1 0 -0.05
v 0.1 0.16454 0.01
v 0.1 0.16454 0.13
v 0.15 0 0.22
v 0.15 -0.22517 0.145
v 0.15 -0.22517 -0.005
v 0.15 0 -0.08
v 0.15 0.22517 -0.005
v 0.15 0.22517 0.145
v 0.3 0 0.22
v 0.3 -0.22517 0.145
v 0.3 -0.22517 -0.005
v 0.3 0 -0.08
v 0.3 0.22517 -0.005
v 0.3 0.22517 0.145
v 0.6 0 0.22
v 0.6 -0.22517 0.145
v 0.6 -0.22517 -0.005
v 0.6 0 -0.08
v 0.6 0.22517 -0.005
v 0.6 0.22517 0.145
v 0.75 0 0.12
v 0.75 -0.1299 0.095
v 0.75 -0.1299 0.045
v 0.75 0 0.02
v 0.75 0.1299 0.045
v 0.75 0.1299 0.095
v 0.75 0 0.07
v 0.75 0 0.07
v 0.75 0 0.07
v 0.75 0 0.07
v 0.75 0 0.07
v 0.75 0 0.07
v 0.24 0 0.19
v 0.24 0 0.19
v 0.24 0 0.19
v 0.24 0 0.19
v 0.24 0 0.19
v 0.24 0 0.19
v 0.24 0 0.22
v 0.24 -0.13856 0.205
v 0.24 -0.13856 0.175
v 0.24 0 0.16
v 0.24 0.13856 0.175
v 0.24 0.13856 0.205
v 0.28 0 0.25
v 0.28 -0.17321 0.22
v 0.28 -0.17321 0.16
v 0.28 0 0.13
v 0.28 0.17321 0.16
v 0.28 0.17321 0.22
v 0.31 0 0.25
v 0.31 -0.17321 0.22
v 0.31 -0.17321 0.16
v 0.31 0 0.13
v 0.31 0.17321 0.16
v 0.31 0.17321 0.22
v 0.39 0 0.25
v 0.39 -0.17321 0.22
v 0.39 -0.17321 0.16
v 0.39 0 0.13
v 0.39 0.17321 0.16
v 0.39 0.17321 0.22
v 0.57 0 0.25
v 0.57 -0.17321 0.22
v 0.57 -0.17321 0.16
v 0.57 0 0.13
v 0.57 0.17321 0.16
v 0.57 0.17321 0.22
v 0.61 0 0.22
v 0.61 -0.13856 0.205
v 0.61 -0.13856 0.175
v 0.61 0 0.16
v 0.61 0.13856 0.175
v 0.61 0.13856 0.205
v 0.61 0 0.19
v 0.61 0 0.19
v 0.61 0 0.19
v 0.61 0 0.19
v 0.61 0 0.19
v 0.61 0 0.19
v 0.24 0 0.13
v 0.24 0 0.13
v 0.24 0 0.13
v 0.24 0 0.13
v 0.24 0 0.13
v 0.24 0 0.13
v 0.24 0 0.22
v 0.24 -0.13856 0.175
v 0.24 -0.13856 0.085
v 0.24 0 0.04
v 0.24 0.13856 0.085
v 0.24 0.13856 0.175
v 0.28 0 0.19
v 0.28 -0.17321 0.16
v 0.28 -0.17321 0.1
v 0.28 0 0.07
v 0.28 0.17321 0.1
v 0.28 0.17321 0.16
v 0.31 0 0.19
v 0.31 -0.17321 0.16
v 0.31 -0.17321 0.1
v 0.31 0 0.07
v 0.31 0.17321 0.1
v 0.31 0.17321 0.16
v 0.57 0 0.19
v 0.57 -0.17321 0.16
v 0.57 -0.17321 0.1
v 0.57 0 0.07
v 0.57 0.17321 0.1
v 0.57 0.17321 0.16
v 0.61 0 0.22
v 0.61 -0.13856 0.175
v 0.61 -0.13856 0.085
v 0.61 0 0.04
v 0.61 0.13856 0.085
v 0.61 0.13856 0.175
v 0.61 0 0.13
v 0.61 0 0.13
v 0.61 0 0.13
v 0.61 0 0.13
v 0.61 0 0.13
v 0.61 0 0.13
v 0.59 -0.01 0.04
v 0.59 -0.01 0.04
v 0.59 -0.01 0.04
v 0.59 -0.01 0.04
v 0.59 -0.01 0.04
v 0.59 -0.01 0.04
v 0.59 -0.01 0.19
v 0.59 -0.37373 0.115
v 0.59 -0.37373 -0.035
v 0.59 -0.01 -0.11
v 0.59 0.35373 -0.035
v 0.59 0.35373 0.115
v 0.64 -0.01 0.22
v 0.64 -0.39971 0.13
v 0.64 -0.39971 -0.05
v 0.64 -0.01 -0.14
v 0.64 0.37971 -0.05
v 0.64 0.37971 0.13
v 0.67 -0.01 0.22
v 0.67 -0.39971 0.13
v 0.67 -0.39971 -0.05
v 0.67 -0.01 -0.14
v 0.67 0.37971 -0.05
v 0.67 0.37971 0.13
v 0.74 -0.01 0.22
v 0.74 -0.39971 0.13
v 0.74 -0.39971 -0.05
v 0.74 -0.01 -0.14
v 0.74 0.37971 -0.05
v 0.74 0.37971 0.13
v 0.79 -0.01 0.22
v 0.79 -0.39971 0.13
v 0.79 -0.39971 -0.05
v 0.79 -0.01 -0.14
v 0.79 0.37971 -0.05
v 0.79 0.37971 0.13
v 0.89 -0.01 0.17
v 0.89 -0.26981 0.105
v 0.89 -0.26981 -0.025
v 0.89 -0.01 -0.09
v 0.89 0.24981 -0.025
v 0.89 0.24981 0.105
v 0.84 -0.01 0.04
v 0.84 -0.01 0.04
v 0.84 -0.01 0.04
v 0.84 -0.01 0.04
v 0.84 -0.01 0.04
v 0.84 -0.01 0.04
v 0.28 0 0.24
v 0.28 0 0.24
v 0.28 0 0.24
v 0.28 0 0.24
v 0.28 0 0.24
v 0.28 0 0.24
v 0.28 0 0.27
v 0.28 -0.05196 0.255
v 0.28 -0.05196 0.225
v 0.28 0 0.21
v 0.28 0.05196 0.225
v 0.28 0.05196 0.255
v 0.4 0 0.31
v 0.4 -0.09526 0.26
v 0.4 -0.09526 0.16
v 0.4 0 0.11
v 0.4 0.09526 0.16
v 0.4 0.09526 0.26
v 0.55 0 0.31
v 0.55 -0.09526 0.26
v 0.55 -0.09526 0.16
v 0.55 0 0.11
v 0.55 0.09526 0.16
v 0.55 0.09526 0.26
v 0.57 0 0.28
v 0.57 -0.06928 0.245
v 0.57 -0.06928 0.175
v 0.57 0 0.14
v 0.57 0.06928 0.175
v 0.57 0.06928 0.245
v 0.57 0 0.21
v 0.57 0 0.21
v 0.57 0 0.21
v 0.57 0 0.21
v 0.57 0 0.21
v 0.57 0 0.21
v 0.42 0.01 0.21
v 0.42 0.01 0.21
v 0.42 0.01 0.21
v 0.42 0.01 0.21
v 0.42 0.01 0.21
v 0.42 0.01 0.21
v 0.42 0.01 0.308
v 0.42 -0.0792 0.259
v 0.42 -0.0792 0.161
v 0.42 0.01 0.112
v 0.42 0.0992 0.161
v 0.42 0.0992 0.259
v 0.53 0.01 0.308
v 0.53 -0.0792 0.259
v 0.53 -0.0792 0.161
v 0.53 0.01 0.112
v 0.53 0.0992 0.161
v 0.53 0.0992 0.259
v 0.53 0.01 0.21
v 0.53 0.01 0.21
v 0.53 0.01 0.21
v 0.53 0.01 0.21
v 0.53 0.01 0.21
v 0.53 0.01 0.21
v 0.42 -0.01 0.21
v 0.42 -0.01 0.21
v 0.42 -0.01 0.21
v 0.42 -0.01 0.21
v 0.42 -0.01 0.21
v 0.42 -0.01 0.21
v 0.42 -0.01 0.112
v 0.42 0.0792 0.161
v 0.42 0.0792 0.259
v 0.42 -0.01 0.308
v 0.42 -0.0992 0.259
v 0.42 -0.0992 0.161
v 0.53 -0.01 0.112
v 0.53 0.0792 0.161
v 0.53 0.0792 0.259
v 0.53 -0.01 0.308
v 0.53 -0.0992 0.259
v 0.53 -0.0992 0.161
v 0.53 -0.01 0.21
v 0.53 -0.01 0.21
v 0.53 -0.01 0.21
v 0.53 -0.01 0.21
v 0.53 -0.01 0.21
v 0.53 -0.01 0.21
v 0.28 0.15 0.16
v 0.355 0.08938 0.16
v 0.505 0.08938 0.16
v 0.58 0.15 0.16
v 0.505 0.21062 0.16
v 0.355 0.21062 0.16
v 0.28 0.15 0.19
v 0.355 0.08938 0.19
v 0.505 0.08938 0.19
v 0.58 0.15 0.19
v 0.505 0.21062 0.19
v 0.355 0.21062 0.19
v 0.32 0.15 0.19
v 0.375 0.1067 0.19
v 0.485 0.1067 0.19
v 0.54 0.15 0.19
v 0.485 0.1933 0.19
v 0.375 0.1933 0.19
v 0.32 0.15 0.16
v 0.375 0.1067 0.16
v 0.485 0.1067 0.16
v 0.54 0.15 0.16
v 0.485 0.1933 0.16
v 0.375 0.1933 0.16
v 0.28 0.15 0.16
v 0.355 0.08938 0.16
v 0.505 0.08938 0.16
v 0.58 0.15 0.16
v 0.505 0.21062 0.16
v 0.355 0.21062 0.16
v 0.58 -0.15 0.16
v 0.505 -0.08938 0.16
v 0.355 -0.08938 0.16
v 0.28 -0.15 0.16
v 0.355 -0.21062 0.16
v 0.505 -0.21062 0.16
v 0.58 -0.15 0.19
v 0.505 -0.08938 0.19
v 0.355 -0.08938 0.19
v 0.28 -0.15 0.19
v 0.355 -0.21062 0.19
v 0.505 -0.21062 0.19
v 0.54 -0.15 0.19
v 0.485 -0.1067 0.19
v 0.375 -0.1067 0.19
v 0.32 -0.15 0.19
v 0.375 -0.1933 0.19
v 0.485 -0.1933 0.19
v 0.54 -0.15 0.16
v 0.485 -0.1067 0.16
v 0.375 -0.1067 0.16
v 0.32 -0.15 0.16
v 0.375 -0.1933 0.16
v 0.485 -0.1933 0.16
v 0.58 -0.15 0.16
v 0.505 -0.08938 0.16
v 0.355 -0.08938 0.16
v 0.28 -0.15 0.16
v 0.355 -0.21062 0.16
v 0.505 -0.21062 0.16
v 0.68 0.28 0.04
v 0.68 0.28 0.04
v 0.68 0.28 0.04
v 0.68 0.28 0.04
v 0.68 0.28 0.04
v 0.68 0.28 0.04
v 0.68 0.28 0.11
v 0.68 0.1934 0.075
v 0.68 0.1934 0.005
v 0.68 0.28 -0.03
v 0.68 0.3666 0.005
v 0.68 0.3666 0.075
v 0.93 0.28 0.09
v 0.93 0.21938 0.065
v 0.93 0.21938 0.015
v 0.93 0.28 -0.01
v 0.93 0.34062 0.015
v 0.93 0.34062 0.065
v 0.95 0.28 0.08
v 0.95 0.23237 0.06
v 0.95 0.23237 0.02
v 0.95 0.28 0
v 0.95 0.32763 0.02
v 0.95 0.32763 0.06
v 0.88 0.28 0.04
v 0.88 0.28 0.04
v 0.88 0.28 0.04
v 0.88 0.28 0.04
v 0.88 0.28 0.04
v 0.88 0.28 0.04
v 0.68 -0.28 0.04
v 0.68 -0.28 0.04
v 0.68 -0.28 0.04
v 0.68 -0.28 0.04
v 0.68 -0.28 0.04
v 0.68 -0.28 0.04
v 0.68 -0.28 -0.03
v 0.68 -0.1934 0.005
v 0.68 -0.1934 0.075
v 0.68 -0.28 0.11
v 0.68 -0.3666 0.075
v 0.68 -0.3666 0.005
v 0.93 -0.28 -0.01
v 0.93 -0.21938 0.015
v 0.93 -0.21938 0.065
v 0.93 -0.28 0.09
v 0.93 -0.34062 0.065
v 0.93 -0.34062 0.015
v 0.95 -0.28 0
v 0.95 -0.23237 0.02
v 0.95 -0.23237 0.06
v 0.95 -0.28 0.08
v 0.95 -0.32763 0.06
v 0.95 -0.32763 0.02
v 0.88 -0.28 0.04
v 0.88 -0.28 0.04
v 0.88 -0.28 0.04
v 0.88 -0.28 0.04
v 0.88 -0.28 0.04
v 0.88 -0.28 0.04
v 0.55 0.11 0.11
v 0.55 0.00608 0.075
v 0.55 0.00608 0.005
v 0.55 0.11 -0.03
v 0.55 0.21392 0.005
v 0.55 0.21392 0.075
v 0.9 0.11 0.11
v 0.9 0.00608 0.075
v 0.9 0.00608 0.005
v 0.9 0.11 -0.03
v 0.9 0.21392 0.005
v 0.9 0.21392 0.075
v 0.95 0.11 0.09
v 0.95 0.01474 0.065
v 0.95 0.01474 0.015
v 0.95 0.11 -0.01
v 0.95 0.20526 0.015
v 0.95 0.20526 0.065
v 0.97 0.11 0.08
v 0.97 0.04072 0.06
v 0.97 0.04072 0.02
v 0.97 0.11 0
v 0.97 0.17928 0.02
v 0.97 0.17928 0.06
v 0.9 0.11 0.04
v 0.9 0.11 0.04
v 0.9 0.11 0.04
v 0.9 0.11 0.04
v 0.9 0.11 0.04
v 0.9 0.11 0.04
v 0.55 -0.11 -0.03
v 0.55 -0.00608 0.005
v 0.55 -0.00608 0.075
v 0.55 -0.11 0.11
v 0.55 -0.21392 0.075
v 0.55 -0.21392 0.005
v 0.9 -0.11 -0.03
v 0.9 -0.00608 0.005
v 0.9 -0.00608 0.075
v 0.9 -0.11 0.11
v 0.9 -0.21392 0.075
v 0.9 -0.21392 0.005
v 0.95 -0.11 -0.01
v 0.95 -0.01474 0.015
v 0.95 -0.01474 0.065
v 0.95 -0.11 0.09
v 0.95 -0.20526 0.065
v 0.95 -0.20526 0.015
v 0.97 -0.11 0
v 0.97 -0.04072 0.02
v 0.97 -0.04072 0.06
v 0.97 -0.11 0.08
v 0.97 -0.17928 0.06
v 0.97 -0.17928 0.02
v 0.9 -0.11 0.04
v 0.9 -0.11 0.04
v 0.9 -0.11 0.04
v 0.9 -0.11 0.04
v 0.9 -0.11 0.04
v 0.9 -0.11 0.04
v -0.55 0.19 0.165
v -0.55 0.19 0.165
v -0.55 0.19 0.165
v -0.55 0.19 0.165
v -0.55 0.19 0.165
v -0.55 0.19 0.165
v -0.55 0.19 0.195
v -0.55 0.1467 0.18
v -0.55 0.1467 0.15
v -0.55 0.19 0.135
v -0.55 0.2333 0.15
v -0.55 0.2333 0.18
v -0.4 0.19 0.18
v -0.4 0.1467 0.155
v -0.4 0.1467 0.105
v -0.4 0.19 0.08
v -0.4 0.2333 0.105
v -0.4 0.2333 0.155
v 0.15 0.19 0.15
v 0.15 0.1467 0.125
v 0.15 0.1467 0.075
v 0.15 0.19 0.05
v 0.15 0.2333 0.075
v 0.15 0.2333 0.125
v 0.3 0.19 0.12
v 0.3 0.12072 0.095
v 0.3 0.12072 0.045
v 0.3 0.19 0.02
v 0.3 0.25928 0.045
v 0.3 0.25928 0.095
v 0.45 0.21 0.09
v 0.45 0.1234 0.065
v 0.45 0.1234 0.015
v 0.45 0.21 -0.01
v 0.45 0.2966 0.015
v 0.45 0.2966 0.065
v 0.65 0.26 0.05
v 0.65 0.14742 0.025
v 0.65 0.14742 -0.025
v 0.65 0.26 -0.05
v 0.65 0.37258 -0.025
v 0.65 0.37258 0.025
v 0.65 0.26 0
v 0.65 0.26 0
v 0.65 0.26 0
v 0.65 0.26 0
v 0.65 0.26 0
v 0.65 0.26 0
v -0.55 -0.19 0.165
v -0.55 -0.19 0.165
v -0.55 -0.19 0.165
v -0.55 -0.19 0.165
v -0.55 -0.19 0.165
v -0.55 -0.19 0.165
v -0.55 -0.19 0.135
v -0.55 -0.1467 0.15
v -0.55 -0.1467 0.18
v -0.55 -0.19 0.195
v -0.55 -0.2333 0.18
v -0.55 -0.2333 0.15
v -0.4 -0.19 0.08
v -0.4 -0.1467 0.105
v -0.4 -0.1467 0.155
v -0.4 -0.19 0.18
v -0.4 -0.2333 0.155
v -0.4 -0.2333 0.105
v 0.15 -0.19 0.05
v 0.15 -0.1467 0.075
v 0.15 -0.1467 0.125
v 0.15 -0.19 0.15
v 0.15 -0.2333 0.125
v 0.15 -0.2333 0.075
v 0.3 -0.19 0.02
v 0.3 -0.12072 0.045
v 0.3 -0.12072 0.095
v 0.3 -0.19 0.12
v 0.3 -0.25928 0.095
v 0.3 -0.25928 0.045
v 0.45 -0.21 -0.01
v 0.45 -0.1234 0.015
v 0.45 -0.1234 0.065
v 0.45 -0.21 0.09
v 0.45 -0.2966 0.065
v 0.45 -0.2966 0.015
v 0.65 -0.26 -0.05
v 0.65 -0.14742 -0.025
v 0.65 -0.14742 0.025
v 0.65 -0.26 0.05
v 0.65 -0.37258 0.025
v 0.65 -0.37258 -0.025
v 0.65 -0.26 0
v 0.65 -0.26 0
v 0.65 -0.26 0
v 0.65 -0.26 0
v 0.65 -0.26 0
v 0.65 -0.26 0
v 0.26 0.545 -0.03
v 0.26 0.545 -0.03
v 0.26 0.545 -0.03
v 0.26 0.545 -0.03
v 0.26 0.545 -0.03
v 0.26 0.545 -0.03
v 0.23 0.545 -0.01
v 0.23 0.52768 -0.02
v 0.23 0.52768 -0.04
v 0.23 0.545 -0.05
v 0.23 0.56232 -0.04
v 0.23 0.56232 -0.02
v 0.26 0.545 0
v 0.26 0.51902 -0.015
v 0.26 0.51902 -0.045
v 0.26 0.545 -0.06
v 0.26 0.57098 -0.045
v 0.26 0.57098 -0.015
v 0.56 0.545 0
v 0.56 0.51902 -0.015
v 0.56 0.51902 -0.045
v 0.56 0.545 -0.06
v 0.56 0.57098 -0.045
v 0.56 0.57098 -0.015
v 0.56 0.545 -0.03
v 0.56 0.545 -0.03
v 0.56 0.545 -0.03
v 0.56 0.545 -0.03
v 0.56 0.545 -0.03
v 0.56 0.545 -0.03
v 0.26 -0.545 -0.03
v 0.26 -0.545 -0.03
v 0.26 -0.545 -0.03
v 0.26 -0.545 -0.03
v 0.26 -0.545 -0.03
v 0.26 -0.545 -0.03
v 0.23 -0.545 -0.05
v 0.23 -0.52768 -0.04
v 0.23 -0.52768 -0.02
v 0.23 -0.545 -0.01
v 0.23 -0.56232 -0.02
v 0.23 -0.56232 -0.04
v 0.26 -0.545 -0.06
v 0.26 -0.51902 -0.045
v 0.26 -0.51902 -0.015
v 0.26 -0.545 0
v 0.26 -0.57098 -0.015
v 0.26 -0.57098 -0.045
v 0.56 -0.545 -0.06
v 0.56 -0.51902 -0.045
v 0.56 -0.51902 -0.015
v 0.56 -0.545 0
v 0.56 -0.57098 -0.015
v 0.56 -0.57098 -0.045
v 0.56 -0.545 -0.03
v 0.56 -0.545 -0.03
v 0.56 -0.545 -0.03
v 0.56 -0.545 -0.03
v 0.56 -0.545 -0.03
v 0.56 -0.545 -0.03
v -0.99 0.135 0.22354
v -0.99 0.135 0.21646
v -0.99 0.135 0.21646
v -0.99 0.135 0.22354
v -0.96 0.13464 0.22354
v -0.96 0.13464 0.21646
v -0.96 0.20536 0.21646
v -0.96 0.20536 0.22354
v -0.95 0.13464 0.22354
v -0.95 0.13464 0.21646
v -0.95 0.20536 0.21646
v -0.95 0.20536 0.22354
v -0.69 0.13464 0.23061
v -0.69 0.13464 0.20939
v -0.69 0.20536 0.20939
v -0.69 0.20536 0.23061
v -0.64 0.13464 0.23061
v -0.64 0.13464 0.20939
v -0.64 0.20536 0.20939
v -0.64 0.20536 0.23061
v -0.61 0.13464 0.23061
v -0.61 0.13464 0.20939
v -0.61 0.20536 0.20939
v -0.61 0.20536 0.23061
v -0.61 0.17 0.22
v -0.61 0.17 0.22
v -0.61 0.17 0.22
v -0.61 0.17 0.22
v -0.99 -0.135 0.21646
v -0.99 -0.135 0.22354
v -0.99 -0.135 0.22354
v -0.99 -0.135 0.21646
v -0.96 -0.13464 0.21646
v -0.96 -0.13464 0.22354
v -0.96 -0.20536 0.22354
v -0.96 -0.20536 0.21646
v -0.95 -0.13464 0.21646
v -0.95 -0.13464 0.22354
v -0.95 -0.20536 0.22354
v -0.95 -0.20536 0.21646
v -0.69 -0.13464 0.20939
v -0.69 -0.13464 0.23061
v -0.69 -0.20536 0.23061
v -0.69 -0.20536 0.20939
v -0.64 -0.13464 0.20939
v -0.64 -0.13464 0.23061
v -0.64 -0.20536 0.23061
v -0.64 -0.20536 0.20939
v -0.61 -0.13464 0.20939
v -0.61 -0.13464 0.23061
v -0.61 -0.20536 0.23061
v -0.61 -0.20536 0.20939
v -0.61 -0.17 0.22
v -0.61 -0.17 0.22
v -0.61 -0.17 0.22
v -0.61 -0.17 0.22
v -1.05 0.12 0.19095
v -1.05 0.12 0.18105
v -1.05 0.12 0.18105
v -1.05 0.12 0.19095
v -1 0.1205 0.19095
v -1 0.1205 0.18105
v -1 0.2195 0.18105
v -1 0.2195 0.19095
v -0.9 0.1205 0.19095
v -0.9 0.1205 0.18105
v -0.9 0.2195 0.18105
v -0.9 0.2195 0.19095
v -0.9 0.17 0.186
v -0.9 0.17 0.186
v -0.9 0.17 0.186
v -0.9 0.17 0.186
v -1.05 -0.12 0.18105
v -1.05 -0.12 0.19095
v -1.05 -0.12 0.19095
v -1.05 -0.12 0.18105
v -1 -0.1205 0.18105
v -1 -0.1205 0.19095
v -1 -0.2195 0.19095
v -1 -0.2195 0.18105
v -0.9 -0.1205 0.18105
v -0.9 -0.1205 0.19095
v -0.9 -0.2195 0.19095
v -0.9 -0.2195 0.18105
v -0.9 -0.17 0.186
v -0.9 -0.17 0.186
v -0.9 -0.17 0.186
v -0.9 -0.17 0.186
v -0.73 0.165 0.19
v -0.73 0.165 0.19
v -0.73 0.165 0.19
v -0.73 0.165 0.19
v -0.73 0.165 0.19
v -0.73 0.165 0.19
v -0.68 0.165 0.21
v -0.68 0.19098 0.2
v -0.68 0.19098 0.18
v -0.68 0.165 0.17
v -0.68 0.13902 0.18
v -0.68 0.13902 0.2
v -0.88 0.165 0.21
v -0.88 0.19098 0.2
v -0.88 0.19098 0.18
v -0.88 0.165 0.17
v -0.88 0.13902 0.18
v -0.88 0.13902 0.2
v -1.01 0.165 0.2
v -1.01 0.18232 0.195
v -1.01 0.18232 0.185
v -1.01 0.165 0.18
v -1.01 0.14768 0.185
v -1.01 0.14768 0.195
v -0.98 0.165 0.19
v -0.98 0.165 0.19
v -0.98 0.165 0.19
v -0.98 0.165 0.19
v -0.98 0.165 0.19
v -0.98 0.165 0.19
v -0.73 -0.165 0.19
v -0.73 -0.165 0.19
v -0.73 -0.165 0.19
v -0.73 -0.165 0.19
v -0.73 -0.165 0.19
v -0.73 -0.165 0.19
v -0.68 -0.165 0.17
v -0.68 -0.19098 0.18
v -0.68 -0.19098 0.2
v -0.68 -0.165 0.21
v -0.68 -0.13902 0.2
v -0.68 -0.13902 0.18
v -0.88 -0.165 0.17
v -0.88 -0.19098 0.18
v -0.88 -0.19098 0.2
v -0.88 -0.165 0.21
v -0.88 -0.13902 0.2
v -0.88 -0.13902 0.18
v -1.01 -0.165 0.18
v -1.01 -0.18232 0.185
v -1.01 -0.18232 0.195
v -1.01 -0.165 0.2
v -1.01 -0.14768 0.195
v -1.01 -0.14768 0.185
v -0.98 -0.165 0.19
v -0.98 -0.165 0.19
v -0.98 -0.165 0.19
v -0.98 -0.165 0.19
v -0.98 -0.165 0.19
v -0.98 -0.165 0.19
v 0.6 0 0.12
v 0.61719 -0.0529 0.12
v 0.66219 -0.0856 0.12
v 0.71781 -0.0856 0.12
v 0.76281 -0.0529 0.12
v 0.78 0 0.12
v 0.76281 0.0529 0.12
v 0.71781 0.0856 0.12
v 0.66219 0.0856 0.12
v 0.61719 0.0529 0.12
v 0.6 0 0.225
v 0.61719 -0.0529 0.225
v 0.66219 -0.0856 0.225
v 0.71781 -0.0856 0.225
v 0.76281 -0.0529 0.225
v 0.78 0 0.225
v 0.76281 0.0529 0.225
v 0.71781 0.0856 0.225
v 0.66219 0.0856 0.225
v 0.61719 0.0529 0.225
v 0.615 0 0.23
v 0.62932 -0.04408 0.23
v 0.66682 -0.07133 0.23
v 0.71318 -0.07133 0.23
v 0.75068 -0.04408 0.23
v 0.765 0 0.23
v 0.75068 0.04408 0.23
v 0.71318 0.07133 0.23
v 0.66682 0.07133 0.23
v 0.62932 0.04408 0.23
v 0.65 0 0.22
v 0.65764 -0.02351 0.22
v 0.67764 -0.03804 0.22
v 0.70236 -0.03804 0.22
v 0.72236 -0.02351 0.22
v 0.73 0 0.22
v 0.72236 0.02351 0.22
v 0.70236 0.03804 0.22
v 0.67764 0.03804 0.22
v 0.65764 0.02351 0.22
v 0.675 0 0.23
v 0.67786 -0.00882 0.23
v 0.68536 -0.01427 0.23
v 0.69464 -0.01427 0.23
v 0.70214 -0.00882 0.23
v 0.705 0 0.23
v 0.70214 0.00882 0.23
v 0.69464 0.01427 0.23
v 0.68536 0.01427 0.23
v 0.67786 0.00882 0.23
v 0.69 0 0.23
v 0.69 0 0.23
v 0.69 0 0.23
v 0.69 0 0.23
v 0.69 0 0.23
v 0.69 0 0.23
v 0.69 0 0.23
v 0.69 0 0.23
v 0.69 0 0.23
v 0.69 0 0.23
v 0.59 0.01 0.04
v 0.59 0.01 0.04
v 0.59 0.01 0.04
v 0.59 0.01 0.04
v 0.59 0.01 0.04
v 0.59 0.01 0.04
v 0.59 0.01 0.19
v 0.59 -0.35373 0.115
v 0.59 -0.35373 -0.035
v 0.59 0.01 -0.11
v 0.59 0.37373 -0.035
v 0.59 0.37373 0.115
v 0.64 0.01 0.22
v 0.64 -0.37971 0.13
v 0.64 -0.37971 -0.05
v 0.64 0.01 -0.14
v 0.64 0.39971 -0.05
v 0.64 0.39971 0.13
v 0.67 0.01 0.22
v 0.67 -0.37971 0.13
v 0.67 -0.37971 -0.05
v 0.67 0.01 -0.14
v 0.67 0.39971 -0.05
v 0.67 0.39971 0.13
v 0.74 0.01 0.22
v 0.74 -0.37971 0.13
v 0.74 -0.37971 -0.05
v 0.74 0.01 -0.14
v 0.74 0.39971 -0.05
v 0.74 0.39971 0.13
v 0.79 0.01 0.22
v 0.79 -0.37971 0.13
v 0.79 -0.37971 -0.05
v 0.79 0.01 -0.14
v 0.79 0.39971 -0.05
v 0.79 0.39971 0.13
v 0.89 0.01 0.17
v 0.89 -0.24981 0.105
v 0.89 -0.24981 -0.025
v 0.89 0.01 -0.09
v 0.89 0.26981 -0.025
v 0.89 0.26981 0.105
v 0.84 0.01 0.04
v 0.84 0.01 0.04
v 0.84 0.01 0.04
v 0.84 0.01 0.04
v 0.84 0.01 0.04
v 0.84 0.01 0.04
v 0.29 0.41 -0.03
v 0.315 0.36817 -0.01879
v 0.365 0.36817 -0.01879
v 0.39 0.41 -0.03
v 0.365 0.45183 -0.04121
v 0.315 0.45183 -0.04121
v 0.29 0.43718 0.07142
v 0.315 0.39535 0.08263
v 0.365 0.39535 0.08263
v 0.39 0.43718 0.07142
v 0.365 0.479 0.06022
v 0.315 0.479 0.06022
v 0.3 0.43847 0.07625
v 0.32 0.40501 0.08522
v 0.36 0.40501 0.08522
v 0.38 0.43847 0.07625
v 0.36 0.47193 0.06729
v 0.32 0.47193 0.06729
v 0.31 0.43588 0.06659
v 0.325 0.41079 0.07332
v 0.355 0.41079 0.07332
v 0.37 0.43588 0.06659
v 0.355 0.46098 0.05987
v 0.325 0.46098 0.05987
v 0.325 0.43847 0.07625
v 0.3325 0.42592 0.07961
v 0.3475 0.42592 0.07961
v 0.355 0.43847 0.07625
v 0.3475 0.45102 0.07289
v 0.3325 0.45102 0.07289
v 0.34 0.43847 0.07625
v 0.34 0.43847 0.07625
v 0.34 0.43847 0.07625
v 0.34 0.43847 0.07625
v 0.34 0.43847 0.07625
v 0.34 0.43847 0.07625
v 0.39 -0.41 -0.03
v 0.365 -0.36817 -0.01879
v 0.315 -0.36817 -0.01879
v 0.29 -0.41 -0.03
v 0.315 -0.45183 -0.04121
v 0.365 -0.45183 -0.04121
v 0.39 -0.43718 0.07142
v 0.365 -0.39535 0.08263
v 0.315 -0.39535 0.08263
v 0.29 -0.43718 0.07142
v 0.315 -0.479 0.06022
v 0.365 -0.479 0.06022
v 0.38 -0.43847 0.07625
v 0.36 -0.40501 0.08522
v 0.32 -0.40501 0.08522
v 0.3 -0.43847 0.07625
v 0.32 -0.47193 0.06729
v 0.36 -0.47193 0.06729
v 0.37 -0.43588 0.06659
v 0.355 -0.41079 0.07332
v 0.325 -0.41079 0.07332
v 0.31 -0.43588 0.06659
v 0.325 -0.46098 0.05987
v 0.355 -0.46098 0.05987
v 0.355 -0.43847 0.07625
v 0.3475 -0.42592 0.07961
v 0.3325 -0.42592 0.07961
v 0.325 -0.43847 0.07625
v 0.3325 -0.45102 0.07289
v 0.3475 -0.45102 0.07289
v 0.34 -0.43847 0.07625
v 0.34 -0.43847 0.07625
v 0.34 -0.43847 0.07625
v 0.34 -0.43847 0.07625
v 0.34 -0.43847 0.07625
v 0.34 -0.43847 0.07625
v 0.4 0.41 -0.02
v 0.425 0.36817 -0.00879
v 0.475 0.36817 -0.00879
v 0.5 0.41 -0.02
v 0.475 0.45183 -0.03121
v 0.425 0.45183 -0.03121
v 0.4 0.43718 0.08142
v 0.425 0.39535 0.09263
v 0.475 0.39535 0.09263
v 0.5 0.43718 0.08142
v 0.475 0.479 0.07022
v 0.425 0.479 0.07022
v 0.41 0.43847 0.08625
v 0.43 0.40501 0.09522
v 0.47 0.40501 0.09522
v 0.49 0.43847 0.08625
v 0.47 0.47193 0.07729
v 0.43 0.47193 0.07729
v 0.42 0.43588 0.07659
v 0.435 0.41079 0.08332
v 0.465 0.41079 0.08332
v 0.48 0.43588 0.07659
v 0.465 0.46098 0.06987
v 0.435 0.46098 0.06987
v 0.435 0.43847 0.08625
v 0.4425 0.42592 0.08961
v 0.4575 0.42592 0.08961
v 0.465 0.43847 0.08625
v 0.4575 0.45102 0.08289
v 0.4425 0.45102 0.08289
v 0.45 0.43847 0.08625
v 0.45 0.43847 0.08625
v 0.45 0.43847 0.08625
v 0.45 0.43847 0.08625
v 0.45 0.43847 0.08625
v 0.45 0.43847 0.08625
v 0.5 -0.41 -0.02
v 0.475 -0.36817 -0.00879
v 0.425 -0.36817 -0.00879
v 0.4 -0.41 -0.02
v 0.425 -0.45183 -0.03121
v 0.475 -0.45183 -0.03121
v 0.5 -0.43718 0.08142
v 0.475 -0.39535 0.09263
v 0.425 -0.39535 0.09263
v 0.4 -0.43718 0.08142
v 0.425 -0.479 0.07022
v 0.475 -0.479 0.07022
v 0.49 -0.43847 0.08625
v 0.47 -0.40501 0.09522
v 0.43 -0.40501 0.09522
v 0.41 -0.43847 0.08625
v 0.43 -0.47193 0.07729
v 0.47 -0.47193 0.07729
v 0.48 -0.43588 0.07659
v 0.465 -0.41079 0.08332
v 0.435 -0.41079 0.08332
v 0.42 -0.43588 0.07659
v 0.435 -0.46098 0.06987
v 0.465 -0.46098 0.06987
v 0.465 -0.43847 0.08625
v 0.4575 -0.42592 0.08961
v 0.4425 -0.42592 0.08961
v 0.435 -0.43847 0.08625
v 0.4425 -0.45102 0.08289
v 0.4575 -0.45102 0.08289
v 0.45 -0.43847 0.08625
v 0.45 -0.43847 0.08625
v 0.45 -0.43847 0.08625
v 0.45 -0.43847 0.08625
v 0.45 -0.43847 0.08625
v 0.45 -0.43847 0.08625
v -0.13 0 0.09
v -0.13 -0.34641 0.04
v -0.13 -0.34641 -0.06
v -0.13 0 -0.11
v -0.13 0.34641 -0.06
v -0.13 0.34641 0.04
v -0.07 0 0.09
v -0.07 -0.34641 0.04
v -0.07 -0.34641 -0.06
v -0.07 0 -0.11
v -0.07 0.34641 -0.06
v -0.07 0.34641 0.04
v -0.07 0 0.05
v -0.07 -0.31177 0.02
v -0.07 -0.31177 -0.04
v -0.07 0 -0.07
v -0.07 0.31177 -0.04
v -0.07 0.31177 0.02
v -0.13 0 0.05
v -0.13 -0.31177 0.02
v -0.13 -0.31177 -0.04
v -0.13 0 -0.07
v -0.13 0.31177 -0.04
v -0.13 0.31177 0.02
v -0.13 0 0.09
v -0.13 -0.34641 0.04
v -0.13 -0.34641 -0.06
v -0.13 0 -0.11
v -0.13 0.34641 -0.06
v -0.13 0.34641 0.04
v -0.03 0 0.09
v -0.03 -0.34641 0.04
v -0.03 -0.34641 -0.06
v -0.03 0 -0.11
v -0.03 0.34641 -0.06
v -0.03 0.34641 0.04
v 0.03 0 0.09
v 0.03 -0.34641 0.04
v 0.03 -0.34641 -0.06
v 0.03 0 -0.11
v 0.03 0.34641 -0.06
v 0.03 0.34641 0.04
v 0.03 0 0.05
v 0.03 -0.31177 0.02
v 0.03 -0.31177 -0.04
v 0.03 0 -0.07
v 0.03 0.31177 -0.04
v 0.03 0.31177 0.02
v -0.03 0 0.05
v -0.03 -0.31177 0.02
v -0.03 -0.31177 -0.04
v -0.03 0 -0.07
v -0.03 0.31177 -0.04
v -0.03 0.31177 0.02
v -0.03 0 0.09
v -0.03 -0.34641 0.04
v -0.03 -0.34641 -0.06
v -0.03 0 -0.11
v -0.03 0.34641 -0.06
v -0.03 0.34641 0.04
v 0.07 0 0.09
v 0.07 -0.34641 0.04
v 0.07 -0.34641 -0.06
v 0.07 0 -0.11
v 0.07 0.34641 -0.06
v 0.07 0.34641 0.04
v 0.13 0 0.09
v 0.13 -0.34641 0.04
v 0.13 -0.34641 -0.06
v 0.13 0 -0.11
v 0.13 0.34641 -0.06
v 0.13 0.34641 0.04
v 0.13 0 0.05
v 0.13 -0.31177 0.02
v 0.13 -0.31177 -0.04
v 0.13 0 -0.07
v 0.13 0.31177 -0.04
v 0.13 0.31177 0.02
v 0.07 0 0.05
v 0.07 -0.31177 0.02
v 0.07 -0.31177 -0.04
v 0.07 0 -0.07
v 0.07 0.31177 -0.04
v 0.07 0.31177 0.02
v 0.07 0 0.09
v 0.07 -0.34641 0.04
v 0.07 -0.34641 -0.06
v 0.07 0 -0.11
v 0.07 0.34641 -0.06
v 0.07 0.34641 0.04
v 0.17 0 0.09
v 0.17 -0.34641 0.04
v 0.17 -0.34641 -0.06
v 0.17 0 -0.11
v 0.17 0.34641 -0.06
v 0.17 0.34641 0.04
v 0.23 0 0.09
v 0.23 -0.34641 0.04
v 0.23 -0.34641 -0.06
v 0.23 0 -0.11
v 0.23 0.34641 -0.06
v 0.23 0.34641 0.04
v 0.23 0 0.05
v 0.23 -0.31177 0.02
v 0.23 -0.31177 -0.04
v 0.23 0 -0.07
v 0.23 0.31177 -0.04
v 0.23 0.31177 0.02
v 0.17 0 0.05
v 0.17 -0.31177 0.02
v 0.17 -0.31177 -0.04
v 0.17 0 -0.07
v 0.17 0.31177 -0.04
v 0.17 0.31177 0.02
v 0.17 0 0.09
v 0.17 -0.34641 0.04
v 0.17 -0.34641 -0.06
v 0.17 0 -0.11
v 0.17 0.34641 -0.06
v 0.17 0.34641 0.04
v 0.45 0.43 0.07
v 0.45 0.40402 0.06
v 0.45 0.40402 0.04
v 0.45 0.43 0.03
v 0.45 0.45598 0.04
v 0.45 0.45598 0.06
v 0.55 0.43 0.08
v 0.55 0.40402 0.065
v 0.55 0.40402 0.035
v 0.55 0.43 0.02
v 0.55 0.45598 0.035
v 0.55 0.45598 0.065
v 0.7 0.28 0.03
v 0.7 0.25402 0.02
v 0.7 0.25402 0
v 0.7 0.28 -0.01
v 0.7 0.30598 0
v 0.7 0.30598 0.02
v 0.45 -0.43 0.03
v 0.45 -0.40402 0.04
v 0.45 -0.40402 0.06
v 0.45 -0.43 0.07
v 0.45 -0.45598 0.06
v 0.45 -0.45598 0.04
v 0.55 -0.43 0.02
v 0.55 -0.40402 0.035
v 0.55 -0.40402 0.065
v 0.55 -0.43 0.08
v 0.55 -0.45598 0.065
v 0.55 -0.45598 0.035
v 0.7 -0.28 -0.01
v 0.7 -0.25402 0
v 0.7 -0.25402 0.02
v 0.7 -0.28 0.03
v 0.7 -0.30598 0.02
v 0.7 -0.30598 0
v -0.14 -0.02 0.1
v -0.14 -0.02 0.1
v -0.14 -0.02 0.1
v -0.14 -0.02 0.1
v -0.14 -0.02 0.2
v -0.14 -0.1499 0.15
v -0.14 -0.1499 0.05
v -0.14 -0.02 0
v 0.047 -0.02 0.2
v 0.047 -0.1499 0.15
v 0.047 -0.1499 0.05
v 0.047 -0.02 0
v 0.06 -0.02 0.2
v 0.06 -0.1499 0.15
v 0.06 -0.1499 0.05
v 0.06 -0.02 0
v 0.06 -0.02 0.1
v 0.06 -0.02 0.1
v 0.06 -0.02 0.1
v 0.06 -0.02 0.1
v -0.14 0.02 0.1
v -0.14 0.02 0.1
v -0.14 0.02 0.1
v -0.14 0.02 0.1
v -0.14 0.02 0
v -0.14 0.1499 0.05
v -0.14 0.1499 0.15
v -0.14 0.02 0.2
v 0.047 0.02 0
v 0.047 0.1499 0.05
v 0.047 0.1499 0.15
v 0.047 0.02 0.2
v 0.06 0.02 0
v 0.06 0.1499 0.05
v 0.06 0.1499 0.15
v 0.06 0.02 0.2
v 0.06 0.02 0.1
v 0.06 0.02 0.1
v 0.06 0.02 0.1
v 0.06 0.02 0.1
v -0.03 0 0.12
v -0.03 0 0.12
v -0.03 0 0.12
v -0.03 0 0.12
v -0.03 0 0.12
v -0.03 0 0.12
v -0.03 0 0.22
v -0.03 -0.1299 0.17
v -0.03 -0.1299 0.07
v -0.03 0 0.02
v -0.03 0.1299 0.07
v -0.03 0.1299 0.17
v -0.02 0 0.22
v -0.02 -0.1299 0.17
v -0.02 -0.1299 0.07
v -0.02 0 0.02
v -0.02 0.1299 0.07
v -0.02 0.1299 0.17
v 0.02 0 0.22
v 0.02 -0.1299 0.17
v 0.02 -0.1299 0.07
v 0.02 0 0.02
v 0.02 0.1299 0.07
v 0.02 0.1299 0.17
v 0.03 0 0.22
v 0.03 -0.1299 0.17
v 0.03 -0.1299 0.07
v 0.03 0 0.02
v 0.03 0.1299 0.07
v 0.03 0.1299 0.17
v 0.03 0 0.12
v 0.03 0 0.12
v 0.03 0 0.12
v 0.03 0 0.12
v 0.03 0 0.12
v 0.03 0 0.12
v -0.11 0 0.12
v -0.11 0 0.12
v -0.11 0 0.12
v -0.11 0 0.12
v -0.11 0 0.12
v -0.11 0 0.12
v -0.11 0 0.22
v -0.11 -0.1299 0.17
v -0.11 -0.1299 0.07
v -0.11 0 0.02
v -0.11 0.1299 0.07
v -0.11 0.1299 0.17
v -0.1 0 0.22
v -0.1 -0.1299 0.17
v -0.1 -0.1299 0.07
v -0.1 0 0.02
v -0.1 0.1299 0.07
v -0.1 0.1299 0.17
v -0.06 0 0.22
v -0.06 -0.1299 0.17
v -0.06 -0.1299 0.07
v -0.06 0 0.02
v -0.06 0.1299 0.07
v -0.06 0.1299 0.17
v -0.05 0 0.22
v -0.05 -0.1299 0.17
v -0.05 -0.1299 0.07
v -0.05 0 0.02
v -0.05 0.1299 0.07
v -0.05 0.1299 0.17
v -0.05 0 0.12
v -0.05 0 0.12
v -0.05 0 0.12
v -0.05 0 0.12
v -0.05 0 0.12
v -0.05 0 0.12
v 0.085 0.355 0.01
v 0.2475 0.355 0.03
v 0.2475 0.355 -0.01
v 0.335 0.355 0.01
v -0.515 0.355 0.01
v 0.1675 0.34622 0.09354
v 0.1675 0.36378 -0.07354
v 0.535 0.355 0.01
v 0.235 0.53401 0.02882
v 0.485 0.53401 0.02882
v 0.085 -0.355 0.01
v 0.2475 -0.355 0.03
v 0.2475 -0.355 -0.01
v 0.335 -0.355 0.01
v -0.515 -0.355 0.01
v 0.1675 -0.34622 0.09354
v 0.1675 -0.36378 -0.07354
v 0.535 -0.355 0.01
v 0.235 -0.53401 0.02882
v 0.485 -0.53401 0.02882
v -0.7 0.12 0.19
v -0.7 0.12 0.19
v -0.7 0.12 0.19
v -0.7 0.12 0.19
v -1 0.12 0.19
v -0.4775 0.12 0.245
v -0.4775 0.12 0.135
v -0.45 0.12 0.19
v -0.95 0.22 0.19
v -0.475 0.22 0.24
v -0.475 0.22 0.14
v -0.45 0.22 0.19
v -0.4 0.29 0.19
v -0.4 0.29 0.19
v -0.7 -0.12 0.19
v -0.7 -0.12 0.19
v -0.7 -0.12 0.19
v -0.7 -0.12 0.19
v -1 -0.12 0.19
v -0.4775 -0.12 0.245
v -0.4775 -0.12 0.135
v -0.45 -0.12 0.19
v -0.95 -0.22 0.19
v -0.475 -0.22 0.24
v -0.475 -0.22 0.14
v -0.45 -0.22 0.19
v -0.4 -0.29 0.19
v -0.4 -0.29 0.19
v -0.15 0.05 0.07
v -0.15 0.05 0.07
v -0.15 0.05 0.07
v -0.15 0.05 0.07
v -0.4 0.1 0.07
v 0.025 0.1 0.14
v 0.025 0.1 0
v 0.1 0.1 0.07
v -0.4 0.12 0.07
v 0.025 0.12 0.14
v 0.025 0.12 0
v 0.1 0.12 0.07
v 0.05 0.22 0.07
v 0.05 0.22 0.07
v -0.15 -0.05 0.07
v -0.15 -0.05 0.07
v -0.15 -0.05 0.07
v -0.15 -0.05 0.07
v -0.4 -0.1 0.07
v 0.025 -0.1 0.14
v 0.025 -0.1 0
v 0.1 -0.1 0.07
v -0.4 -0.12 0.07
v 0.025 -0.12 0.14
v 0.025 -0.12 0
v 0.1 -0.12 0.07
v 0.05 -0.22 0.07
v 0.05 -0.22 0.07
v -0.73 0.12 0.19
v -0.73 0.12 0.19
v -0.73 0.12 0.19
v -0.73 0.12 0.19
v -1.03 0.12 0.19
v -0.5075 0.12 0.2175
v -0.5075 0.12 0.1625
v -0.48 0.12 0.19
v -0.98 0.22 0.19
v -0.505 0.22 0.215
v -0.505 0.22 0.165
v -0.48 0.22 0.19
v -0.43 0.29 0.19
v -0.43 0.29 0.19
v -0.73 -0.12 0.19
v -0.73 -0.12 0.19
v -0.73 -0.12 0.19
v -0.73 -0.12 0.19
v -1.03 -0.12 0.19
v -0.5075 -0.12 0.2175
v -0.5075 -0.12 0.1625
v -0.48 -0.12 0.19
v -0.98 -0.22 0.19
v -0.505 -0.22 0.215
v -0.505 -0.22 0.165
v -0.48 -0.22 0.19
v -0.43 -0.29 0.19
v -0.43 -0.29 0.19
v -0.67 0.12 0.19
v -0.67 0.12 0.19
v -0.67 0.12 0.19
v -0.67 0.12 0.19
v -0.97 0.12 0.19
v -0.475 0.12 0.245
v -0.475 0.12 0.135
v -0.42 0.12 0.19
v -0.92 0.22 0.19
v -0.47 0.22 0.24
v -0.47 0.22 0.14
v -0.42 0.22 0.19
v -0.39 0.29 0.19
v -0.39 0.29 0.19
v -0.67 -0.12 0.19
v -0.67 -0.12 0.19
v -0.67 -0.12 0.19
v -0.67 -0.12 0.19
v -0.97 -0.12 0.19
v -0.475 -0.12 0.245
v -0.475 -0.12 0.135
v -0.42 -0.12 0.19
v -0.92 -0.22 0.19
v -0.47 -0.22 0.24
v -0.47 -0.22 0.14
v -0.42 -0.22 0.19
v -0.39 -0.29 0.19
v -0.39 -0.29 0.19
v 0.085 0.355 0
v 0.2475 0.355 0.025
v 0.2475 0.355 -0.025
v 0.335 0.355 0
v -0.515 0.355 0
v 0.1675 0.34402 0.10442
v 0.1675 0.36598 -0.10442
v 0.535 0.355 0
v 0.235 0.53401 0.01882
v 0.485 0.53401 0.01882
v 0.085 -0.355 0
v 0.2475 -0.355 0.025
v 0.2475 -0.355 -0.025
v 0.335 -0.355 0
v -0.515 -0.355 0
v 0.1675 -0.34402 0.10442
v 0.1675 -0.36598 -0.10442
v 0.535 -0.355 0
v 0.235 -0.53401 0.01882
v 0.485 -0.53401 0.01882
v 0.15 0.23 0
v 0.45 0.23 0.032
v 0.45 0.23 -0.032
v 0.55 0.23 0
v -0.71 0.28 0
v 0.355 0.28 0.1136
v 0.355 0.28 -0.1136
v 0.71 0.28 0
v -0.71 0.31 0
v 0.355 0.31 0.1136
v 0.355 0.31 -0.1136
v 0.71 0.31 0
v 0.4 0.55 0
v 0.7 0.55 0.032
v 0.7 0.55 -0.032
v 0.8 0.55 0
v 0.685 0.65 0
v 0.8575 0.65 0.0184
v 0.8575 0.65 -0.0184
v 0.915 0.65 0
v 0.8 0.65 0
v 0.8 0.65 0
v 0.15 -0.23 0
v 0.45 -0.23 0.032
v 0.45 -0.23 -0.032
v 0.55 -0.23 0
v -0.71 -0.28 0
v 0.355 -0.28 0.1136
v 0.355 -0.28 -0.1136
v 0.71 -0.28 0
v -0.71 -0.31 0
v 0.355 -0.31 0.1136
v 0.355 -0.31 -0.1136
v 0.71 -0.31 0
v 0.4 -0.55 0
v 0.7 -0.55 0.032
v 0.7 -0.55 -0.032
v 0.8 -0.55 0
v 0.685 -0.65 0
v 0.8575 -0.65 0.0184
v 0.8575 -0.65 -0.0184
v 0.915 -0.65 0
v 0.8 -0.65 0
v 0.8 -0.65 0
v 0.16 0.23 0
v 0.46 0.23 0.032
v 0.46 0.23 -0.032
v 0.56 0.23 0
v -0.7 0.28 0
v 0.365 0.28 0.1136
v 0.365 0.28 -0.1136
v 0.72 0.28 0
v -0.7 0.31 0
v 0.365 0.31 0.1136
v 0.365 0.31 -0.1136
v 0.72 0.31 0
v 0.41 0.55 0
v 0.71 0.55 0.032
v 0.71 0.55 -0.032
v 0.81 0.55 0
v 0.695 0.65 0
v 0.8675 0.65 0.0184
v 0.8675 0.65 -0.0184
v 0.925 0.65 0
v 0.81 0.65 0
v 0.81 0.65 0
v 0.16 -0.23 0
v 0.46 -0.23 0.032
v 0.46 -0.23 -0.032
v 0.56 -0.23 0
v -0.7 -0.28 0
v 0.365 -0.28 0.1136
v 0.365 -0.28 -0.1136
v 0.72 -0.28 0
v -0.7 -0.31 0
v 0.365 -0.31 0.1136
v 0.365 -0.31 -0.1136
v 0.72 -0.31 0
v 0.41 -0.55 0
v 0.71 -0.55 0.032
v 0.71 -0.55 -0.032
v 0.81 -0.55 0
v 0.695 -0.65 0
v 0.8675 -0.65 0.0184
v 0.8675 -0.65 -0.0184
v 0.925 -0.65 0
v 0.81 -0.65 0
v 0.81 -0.65 0

vt 0.55 0.775
vt 0.55 0.975
vt 0.58333 0.975
vt 0.58333 0.775
vt 0.55 0.775
vt 0.58333 0.975
vt 0.58333 0.775
vt 0.58333 0.975
vt 0.61667 0.975
vt 0.61667 0.775
vt 0.58333 0.775
vt 0.61667 0.975
vt 0.51667 0.775
vt 0.51667 0.975
vt 0.55 0.975
vt 0.55 0.775
vt 0.51667 0.775
vt 0.55 0.975
vt 0.55 0.775
vt 0.55 0.975
vt 0.58333 0.775
vt 0.55 0.975
vt 0.58333 0.975
vt 0.58333 0.775
vt 0.58333 0.775
vt 0.58333 0.975
vt 0.61667 0.775
vt 0.58333 0.975
vt 0.61667 0.975
vt 0.61667 0.775
vt 0.51667 0.775
vt 0.51667 0.975
vt 0.55 0.775
vt 0.51667 0.975
vt 0.55 0.975
vt 0.55 0.775
vt 0.175 0.775
vt 0.175 0.975
vt 0.20833 0.975
vt 0.20833 0.775
vt 0.175 0.775
vt 0.20833 0.975
vt 0.20833 0.775
vt 0.20833 0.975
vt 0.24167 0.975
vt 0.24167 0.775
vt 0.20833 0.775
vt 0.24167 0.975
vt 0.14167 0.775
vt 0.14167 0.975
vt 0.175 0.975
vt 0.175 0.775
vt 0.14167 0.775
vt 0.175 0.975
vt 0.175 0.775
vt 0.175 0.975
vt 0.20833 0.775
vt 0.175 0.975
vt 0.20833 0.975
vt 0.20833 0.775
vt 0.20833 0.775
vt 0.20833 0.975
vt 0.24167 0.775
vt 0.20833 0.975
vt 0.24167 0.975
vt 0.24167 0.775
vt 0.14167 0.775
vt 0.14167 0.975
vt 0.175 0.775
vt 0.14167 0.975
vt 0.175 0.975
vt 0.175 0.775
vt 0.55 0.775
vt 0.55 0.975
vt 0.58333 0.975
vt 0.58333 0.775
vt 0.55 0.775
vt 0.58333 0.975
vt 0.58333 0.775
vt 0.58333 0.975
vt 0.61667 0.975
vt 0.61667 0.775
vt 0.58333 0.775
vt 0.61667 0.975
vt 0.51667 0.775
vt 0.51667 0.975
vt 0.55 0.975
vt 0.55 0.775
vt 0.51667 0.775
vt 0.55 0.975
vt 0.55 0.775
vt 0.55 0.975
vt 0.58333 0.775
vt 0.55 0.975
vt 0.58333 0.975
vt 0.58333 0.775
vt 0.58333 0.775
vt 0.58333 0.975
vt 0.61667 0.775
vt 0.58333 0.975
vt 0.61667 0.975
vt 0.61667 0.775
vt 0.51667 0.775
vt 0.51667 0.975
vt 0.55 0.775
vt 0.51667 0.975
vt 0.55 0.975
vt 0.55 0.775
vt 0.87625 0.025
vt 0.87625 0.225
vt 0.87625 0.225
vt 0.87625 0.025
vt 0.87625 0.025
vt 0.87625 0.225
vt 0.87625 0.025
vt 0.87625 0.225
vt 0.87625 0.225
vt 0.87625 0.025
vt 0.87625 0.025
vt 0.87625 0.225
vt 0.87625 0.025
vt 0.87625 0.225
vt 0.87625 0.225
vt 0.87625 0.025
vt 0.87625 0.025
vt 0.87625 0.225
vt 0.87625 0.025
vt 0.87625 0.225
vt 0.87625 0.025
vt 0.87625 0.225
vt 0.87625 0.225
vt 0.87625 0.025
vt 0.87625 0.025
vt 0.87625 0.225
vt 0.87625 0.025
vt 0.87625 0.225
vt 0.87625 0.225
vt 0.87625 0.025
vt 0.87625 0.025
vt 0.87625 0.225
vt 0.87625 0.025
vt 0.87625 0.225
vt 0.87625 0.225
vt 0.87625 0.025
vt 0.55 0.775
vt 0.55 0.975
vt 0.58333 0.975
vt 0.58333 0.775
vt 0.55 0.775
vt 0.58333 0.975
vt 0.58333 0.775
vt 0.58333 0.975
vt 0.61667 0.975
vt 0.61667 0.775
vt 0.58333 0.775
vt 0.61667 0.975
vt 0.51667 0.775
vt 0.51667 0.975
vt 0.55 0.975
vt 0.55 0.775
vt 0.51667 0.775
vt 0.55 0.975
vt 0.55 0.775
vt 0.55 0.975
vt 0.58333 0.775
vt 0.55 0.975
vt 0.58333 0.975
vt 0.58333 0.775
vt 0.58333 0.775
vt 0.58333 0.975
vt 0.61667 0.775
vt 0.58333 0.975
vt 0.61667 0.975
vt 0.61667 0.775
vt 0.51667 0.775
vt 0.51667 0.975
vt 0.55 0.775
vt 0.51667 0.975
vt 0.55 0.975
vt 0.55 0.775
vt 0.175 0.775
vt 0.175 0.975
vt 0.20833 0.975
vt 0.20833 0.775
vt 0.175 0.775
vt 0.20833 0.975
vt 0.20833 0.775
vt 0.20833 0.975
vt 0.24167 0.975
vt 0.24167 0.775
vt 0.20833 0.775
vt 0.24167 0.975
vt 0.14167 0.775
vt 0.14167 0.975
vt 0.175 0.975
vt 0.175 0.775
vt 0.14167 0.775
vt 0.175 0.975
vt 0.175 0.775
vt 0.175 0.975
vt 0.20833 0.775
vt 0.175 0.975
vt 0.20833 0.975
vt 0.20833 0.775
vt 0.20833 0.775
vt 0.20833 0.975
vt 0.24167 0.775
vt 0.20833 0.975
vt 0.24167 0.975
vt 0.24167 0.775
vt 0.14167 0.775
vt 0.14167 0.975
vt 0.175 0.775
vt 0.14167 0.975
vt 0.175 0.975
vt 0.175 0.775
vt 0.3125 0.275
vt 0.3125 0.475
vt 0.34583 0.475
vt 0.34583 0.275
vt 0.3125 0.275
vt 0.34583 0.475
vt 0.34583 0.275
vt 0.34583 0.475
vt 0.37917 0.475
vt 0.37917 0.275
vt 0.34583 0.275
vt 0.37917 0.475
vt 0.27917 0.275
vt 0.27917 0.475
vt 0.3125 0.475
vt 0.3125 0.275
vt 0.27917 0.275
vt 0.3125 0.475
vt 0.3125 0.275
vt 0.3125 0.475
vt 0.34583 0.275
vt 0.3125 0.475
vt 0.34583 0.475
vt 0.34583 0.275
vt 0.34583 0.275
vt 0.34583 0.475
vt 0.37917 0.275
vt 0.34583 0.475
vt 0.37917 0.475
vt 0.37917 0.275
vt 0.27917 0.275
vt 0.27917 0.475
vt 0.3125 0.275
vt 0.27917 0.475
vt 0.3125 0.475
vt 0.3125 0.275
vt 0.0625 0.525
vt 0.0625 0.725
vt 0.09583 0.725
vt 0.09583 0.525
vt 0.0625 0.525
vt 0.09583 0.725
vt 0.09583 0.525
vt 0.09583 0.725
vt 0.12917 0.725
vt 0.12917 0.525
vt 0.09583 0.525
vt 0.12917 0.725
vt 0.02917 0.525
vt 0.02917 0.725
vt 0.0625 0.725
vt 0.0625 0.525
vt 0.02917 0.525
vt 0.0625 0.725
vt 0.0625 0.525
vt 0.0625 0.725
vt 0.09583 0.525
vt 0.0625 0.725
vt 0.09583 0.725
vt 0.09583 0.525
vt 0.09583 0.525
vt 0.09583 0.725
vt 0.12917 0.525
vt 0.09583 0.725
vt 0.12917 0.725
vt 0.12917 0.525
vt 0.02917 0.525
vt 0.02917 0.725
vt 0.0625 0.525
vt 0.02917 0.725
vt 0.0625 0.725
vt 0.0625 0.525
vt 0.55 0.775
vt 0.55 0.975
vt 0.58333 0.975
vt 0.58333 0.775
vt 0.55 0.775
vt 0.58333 0.975
vt 0.58333 0.775
vt 0.58333 0.975
vt 0.61667 0.975
vt 0.61667 0.775
vt 0.58333 0.775
vt 0.61667 0.975
vt 0.51667 0.775
vt 0.51667 0.975
vt 0.55 0.975
vt 0.55 0.775
vt 0.51667 0.775
vt 0.55 0.975
vt 0.55 0.775
vt 0.55 0.975
vt 0.58333 0.775
vt 0.55 0.975
vt 0.58333 0.975
vt 0.58333 0.775
vt 0.58333 0.775
vt 0.58333 0.975
vt 0.61667 0.775
vt 0.58333 0.975
vt 0.61667 0.975
vt 0.61667 0.775
vt 0.51667 0.775
vt 0.51667 0.975
vt 0.55 0.775
vt 0.51667 0.975
vt 0.55 0.975
vt 0.55 0.775
vt 0.55 0.775
vt 0.55 0.975
vt 0.58333 0.975
vt 0.58333 0.775
vt 0.55 0.775
vt 0.58333 0.975
vt 0.58333 0.775
vt 0.58333 0.975
vt 0.61667 0.975
vt 0.61667 0.775
vt 0.58333 0.775
vt 0.61667 0.975
vt 0.51667 0.775
vt 0.51667 0.975
vt 0.55 0.975
vt 0.55 0.775
vt 0.51667 0.775
vt 0.55 0.975
vt 0.55 0.775
vt 0.55 0.975
vt 0.58333 0.775
vt 0.55 0.975
vt 0.58333 0.975
vt 0.58333 0.775
vt 0.58333 0.775
vt 0.58333 0.975
vt 0.61667 0.775
vt 0.58333 0.975
vt 0.61667 0.975
vt 0.61667 0.775
vt 0.51667 0.775
vt 0.51667 0.975
vt 0.55 0.775
vt 0.51667 0.975
vt 0.55 0.975
vt 0.55 0.775
vt 0.87625 0.025
vt 0.87625 0.225
vt 0.87625 0.225
vt 0.87625 0.025
vt 0.87625 0.025
vt 0.87625 0.225
vt 0.87625 0.025
vt 0.87625 0.225
vt 0.87625 0.225
vt 0.87625 0.025
vt 0.87625 0.025
vt 0.87625 0.225
vt 0.87625 0.025
vt 0.87625 0.225
vt 0.87625 0.225
vt 0.87625 0.025
vt 0.87625 0.025
vt 0.87625 0.225
vt 0.87625 0.025
vt 0.87625 0.225
vt 0.87625 0.025
vt 0.87625 0.225
vt 0.87625 0.225
vt 0.87625 0.025
vt 0.87625 0.025
vt 0.87625 0.225
vt 0.87625 0.025
vt 0.87625 0.225
vt 0.87625 0.225
vt 0.87625 0.025
vt 0.87625 0.025
vt 0.87625 0.225
vt 0.87625 0.025
vt 0.87625 0.225
vt 0.87625 0.225
vt 0.87625 0.025
vt 0.87625 0.025
vt 0.87625 0.225
vt 0.87625 0.225
vt 0.87625 0.025
vt 0.87625 0.025
vt 0.87625 0.225
vt 0.87625 0.025
vt 0.87625 0.225
vt 0.87625 0.225
vt 0.87625 0.025
vt 0.87625 0.025
vt 0.87625 0.225
vt 0.87625 0.025
vt 0.87625 0.225
vt 0.87625 0.225
vt 0.87625 0.025
vt 0.87625 0.025
vt 0.87625 0.225
vt 0.87625 0.025
vt 0.87625 0.225
vt 0.87625 0.025
vt 0.87625 0.225
vt 0.87625 0.225
vt 0.87625 0.025
vt 0.87625 0.025
vt 0.87625 0.225
vt 0.87625 0.025
vt 0.87625 0.225
vt 0.87625 0.225
vt 0.87625 0.025
vt 0.87625 0.025
vt 0.87625 0.225
vt 0.87625 0.025
vt 0.87625 0.225
vt 0.87625 0.225
vt 0.87625 0.025
vt 0.175 0.275
vt 0.175 0.475
vt 0.20833 0.475
vt 0.20833 0.275
vt 0.175 0.275
vt 0.20833 0.475
vt 0.20833 0.275
vt 0.20833 0.475
vt 0.24167 0.475
vt 0.24167 0.275
vt 0.20833 0.275
vt 0.24167 0.475
vt 0.14167 0.275
vt 0.14167 0.475
vt 0.175 0.475
vt 0.175 0.275
vt 0.14167 0.275
vt 0.175 0.475
vt 0.175 0.275
vt 0.175 0.475
vt 0.20833 0.275
vt 0.175 0.475
vt 0.20833 0.475
vt 0.20833 0.275
vt 0.20833 0.275
vt 0.20833 0.475
vt 0.24167 0.275
vt 0.20833 0.475
vt 0.24167 0.475
vt 0.24167 0.275
vt 0.14167 0.275
vt 0.14167 0.475
vt 0.175 0.275
vt 0.14167 0.475
vt 0.175 0.475
vt 0.175 0.275
vt 0.175 0.775
vt 0.175 0.975
vt 0.20833 0.975
vt 0.20833 0.775
vt 0.175 0.775
vt 0.20833 0.975
vt 0.20833 0.775
vt 0.20833 0.975
vt 0.24167 0.975
vt 0.24167 0.775
vt 0.20833 0.775
vt 0.24167 0.975
vt 0.14167 0.775
vt 0.14167 0.975
vt 0.175 0.975
vt 0.175 0.775
vt 0.14167 0.775
vt 0.175 0.975
vt 0.175 0.775
vt 0.175 0.975
vt 0.20833 0.775
vt 0.175 0.975
vt 0.20833 0.975
vt 0.20833 0.775
vt 0.20833 0.775
vt 0.20833 0.975
vt 0.24167 0.775
vt 0.20833 0.975
vt 0.24167 0.975
vt 0.24167 0.775
vt 0.14167 0.775
vt 0.14167 0.975
vt 0.175 0.775
vt 0.14167 0.975
vt 0.175 0.975
vt 0.175 0.775
vt 0.3125 0.525
vt 0.3125 0.725
vt 0.34583 0.725
vt 0.34583 0.525
vt 0.3125 0.525
vt 0.34583 0.725
vt 0.34583 0.525
vt 0.34583 0.725
vt 0.37917 0.725
vt 0.37917 0.525
vt 0.34583 0.525
vt 0.37917 0.725
vt 0.27917 0.525
vt 0.27917 0.725
vt 0.3125 0.725
vt 0.3125 0.525
vt 0.27917 0.525
vt 0.3125 0.725
vt 0.3125 0.525
vt 0.3125 0.725
vt 0.34583 0.525
vt 0.3125 0.725
vt 0.34583 0.725
vt 0.34583 0.525
vt 0.34583 0.525
vt 0.34583 0.725
vt 0.37917 0.525
vt 0.34583 0.725
vt 0.37917 0.725
vt 0.37917 0.525
vt 0.27917 0.525
vt 0.27917 0.725
vt 0.3125 0.525
vt 0.27917 0.725
vt 0.3125 0.725
vt 0.3125 0.525
vt 0.175 0.775
vt 0.175 0.975
vt 0.20833 0.975
vt 0.20833 0.775
vt 0.175 0.775
vt 0.20833 0.975
vt 0.20833 0.775
vt 0.20833 0.975
vt 0.24167 0.975
vt 0.24167 0.775
vt 0.20833 0.775
vt 0.24167 0.975
vt 0.14167 0.775
vt 0.14167 0.975
vt 0.175 0.975
vt 0.175 0.775
vt 0.14167 0.775
vt 0.175 0.975
vt 0.175 0.775
vt 0.175 0.975
vt 0.20833 0.775
vt 0.175 0.975
vt 0.20833 0.975
vt 0.20833 0.775
vt 0.20833 0.775
vt 0.20833 0.975
vt 0.24167 0.775
vt 0.20833 0.975
vt 0.24167 0.975
vt 0.24167 0.775
vt 0.14167 0.775
vt 0.14167 0.975
vt 0.175 0.775
vt 0.14167 0.975
vt 0.175 0.975
vt 0.175 0.775
vt 0.175 0.775
vt 0.175 0.975
vt 0.20833 0.975
vt 0.20833 0.775
vt 0.175 0.775
vt 0.20833 0.975
vt 0.20833 0.775
vt 0.20833 0.975
vt 0.24167 0.975
vt 0.24167 0.775
vt 0.20833 0.775
vt 0.24167 0.975
vt 0.14167 0.775
vt 0.14167 0.975
vt 0.175 0.975
vt 0.175 0.775
vt 0.14167 0.775
vt 0.175 0.975
vt 0.175 0.775
vt 0.175 0.975
vt 0.20833 0.775
vt 0.175 0.975
vt 0.20833 0.975
vt 0.20833 0.775
vt 0.20833 0.775
vt 0.20833 0.975
vt 0.24167 0.775
vt 0.20833 0.975
vt 0.24167 0.975
vt 0.24167 0.775
vt 0.14167 0.775
vt 0.14167 0.975
vt 0.175 0.775
vt 0.14167 0.975
vt 0.175 0.975
vt 0.175 0.775
vt 0.87625 0.025
vt 0.87625 0.225
vt 0.87625 0.225
vt 0.87625 0.025
vt 0.87625 0.025
vt 0.87625 0.225
vt 0.87625 0.025
vt 0.87625 0.225
vt 0.87625 0.225
vt 0.87625 0.025
vt 0.87625 0.025
vt 0.87625 0.225
vt 0.87625 0.025
vt 0.87625 0.225
vt 0.87625 0.225
vt 0.87625 0.025
vt 0.87625 0.025
vt 0.87625 0.225
vt 0.87625 0.025
vt 0.87625 0.225
vt 0.87625 0.025
vt 0.87625 0.225
vt 0.87625 0.225
vt 0.87625 0.025
vt 0.87625 0.025
vt 0.87625 0.225
vt 0.87625 0.025
vt 0.87625 0.225
vt 0.87625 0.225
vt 0.87625 0.025
vt 0.87625 0.025
vt 0.87625 0.225
vt 0.87625 0.025
vt 0.87625 0.225
vt 0.87625 0.225
vt 0.87625 0.025
vt 0.87625 0.025
vt 0.87625 0.225
vt 0.87625 0.225
vt 0.87625 0.025
vt 0.87625 0.025
vt 0.87625 0.225
vt 0.87625 0.025
vt 0.87625 0.225
vt 0.87625 0.225
vt 0.87625 0.025
vt 0.87625 0.025
vt 0.87625 0.225
vt 0.87625 0.025
vt 0.87625 0.225
vt 0.87625 0.225
vt 0.87625 0.025
vt 0.87625 0.025
vt 0.87625 0.225
vt 0.87625 0.025
vt 0.87625 0.225
vt 0.87625 0.025
vt 0.87625 0.225
vt 0.87625 0.225
vt 0.87625 0.025
vt 0.87625 0.025
vt 0.87625 0.225
vt 0.87625 0.025
vt 0.87625 0.225
vt 0.87625 0.225
vt 0.87625 0.025
vt 0.87625 0.025
vt 0.87625 0.225
vt 0.87625 0.025
vt 0.87625 0.225
vt 0.87625 0.225
vt 0.87625 0.025
vt 0.175 0.275
vt 0.175 0.475
vt 0.20833 0.475
vt 0.20833 0.275
vt 0.175 0.275
vt 0.20833 0.475
vt 0.20833 0.275
vt 0.20833 0.475
vt 0.24167 0.475
vt 0.24167 0.275
vt 0.20833 0.275
vt 0.24167 0.475
vt 0.14167 0.275
vt 0.14167 0.475
vt 0.175 0.475
vt 0.175 0.275
vt 0.14167 0.275
vt 0.175 0.475
vt 0.175 0.275
vt 0.175 0.475
vt 0.20833 0.275
vt 0.175 0.475
vt 0.20833 0.475
vt 0.20833 0.275
vt 0.20833 0.275
vt 0.20833 0.475
vt 0.24167 0.275
vt 0.20833 0.475
vt 0.24167 0.475
vt 0.24167 0.275
vt 0.14167 0.275
vt 0.14167 0.475
vt 0.175 0.275
vt 0.14167 0.475
vt 0.175 0.475
vt 0.175 0.275
vt 0.55 0.775
vt 0.55 0.975
vt 0.58333 0.975
vt 0.58333 0.775
vt 0.55 0.775
vt 0.58333 0.975
vt 0.58333 0.775
vt 0.58333 0.975
vt 0.61667 0.975
vt 0.61667 0.775
vt 0.58333 0.775
vt 0.61667 0.975
vt 0.51667 0.775
vt 0.51667 0.975
vt 0.55 0.975
vt 0.55 0.775
vt 0.51667 0.775
vt 0.55 0.975
vt 0.55 0.775
vt 0.55 0.975
vt 0.58333 0.775
vt 0.55 0.975
vt 0.58333 0.975
vt 0.58333 0.775
vt 0.58333 0.775
vt 0.58333 0.975
vt 0.61667 0.775
vt 0.58333 0.975
vt 0.61667 0.975
vt 0.61667 0.775
vt 0.51667 0.775
vt 0.51667 0.975
vt 0.55 0.775
vt 0.51667 0.975
vt 0.55 0.975
vt 0.55 0.775
vt 0.175 0.775
vt 0.175 0.975
vt 0.20833 0.975
vt 0.20833 0.775
vt 0.175 0.775
vt 0.20833 0.975
vt 0.20833 0.775
vt 0.20833 0.975
vt 0.24167 0.975
vt 0.24167 0.775
vt 0.20833 0.775
vt 0.24167 0.975
vt 0.14167 0.775
vt 0.14167 0.975
vt 0.175 0.975
vt 0.175 0.775
vt 0.14167 0.775
vt 0.175 0.975
vt 0.175 0.775
vt 0.175 0.975
vt 0.20833 0.775
vt 0.175 0.975
vt 0.20833 0.975
vt 0.20833 0.775
vt 0.20833 0.775
vt 0.20833 0.975
vt 0.24167 0.775
vt 0.20833 0.975
vt 0.24167 0.975
vt 0.24167 0.775
vt 0.14167 0.775
vt 0.14167 0.975
vt 0.175 0.775
vt 0.14167 0.975
vt 0.175 0.975
vt 0.175 0.775
vt 0.175 0.775
vt 0.175 0.975
vt 0.20833 0.975
vt 0.20833 0.775
vt 0.175 0.775
vt 0.20833 0.975
vt 0.20833 0.775
vt 0.20833 0.975
vt 0.24167 0.975
vt 0.24167 0.775
vt 0.20833 0.775
vt 0.24167 0.975
vt 0.14167 0.775
vt 0.14167 0.975
vt 0.175 0.975
vt 0.175 0.775
vt 0.14167 0.775
vt 0.175 0.975
vt 0.175 0.775
vt 0.175 0.975
vt 0.20833 0.775
vt 0.175 0.975
vt 0.20833 0.975
vt 0.20833 0.775
vt 0.20833 0.775
vt 0.20833 0.975
vt 0.24167 0.775
vt 0.20833 0.975
vt 0.24167 0.975
vt 0.24167 0.775
vt 0.14167 0.775
vt 0.14167 0.975
vt 0.175 0.775
vt 0.14167 0.975
vt 0.175 0.975
vt 0.175 0.775
vt 0.175 0.775
vt 0.175 0.975
vt 0.20833 0.975
vt 0.20833 0.775
vt 0.175 0.775
vt 0.20833 0.975
vt 0.20833 0.775
vt 0.20833 0.975
vt 0.24167 0.975
vt 0.24167 0.775
vt 0.20833 0.775
vt 0.24167 0.975
vt 0.14167 0.775
vt 0.14167 0.975
vt 0.175 0.975
vt 0.175 0.775
vt 0.14167 0.775
vt 0.175 0.975
vt 0.175 0.775
vt 0.175 0.975
vt 0.20833 0.775
vt 0.175 0.975
vt 0.20833 0.975
vt 0.20833 0.775
vt 0.20833 0.775
vt 0.20833 0.975
vt 0.24167 0.775
vt 0.20833 0.975
vt 0.24167 0.975
vt 0.24167 0.775
vt 0.14167 0.775
vt 0.14167 0.975
vt 0.175 0.775
vt 0.14167 0.975
vt 0.175 0.975
vt 0.175 0.775
vt 0.32125 0.525
vt 0.32125 0.725
vt 0.35458 0.725
vt 0.35458 0.525
vt 0.32125 0.525
vt 0.35458 0.725
vt 0.35458 0.525
vt 0.35458 0.725
vt 0.38792 0.725
vt 0.38792 0.525
vt 0.35458 0.525
vt 0.38792 0.725
vt 0.28792 0.525
vt 0.28792 0.725
vt 0.32125 0.725
vt 0.32125 0.525
vt 0.28792 0.525
vt 0.32125 0.725
vt 0.32125 0.525
vt 0.32125 0.725
vt 0.35458 0.525
vt 0.32125 0.725
vt 0.35458 0.725
vt 0.35458 0.525
vt 0.35458 0.525
vt 0.35458 0.725
vt 0.38792 0.525
vt 0.35458 0.725
vt 0.38792 0.725
vt 0.38792 0.525
vt 0.28792 0.525
vt 0.28792 0.725
vt 0.32125 0.525
vt 0.28792 0.725
vt 0.32125 0.725
vt 0.32125 0.525
vt 0.5625 0.775
vt 0.5625 0.975
vt 0.59583 0.975
vt 0.59583 0.775
vt 0.5625 0.775
vt 0.59583 0.975
vt 0.59583 0.775
vt 0.59583 0.975
vt 0.62917 0.975
vt 0.62917 0.775
vt 0.59583 0.775
vt 0.62917 0.975
vt 0.52917 0.775
vt 0.52917 0.975
vt 0.5625 0.975
vt 0.5625 0.775
vt 0.52917 0.775
vt 0.5625 0.975
vt 0.5625 0.775
vt 0.5625 0.975
vt 0.59583 0.775
vt 0.5625 0.975
vt 0.59583 0.975
vt 0.59583 0.775
vt 0.59583 0.775
vt 0.59583 0.975
vt 0.62917 0.775
vt 0.59583 0.975
vt 0.62917 0.975
vt 0.62917 0.775
vt 0.52917 0.775
vt 0.52917 0.975
vt 0.5625 0.775
vt 0.52917 0.975
vt 0.5625 0.975
vt 0.5625 0.775
vt 0.4375 0.525
vt 0.4375 0.725
vt 0.47083 0.725
vt 0.47083 0.525
vt 0.4375 0.525
vt 0.47083 0.725
vt 0.47083 0.525
vt 0.47083 0.725
vt 0.50417 0.725
vt 0.50417 0.525
vt 0.47083 0.525
vt 0.50417 0.725
vt 0.40417 0.525
vt 0.40417 0.725
vt 0.4375 0.725
vt 0.4375 0.525
vt 0.40417 0.525
vt 0.4375 0.725
vt 0.4375 0.525
vt 0.4375 0.725
vt 0.47083 0.525
vt 0.4375 0.725
vt 0.47083 0.725
vt 0.47083 0.525
vt 0.47083 0.525
vt 0.47083 0.725
vt 0.50417 0.525
vt 0.47083 0.725
vt 0.50417 0.725
vt 0.50417 0.525
vt 0.40417 0.525
vt 0.40417 0.725
vt 0.4375 0.525
vt 0.40417 0.725
vt 0.4375 0.725
vt 0.4375 0.525
vt 0.87625 0.025
vt 0.87625 0.225
vt 0.87625 0.225
vt 0.87625 0.025
vt 0.87625 0.025
vt 0.87625 0.225
vt 0.87625 0.025
vt 0.87625 0.225
vt 0.87625 0.225
vt 0.87625 0.025
vt 0.87625 0.025
vt 0.87625 0.225
vt 0.87625 0.025
vt 0.87625 0.225
vt 0.87625 0.225
vt 0.87625 0.025
vt 0.87625 0.025
vt 0.87625 0.225
vt 0.87625 0.025
vt 0.87625 0.225
vt 0.87625 0.025
vt 0.87625 0.225
vt 0.87625 0.225
vt 0.87625 0.025
vt 0.87625 0.025
vt 0.87625 0.225
vt 0.87625 0.025
vt 0.87625 0.225
vt 0.87625 0.225
vt 0.87625 0.025
vt 0.87625 0.025
vt 0.87625 0.225
vt 0.87625 0.025
vt 0.87625 0.225
vt 0.87625 0.225
vt 0.87625 0.025
vt 0.55 0.775
vt 0.55 0.975
vt 0.58333 0.975
vt 0.58333 0.775
vt 0.55 0.775
vt 0.58333 0.975
vt 0.58333 0.775
vt 0.58333 0.975
vt 0.61667 0.975
vt 0.61667 0.775
vt 0.58333 0.775
vt 0.61667 0.975
vt 0.51667 0.775
vt 0.51667 0.975
vt 0.55 0.975
vt 0.55 0.775
vt 0.51667 0.775
vt 0.55 0.975
vt 0.55 0.775
vt 0.55 0.975
vt 0.58333 0.775
vt 0.55 0.975
vt 0.58333 0.975
vt 0.58333 0.775
vt 0.58333 0.775
vt 0.58333 0.975
vt 0.61667 0.775
vt 0.58333 0.975
vt 0.61667 0.975
vt 0.61667 0.775
vt 0.51667 0.775
vt 0.51667 0.975
vt 0.55 0.775
vt 0.51667 0.975
vt 0.55 0.975
vt 0.55 0.775
vt 0.55 0.775
vt 0.55 0.975
vt 0.58333 0.975
vt 0.58333 0.775
vt 0.55 0.775
vt 0.58333 0.975
vt 0.58333 0.775
vt 0.58333 0.975
vt 0.61667 0.975
vt 0.61667 0.775
vt 0.58333 0.775
vt 0.61667 0.975
vt 0.51667 0.775
vt 0.51667 0.975
vt 0.55 0.975
vt 0.55 0.775
vt 0.51667 0.775
vt 0.55 0.975
vt 0.55 0.775
vt 0.55 0.975
vt 0.58333 0.775
vt 0.55 0.975
vt 0.58333 0.975
vt 0.58333 0.775
vt 0.58333 0.775
vt 0.58333 0.975
vt 0.61667 0.775
vt 0.58333 0.975
vt 0.61667 0.975
vt 0.61667 0.775
vt 0.51667 0.775
vt 0.51667 0.975
vt 0.55 0.775
vt 0.51667 0.975
vt 0.55 0.975
vt 0.55 0.775
vt 0.5625 0.775
vt 0.5625 0.975
vt 0.59583 0.975
vt 0.59583 0.775
vt 0.5625 0.775
vt 0.59583 0.975
vt 0.59583 0.775
vt 0.59583 0.975
vt 0.62917 0.975
vt 0.62917 0.775
vt 0.59583 0.775
vt 0.62917 0.975
vt 0.52917 0.775
vt 0.52917 0.975
vt 0.5625 0.975
vt 0.5625 0.775
vt 0.52917 0.775
vt 0.5625 0.975
vt 0.5625 0.775
vt 0.5625 0.975
vt 0.59583 0.775
vt 0.5625 0.975
vt 0.59583 0.975
vt 0.59583 0.775
vt 0.59583 0.775
vt 0.59583 0.975
vt 0.62917 0.775
vt 0.59583 0.975
vt 0.62917 0.975
vt 0.62917 0.775
vt 0.52917 0.775
vt 0.52917 0.975
vt 0.5625 0.775
vt 0.52917 0.975
vt 0.5625 0.975
vt 0.5625 0.775
vt 0.1875 0.525
vt 0.1875 0.725
vt 0.22083 0.725
vt 0.22083 0.525
vt 0.1875 0.525
vt 0.22083 0.725
vt 0.22083 0.525
vt 0.22083 0.725
vt 0.25417 0.725
vt 0.25417 0.525
vt 0.22083 0.525
vt 0.25417 0.725
vt 0.15417 0.525
vt 0.15417 0.725
vt 0.1875 0.725
vt 0.1875 0.525
vt 0.15417 0.525
vt 0.1875 0.725
vt 0.1875 0.525
vt 0.1875 0.725
vt 0.22083 0.525
vt 0.1875 0.725
vt 0.22083 0.725
vt 0.22083 0.525
vt 0.22083 0.525
vt 0.22083 0.725
vt 0.25417 0.525
vt 0.22083 0.725
vt 0.25417 0.725
vt 0.25417 0.525
vt 0.15417 0.525
vt 0.15417 0.725
vt 0.1875 0.525
vt 0.15417 0.725
vt 0.1875 0.725
vt 0.1875 0.525
vt 0.87625 0.025
vt 0.87625 0.225
vt 0.87625 0.225
vt 0.87625 0.025
vt 0.87625 0.025
vt 0.87625 0.225
vt 0.87625 0.025
vt 0.87625 0.225
vt 0.87625 0.225
vt 0.87625 0.025
vt 0.87625 0.025
vt 0.87625 0.225
vt 0.87625 0.025
vt 0.87625 0.225
vt 0.87625 0.225
vt 0.87625 0.025
vt 0.87625 0.025
vt 0.87625 0.225
vt 0.87625 0.025
vt 0.87625 0.225
vt 0.87625 0.025
vt 0.87625 0.225
vt 0.87625 0.225
vt 0.87625 0.025
vt 0.87625 0.025
vt 0.87625 0.225
vt 0.87625 0.025
vt 0.87625 0.225
vt 0.87625 0.225
vt 0.87625 0.025
vt 0.87625 0.025
vt 0.87625 0.225
vt 0.87625 0.025
vt 0.87625 0.225
vt 0.87625 0.225
vt 0.87625 0.025
vt 0.87625 0.025
vt 0.87625 0.225
vt 0.87625 0.225
vt 0.87625 0.025
vt 0.87625 0.025
vt 0.87625 0.225
vt 0.87625 0.025
vt 0.87625 0.225
vt 0.87625 0.225
vt 0.87625 0.025
vt 0.87625 0.025
vt 0.87625 0.225
vt 0.87625 0.025
vt 0.87625 0.225
vt 0.87625 0.225
vt 0.87625 0.025
vt 0.87625 0.025
vt 0.87625 0.225
vt 0.87625 0.025
vt 0.87625 0.225
vt 0.87625 0.025
vt 0.87625 0.225
vt 0.87625 0.225
vt 0.87625 0.025
vt 0.87625 0.025
vt 0.87625 0.225
vt 0.87625 0.025
vt 0.87625 0.225
vt 0.87625 0.225
vt 0.87625 0.025
vt 0.87625 0.025
vt 0.87625 0.225
vt 0.87625 0.025
vt 0.87625 0.225
vt 0.87625 0.225
vt 0.87625 0.025
vt 0.87625 0.025
vt 0.87625 0.225
vt 0.87625 0.225
vt 0.87625 0.025
vt 0.87625 0.025
vt 0.87625 0.225
vt 0.87625 0.025
vt 0.87625 0.225
vt 0.87625 0.225
vt 0.87625 0.025
vt 0.87625 0.025
vt 0.87625 0.225
vt 0.87625 0.025
vt 0.87625 0.225
vt 0.87625 0.225
vt 0.87625 0.025
vt 0.87625 0.025
vt 0.87625 0.225
vt 0.87625 0.025
vt 0.87625 0.225
vt 0.87625 0.025
vt 0.87625 0.225
vt 0.87625 0.225
vt 0.87625 0.025
vt 0.87625 0.025
vt 0.87625 0.225
vt 0.87625 0.025
vt 0.87625 0.225
vt 0.87625 0.225
vt 0.87625 0.025
vt 0.87625 0.025
vt 0.87625 0.225
vt 0.87625 0.025
vt 0.87625 0.225
vt 0.87625 0.225
vt 0.87625 0.025
vt 0.55 0.775
vt 0.55 0.975
vt 0.58333 0.975
vt 0.58333 0.775
vt 0.55 0.775
vt 0.58333 0.975
vt 0.58333 0.775
vt 0.58333 0.975
vt 0.61667 0.975
vt 0.61667 0.775
vt 0.58333 0.775
vt 0.61667 0.975
vt 0.51667 0.775
vt 0.51667 0.975
vt 0.55 0.975
vt 0.55 0.775
vt 0.51667 0.775
vt 0.55 0.975
vt 0.55 0.775
vt 0.55 0.975
vt 0.58333 0.775
vt 0.55 0.975
vt 0.58333 0.975
vt 0.58333 0.775
vt 0.58333 0.775
vt 0.58333 0.975
vt 0.61667 0.775
vt 0.58333 0.975
vt 0.61667 0.975
vt 0.61667 0.775
vt 0.51667 0.775
vt 0.51667 0.975
vt 0.55 0.775
vt 0.51667 0.975
vt 0.55 0.975
vt 0.55 0.775
vt 0.1875 0.525
vt 0.1875 0.725
vt 0.22083 0.725
vt 0.22083 0.525
vt 0.1875 0.525
vt 0.22083 0.725
vt 0.22083 0.525
vt 0.22083 0.725
vt 0.25417 0.725
vt 0.25417 0.525
vt 0.22083 0.525
vt 0.25417 0.725
vt 0.15417 0.525
vt 0.15417 0.725
vt 0.1875 0.725
vt 0.1875 0.525
vt 0.15417 0.525
vt 0.1875 0.725
vt 0.1875 0.525
vt 0.1875 0.725
vt 0.22083 0.525
vt 0.1875 0.725
vt 0.22083 0.725
vt 0.22083 0.525
vt 0.22083 0.525
vt 0.22083 0.725
vt 0.25417 0.525
vt 0.22083 0.725
vt 0.25417 0.725
vt 0.25417 0.525
vt 0.15417 0.525
vt 0.15417 0.725
vt 0.1875 0.525
vt 0.15417 0.725
vt 0.1875 0.725
vt 0.1875 0.525
vt 0.55 0.775
vt 0.55 0.975
vt 0.58333 0.975
vt 0.58333 0.775
vt 0.55 0.775
vt 0.58333 0.975
vt 0.58333 0.775
vt 0.58333 0.975
vt 0.61667 0.975
vt 0.61667 0.775
vt 0.58333 0.775
vt 0.61667 0.975
vt 0.51667 0.775
vt 0.51667 0.975
vt 0.55 0.975
vt 0.55 0.775
vt 0.51667 0.775
vt 0.55 0.975
vt 0.55 0.775
vt 0.55 0.975
vt 0.58333 0.775
vt 0.55 0.975
vt 0.58333 0.975
vt 0.58333 0.775
vt 0.58333 0.775
vt 0.58333 0.975
vt 0.61667 0.775
vt 0.58333 0.975
vt 0.61667 0.975
vt 0.61667 0.775
vt 0.51667 0.775
vt 0.51667 0.975
vt 0.55 0.775
vt 0.51667 0.975
vt 0.55 0.975
vt 0.55 0.775
vt 0.55 0.775
vt 0.55 0.975
vt 0.58333 0.975
vt 0.58333 0.775
vt 0.55 0.775
vt 0.58333 0.975
vt 0.58333 0.775
vt 0.58333 0.975
vt 0.61667 0.975
vt 0.61667 0.775
vt 0.58333 0.775
vt 0.61667 0.975
vt 0.51667 0.775
vt 0.51667 0.975
vt 0.55 0.975
vt 0.55 0.775
vt 0.51667 0.775
vt 0.55 0.975
vt 0.55 0.775
vt 0.55 0.975
vt 0.58333 0.775
vt 0.55 0.975
vt 0.58333 0.975
vt 0.58333 0.775
vt 0.58333 0.775
vt 0.58333 0.975
vt 0.61667 0.775
vt 0.58333 0.975
vt 0.61667 0.975
vt 0.61667 0.775
vt 0.51667 0.775
vt 0.51667 0.975
vt 0.55 0.775
vt 0.51667 0.975
vt 0.55 0.975
vt 0.55 0.775
vt 0.1875 0.525
vt 0.1875 0.725
vt 0.22083 0.725
vt 0.22083 0.525
vt 0.1875 0.525
vt 0.22083 0.725
vt 0.22083 0.525
vt 0.22083 0.725
vt 0.25417 0.725
vt 0.25417 0.525
vt 0.22083 0.525
vt 0.25417 0.725
vt 0.15417 0.525
vt 0.15417 0.725
vt 0.1875 0.725
vt 0.1875 0.525
vt 0.15417 0.525
vt 0.1875 0.725
vt 0.1875 0.525
vt 0.1875 0.725
vt 0.22083 0.525
vt 0.1875 0.725
vt 0.22083 0.725
vt 0.22083 0.525
vt 0.22083 0.525
vt 0.22083 0.725
vt 0.25417 0.525
vt 0.22083 0.725
vt 0.25417 0.725
vt 0.25417 0.525
vt 0.15417 0.525
vt 0.15417 0.725
vt 0.1875 0.525
vt 0.15417 0.725
vt 0.1875 0.725
vt 0.1875 0.525
vt 0.55 0.775
vt 0.55 0.975
vt 0.58333 0.975
vt 0.58333 0.775
vt 0.55 0.775
vt 0.58333 0.975
vt 0.58333 0.775
vt 0.58333 0.975
vt 0.61667 0.975
vt 0.61667 0.775
vt 0.58333 0.775
vt 0.61667 0.975
vt 0.51667 0.775
vt 0.51667 0.975
vt 0.55 0.975
vt 0.55 0.775
vt 0.51667 0.775
vt 0.55 0.975
vt 0.55 0.775
vt 0.55 0.975
vt 0.58333 0.775
vt 0.55 0.975
vt 0.58333 0.975
vt 0.58333 0.775
vt 0.58333 0.775
vt 0.58333 0.975
vt 0.61667 0.775
vt 0.58333 0.975
vt 0.61667 0.975
vt 0.61667 0.775
vt 0.51667 0.775
vt 0.51667 0.975
vt 0.55 0.775
vt 0.51667 0.975
vt 0.55 0.975
vt 0.55 0.775
vt 0.55 0.775
vt 0.55 0.975
vt 0.58333 0.975
vt 0.58333 0.775
vt 0.55 0.775
vt 0.58333 0.975
vt 0.58333 0.775
vt 0.58333 0.975
vt 0.61667 0.975
vt 0.61667 0.775
vt 0.58333 0.775
vt 0.61667 0.975
vt 0.51667 0.775
vt 0.51667 0.975
vt 0.55 0.975
vt 0.55 0.775
vt 0.51667 0.775
vt 0.55 0.975
vt 0.55 0.775
vt 0.55 0.975
vt 0.58333 0.775
vt 0.55 0.975
vt 0.58333 0.975
vt 0.58333 0.775
vt 0.58333 0.775
vt 0.58333 0.975
vt 0.61667 0.775
vt 0.58333 0.975
vt 0.61667 0.975
vt 0.61667 0.775
vt 0.51667 0.775
vt 0.51667 0.975
vt 0.55 0.775
vt 0.51667 0.975
vt 0.55 0.975
vt 0.55 0.775
vt 0.175 0.275
vt 0.175 0.475
vt 0.20833 0.475
vt 0.20833 0.275
vt 0.175 0.275
vt 0.20833 0.475
vt 0.20833 0.275
vt 0.20833 0.475
vt 0.24167 0.475
vt 0.24167 0.275
vt 0.20833 0.275
vt 0.24167 0.475
vt 0.14167 0.275
vt 0.14167 0.475
vt 0.175 0.475
vt 0.175 0.275
vt 0.14167 0.275
vt 0.175 0.475
vt 0.175 0.275
vt 0.175 0.475
vt 0.20833 0.275
vt 0.175 0.475
vt 0.20833 0.475
vt 0.20833 0.275
vt 0.20833 0.275
vt 0.20833 0.475
vt 0.24167 0.275
vt 0.20833 0.475
vt 0.24167 0.475
vt 0.24167 0.275
vt 0.14167 0.275
vt 0.14167 0.475
vt 0.175 0.275
vt 0.14167 0.475
vt 0.175 0.475
vt 0.175 0.275
vt 0.55 0.775
vt 0.55 0.975
vt 0.58333 0.975
vt 0.58333 0.775
vt 0.55 0.775
vt 0.58333 0.975
vt 0.58333 0.775
vt 0.58333 0.975
vt 0.61667 0.975
vt 0.61667 0.775
vt 0.58333 0.775
vt 0.61667 0.975
vt 0.51667 0.775
vt 0.51667 0.975
vt 0.55 0.975
vt 0.55 0.775
vt 0.51667 0.775
vt 0.55 0.975
vt 0.55 0.775
vt 0.55 0.975
vt 0.58333 0.775
vt 0.55 0.975
vt 0.58333 0.975
vt 0.58333 0.775
vt 0.58333 0.775
vt 0.58333 0.975
vt 0.61667 0.775
vt 0.58333 0.975
vt 0.61667 0.975
vt 0.61667 0.775
vt 0.51667 0.775
vt 0.51667 0.975
vt 0.55 0.775
vt 0.51667 0.975
vt 0.55 0.975
vt 0.55 0.775
vt 0.55 0.775
vt 0.55 0.975
vt 0.58333 0.975
vt 0.58333 0.775
vt 0.55 0.775
vt 0.58333 0.975
vt 0.58333 0.775
vt 0.58333 0.975
vt 0.61667 0.975
vt 0.61667 0.775
vt 0.58333 0.775
vt 0.61667 0.975
vt 0.51667 0.775
vt 0.51667 0.975
vt 0.55 0.975
vt 0.55 0.775
vt 0.51667 0.775
vt 0.55 0.975
vt 0.55 0.775
vt 0.55 0.975
vt 0.58333 0.775
vt 0.55 0.975
vt 0.58333 0.975
vt 0.58333 0.775
vt 0.58333 0.775
vt 0.58333 0.975
vt 0.61667 0.775
vt 0.58333 0.975
vt 0.61667 0.975
vt 0.61667 0.775
vt 0.51667 0.775
vt 0.51667 0.975
vt 0.55 0.775
vt 0.51667 0.975
vt 0.55 0.975
vt 0.55 0.775
vt 0.55 0.775
vt 0.55 0.975
vt 0.58333 0.975
vt 0.58333 0.775
vt 0.55 0.775
vt 0.58333 0.975
vt 0.58333 0.775
vt 0.58333 0.975
vt 0.61667 0.975
vt 0.61667 0.775
vt 0.58333 0.775
vt 0.61667 0.975
vt 0.51667 0.775
vt 0.51667 0.975
vt 0.55 0.975
vt 0.55 0.775
vt 0.51667 0.775
vt 0.55 0.975
vt 0.55 0.775
vt 0.55 0.975
vt 0.58333 0.775
vt 0.55 0.975
vt 0.58333 0.975
vt 0.58333 0.775
vt 0.58333 0.775
vt 0.58333 0.975
vt 0.61667 0.775
vt 0.58333 0.975
vt 0.61667 0.975
vt 0.61667 0.775
vt 0.51667 0.775
vt 0.51667 0.975
vt 0.55 0.775
vt 0.51667 0.975
vt 0.55 0.975
vt 0.55 0.775
vt 0.175 0.275
vt 0.175 0.475
vt 0.20833 0.475
vt 0.20833 0.275
vt 0.175 0.275
vt 0.20833 0.475
vt 0.20833 0.275
vt 0.20833 0.475
vt 0.24167 0.475
vt 0.24167 0.275
vt 0.20833 0.275
vt 0.24167 0.475
vt 0.14167 0.275
vt 0.14167 0.475
vt 0.175 0.475
vt 0.175 0.275
vt 0.14167 0.275
vt 0.175 0.475
vt 0.175 0.275
vt 0.175 0.475
vt 0.20833 0.275
vt 0.175 0.475
vt 0.20833 0.475
vt 0.20833 0.275
vt 0.20833 0.275
vt 0.20833 0.475
vt 0.24167 0.275
vt 0.20833 0.475
vt 0.24167 0.475
vt 0.24167 0.275
vt 0.14167 0.275
vt 0.14167 0.475
vt 0.175 0.275
vt 0.14167 0.475
vt 0.175 0.475
vt 0.175 0.275
vt 0.55 0.775
vt 0.55 0.975
vt 0.58333 0.975
vt 0.58333 0.775
vt 0.55 0.775
vt 0.58333 0.975
vt 0.58333 0.775
vt 0.58333 0.975
vt 0.61667 0.975
vt 0.61667 0.775
vt 0.58333 0.775
vt 0.61667 0.975
vt 0.51667 0.775
vt 0.51667 0.975
vt 0.55 0.975
vt 0.55 0.775
vt 0.51667 0.775
vt 0.55 0.975
vt 0.55 0.775
vt 0.55 0.975
vt 0.58333 0.775
vt 0.55 0.975
vt 0.58333 0.975
vt 0.58333 0.775
vt 0.58333 0.775
vt 0.58333 0.975
vt 0.61667 0.775
vt 0.58333 0.975
vt 0.61667 0.975
vt 0.61667 0.775
vt 0.51667 0.775
vt 0.51667 0.975
vt 0.55 0.775
vt 0.51667 0.975
vt 0.55 0.975
vt 0.55 0.775
vt 0.55 0.775
vt 0.55 0.975
vt 0.58333 0.975
vt 0.58333 0.775
vt 0.55 0.775
vt 0.58333 0.975
vt 0.58333 0.775
vt 0.58333 0.975
vt 0.61667 0.975
vt 0.61667 0.775
vt 0.58333 0.775
vt 0.61667 0.975
vt 0.51667 0.775
vt 0.51667 0.975
vt 0.55 0.975
vt 0.55 0.775
vt 0.51667 0.775
vt 0.55 0.975
vt 0.55 0.775
vt 0.55 0.975
vt 0.58333 0.775
vt 0.55 0.975
vt 0.58333 0.975
vt 0.58333 0.775
vt 0.58333 0.775
vt 0.58333 0.975
vt 0.61667 0.775
vt 0.58333 0.975
vt 0.61667 0.975
vt 0.61667 0.775
vt 0.51667 0.775
vt 0.51667 0.975
vt 0.55 0.775
vt 0.51667 0.975
vt 0.55 0.975
vt 0.55 0.775
vt 0.87625 0.025
vt 0.87625 0.225
vt 0.87625 0.225
vt 0.87625 0.025
vt 0.87625 0.025
vt 0.87625 0.225
vt 0.87625 0.025
vt 0.87625 0.225
vt 0.87625 0.225
vt 0.87625 0.025
vt 0.87625 0.025
vt 0.87625 0.225
vt 0.87625 0.025
vt 0.87625 0.225
vt 0.87625 0.225
vt 0.87625 0.025
vt 0.87625 0.025
vt 0.87625 0.225
vt 0.87625 0.025
vt 0.87625 0.225
vt 0.87625 0.025
vt 0.87625 0.225
vt 0.87625 0.225
vt 0.87625 0.025
vt 0.87625 0.025
vt 0.87625 0.225
vt 0.87625 0.025
vt 0.87625 0.225
vt 0.87625 0.225
vt 0.87625 0.025
vt 0.87625 0.025
vt 0.87625 0.225
vt 0.87625 0.025
vt 0.87625 0.225
vt 0.87625 0.225
vt 0.87625 0.025
vt 0.87625 0.025
vt 0.87625 0.225
vt 0.87625 0.225
vt 0.87625 0.025
vt 0.87625 0.025
vt 0.87625 0.225
vt 0.87625 0.025
vt 0.87625 0.225
vt 0.87625 0.225
vt 0.87625 0.025
vt 0.87625 0.025
vt 0.87625 0.225
vt 0.87625 0.025
vt 0.87625 0.225
vt 0.87625 0.225
vt 0.87625 0.025
vt 0.87625 0.025
vt 0.87625 0.225
vt 0.87625 0.025
vt 0.87625 0.225
vt 0.87625 0.025
vt 0.87625 0.225
vt 0.87625 0.225
vt 0.87625 0.025
vt 0.87625 0.025
vt 0.87625 0.225
vt 0.87625 0.025
vt 0.87625 0.225
vt 0.87625 0.225
vt 0.87625 0.025
vt 0.87625 0.025
vt 0.87625 0.225
vt 0.87625 0.025
vt 0.87625 0.225
vt 0.87625 0.225
vt 0.87625 0.025
vt 0.175 0.275
vt 0.175 0.475
vt 0.20833 0.475
vt 0.20833 0.275
vt 0.175 0.275
vt 0.20833 0.475
vt 0.20833 0.275
vt 0.20833 0.475
vt 0.24167 0.475
vt 0.24167 0.275
vt 0.20833 0.275
vt 0.24167 0.475
vt 0.14167 0.275
vt 0.14167 0.475
vt 0.175 0.475
vt 0.175 0.275
vt 0.14167 0.275
vt 0.175 0.475
vt 0.175 0.275
vt 0.175 0.475
vt 0.20833 0.275
vt 0.175 0.475
vt 0.20833 0.475
vt 0.20833 0.275
vt 0.20833 0.275
vt 0.20833 0.475
vt 0.24167 0.275
vt 0.20833 0.475
vt 0.24167 0.475
vt 0.24167 0.275
vt 0.14167 0.275
vt 0.14167 0.475
vt 0.175 0.275
vt 0.14167 0.475
vt 0.175 0.475
vt 0.175 0.275
vt 0.175 0.275
vt 0.175 0.475
vt 0.20833 0.475
vt 0.20833 0.275
vt 0.175 0.275
vt 0.20833 0.475
vt 0.20833 0.275
vt 0.20833 0.475
vt 0.24167 0.475
vt 0.24167 0.275
vt 0.20833 0.275
vt 0.24167 0.475
vt 0.14167 0.275
vt 0.14167 0.475
vt 0.175 0.475
vt 0.175 0.275
vt 0.14167 0.275
vt 0.175 0.475
vt 0.175 0.275
vt 0.175 0.475
vt 0.20833 0.275
vt 0.175 0.475
vt 0.20833 0.475
vt 0.20833 0.275
vt 0.20833 0.275
vt 0.20833 0.475
vt 0.24167 0.275
vt 0.20833 0.475
vt 0.24167 0.475
vt 0.24167 0.275
vt 0.14167 0.275
vt 0.14167 0.475
vt 0.175 0.275
vt 0.14167 0.475
vt 0.175 0.475
vt 0.175 0.275
vt 0.87625 0.025
vt 0.87625 0.225
vt 0.87625 0.225
vt 0.87625 0.025
vt 0.87625 0.025
vt 0.87625 0.225
vt 0.87625 0.025
vt 0.87625 0.225
vt 0.87625 0.225
vt 0.87625 0.025
vt 0.87625 0.025
vt 0.87625 0.225
vt 0.87625 0.025
vt 0.87625 0.225
vt 0.87625 0.225
vt 0.87625 0.025
vt 0.87625 0.025
vt 0.87625 0.225
vt 0.87625 0.025
vt 0.87625 0.225
vt 0.87625 0.025
vt 0.87625 0.225
vt 0.87625 0.225
vt 0.87625 0.025
vt 0.87625 0.025
vt 0.87625 0.225
vt 0.87625 0.025
vt 0.87625 0.225
vt 0.87625 0.225
vt 0.87625 0.025
vt 0.87625 0.025
vt 0.87625 0.225
vt 0.87625 0.025
vt 0.87625 0.225
vt 0.87625 0.225
vt 0.87625 0.025
vt 0.87625 0.025
vt 0.87625 0.225
vt 0.87625 0.225
vt 0.87625 0.025
vt 0.87625 0.025
vt 0.87625 0.225
vt 0.87625 0.025
vt 0.87625 0.225
vt 0.87625 0.225
vt 0.87625 0.025
vt 0.87625 0.025
vt 0.87625 0.225
vt 0.87625 0.025
vt 0.87625 0.225
vt 0.87625 0.225
vt 0.87625 0.025
vt 0.87625 0.025
vt 0.87625 0.225
vt 0.87625 0.025
vt 0.87625 0.225
vt 0.87625 0.025
vt 0.87625 0.225
vt 0.87625 0.225
vt 0.87625 0.025
vt 0.87625 0.025
vt 0.87625 0.225
vt 0.87625 0.025
vt 0.87625 0.225
vt 0.87625 0.225
vt 0.87625 0.025
vt 0.87625 0.025
vt 0.87625 0.225
vt 0.87625 0.025
vt 0.87625 0.225
vt 0.87625 0.225
vt 0.87625 0.025
vt 0.175 0.275
vt 0.175 0.475
vt 0.20833 0.475
vt 0.20833 0.275
vt 0.175 0.275
vt 0.20833 0.475
vt 0.20833 0.275
vt 0.20833 0.475
vt 0.24167 0.475
vt 0.24167 0.275
vt 0.20833 0.275
vt 0.24167 0.475
vt 0.14167 0.275
vt 0.14167 0.475
vt 0.175 0.475
vt 0.175 0.275
vt 0.14167 0.275
vt 0.175 0.475
vt 0.175 0.275
vt 0.175 0.475
vt 0.20833 0.275
vt 0.175 0.475
vt 0.20833 0.475
vt 0.20833 0.275
vt 0.20833 0.275
vt 0.20833 0.475
vt 0.24167 0.275
vt 0.20833 0.475
vt 0.24167 0.475
vt 0.24167 0.275
vt 0.14167 0.275
vt 0.14167 0.475
vt 0.175 0.275
vt 0.14167 0.475
vt 0.175 0.475
vt 0.175 0.275
vt 0.175 0.275
vt 0.175 0.475
vt 0.20833 0.475
vt 0.20833 0.275
vt 0.175 0.275
vt 0.20833 0.475
vt 0.20833 0.275
vt 0.20833 0.475
vt 0.24167 0.475
vt 0.24167 0.275
vt 0.20833 0.275
vt 0.24167 0.475
vt 0.14167 0.275
vt 0.14167 0.475
vt 0.175 0.475
vt 0.175 0.275
vt 0.14167 0.275
vt 0.175 0.475
vt 0.175 0.275
vt 0.175 0.475
vt 0.20833 0.275
vt 0.175 0.475
vt 0.20833 0.475
vt 0.20833 0.275
vt 0.20833 0.275
vt 0.20833 0.475
vt 0.24167 0.275
vt 0.20833 0.475
vt 0.24167 0.475
vt 0.24167 0.275
vt 0.14167 0.275
vt 0.14167 0.475
vt 0.175 0.275
vt 0.14167 0.475
vt 0.175 0.475
vt 0.175 0.275
vt 0.55 0.775
vt 0.55 0.975
vt 0.58333 0.975
vt 0.58333 0.775
vt 0.55 0.775
vt 0.58333 0.975
vt 0.58333 0.775
vt 0.58333 0.975
vt 0.61667 0.975
vt 0.61667 0.775
vt 0.58333 0.775
vt 0.61667 0.975
vt 0.51667 0.775
vt 0.51667 0.975
vt 0.55 0.975
vt 0.55 0.775
vt 0.51667 0.775
vt 0.55 0.975
vt 0.55 0.775
vt 0.55 0.975
vt 0.58333 0.775
vt 0.55 0.975
vt 0.58333 0.975
vt 0.58333 0.775
vt 0.58333 0.775
vt 0.58333 0.975
vt 0.61667 0.775
vt 0.58333 0.975
vt 0.61667 0.975
vt 0.61667 0.775
vt 0.51667 0.775
vt 0.51667 0.975
vt 0.55 0.775
vt 0.51667 0.975
vt 0.55 0.975
vt 0.55 0.775
vt 0.0875 0.525
vt 0.0875 0.725
vt 0.12083 0.725
vt 0.12083 0.525
vt 0.0875 0.525
vt 0.12083 0.725
vt 0.12083 0.525
vt 0.12083 0.725
vt 0.15417 0.725
vt 0.15417 0.525
vt 0.12083 0.525
vt 0.15417 0.725
vt 0.05417 0.525
vt 0.05417 0.725
vt 0.0875 0.725
vt 0.0875 0.525
vt 0.05417 0.525
vt 0.0875 0.725
vt 0.0875 0.525
vt 0.0875 0.725
vt 0.12083 0.525
vt 0.0875 0.725
vt 0.12083 0.725
vt 0.12083 0.525
vt 0.12083 0.525
vt 0.12083 0.725
vt 0.15417 0.525
vt 0.12083 0.725
vt 0.15417 0.725
vt 0.15417 0.525
vt 0.05417 0.525
vt 0.05417 0.725
vt 0.0875 0.525
vt 0.05417 0.725
vt 0.0875 0.725
vt 0.0875 0.525
vt 0.87625 0.025
vt 0.87625 0.225
vt 0.87625 0.225
vt 0.87625 0.025
vt 0.87625 0.025
vt 0.87625 0.225
vt 0.87625 0.025
vt 0.87625 0.225
vt 0.87625 0.225
vt 0.87625 0.025
vt 0.87625 0.025
vt 0.87625 0.225
vt 0.87625 0.025
vt 0.87625 0.225
vt 0.87625 0.225
vt 0.87625 0.025
vt 0.87625 0.025
vt 0.87625 0.225
vt 0.87625 0.025
vt 0.87625 0.225
vt 0.87625 0.025
vt 0.87625 0.225
vt 0.87625 0.225
vt 0.87625 0.025
vt 0.87625 0.025
vt 0.87625 0.225
vt 0.87625 0.025
vt 0.87625 0.225
vt 0.87625 0.225
vt 0.87625 0.025
vt 0.87625 0.025
vt 0.87625 0.225
vt 0.87625 0.025
vt 0.87625 0.225
vt 0.87625 0.225
vt 0.87625 0.025
vt 0.175 0.275
vt 0.175 0.475
vt 0.20833 0.475
vt 0.20833 0.275
vt 0.175 0.275
vt 0.20833 0.475
vt 0.20833 0.275
vt 0.20833 0.475
vt 0.24167 0.475
vt 0.24167 0.275
vt 0.20833 0.275
vt 0.24167 0.475
vt 0.14167 0.275
vt 0.14167 0.475
vt 0.175 0.475
vt 0.175 0.275
vt 0.14167 0.275
vt 0.175 0.475
vt 0.175 0.275
vt 0.175 0.475
vt 0.20833 0.275
vt 0.175 0.475
vt 0.20833 0.475
vt 0.20833 0.275
vt 0.20833 0.275
vt 0.20833 0.475
vt 0.24167 0.275
vt 0.20833 0.475
vt 0.24167 0.475
vt 0.24167 0.275
vt 0.14167 0.275
vt 0.14167 0.475
vt 0.175 0.275
vt 0.14167 0.475
vt 0.175 0.475
vt 0.175 0.275
vt 0.55 0.775
vt 0.55 0.975
vt 0.58333 0.975
vt 0.58333 0.775
vt 0.55 0.775
vt 0.58333 0.975
vt 0.58333 0.775
vt 0.58333 0.975
vt 0.61667 0.975
vt 0.61667 0.775
vt 0.58333 0.775
vt 0.61667 0.975
vt 0.51667 0.775
vt 0.51667 0.975
vt 0.55 0.975
vt 0.55 0.775
vt 0.51667 0.775
vt 0.55 0.975
vt 0.55 0.775
vt 0.55 0.975
vt 0.58333 0.775
vt 0.55 0.975
vt 0.58333 0.975
vt 0.58333 0.775
vt 0.58333 0.775
vt 0.58333 0.975
vt 0.61667 0.775
vt 0.58333 0.975
vt 0.61667 0.975
vt 0.61667 0.775
vt 0.51667 0.775
vt 0.51667 0.975
vt 0.55 0.775
vt 0.51667 0.975
vt 0.55 0.975
vt 0.55 0.775
vt 0.0875 0.525
vt 0.0875 0.725
vt 0.12083 0.725
vt 0.12083 0.525
vt 0.0875 0.525
vt 0.12083 0.725
vt 0.12083 0.525
vt 0.12083 0.725
vt 0.15417 0.725
vt 0.15417 0.525
vt 0.12083 0.525
vt 0.15417 0.725
vt 0.05417 0.525
vt 0.05417 0.725
vt 0.0875 0.725
vt 0.0875 0.525
vt 0.05417 0.525
vt 0.0875 0.725
vt 0.0875 0.525
vt 0.0875 0.725
vt 0.12083 0.525
vt 0.0875 0.725
vt 0.12083 0.725
vt 0.12083 0.525
vt 0.12083 0.525
vt 0.12083 0.725
vt 0.15417 0.525
vt 0.12083 0.725
vt 0.15417 0.725
vt 0.15417 0.525
vt 0.05417 0.525
vt 0.05417 0.725
vt 0.0875 0.525
vt 0.05417 0.725
vt 0.0875 0.725
vt 0.0875 0.525
vt 0.87625 0.025
vt 0.87625 0.225
vt 0.87625 0.225
vt 0.87625 0.025
vt 0.87625 0.025
vt 0.87625 0.225
vt 0.87625 0.025
vt 0.87625 0.225
vt 0.87625 0.225
vt 0.87625 0.025
vt 0.87625 0.025
vt 0.87625 0.225
vt 0.87625 0.025
vt 0.87625 0.225
vt 0.87625 0.225
vt 0.87625 0.025
vt 0.87625 0.025
vt 0.87625 0.225
vt 0.87625 0.025
vt 0.87625 0.225
vt 0.87625 0.025
vt 0.87625 0.225
vt 0.87625 0.225
vt 0.87625 0.025
vt 0.87625 0.025
vt 0.87625 0.225
vt 0.87625 0.025
vt 0.87625 0.225
vt 0.87625 0.225
vt 0.87625 0.025
vt 0.87625 0.025
vt 0.87625 0.225
vt 0.87625 0.025
vt 0.87625 0.225
vt 0.87625 0.225
vt 0.87625 0.025
vt 0.175 0.275
vt 0.175 0.475
vt 0.20833 0.475
vt 0.20833 0.275
vt 0.175 0.275
vt 0.20833 0.475
vt 0.20833 0.275
vt 0.20833 0.475
vt 0.24167 0.475
vt 0.24167 0.275
vt 0.20833 0.275
vt 0.24167 0.475
vt 0.14167 0.275
vt 0.14167 0.475
vt 0.175 0.475
vt 0.175 0.275
vt 0.14167 0.275
vt 0.175 0.475
vt 0.175 0.275
vt 0.175 0.475
vt 0.20833 0.275
vt 0.175 0.475
vt 0.20833 0.475
vt 0.20833 0.275
vt 0.20833 0.275
vt 0.20833 0.475
vt 0.24167 0.275
vt 0.20833 0.475
vt 0.24167 0.475
vt 0.24167 0.275
vt 0.14167 0.275
vt 0.14167 0.475
vt 0.175 0.275
vt 0.14167 0.475
vt 0.175 0.475
vt 0.175 0.275
vt 0.5625 0.775
vt 0.5625 0.975
vt 0.59583 0.975
vt 0.59583 0.775
vt 0.5625 0.775
vt 0.59583 0.975
vt 0.59583 0.775
vt 0.59583 0.975
vt 0.62917 0.975
vt 0.62917 0.775
vt 0.59583 0.775
vt 0.62917 0.975
vt 0.52917 0.775
vt 0.52917 0.975
vt 0.5625 0.975
vt 0.5625 0.775
vt 0.52917 0.775
vt 0.5625 0.975
vt 0.5625 0.775
vt 0.5625 0.975
vt 0.59583 0.775
vt 0.5625 0.975
vt 0.59583 0.975
vt 0.59583 0.775
vt 0.59583 0.775
vt 0.59583 0.975
vt 0.62917 0.775
vt 0.59583 0.975
vt 0.62917 0.975
vt 0.62917 0.775
vt 0.52917 0.775
vt 0.52917 0.975
vt 0.5625 0.775
vt 0.52917 0.975
vt 0.5625 0.975
vt 0.5625 0.775
vt 0.87625 0.025
vt 0.87625 0.225
vt 0.87625 0.225
vt 0.87625 0.025
vt 0.87625 0.025
vt 0.87625 0.225
vt 0.87625 0.025
vt 0.87625 0.225
vt 0.87625 0.225
vt 0.87625 0.025
vt 0.87625 0.025
vt 0.87625 0.225
vt 0.87625 0.025
vt 0.87625 0.225
vt 0.87625 0.225
vt 0.87625 0.025
vt 0.87625 0.025
vt 0.87625 0.225
vt 0.87625 0.025
vt 0.87625 0.225
vt 0.87625 0.025
vt 0.87625 0.225
vt 0.87625 0.225
vt 0.87625 0.025
vt 0.87625 0.025
vt 0.87625 0.225
vt 0.87625 0.025
vt 0.87625 0.225
vt 0.87625 0.225
vt 0.87625 0.025
vt 0.87625 0.025
vt 0.87625 0.225
vt 0.87625 0.025
vt 0.87625 0.225
vt 0.87625 0.225
vt 0.87625 0.025
vt 0.6875 0.525
vt 0.6875 0.725
vt 0.72083 0.725
vt 0.72083 0.525
vt 0.6875 0.525
vt 0.72083 0.725
vt 0.72083 0.525
vt 0.72083 0.725
vt 0.75417 0.725
vt 0.75417 0.525
vt 0.72083 0.525
vt 0.75417 0.725
vt 0.65417 0.525
vt 0.65417 0.725
vt 0.6875 0.725
vt 0.6875 0.525
vt 0.65417 0.525
vt 0.6875 0.725
vt 0.6875 0.525
vt 0.6875 0.725
vt 0.72083 0.525
vt 0.6875 0.725
vt 0.72083 0.725
vt 0.72083 0.525
vt 0.72083 0.525
vt 0.72083 0.725
vt 0.75417 0.525
vt 0.72083 0.725
vt 0.75417 0.725
vt 0.75417 0.525
vt 0.65417 0.525
vt 0.65417 0.725
vt 0.6875 0.525
vt 0.65417 0.725
vt 0.6875 0.725
vt 0.6875 0.525
vt 0.56125 0.775
vt 0.56125 0.975
vt 0.59458 0.975
vt 0.59458 0.775
vt 0.56125 0.775
vt 0.59458 0.975
vt 0.59458 0.775
vt 0.59458 0.975
vt 0.62792 0.975
vt 0.62792 0.775
vt 0.59458 0.775
vt 0.62792 0.975
vt 0.52792 0.775
vt 0.52792 0.975
vt 0.56125 0.975
vt 0.56125 0.775
vt 0.52792 0.775
vt 0.56125 0.975
vt 0.56125 0.775
vt 0.56125 0.975
vt 0.59458 0.775
vt 0.56125 0.975
vt 0.59458 0.975
vt 0.59458 0.775
vt 0.59458 0.775
vt 0.59458 0.975
vt 0.62792 0.775
vt 0.59458 0.975
vt 0.62792 0.975
vt 0.62792 0.775
vt 0.52792 0.775
vt 0.52792 0.975
vt 0.56125 0.775
vt 0.52792 0.975
vt 0.56125 0.975
vt 0.56125 0.775
vt 0.56125 0.775
vt 0.56125 0.975
vt 0.59458 0.975
vt 0.59458 0.775
vt 0.56125 0.775
vt 0.59458 0.975
vt 0.59458 0.775
vt 0.59458 0.975
vt 0.62792 0.975
vt 0.62792 0.775
vt 0.59458 0.775
vt 0.62792 0.975
vt 0.52792 0.775
vt 0.52792 0.975
vt 0.56125 0.975
vt 0.56125 0.775
vt 0.52792 0.775
vt 0.56125 0.975
vt 0.56125 0.775
vt 0.56125 0.975
vt 0.59458 0.775
vt 0.56125 0.975
vt 0.59458 0.975
vt 0.59458 0.775
vt 0.59458 0.775
vt 0.59458 0.975
vt 0.62792 0.775
vt 0.59458 0.975
vt 0.62792 0.975
vt 0.62792 0.775
vt 0.52792 0.775
vt 0.52792 0.975
vt 0.56125 0.775
vt 0.52792 0.975
vt 0.56125 0.975
vt 0.56125 0.775
vt 0.56125 0.775
vt 0.56125 0.975
vt 0.59458 0.975
vt 0.59458 0.775
vt 0.56125 0.775
vt 0.59458 0.975
vt 0.59458 0.775
vt 0.59458 0.975
vt 0.62792 0.975
vt 0.62792 0.775
vt 0.59458 0.775
vt 0.62792 0.975
vt 0.52792 0.775
vt 0.52792 0.975
vt 0.56125 0.975
vt 0.56125 0.775
vt 0.52792 0.775
vt 0.56125 0.975
vt 0.56125 0.775
vt 0.56125 0.975
vt 0.59458 0.775
vt 0.56125 0.975
vt 0.59458 0.975
vt 0.59458 0.775
vt 0.59458 0.775
vt 0.59458 0.975
vt 0.62792 0.775
vt 0.59458 0.975
vt 0.62792 0.975
vt 0.62792 0.775
vt 0.52792 0.775
vt 0.52792 0.975
vt 0.56125 0.775
vt 0.52792 0.975
vt 0.56125 0.975
vt 0.56125 0.775
vt 0.56125 0.775
vt 0.56125 0.975
vt 0.59458 0.975
vt 0.59458 0.775
vt 0.56125 0.775
vt 0.59458 0.975
vt 0.59458 0.775
vt 0.59458 0.975
vt 0.62792 0.975
vt 0.62792 0.775
vt 0.59458 0.775
vt 0.62792 0.975
vt 0.52792 0.775
vt 0.52792 0.975
vt 0.56125 0.975
vt 0.56125 0.775
vt 0.52792 0.775
vt 0.56125 0.975
vt 0.56125 0.775
vt 0.56125 0.975
vt 0.59458 0.775
vt 0.56125 0.975
vt 0.59458 0.975
vt 0.59458 0.775
vt 0.59458 0.775
vt 0.59458 0.975
vt 0.62792 0.775
vt 0.59458 0.975
vt 0.62792 0.975
vt 0.62792 0.775
vt 0.52792 0.775
vt 0.52792 0.975
vt 0.56125 0.775
vt 0.52792 0.975
vt 0.56125 0.975
vt 0.56125 0.775
vt 0.5625 0.775
vt 0.5625 0.975
vt 0.59583 0.975
vt 0.59583 0.775
vt 0.5625 0.775
vt 0.59583 0.975
vt 0.59583 0.775
vt 0.59583 0.975
vt 0.62917 0.975
vt 0.62917 0.775
vt 0.59583 0.775
vt 0.62917 0.975
vt 0.52917 0.775
vt 0.52917 0.975
vt 0.5625 0.975
vt 0.5625 0.775
vt 0.52917 0.775
vt 0.5625 0.975
vt 0.5625 0.775
vt 0.5625 0.975
vt 0.59583 0.775
vt 0.5625 0.975
vt 0.59583 0.975
vt 0.59583 0.775
vt 0.59583 0.775
vt 0.59583 0.975
vt 0.62917 0.775
vt 0.59583 0.975
vt 0.62917 0.975
vt 0.62917 0.775
vt 0.52917 0.775
vt 0.52917 0.975
vt 0.5625 0.775
vt 0.52917 0.975
vt 0.5625 0.975
vt 0.5625 0.775
vt 0.87625 0.025
vt 0.87625 0.225
vt 0.87625 0.225
vt 0.87625 0.025
vt 0.87625 0.025
vt 0.87625 0.225
vt 0.87625 0.025
vt 0.87625 0.225
vt 0.87625 0.225
vt 0.87625 0.025
vt 0.87625 0.025
vt 0.87625 0.225
vt 0.87625 0.025
vt 0.87625 0.225
vt 0.87625 0.225
vt 0.87625 0.025
vt 0.87625 0.025
vt 0.87625 0.225
vt 0.87625 0.025
vt 0.87625 0.225
vt 0.87625 0.025
vt 0.87625 0.225
vt 0.87625 0.225
vt 0.87625 0.025
vt 0.87625 0.025
vt 0.87625 0.225
vt 0.87625 0.025
vt 0.87625 0.225
vt 0.87625 0.225
vt 0.87625 0.025
vt 0.87625 0.025
vt 0.87625 0.225
vt 0.87625 0.025
vt 0.87625 0.225
vt 0.87625 0.225
vt 0.87625 0.025
vt 0.6875 0.525
vt 0.6875 0.725
vt 0.72083 0.725
vt 0.72083 0.525
vt 0.6875 0.525
vt 0.72083 0.725
vt 0.72083 0.525
vt 0.72083 0.725
vt 0.75417 0.725
vt 0.75417 0.525
vt 0.72083 0.525
vt 0.75417 0.725
vt 0.65417 0.525
vt 0.65417 0.725
vt 0.6875 0.725
vt 0.6875 0.525
vt 0.65417 0.525
vt 0.6875 0.725
vt 0.6875 0.525
vt 0.6875 0.725
vt 0.72083 0.525
vt 0.6875 0.725
vt 0.72083 0.725
vt 0.72083 0.525
vt 0.72083 0.525
vt 0.72083 0.725
vt 0.75417 0.525
vt 0.72083 0.725
vt 0.75417 0.725
vt 0.75417 0.525
vt 0.65417 0.525
vt 0.65417 0.725
vt 0.6875 0.525
vt 0.65417 0.725
vt 0.6875 0.725
vt 0.6875 0.525
vt 0.56125 0.775
vt 0.56125 0.975
vt 0.59458 0.975
vt 0.59458 0.775
vt 0.56125 0.775
vt 0.59458 0.975
vt 0.59458 0.775
vt 0.59458 0.975
vt 0.62792 0.975
vt 0.62792 0.775
vt 0.59458 0.775
vt 0.62792 0.975
vt 0.52792 0.775
vt 0.52792 0.975
vt 0.56125 0.975
vt 0.56125 0.775
vt 0.52792 0.775
vt 0.56125 0.975
vt 0.56125 0.775
vt 0.56125 0.975
vt 0.59458 0.775
vt 0.56125 0.975
vt 0.59458 0.975
vt 0.59458 0.775
vt 0.59458 0.775
vt 0.59458 0.975
vt 0.62792 0.775
vt 0.59458 0.975
vt 0.62792 0.975
vt 0.62792 0.775
vt 0.52792 0.775
vt 0.52792 0.975
vt 0.56125 0.775
vt 0.52792 0.975
vt 0.56125 0.975
vt 0.56125 0.775
vt 0.56125 0.775
vt 0.56125 0.975
vt 0.59458 0.975
vt 0.59458 0.775
vt 0.56125 0.775
vt 0.59458 0.975
vt 0.59458 0.775
vt 0.59458 0.975
vt 0.62792 0.975
vt 0.62792 0.775
vt 0.59458 0.775
vt 0.62792 0.975
vt 0.52792 0.775
vt 0.52792 0.975
vt 0.56125 0.975
vt 0.56125 0.775
vt 0.52792 0.775
vt 0.56125 0.975
vt 0.56125 0.775
vt 0.56125 0.975
vt 0.59458 0.775
vt 0.56125 0.975
vt 0.59458 0.975
vt 0.59458 0.775
vt 0.59458 0.775
vt 0.59458 0.975
vt 0.62792 0.775
vt 0.59458 0.975
vt 0.62792 0.975
vt 0.62792 0.775
vt 0.52792 0.775
vt 0.52792 0.975
vt 0.56125 0.775
vt 0.52792 0.975
vt 0.56125 0.975
vt 0.56125 0.775
vt 0.56125 0.775
vt 0.56125 0.975
vt 0.59458 0.975
vt 0.59458 0.775
vt 0.56125 0.775
vt 0.59458 0.975
vt 0.59458 0.775
vt 0.59458 0.975
vt 0.62792 0.975
vt 0.62792 0.775
vt 0.59458 0.775
vt 0.62792 0.975
vt 0.52792 0.775
vt 0.52792 0.975
vt 0.56125 0.975
vt 0.56125 0.775
vt 0.52792 0.775
vt 0.56125 0.975
vt 0.56125 0.775
vt 0.56125 0.975
vt 0.59458 0.775
vt 0.56125 0.975
vt 0.59458 0.975
vt 0.59458 0.775
vt 0.59458 0.775
vt 0.59458 0.975
vt 0.62792 0.775
vt 0.59458 0.975
vt 0.62792 0.975
vt 0.62792 0.775
vt 0.52792 0.775
vt 0.52792 0.975
vt 0.56125 0.775
vt 0.52792 0.975
vt 0.56125 0.975
vt 0.56125 0.775
vt 0.56125 0.775
vt 0.56125 0.975
vt 0.59458 0.975
vt 0.59458 0.775
vt 0.56125 0.775
vt 0.59458 0.975
vt 0.59458 0.775
vt 0.59458 0.975
vt 0.62792 0.975
vt 0.62792 0.775
vt 0.59458 0.775
vt 0.62792 0.975
vt 0.52792 0.775
vt 0.52792 0.975
vt 0.56125 0.975
vt 0.56125 0.775
vt 0.52792 0.775
vt 0.56125 0.975
vt 0.56125 0.775
vt 0.56125 0.975
vt 0.59458 0.775
vt 0.56125 0.975
vt 0.59458 0.975
vt 0.59458 0.775
vt 0.59458 0.775
vt 0.59458 0.975
vt 0.62792 0.775
vt 0.59458 0.975
vt 0.62792 0.975
vt 0.62792 0.775
vt 0.52792 0.775
vt 0.52792 0.975
vt 0.56125 0.775
vt 0.52792 0.975
vt 0.56125 0.975
vt 0.56125 0.775
vt 0.55 0.775
vt 0.55 0.975
vt 0.58333 0.975
vt 0.58333 0.775
vt 0.55 0.775
vt 0.58333 0.975
vt 0.58333 0.775
vt 0.58333 0.975
vt 0.61667 0.975
vt 0.61667 0.775
vt 0.58333 0.775
vt 0.61667 0.975
vt 0.51667 0.775
vt 0.51667 0.975
vt 0.55 0.975
vt 0.55 0.775
vt 0.51667 0.775
vt 0.55 0.975
vt 0.55 0.775
vt 0.55 0.975
vt 0.58333 0.775
vt 0.55 0.975
vt 0.58333 0.975
vt 0.58333 0.775
vt 0.58333 0.775
vt 0.58333 0.975
vt 0.61667 0.775
vt 0.58333 0.975
vt 0.61667 0.975
vt 0.61667 0.775
vt 0.51667 0.775
vt 0.51667 0.975
vt 0.55 0.775
vt 0.51667 0.975
vt 0.55 0.975
vt 0.55 0.775
vt 0.175 0.775
vt 0.175 0.975
vt 0.20833 0.975
vt 0.20833 0.775
vt 0.175 0.775
vt 0.20833 0.975
vt 0.20833 0.775
vt 0.20833 0.975
vt 0.24167 0.975
vt 0.24167 0.775
vt 0.20833 0.775
vt 0.24167 0.975
vt 0.14167 0.775
vt 0.14167 0.975
vt 0.175 0.975
vt 0.175 0.775
vt 0.14167 0.775
vt 0.175 0.975
vt 0.175 0.775
vt 0.175 0.975
vt 0.20833 0.775
vt 0.175 0.975
vt 0.20833 0.975
vt 0.20833 0.775
vt 0.20833 0.775
vt 0.20833 0.975
vt 0.24167 0.775
vt 0.20833 0.975
vt 0.24167 0.975
vt 0.24167 0.775
vt 0.14167 0.775
vt 0.14167 0.975
vt 0.175 0.775
vt 0.14167 0.975
vt 0.175 0.975
vt 0.175 0.775
vt 0.0875 0.525
vt 0.0875 0.725
vt 0.12083 0.725
vt 0.12083 0.525
vt 0.0875 0.525
vt 0.12083 0.725
vt 0.12083 0.525
vt 0.12083 0.725
vt 0.15417 0.725
vt 0.15417 0.525
vt 0.12083 0.525
vt 0.15417 0.725
vt 0.05417 0.525
vt 0.05417 0.725
vt 0.0875 0.725
vt 0.0875 0.525
vt 0.05417 0.525
vt 0.0875 0.725
vt 0.0875 0.525
vt 0.0875 0.725
vt 0.12083 0.525
vt 0.0875 0.725
vt 0.12083 0.725
vt 0.12083 0.525
vt 0.12083 0.525
vt 0.12083 0.725
vt 0.15417 0.525
vt 0.12083 0.725
vt 0.15417 0.725
vt 0.15417 0.525
vt 0.05417 0.525
vt 0.05417 0.725
vt 0.0875 0.525
vt 0.05417 0.725
vt 0.0875 0.725
vt 0.0875 0.525
vt 0.0875 0.525
vt 0.0875 0.725
vt 0.12083 0.725
vt 0.12083 0.525
vt 0.0875 0.525
vt 0.12083 0.725
vt 0.12083 0.525
vt 0.12083 0.725
vt 0.15417 0.725
vt 0.15417 0.525
vt 0.12083 0.525
vt 0.15417 0.725
vt 0.05417 0.525
vt 0.05417 0.725
vt 0.0875 0.725
vt 0.0875 0.525
vt 0.05417 0.525
vt 0.0875 0.725
vt 0.0875 0.525
vt 0.0875 0.725
vt 0.12083 0.525
vt 0.0875 0.725
vt 0.12083 0.725
vt 0.12083 0.525
vt 0.12083 0.525
vt 0.12083 0.725
vt 0.15417 0.525
vt 0.12083 0.725
vt 0.15417 0.725
vt 0.15417 0.525
vt 0.05417 0.525
vt 0.05417 0.725
vt 0.0875 0.525
vt 0.05417 0.725
vt 0.0875 0.725
vt 0.0875 0.525
vt 0.55 0.775
vt 0.55 0.975
vt 0.58333 0.975
vt 0.58333 0.775
vt 0.55 0.775
vt 0.58333 0.975
vt 0.58333 0.775
vt 0.58333 0.975
vt 0.61667 0.975
vt 0.61667 0.775
vt 0.58333 0.775
vt 0.61667 0.975
vt 0.51667 0.775
vt 0.51667 0.975
vt 0.55 0.975
vt 0.55 0.775
vt 0.51667 0.775
vt 0.55 0.975
vt 0.55 0.775
vt 0.55 0.975
vt 0.58333 0.775
vt 0.55 0.975
vt 0.58333 0.975
vt 0.58333 0.775
vt 0.58333 0.775
vt 0.58333 0.975
vt 0.61667 0.775
vt 0.58333 0.975
vt 0.61667 0.975
vt 0.61667 0.775
vt 0.51667 0.775
vt 0.51667 0.975
vt 0.55 0.775
vt 0.51667 0.975
vt 0.55 0.975
vt 0.55 0.775
vt 0.175 0.775
vt 0.175 0.975
vt 0.20833 0.975
vt 0.20833 0.775
vt 0.175 0.775
vt 0.20833 0.975
vt 0.20833 0.775
vt 0.20833 0.975
vt 0.24167 0.975
vt 0.24167 0.775
vt 0.20833 0.775
vt 0.24167 0.975
vt 0.14167 0.775
vt 0.14167 0.975
vt 0.175 0.975
vt 0.175 0.775
vt 0.14167 0.775
vt 0.175 0.975
vt 0.175 0.775
vt 0.175 0.975
vt 0.20833 0.775
vt 0.175 0.975
vt 0.20833 0.975
vt 0.20833 0.775
vt 0.20833 0.775
vt 0.20833 0.975
vt 0.24167 0.775
vt 0.20833 0.975
vt 0.24167 0.975
vt 0.24167 0.775
vt 0.14167 0.775
vt 0.14167 0.975
vt 0.175 0.775
vt 0.14167 0.975
vt 0.175 0.975
vt 0.175 0.775
vt 0.0875 0.525
vt 0.0875 0.725
vt 0.12083 0.725
vt 0.12083 0.525
vt 0.0875 0.525
vt 0.12083 0.725
vt 0.12083 0.525
vt 0.12083 0.725
vt 0.15417 0.725
vt 0.15417 0.525
vt 0.12083 0.525
vt 0.15417 0.725
vt 0.05417 0.525
vt 0.05417 0.725
vt 0.0875 0.725
vt 0.0875 0.525
vt 0.05417 0.525
vt 0.0875 0.725
vt 0.0875 0.525
vt 0.0875 0.725
vt 0.12083 0.525
vt 0.0875 0.725
vt 0.12083 0.725
vt 0.12083 0.525
vt 0.12083 0.525
vt 0.12083 0.725
vt 0.15417 0.525
vt 0.12083 0.725
vt 0.15417 0.725
vt 0.15417 0.525
vt 0.05417 0.525
vt 0.05417 0.725
vt 0.0875 0.525
vt 0.05417 0.725
vt 0.0875 0.725
vt 0.0875 0.525
vt 0.0875 0.525
vt 0.0875 0.725
vt 0.12083 0.725
vt 0.12083 0.525
vt 0.0875 0.525
vt 0.12083 0.725
vt 0.12083 0.525
vt 0.12083 0.725
vt 0.15417 0.725
vt 0.15417 0.525
vt 0.12083 0.525
vt 0.15417 0.725
vt 0.05417 0.525
vt 0.05417 0.725
vt 0.0875 0.725
vt 0.0875 0.525
vt 0.05417 0.525
vt 0.0875 0.725
vt 0.0875 0.525
vt 0.0875 0.725
vt 0.12083 0.525
vt 0.0875 0.725
vt 0.12083 0.725
vt 0.12083 0.525
vt 0.12083 0.525
vt 0.12083 0.725
vt 0.15417 0.525
vt 0.12083 0.725
vt 0.15417 0.725
vt 0.15417 0.525
vt 0.05417 0.525
vt 0.05417 0.725
vt 0.0875 0.525
vt 0.05417 0.725
vt 0.0875 0.725
vt 0.0875 0.525
vt 0.5125 0.775
vt 0.5125 0.975
vt 0.6125 0.975
vt 0.6125 0.775
vt 0.5125 0.775
vt 0.6125 0.975
vt 0.5125 0.775
vt 0.5125 0.975
vt 0.6125 0.975
vt 0.6125 0.775
vt 0.5125 0.775
vt 0.6125 0.975
vt 0.5125 0.775
vt 0.5125 0.975
vt 0.6125 0.775
vt 0.5125 0.975
vt 0.6125 0.975
vt 0.6125 0.775
vt 0.5125 0.775
vt 0.5125 0.975
vt 0.6125 0.775
vt 0.5125 0.975
vt 0.6125 0.975
vt 0.6125 0.775
vt 0.1375 0.775
vt 0.1375 0.975
vt 0.2375 0.975
vt 0.2375 0.775
vt 0.1375 0.775
vt 0.2375 0.975
vt 0.1375 0.775
vt 0.1375 0.975
vt 0.2375 0.975
vt 0.2375 0.775
vt 0.1375 0.775
vt 0.2375 0.975
vt 0.1375 0.775
vt 0.1375 0.975
vt 0.2375 0.775
vt 0.1375 0.975
vt 0.2375 0.975
vt 0.2375 0.775
vt 0.1375 0.775
vt 0.1375 0.975
vt 0.2375 0.775
vt 0.1375 0.975
vt 0.2375 0.975
vt 0.2375 0.775
vt 0.5625 0.525
vt 0.5625 0.725
vt 0.6125 0.725
vt 0.6125 0.525
vt 0.5625 0.525
vt 0.6125 0.725
vt 0.5125 0.525
vt 0.5125 0.725
vt 0.5625 0.725
vt 0.5625 0.525
vt 0.5125 0.525
vt 0.5625 0.725
vt 0.5625 0.525
vt 0.5625 0.725
vt 0.6125 0.525
vt 0.5625 0.725
vt 0.6125 0.725
vt 0.6125 0.525
vt 0.5125 0.525
vt 0.5125 0.725
vt 0.5625 0.525
vt 0.5125 0.725
vt 0.5625 0.725
vt 0.5625 0.525
vt 0.3875 0.525
vt 0.3875 0.725
vt 0.4875 0.725
vt 0.4875 0.525
vt 0.3875 0.525
vt 0.4875 0.725
vt 0.3875 0.525
vt 0.3875 0.725
vt 0.4875 0.725
vt 0.4875 0.525
vt 0.3875 0.525
vt 0.4875 0.725
vt 0.3875 0.525
vt 0.3875 0.725
vt 0.4875 0.525
vt 0.3875 0.725
vt 0.4875 0.725
vt 0.4875 0.525
vt 0.3875 0.525
vt 0.3875 0.725
vt 0.4875 0.525
vt 0.3875 0.725
vt 0.4875 0.725
vt 0.4875 0.525
vt 0.87625 0.025
vt 0.87625 0.225
vt 0.87625 0.225
vt 0.87625 0.025
vt 0.87625 0.025
vt 0.87625 0.225
vt 0.87625 0.025
vt 0.87625 0.225
vt 0.87625 0.225
vt 0.87625 0.025
vt 0.87625 0.025
vt 0.87625 0.225
vt 0.87625 0.025
vt 0.87625 0.225
vt 0.87625 0.025
vt 0.87625 0.225
vt 0.87625 0.225
vt 0.87625 0.025
vt 0.87625 0.025
vt 0.87625 0.225
vt 0.87625 0.025
vt 0.87625 0.225
vt 0.87625 0.225
vt 0.87625 0.025
vt 0.87625 0.025
vt 0.87625 0.225
vt 0.87625 0.225
vt 0.87625 0.025
vt 0.87625 0.025
vt 0.87625 0.225
vt 0.87625 0.025
vt 0.87625 0.225
vt 0.87625 0.225
vt 0.87625 0.025
vt 0.87625 0.025
vt 0.87625 0.225
vt 0.87625 0.025
vt 0.87625 0.225
vt 0.87625 0.025
vt 0.87625 0.225
vt 0.87625 0.225
vt 0.87625 0.025
vt 0.87625 0.025
vt 0.87625 0.225
vt 0.87625 0.025
vt 0.87625 0.225
vt 0.87625 0.225
vt 0.87625 0.025
vt 0.5125 0.775
vt 0.5125 0.975
vt 0.6125 0.975
vt 0.6125 0.775
vt 0.5125 0.775
vt 0.6125 0.975
vt 0.5125 0.775
vt 0.5125 0.975
vt 0.6125 0.975
vt 0.6125 0.775
vt 0.5125 0.775
vt 0.6125 0.975
vt 0.5125 0.775
vt 0.5125 0.975
vt 0.6125 0.775
vt 0.5125 0.975
vt 0.6125 0.975
vt 0.6125 0.775
vt 0.5125 0.775
vt 0.5125 0.975
vt 0.6125 0.775
vt 0.5125 0.975
vt 0.6125 0.975
vt 0.6125 0.775
vt 0.1375 0.775
vt 0.1375 0.975
vt 0.2375 0.975
vt 0.2375 0.775
vt 0.1375 0.775
vt 0.2375 0.975
vt 0.1375 0.775
vt 0.1375 0.975
vt 0.2375 0.975
vt 0.2375 0.775
vt 0.1375 0.775
vt 0.2375 0.975
vt 0.1375 0.775
vt 0.1375 0.975
vt 0.2375 0.775
vt 0.1375 0.975
vt 0.2375 0.975
vt 0.2375 0.775
vt 0.1375 0.775
vt 0.1375 0.975
vt 0.2375 0.775
vt 0.1375 0.975
vt 0.2375 0.975
vt 0.2375 0.775
vt 0.5625 0.525
vt 0.5625 0.725
vt 0.6125 0.725
vt 0.6125 0.525
vt 0.5625 0.525
vt 0.6125 0.725
vt 0.5125 0.525
vt 0.5125 0.725
vt 0.5625 0.725
vt 0.5625 0.525
vt 0.5125 0.525
vt 0.5625 0.725
vt 0.5625 0.525
vt 0.5625 0.725
vt 0.6125 0.525
vt 0.5625 0.725
vt 0.6125 0.725
vt 0.6125 0.525
vt 0.5125 0.525
vt 0.5125 0.725
vt 0.5625 0.525
vt 0.5125 0.725
vt 0.5625 0.725
vt 0.5625 0.525
vt 0.3875 0.525
vt 0.3875 0.725
vt 0.4875 0.725
vt 0.4875 0.525
vt 0.3875 0.525
vt 0.4875 0.725
vt 0.3875 0.525
vt 0.3875 0.725
vt 0.4875 0.725
vt 0.4875 0.525
vt 0.3875 0.525
vt 0.4875 0.725
vt 0.3875 0.525
vt 0.3875 0.725
vt 0.4875 0.525
vt 0.3875 0.725
vt 0.4875 0.725
vt 0.4875 0.525
vt 0.3875 0.525
vt 0.3875 0.725
vt 0.4875 0.525
vt 0.3875 0.725
vt 0.4875 0.725
vt 0.4875 0.525
vt 0.87625 0.025
vt 0.87625 0.225
vt 0.87625 0.225
vt 0.87625 0.025
vt 0.87625 0.025
vt 0.87625 0.225
vt 0.87625 0.025
vt 0.87625 0.225
vt 0.87625 0.225
vt 0.87625 0.025
vt 0.87625 0.025
vt 0.87625 0.225
vt 0.87625 0.025
vt 0.87625 0.225
vt 0.87625 0.025
vt 0.87625 0.225
vt 0.87625 0.225
vt 0.87625 0.025
vt 0.87625 0.025
vt 0.87625 0.225
vt 0.87625 0.025
vt 0.87625 0.225
vt 0.87625 0.225
vt 0.87625 0.025
vt 0.87625 0.025
vt 0.87625 0.225
vt 0.87625 0.225
vt 0.87625 0.025
vt 0.87625 0.025
vt 0.87625 0.225
vt 0.87625 0.025
vt 0.87625 0.225
vt 0.87625 0.225
vt 0.87625 0.025
vt 0.87625 0.025
vt 0.87625 0.225
vt 0.87625 0.025
vt 0.87625 0.225
vt 0.87625 0.025
vt 0.87625 0.225
vt 0.87625 0.225
vt 0.87625 0.025
vt 0.87625 0.025
vt 0.87625 0.225
vt 0.87625 0.025
vt 0.87625 0.225
vt 0.87625 0.225
vt 0.87625 0.025
vt 0.87625 0.025
vt 0.87625 0.225
vt 0.87625 0.225
vt 0.87625 0.025
vt 0.87625 0.025
vt 0.87625 0.225
vt 0.87625 0.025
vt 0.87625 0.225
vt 0.87625 0.225
vt 0.87625 0.025
vt 0.87625 0.025
vt 0.87625 0.225
vt 0.87625 0.025
vt 0.87625 0.225
vt 0.87625 0.025
vt 0.87625 0.225
vt 0.87625 0.225
vt 0.87625 0.025
vt 0.87625 0.025
vt 0.87625 0.225
vt 0.87625 0.025
vt 0.87625 0.225
vt 0.87625 0.225
vt 0.87625 0.025
vt 0.87625 0.025
vt 0.87625 0.225
vt 0.87625 0.225
vt 0.87625 0.025
vt 0.87625 0.025
vt 0.87625 0.225
vt 0.87625 0.025
vt 0.87625 0.225
vt 0.87625 0.225
vt 0.87625 0.025
vt 0.87625 0.025
vt 0.87625 0.225
vt 0.87625 0.025
vt 0.87625 0.225
vt 0.87625 0.025
vt 0.87625 0.225
vt 0.87625 0.225
vt 0.87625 0.025
vt 0.87625 0.025
vt 0.87625 0.225
vt 0.87625 0.025
vt 0.87625 0.225
vt 0.87625 0.225
vt 0.87625 0.025
vt 0.87625 0.025
vt 0.87625 0.225
vt 0.87625 0.225
vt 0.87625 0.025
vt 0.87625 0.025
vt 0.87625 0.225
vt 0.87625 0.025
vt 0.87625 0.225
vt 0.87625 0.225
vt 0.87625 0.025
vt 0.87625 0.025
vt 0.87625 0.225
vt 0.87625 0.025
vt 0.87625 0.225
vt 0.87625 0.025
vt 0.87625 0.225
vt 0.87625 0.225
vt 0.87625 0.025
vt 0.87625 0.025
vt 0.87625 0.225
vt 0.87625 0.025
vt 0.87625 0.225
vt 0.87625 0.225
vt 0.87625 0.025
vt 0.87625 0.025
vt 0.87625 0.225
vt 0.87625 0.225
vt 0.87625 0.025
vt 0.87625 0.025
vt 0.87625 0.225
vt 0.87625 0.025
vt 0.87625 0.225
vt 0.87625 0.225
vt 0.87625 0.025
vt 0.87625 0.025
vt 0.87625 0.225
vt 0.87625 0.025
vt 0.87625 0.225
vt 0.87625 0.025
vt 0.87625 0.225
vt 0.87625 0.225
vt 0.87625 0.025
vt 0.87625 0.025
vt 0.87625 0.225
vt 0.87625 0.025
vt 0.87625 0.225
vt 0.87625 0.225
vt 0.87625 0.025
vt 0.87625 0.025
vt 0.87625 0.225
vt 0.87625 0.225
vt 0.87625 0.025
vt 0.87625 0.025
vt 0.87625 0.225
vt 0.87625 0.025
vt 0.87625 0.225
vt 0.87625 0.225
vt 0.87625 0.025
vt 0.87625 0.025
vt 0.87625 0.225
vt 0.87625 0.025
vt 0.87625 0.225
vt 0.87625 0.025
vt 0.87625 0.225
vt 0.87625 0.225
vt 0.87625 0.025
vt 0.87625 0.025
vt 0.87625 0.225
vt 0.87625 0.025
vt 0.87625 0.225
vt 0.87625 0.225
vt 0.87625 0.025
vt 0.87625 0.025
vt 0.87625 0.225
vt 0.87625 0.225
vt 0.87625 0.025
vt 0.87625 0.025
vt 0.87625 0.225
vt 0.87625 0.025
vt 0.87625 0.225
vt 0.87625 0.225
vt 0.87625 0.025
vt 0.87625 0.025
vt 0.87625 0.225
vt 0.87625 0.025
vt 0.87625 0.225
vt 0.87625 0.025
vt 0.87625 0.225
vt 0.87625 0.225
vt 0.87625 0.025
vt 0.87625 0.025
vt 0.87625 0.225
vt 0.87625 0.025
vt 0.87625 0.225
vt 0.87625 0.225
vt 0.87625 0.025
vt 0.55 0.775
vt 0.55 0.975
vt 0.58333 0.975
vt 0.58333 0.775
vt 0.55 0.775
vt 0.58333 0.975
vt 0.58333 0.775
vt 0.58333 0.975
vt 0.61667 0.975
vt 0.61667 0.775
vt 0.58333 0.775
vt 0.61667 0.975
vt 0.51667 0.775
vt 0.51667 0.975
vt 0.55 0.975
vt 0.55 0.775
vt 0.51667 0.775
vt 0.55 0.975
vt 0.55 0.775
vt 0.55 0.975
vt 0.58333 0.775
vt 0.55 0.975
vt 0.58333 0.975
vt 0.58333 0.775
vt 0.58333 0.775
vt 0.58333 0.975
vt 0.61667 0.775
vt 0.58333 0.975
vt 0.61667 0.975
vt 0.61667 0.775
vt 0.51667 0.775
vt 0.51667 0.975
vt 0.55 0.775
vt 0.51667 0.975
vt 0.55 0.975
vt 0.55 0.775
vt 0.55 0.775
vt 0.55 0.975
vt 0.58333 0.975
vt 0.58333 0.775
vt 0.55 0.775
vt 0.58333 0.975
vt 0.58333 0.775
vt 0.58333 0.975
vt 0.61667 0.975
vt 0.61667 0.775
vt 0.58333 0.775
vt 0.61667 0.975
vt 0.51667 0.775
vt 0.51667 0.975
vt 0.55 0.975
vt 0.55 0.775
vt 0.51667 0.775
vt 0.55 0.975
vt 0.55 0.775
vt 0.55 0.975
vt 0.58333 0.775
vt 0.55 0.975
vt 0.58333 0.975
vt 0.58333 0.775
vt 0.58333 0.775
vt 0.58333 0.975
vt 0.61667 0.775
vt 0.58333 0.975
vt 0.61667 0.975
vt 0.61667 0.775
vt 0.51667 0.775
vt 0.51667 0.975
vt 0.55 0.775
vt 0.51667 0.975
vt 0.55 0.975
vt 0.55 0.775
vt 0.175 0.275
vt 0.175 0.475
vt 0.20833 0.475
vt 0.20833 0.275
vt 0.175 0.275
vt 0.20833 0.475
vt 0.20833 0.275
vt 0.20833 0.475
vt 0.24167 0.475
vt 0.24167 0.275
vt 0.20833 0.275
vt 0.24167 0.475
vt 0.14167 0.275
vt 0.14167 0.475
vt 0.175 0.475
vt 0.175 0.275
vt 0.14167 0.275
vt 0.175 0.475
vt 0.175 0.275
vt 0.175 0.475
vt 0.20833 0.275
vt 0.175 0.475
vt 0.20833 0.475
vt 0.20833 0.275
vt 0.20833 0.275
vt 0.20833 0.475
vt 0.24167 0.275
vt 0.20833 0.475
vt 0.24167 0.475
vt 0.24167 0.275
vt 0.14167 0.275
vt 0.14167 0.475
vt 0.175 0.275
vt 0.14167 0.475
vt 0.175 0.475
vt 0.175 0.275
vt 0.55 0.775
vt 0.55 0.975
vt 0.58333 0.975
vt 0.58333 0.775
vt 0.55 0.775
vt 0.58333 0.975
vt 0.58333 0.775
vt 0.58333 0.975
vt 0.61667 0.975
vt 0.61667 0.775
vt 0.58333 0.775
vt 0.61667 0.975
vt 0.51667 0.775
vt 0.51667 0.975
vt 0.55 0.975
vt 0.55 0.775
vt 0.51667 0.775
vt 0.55 0.975
vt 0.55 0.775
vt 0.55 0.975
vt 0.58333 0.775
vt 0.55 0.975
vt 0.58333 0.975
vt 0.58333 0.775
vt 0.58333 0.775
vt 0.58333 0.975
vt 0.61667 0.775
vt 0.58333 0.975
vt 0.61667 0.975
vt 0.61667 0.775
vt 0.51667 0.775
vt 0.51667 0.975
vt 0.55 0.775
vt 0.51667 0.975
vt 0.55 0.975
vt 0.55 0.775
vt 0.55 0.775
vt 0.55 0.975
vt 0.58333 0.975
vt 0.58333 0.775
vt 0.55 0.775
vt 0.58333 0.975
vt 0.58333 0.775
vt 0.58333 0.975
vt 0.61667 0.975
vt 0.61667 0.775
vt 0.58333 0.775
vt 0.61667 0.975
vt 0.51667 0.775
vt 0.51667 0.975
vt 0.55 0.975
vt 0.55 0.775
vt 0.51667 0.775
vt 0.55 0.975
vt 0.55 0.775
vt 0.55 0.975
vt 0.58333 0.775
vt 0.55 0.975
vt 0.58333 0.975
vt 0.58333 0.775
vt 0.58333 0.775
vt 0.58333 0.975
vt 0.61667 0.775
vt 0.58333 0.975
vt 0.61667 0.975
vt 0.61667 0.775
vt 0.51667 0.775
vt 0.51667 0.975
vt 0.55 0.775
vt 0.51667 0.975
vt 0.55 0.975
vt 0.55 0.775
vt 0.55 0.775
vt 0.55 0.975
vt 0.58333 0.975
vt 0.58333 0.775
vt 0.55 0.775
vt 0.58333 0.975
vt 0.58333 0.775
vt 0.58333 0.975
vt 0.61667 0.975
vt 0.61667 0.775
vt 0.58333 0.775
vt 0.61667 0.975
vt 0.51667 0.775
vt 0.51667 0.975
vt 0.55 0.975
vt 0.55 0.775
vt 0.51667 0.775
vt 0.55 0.975
vt 0.55 0.775
vt 0.55 0.975
vt 0.58333 0.775
vt 0.55 0.975
vt 0.58333 0.975
vt 0.58333 0.775
vt 0.58333 0.775
vt 0.58333 0.975
vt 0.61667 0.775
vt 0.58333 0.975
vt 0.61667 0.975
vt 0.61667 0.775
vt 0.51667 0.775
vt 0.51667 0.975
vt 0.55 0.775
vt 0.51667 0.975
vt 0.55 0.975
vt 0.55 0.775
vt 0.175 0.275
vt 0.175 0.475
vt 0.20833 0.475
vt 0.20833 0.275
vt 0.175 0.275
vt 0.20833 0.475
vt 0.20833 0.275
vt 0.20833 0.475
vt 0.24167 0.475
vt 0.24167 0.275
vt 0.20833 0.275
vt 0.24167 0.475
vt 0.14167 0.275
vt 0.14167 0.475
vt 0.175 0.475
vt 0.175 0.275
vt 0.14167 0.275
vt 0.175 0.475
vt 0.175 0.275
vt 0.175 0.475
vt 0.20833 0.275
vt 0.175 0.475
vt 0.20833 0.475
vt 0.20833 0.275
vt 0.20833 0.275
vt 0.20833 0.475
vt 0.24167 0.275
vt 0.20833 0.475
vt 0.24167 0.475
vt 0.24167 0.275
vt 0.14167 0.275
vt 0.14167 0.475
vt 0.175 0.275
vt 0.14167 0.475
vt 0.175 0.475
vt 0.175 0.275
vt 0.55 0.775
vt 0.55 0.975
vt 0.58333 0.975
vt 0.58333 0.775
vt 0.55 0.775
vt 0.58333 0.975
vt 0.58333 0.775
vt 0.58333 0.975
vt 0.61667 0.975
vt 0.61667 0.775
vt 0.58333 0.775
vt 0.61667 0.975
vt 0.51667 0.775
vt 0.51667 0.975
vt 0.55 0.975
vt 0.55 0.775
vt 0.51667 0.775
vt 0.55 0.975
vt 0.55 0.775
vt 0.55 0.975
vt 0.58333 0.775
vt 0.55 0.975
vt 0.58333 0.975
vt 0.58333 0.775
vt 0.58333 0.775
vt 0.58333 0.975
vt 0.61667 0.775
vt 0.58333 0.975
vt 0.61667 0.975
vt 0.61667 0.775
vt 0.51667 0.775
vt 0.51667 0.975
vt 0.55 0.775
vt 0.51667 0.975
vt 0.55 0.975
vt 0.55 0.775
vt 0.5625 0.775
vt 0.5625 0.975
vt 0.5825 0.975
vt 0.5825 0.775
vt 0.5625 0.775
vt 0.5825 0.975
vt 0.5825 0.775
vt 0.5825 0.975
vt 0.6025 0.975
vt 0.6025 0.775
vt 0.5825 0.775
vt 0.6025 0.975
vt 0.6025 0.775
vt 0.6025 0.975
vt 0.6225 0.975
vt 0.6225 0.775
vt 0.6025 0.775
vt 0.6225 0.975
vt 0.5225 0.775
vt 0.5225 0.975
vt 0.5425 0.975
vt 0.5425 0.775
vt 0.5225 0.775
vt 0.5425 0.975
vt 0.5425 0.775
vt 0.5425 0.975
vt 0.5625 0.975
vt 0.5625 0.775
vt 0.5425 0.775
vt 0.5625 0.975
vt 0.5625 0.775
vt 0.5625 0.975
vt 0.5825 0.775
vt 0.5625 0.975
vt 0.5825 0.975
vt 0.5825 0.775
vt 0.5825 0.775
vt 0.5825 0.975
vt 0.6025 0.775
vt 0.5825 0.975
vt 0.6025 0.975
vt 0.6025 0.775
vt 0.6025 0.775
vt 0.6025 0.975
vt 0.6225 0.775
vt 0.6025 0.975
vt 0.6225 0.975
vt 0.6225 0.775
vt 0.5225 0.775
vt 0.5225 0.975
vt 0.5425 0.775
vt 0.5225 0.975
vt 0.5425 0.975
vt 0.5425 0.775
vt 0.5425 0.775
vt 0.5425 0.975
vt 0.5625 0.775
vt 0.5425 0.975
vt 0.5625 0.975
vt 0.5625 0.775
vt 0.87625 0.025
vt 0.87625 0.225
vt 0.87625 0.225
vt 0.87625 0.025
vt 0.87625 0.025
vt 0.87625 0.225
vt 0.87625 0.025
vt 0.87625 0.225
vt 0.87625 0.225
vt 0.87625 0.025
vt 0.87625 0.025
vt 0.87625 0.225
vt 0.87625 0.025
vt 0.87625 0.225
vt 0.87625 0.225
vt 0.87625 0.025
vt 0.87625 0.025
vt 0.87625 0.225
vt 0.87625 0.025
vt 0.87625 0.225
vt 0.87625 0.225
vt 0.87625 0.025
vt 0.87625 0.025
vt 0.87625 0.225
vt 0.87625 0.025
vt 0.87625 0.225
vt 0.87625 0.225
vt 0.87625 0.025
vt 0.87625 0.025
vt 0.87625 0.225
vt 0.87625 0.025
vt 0.87625 0.225
vt 0.87625 0.025
vt 0.87625 0.225
vt 0.87625 0.225
vt 0.87625 0.025
vt 0.87625 0.025
vt 0.87625 0.225
vt 0.87625 0.025
vt 0.87625 0.225
vt 0.87625 0.225
vt 0.87625 0.025
vt 0.87625 0.025
vt 0.87625 0.225
vt 0.87625 0.025
vt 0.87625 0.225
vt 0.87625 0.225
vt 0.87625 0.025
vt 0.87625 0.025
vt 0.87625 0.225
vt 0.87625 0.025
vt 0.87625 0.225
vt 0.87625 0.225
vt 0.87625 0.025
vt 0.87625 0.025
vt 0.87625 0.225
vt 0.87625 0.025
vt 0.87625 0.225
vt 0.87625 0.225
vt 0.87625 0.025
vt 0.3125 0.275
vt 0.3125 0.475
vt 0.3325 0.475
vt 0.3325 0.275
vt 0.3125 0.275
vt 0.3325 0.475
vt 0.3325 0.275
vt 0.3325 0.475
vt 0.3525 0.475
vt 0.3525 0.275
vt 0.3325 0.275
vt 0.3525 0.475
vt 0.3525 0.275
vt 0.3525 0.475
vt 0.3725 0.475
vt 0.3725 0.275
vt 0.3525 0.275
vt 0.3725 0.475
vt 0.2725 0.275
vt 0.2725 0.475
vt 0.2925 0.475
vt 0.2925 0.275
vt 0.2725 0.275
vt 0.2925 0.475
vt 0.2925 0.275
vt 0.2925 0.475
vt 0.3125 0.475
vt 0.3125 0.275
vt 0.2925 0.275
vt 0.3125 0.475
vt 0.3125 0.275
vt 0.3125 0.475
vt 0.3325 0.275
vt 0.3125 0.475
vt 0.3325 0.475
vt 0.3325 0.275
vt 0.3325 0.275
vt 0.3325 0.475
vt 0.3525 0.275
vt 0.3325 0.475
vt 0.3525 0.475
vt 0.3525 0.275
vt 0.3525 0.275
vt 0.3525 0.475
vt 0.3725 0.275
vt 0.3525 0.475
vt 0.3725 0.475
vt 0.3725 0.275
vt 0.2725 0.275
vt 0.2725 0.475
vt 0.2925 0.275
vt 0.2725 0.475
vt 0.2925 0.475
vt 0.2925 0.275
vt 0.2925 0.275
vt 0.2925 0.475
vt 0.3125 0.275
vt 0.2925 0.475
vt 0.3125 0.475
vt 0.3125 0.275
vt 0.1875 0.275
vt 0.1875 0.475
vt 0.2075 0.475
vt 0.2075 0.275
vt 0.1875 0.275
vt 0.2075 0.475
vt 0.2075 0.275
vt 0.2075 0.475
vt 0.2275 0.475
vt 0.2275 0.275
vt 0.2075 0.275
vt 0.2275 0.475
vt 0.2275 0.275
vt 0.2275 0.475
vt 0.2475 0.475
vt 0.2475 0.275
vt 0.2275 0.275
vt 0.2475 0.475
vt 0.1475 0.275
vt 0.1475 0.475
vt 0.1675 0.475
vt 0.1675 0.275
vt 0.1475 0.275
vt 0.1675 0.475
vt 0.1675 0.275
vt 0.1675 0.475
vt 0.1875 0.475
vt 0.1875 0.275
vt 0.1675 0.275
vt 0.1875 0.475
vt 0.1875 0.275
vt 0.1875 0.475
vt 0.2075 0.275
vt 0.1875 0.475
vt 0.2075 0.475
vt 0.2075 0.275
vt 0.2075 0.275
vt 0.2075 0.475
vt 0.2275 0.275
vt 0.2075 0.475
vt 0.2275 0.475
vt 0.2275 0.275
vt 0.2275 0.275
vt 0.2275 0.475
vt 0.2475 0.275
vt 0.2275 0.475
vt 0.2475 0.475
vt 0.2475 0.275
vt 0.1475 0.275
vt 0.1475 0.475
vt 0.1675 0.275
vt 0.1475 0.475
vt 0.1675 0.475
vt 0.1675 0.275
vt 0.1675 0.275
vt 0.1675 0.475
vt 0.1875 0.275
vt 0.1675 0.475
vt 0.1875 0.475
vt 0.1875 0.275
vt 0.5625 0.775
vt 0.5625 0.975
vt 0.5825 0.975
vt 0.5825 0.775
vt 0.5625 0.775
vt 0.5825 0.975
vt 0.5825 0.775
vt 0.5825 0.975
vt 0.6025 0.975
vt 0.6025 0.775
vt 0.5825 0.775
vt 0.6025 0.975
vt 0.6025 0.775
vt 0.6025 0.975
vt 0.6225 0.975
vt 0.6225 0.775
vt 0.6025 0.775
vt 0.6225 0.975
vt 0.5225 0.775
vt 0.5225 0.975
vt 0.5425 0.975
vt 0.5425 0.775
vt 0.5225 0.775
vt 0.5425 0.975
vt 0.5425 0.775
vt 0.5425 0.975
vt 0.5625 0.975
vt 0.5625 0.775
vt 0.5425 0.775
vt 0.5625 0.975
vt 0.5625 0.775
vt 0.5625 0.975
vt 0.5825 0.775
vt 0.5625 0.975
vt 0.5825 0.975
vt 0.5825 0.775
vt 0.5825 0.775
vt 0.5825 0.975
vt 0.6025 0.775
vt 0.5825 0.975
vt 0.6025 0.975
vt 0.6025 0.775
vt 0.6025 0.775
vt 0.6025 0.975
vt 0.6225 0.775
vt 0.6025 0.975
vt 0.6225 0.975
vt 0.6225 0.775
vt 0.5225 0.775
vt 0.5225 0.975
vt 0.5425 0.775
vt 0.5225 0.975
vt 0.5425 0.975
vt 0.5425 0.775
vt 0.5425 0.775
vt 0.5425 0.975
vt 0.5625 0.775
vt 0.5425 0.975
vt 0.5625 0.975
vt 0.5625 0.775
vt 0.175 0.775
vt 0.175 0.975
vt 0.20833 0.975
vt 0.20833 0.775
vt 0.175 0.775
vt 0.20833 0.975
vt 0.20833 0.775
vt 0.20833 0.975
vt 0.24167 0.975
vt 0.24167 0.775
vt 0.20833 0.775
vt 0.24167 0.975
vt 0.14167 0.775
vt 0.14167 0.975
vt 0.175 0.975
vt 0.175 0.775
vt 0.14167 0.775
vt 0.175 0.975
vt 0.175 0.775
vt 0.175 0.975
vt 0.20833 0.775
vt 0.175 0.975
vt 0.20833 0.975
vt 0.20833 0.775
vt 0.20833 0.775
vt 0.20833 0.975
vt 0.24167 0.775
vt 0.20833 0.975
vt 0.24167 0.975
vt 0.24167 0.775
vt 0.14167 0.775
vt 0.14167 0.975
vt 0.175 0.775
vt 0.14167 0.975
vt 0.175 0.975
vt 0.175 0.775
vt 0.36375 0.525
vt 0.36375 0.725
vt 0.39708 0.725
vt 0.39708 0.525
vt 0.36375 0.525
vt 0.39708 0.725
vt 0.39708 0.525
vt 0.39708 0.725
vt 0.43042 0.725
vt 0.43042 0.525
vt 0.39708 0.525
vt 0.43042 0.725
vt 0.33042 0.525
vt 0.33042 0.725
vt 0.36375 0.725
vt 0.36375 0.525
vt 0.33042 0.525
vt 0.36375 0.725
vt 0.36375 0.525
vt 0.36375 0.725
vt 0.39708 0.525
vt 0.36375 0.725
vt 0.39708 0.725
vt 0.39708 0.525
vt 0.39708 0.525
vt 0.39708 0.725
vt 0.43042 0.525
vt 0.39708 0.725
vt 0.43042 0.725
vt 0.43042 0.525
vt 0.33042 0.525
vt 0.33042 0.725
vt 0.36375 0.525
vt 0.33042 0.725
vt 0.36375 0.725
vt 0.36375 0.525
vt 0.5625 0.775
vt 0.5625 0.975
vt 0.59583 0.975
vt 0.59583 0.775
vt 0.5625 0.775
vt 0.59583 0.975
vt 0.59583 0.775
vt 0.59583 0.975
vt 0.62917 0.975
vt 0.62917 0.775
vt 0.59583 0.775
vt 0.62917 0.975
vt 0.52917 0.775
vt 0.52917 0.975
vt 0.5625 0.975
vt 0.5625 0.775
vt 0.52917 0.775
vt 0.5625 0.975
vt 0.5625 0.775
vt 0.5625 0.975
vt 0.59583 0.775
vt 0.5625 0.975
vt 0.59583 0.975
vt 0.59583 0.775
vt 0.59583 0.775
vt 0.59583 0.975
vt 0.62917 0.775
vt 0.59583 0.975
vt 0.62917 0.975
vt 0.62917 0.775
vt 0.52917 0.775
vt 0.52917 0.975
vt 0.5625 0.775
vt 0.52917 0.975
vt 0.5625 0.975
vt 0.5625 0.775
vt 0.4375 0.525
vt 0.4375 0.725
vt 0.47083 0.725
vt 0.47083 0.525
vt 0.4375 0.525
vt 0.47083 0.725
vt 0.47083 0.525
vt 0.47083 0.725
vt 0.50417 0.725
vt 0.50417 0.525
vt 0.47083 0.525
vt 0.50417 0.725
vt 0.40417 0.525
vt 0.40417 0.725
vt 0.4375 0.725
vt 0.4375 0.525
vt 0.40417 0.525
vt 0.4375 0.725
vt 0.4375 0.525
vt 0.4375 0.725
vt 0.47083 0.525
vt 0.4375 0.725
vt 0.47083 0.725
vt 0.47083 0.525
vt 0.47083 0.525
vt 0.47083 0.725
vt 0.50417 0.525
vt 0.47083 0.725
vt 0.50417 0.725
vt 0.50417 0.525
vt 0.40417 0.525
vt 0.40417 0.725
vt 0.4375 0.525
vt 0.40417 0.725
vt 0.4375 0.725
vt 0.4375 0.525
vt 0.87625 0.025
vt 0.87625 0.225
vt 0.87625 0.225
vt 0.87625 0.025
vt 0.87625 0.025
vt 0.87625 0.225
vt 0.87625 0.025
vt 0.87625 0.225
vt 0.87625 0.225
vt 0.87625 0.025
vt 0.87625 0.025
vt 0.87625 0.225
vt 0.87625 0.025
vt 0.87625 0.225
vt 0.87625 0.225
vt 0.87625 0.025
vt 0.87625 0.025
vt 0.87625 0.225
vt 0.87625 0.025
vt 0.87625 0.225
vt 0.87625 0.025
vt 0.87625 0.225
vt 0.87625 0.225
vt 0.87625 0.025
vt 0.87625 0.025
vt 0.87625 0.225
vt 0.87625 0.025
vt 0.87625 0.225
vt 0.87625 0.225
vt 0.87625 0.025
vt 0.87625 0.025
vt 0.87625 0.225
vt 0.87625 0.025
vt 0.87625 0.225
vt 0.87625 0.225
vt 0.87625 0.025
vt 0.55 0.775
vt 0.55 0.975
vt 0.58333 0.975
vt 0.58333 0.775
vt 0.55 0.775
vt 0.58333 0.975
vt 0.58333 0.775
vt 0.58333 0.975
vt 0.61667 0.975
vt 0.61667 0.775
vt 0.58333 0.775
vt 0.61667 0.975
vt 0.51667 0.775
vt 0.51667 0.975
vt 0.55 0.975
vt 0.55 0.775
vt 0.51667 0.775
vt 0.55 0.975
vt 0.55 0.775
vt 0.55 0.975
vt 0.58333 0.775
vt 0.55 0.975
vt 0.58333 0.975
vt 0.58333 0.775
vt 0.58333 0.775
vt 0.58333 0.975
vt 0.61667 0.775
vt 0.58333 0.975
vt 0.61667 0.975
vt 0.61667 0.775
vt 0.51667 0.775
vt 0.51667 0.975
vt 0.55 0.775
vt 0.51667 0.975
vt 0.55 0.975
vt 0.55 0.775
vt 0.55 0.775
vt 0.55 0.975
vt 0.58333 0.975
vt 0.58333 0.775
vt 0.55 0.775
vt 0.58333 0.975
vt 0.58333 0.775
vt 0.58333 0.975
vt 0.61667 0.975
vt 0.61667 0.775
vt 0.58333 0.775
vt 0.61667 0.975
vt 0.51667 0.775
vt 0.51667 0.975
vt 0.55 0.975
vt 0.55 0.775
vt 0.51667 0.775
vt 0.55 0.975
vt 0.55 0.775
vt 0.55 0.975
vt 0.58333 0.775
vt 0.55 0.975
vt 0.58333 0.975
vt 0.58333 0.775
vt 0.58333 0.775
vt 0.58333 0.975
vt 0.61667 0.775
vt 0.58333 0.975
vt 0.61667 0.975
vt 0.61667 0.775
vt 0.51667 0.775
vt 0.51667 0.975
vt 0.55 0.775
vt 0.51667 0.975
vt 0.55 0.975
vt 0.55 0.775
vt 0.55 0.775
vt 0.55 0.975
vt 0.58333 0.975
vt 0.58333 0.775
vt 0.55 0.775
vt 0.58333 0.975
vt 0.58333 0.775
vt 0.58333 0.975
vt 0.61667 0.975
vt 0.61667 0.775
vt 0.58333 0.775
vt 0.61667 0.975
vt 0.51667 0.775
vt 0.51667 0.975
vt 0.55 0.975
vt 0.55 0.775
vt 0.51667 0.775
vt 0.55 0.975
vt 0.55 0.775
vt 0.55 0.975
vt 0.58333 0.775
vt 0.55 0.975
vt 0.58333 0.975
vt 0.58333 0.775
vt 0.58333 0.775
vt 0.58333 0.975
vt 0.61667 0.775
vt 0.58333 0.975
vt 0.61667 0.975
vt 0.61667 0.775
vt 0.51667 0.775
vt 0.51667 0.975
vt 0.55 0.775
vt 0.51667 0.975
vt 0.55 0.975
vt 0.55 0.775
vt 0.87625 0.025
vt 0.87625 0.225
vt 0.87625 0.225
vt 0.87625 0.025
vt 0.87625 0.025
vt 0.87625 0.225
vt 0.87625 0.025
vt 0.87625 0.225
vt 0.87625 0.225
vt 0.87625 0.025
vt 0.87625 0.025
vt 0.87625 0.225
vt 0.87625 0.025
vt 0.87625 0.225
vt 0.87625 0.225
vt 0.87625 0.025
vt 0.87625 0.025
vt 0.87625 0.225
vt 0.87625 0.025
vt 0.87625 0.225
vt 0.87625 0.025
vt 0.87625 0.225
vt 0.87625 0.225
vt 0.87625 0.025
vt 0.87625 0.025
vt 0.87625 0.225
vt 0.87625 0.025
vt 0.87625 0.225
vt 0.87625 0.225
vt 0.87625 0.025
vt 0.87625 0.025
vt 0.87625 0.225
vt 0.87625 0.025
vt 0.87625 0.225
vt 0.87625 0.225
vt 0.87625 0.025
vt 0.55 0.775
vt 0.55 0.975
vt 0.58333 0.975
vt 0.58333 0.775
vt 0.55 0.775
vt 0.58333 0.975
vt 0.58333 0.775
vt 0.58333 0.975
vt 0.61667 0.975
vt 0.61667 0.775
vt 0.58333 0.775
vt 0.61667 0.975
vt 0.51667 0.775
vt 0.51667 0.975
vt 0.55 0.975
vt 0.55 0.775
vt 0.51667 0.775
vt 0.55 0.975
vt 0.55 0.775
vt 0.55 0.975
vt 0.58333 0.775
vt 0.55 0.975
vt 0.58333 0.975
vt 0.58333 0.775
vt 0.58333 0.775
vt 0.58333 0.975
vt 0.61667 0.775
vt 0.58333 0.975
vt 0.61667 0.975
vt 0.61667 0.775
vt 0.51667 0.775
vt 0.51667 0.975
vt 0.55 0.775
vt 0.51667 0.975
vt 0.55 0.975
vt 0.55 0.775
vt 0.175 0.275
vt 0.175 0.475
vt 0.20833 0.475
vt 0.20833 0.275
vt 0.175 0.275
vt 0.20833 0.475
vt 0.20833 0.275
vt 0.20833 0.475
vt 0.24167 0.475
vt 0.24167 0.275
vt 0.20833 0.275
vt 0.24167 0.475
vt 0.14167 0.275
vt 0.14167 0.475
vt 0.175 0.475
vt 0.175 0.275
vt 0.14167 0.275
vt 0.175 0.475
vt 0.175 0.275
vt 0.175 0.475
vt 0.20833 0.275
vt 0.175 0.475
vt 0.20833 0.475
vt 0.20833 0.275
vt 0.20833 0.275
vt 0.20833 0.475
vt 0.24167 0.275
vt 0.20833 0.475
vt 0.24167 0.475
vt 0.24167 0.275
vt 0.14167 0.275
vt 0.14167 0.475
vt 0.175 0.275
vt 0.14167 0.475
vt 0.175 0.475
vt 0.175 0.275
vt 0.55 0.775
vt 0.55 0.975
vt 0.58333 0.975
vt 0.58333 0.775
vt 0.55 0.775
vt 0.58333 0.975
vt 0.58333 0.775
vt 0.58333 0.975
vt 0.61667 0.975
vt 0.61667 0.775
vt 0.58333 0.775
vt 0.61667 0.975
vt 0.51667 0.775
vt 0.51667 0.975
vt 0.55 0.975
vt 0.55 0.775
vt 0.51667 0.775
vt 0.55 0.975
vt 0.55 0.775
vt 0.55 0.975
vt 0.58333 0.775
vt 0.55 0.975
vt 0.58333 0.975
vt 0.58333 0.775
vt 0.58333 0.775
vt 0.58333 0.975
vt 0.61667 0.775
vt 0.58333 0.975
vt 0.61667 0.975
vt 0.61667 0.775
vt 0.51667 0.775
vt 0.51667 0.975
vt 0.55 0.775
vt 0.51667 0.975
vt 0.55 0.975
vt 0.55 0.775
vt 0.55 0.775
vt 0.55 0.975
vt 0.58333 0.975
vt 0.58333 0.775
vt 0.55 0.775
vt 0.58333 0.975
vt 0.58333 0.775
vt 0.58333 0.975
vt 0.61667 0.975
vt 0.61667 0.775
vt 0.58333 0.775
vt 0.61667 0.975
vt 0.51667 0.775
vt 0.51667 0.975
vt 0.55 0.975
vt 0.55 0.775
vt 0.51667 0.775
vt 0.55 0.975
vt 0.55 0.775
vt 0.55 0.975
vt 0.58333 0.775
vt 0.55 0.975
vt 0.58333 0.975
vt 0.58333 0.775
vt 0.58333 0.775
vt 0.58333 0.975
vt 0.61667 0.775
vt 0.58333 0.975
vt 0.61667 0.975
vt 0.61667 0.775
vt 0.51667 0.775
vt 0.51667 0.975
vt 0.55 0.775
vt 0.51667 0.975
vt 0.55 0.975
vt 0.55 0.775
vt 0.87625 0.025
vt 0.87625 0.225
vt 0.87625 0.225
vt 0.87625 0.025
vt 0.87625 0.025
vt 0.87625 0.225
vt 0.87625 0.025
vt 0.87625 0.225
vt 0.87625 0.225
vt 0.87625 0.025
vt 0.87625 0.025
vt 0.87625 0.225
vt 0.87625 0.025
vt 0.87625 0.225
vt 0.87625 0.225
vt 0.87625 0.025
vt 0.87625 0.025
vt 0.87625 0.225
vt 0.87625 0.025
vt 0.87625 0.225
vt 0.87625 0.025
vt 0.87625 0.225
vt 0.87625 0.225
vt 0.87625 0.025
vt 0.87625 0.025
vt 0.87625 0.225
vt 0.87625 0.025
vt 0.87625 0.225
vt 0.87625 0.225
vt 0.87625 0.025
vt 0.87625 0.025
vt 0.87625 0.225
vt 0.87625 0.025
vt 0.87625 0.225
vt 0.87625 0.225
vt 0.87625 0.025
vt 0.55 0.775
vt 0.55 0.975
vt 0.58333 0.975
vt 0.58333 0.775
vt 0.55 0.775
vt 0.58333 0.975
vt 0.58333 0.775
vt 0.58333 0.975
vt 0.61667 0.975
vt 0.61667 0.775
vt 0.58333 0.775
vt 0.61667 0.975
vt 0.51667 0.775
vt 0.51667 0.975
vt 0.55 0.975
vt 0.55 0.775
vt 0.51667 0.775
vt 0.55 0.975
vt 0.55 0.775
vt 0.55 0.975
vt 0.58333 0.775
vt 0.55 0.975
vt 0.58333 0.975
vt 0.58333 0.775
vt 0.58333 0.775
vt 0.58333 0.975
vt 0.61667 0.775
vt 0.58333 0.975
vt 0.61667 0.975
vt 0.61667 0.775
vt 0.51667 0.775
vt 0.51667 0.975
vt 0.55 0.775
vt 0.51667 0.975
vt 0.55 0.975
vt 0.55 0.775
vt 0.175 0.275
vt 0.175 0.475
vt 0.20833 0.475
vt 0.20833 0.275
vt 0.175 0.275
vt 0.20833 0.475
vt 0.20833 0.275
vt 0.20833 0.475
vt 0.24167 0.475
vt 0.24167 0.275
vt 0.20833 0.275
vt 0.24167 0.475
vt 0.14167 0.275
vt 0.14167 0.475
vt 0.175 0.475
vt 0.175 0.275
vt 0.14167 0.275
vt 0.175 0.475
vt 0.175 0.275
vt 0.175 0.475
vt 0.20833 0.275
vt 0.175 0.475
vt 0.20833 0.475
vt 0.20833 0.275
vt 0.20833 0.275
vt 0.20833 0.475
vt 0.24167 0.275
vt 0.20833 0.475
vt 0.24167 0.475
vt 0.24167 0.275
vt 0.14167 0.275
vt 0.14167 0.475
vt 0.175 0.275
vt 0.14167 0.475
vt 0.175 0.475
vt 0.175 0.275
vt 0.55 0.775
vt 0.55 0.975
vt 0.58333 0.975
vt 0.58333 0.775
vt 0.55 0.775
vt 0.58333 0.975
vt 0.58333 0.775
vt 0.58333 0.975
vt 0.61667 0.975
vt 0.61667 0.775
vt 0.58333 0.775
vt 0.61667 0.975
vt 0.51667 0.775
vt 0.51667 0.975
vt 0.55 0.975
vt 0.55 0.775
vt 0.51667 0.775
vt 0.55 0.975
vt 0.55 0.775
vt 0.55 0.975
vt 0.58333 0.775
vt 0.55 0.975
vt 0.58333 0.975
vt 0.58333 0.775
vt 0.58333 0.775
vt 0.58333 0.975
vt 0.61667 0.775
vt 0.58333 0.975
vt 0.61667 0.975
vt 0.61667 0.775
vt 0.51667 0.775
vt 0.51667 0.975
vt 0.55 0.775
vt 0.51667 0.975
vt 0.55 0.975
vt 0.55 0.775
vt 0.55 0.775
vt 0.55 0.975
vt 0.58333 0.975
vt 0.58333 0.775
vt 0.55 0.775
vt 0.58333 0.975
vt 0.58333 0.775
vt 0.58333 0.975
vt 0.61667 0.975
vt 0.61667 0.775
vt 0.58333 0.775
vt 0.61667 0.975
vt 0.51667 0.775
vt 0.51667 0.975
vt 0.55 0.975
vt 0.55 0.775
vt 0.51667 0.775
vt 0.55 0.975
vt 0.55 0.775
vt 0.55 0.975
vt 0.58333 0.775
vt 0.55 0.975
vt 0.58333 0.975
vt 0.58333 0.775
vt 0.58333 0.775
vt 0.58333 0.975
vt 0.61667 0.775
vt 0.58333 0.975
vt 0.61667 0.975
vt 0.61667 0.775
vt 0.51667 0.775
vt 0.51667 0.975
vt 0.55 0.775
vt 0.51667 0.975
vt 0.55 0.975
vt 0.55 0.775
vt 0.87625 0.025
vt 0.87625 0.225
vt 0.87625 0.225
vt 0.87625 0.025
vt 0.87625 0.025
vt 0.87625 0.225
vt 0.87625 0.025
vt 0.87625 0.225
vt 0.87625 0.225
vt 0.87625 0.025
vt 0.87625 0.025
vt 0.87625 0.225
vt 0.87625 0.025
vt 0.87625 0.225
vt 0.87625 0.225
vt 0.87625 0.025
vt 0.87625 0.025
vt 0.87625 0.225
vt 0.87625 0.025
vt 0.87625 0.225
vt 0.87625 0.025
vt 0.87625 0.225
vt 0.87625 0.225
vt 0.87625 0.025
vt 0.87625 0.025
vt 0.87625 0.225
vt 0.87625 0.025
vt 0.87625 0.225
vt 0.87625 0.225
vt 0.87625 0.025
vt 0.87625 0.025
vt 0.87625 0.225
vt 0.87625 0.025
vt 0.87625 0.225
vt 0.87625 0.225
vt 0.87625 0.025
vt 0.55 0.775
vt 0.55 0.975
vt 0.58333 0.975
vt 0.58333 0.775
vt 0.55 0.775
vt 0.58333 0.975
vt 0.58333 0.775
vt 0.58333 0.975
vt 0.61667 0.975
vt 0.61667 0.775
vt 0.58333 0.775
vt 0.61667 0.975
vt 0.51667 0.775
vt 0.51667 0.975
vt 0.55 0.975
vt 0.55 0.775
vt 0.51667 0.775
vt 0.55 0.975
vt 0.55 0.775
vt 0.55 0.975
vt 0.58333 0.775
vt 0.55 0.975
vt 0.58333 0.975
vt 0.58333 0.775
vt 0.58333 0.775
vt 0.58333 0.975
vt 0.61667 0.775
vt 0.58333 0.975
vt 0.61667 0.975
vt 0.61667 0.775
vt 0.51667 0.775
vt 0.51667 0.975
vt 0.55 0.775
vt 0.51667 0.975
vt 0.55 0.975
vt 0.55 0.775
vt 0.175 0.275
vt 0.175 0.475
vt 0.20833 0.475
vt 0.20833 0.275
vt 0.175 0.275
vt 0.20833 0.475
vt 0.20833 0.275
vt 0.20833 0.475
vt 0.24167 0.475
vt 0.24167 0.275
vt 0.20833 0.275
vt 0.24167 0.475
vt 0.14167 0.275
vt 0.14167 0.475
vt 0.175 0.475
vt 0.175 0.275
vt 0.14167 0.275
vt 0.175 0.475
vt 0.175 0.275
vt 0.175 0.475
vt 0.20833 0.275
vt 0.175 0.475
vt 0.20833 0.475
vt 0.20833 0.275
vt 0.20833 0.275
vt 0.20833 0.475
vt 0.24167 0.275
vt 0.20833 0.475
vt 0.24167 0.475
vt 0.24167 0.275
vt 0.14167 0.275
vt 0.14167 0.475
vt 0.175 0.275
vt 0.14167 0.475
vt 0.175 0.475
vt 0.175 0.275
vt 0.55 0.775
vt 0.55 0.975
vt 0.58333 0.975
vt 0.58333 0.775
vt 0.55 0.775
vt 0.58333 0.975
vt 0.58333 0.775
vt 0.58333 0.975
vt 0.61667 0.975
vt 0.61667 0.775
vt 0.58333 0.775
vt 0.61667 0.975
vt 0.51667 0.775
vt 0.51667 0.975
vt 0.55 0.975
vt 0.55 0.775
vt 0.51667 0.775
vt 0.55 0.975
vt 0.55 0.775
vt 0.55 0.975
vt 0.58333 0.775
vt 0.55 0.975
vt 0.58333 0.975
vt 0.58333 0.775
vt 0.58333 0.775
vt 0.58333 0.975
vt 0.61667 0.775
vt 0.58333 0.975
vt 0.61667 0.975
vt 0.61667 0.775
vt 0.51667 0.775
vt 0.51667 0.975
vt 0.55 0.775
vt 0.51667 0.975
vt 0.55 0.975
vt 0.55 0.775
vt 0.55 0.775
vt 0.55 0.975
vt 0.58333 0.975
vt 0.58333 0.775
vt 0.55 0.775
vt 0.58333 0.975
vt 0.58333 0.775
vt 0.58333 0.975
vt 0.61667 0.975
vt 0.61667 0.775
vt 0.58333 0.775
vt 0.61667 0.975
vt 0.51667 0.775
vt 0.51667 0.975
vt 0.55 0.975
vt 0.55 0.775
vt 0.51667 0.775
vt 0.55 0.975
vt 0.55 0.775
vt 0.55 0.975
vt 0.58333 0.775
vt 0.55 0.975
vt 0.58333 0.975
vt 0.58333 0.775
vt 0.58333 0.775
vt 0.58333 0.975
vt 0.61667 0.775
vt 0.58333 0.975
vt 0.61667 0.975
vt 0.61667 0.775
vt 0.51667 0.775
vt 0.51667 0.975
vt 0.55 0.775
vt 0.51667 0.975
vt 0.55 0.975
vt 0.55 0.775
vt 0.87625 0.025
vt 0.87625 0.225
vt 0.87625 0.225
vt 0.87625 0.025
vt 0.87625 0.025
vt 0.87625 0.225
vt 0.87625 0.025
vt 0.87625 0.225
vt 0.87625 0.225
vt 0.87625 0.025
vt 0.87625 0.025
vt 0.87625 0.225
vt 0.87625 0.025
vt 0.87625 0.225
vt 0.87625 0.225
vt 0.87625 0.025
vt 0.87625 0.025
vt 0.87625 0.225
vt 0.87625 0.025
vt 0.87625 0.225
vt 0.87625 0.025
vt 0.87625 0.225
vt 0.87625 0.225
vt 0.87625 0.025
vt 0.87625 0.025
vt 0.87625 0.225
vt 0.87625 0.025
vt 0.87625 0.225
vt 0.87625 0.225
vt 0.87625 0.025
vt 0.87625 0.025
vt 0.87625 0.225
vt 0.87625 0.025
vt 0.87625 0.225
vt 0.87625 0.225
vt 0.87625 0.025
vt 0.55 0.775
vt 0.55 0.975
vt 0.58333 0.975
vt 0.58333 0.775
vt 0.55 0.775
vt 0.58333 0.975
vt 0.58333 0.775
vt 0.58333 0.975
vt 0.61667 0.975
vt 0.61667 0.775
vt 0.58333 0.775
vt 0.61667 0.975
vt 0.51667 0.775
vt 0.51667 0.975
vt 0.55 0.975
vt 0.55 0.775
vt 0.51667 0.775
vt 0.55 0.975
vt 0.55 0.775
vt 0.55 0.975
vt 0.58333 0.775
vt 0.55 0.975
vt 0.58333 0.975
vt 0.58333 0.775
vt 0.58333 0.775
vt 0.58333 0.975
vt 0.61667 0.775
vt 0.58333 0.975
vt 0.61667 0.975
vt 0.61667 0.775
vt 0.51667 0.775
vt 0.51667 0.975
vt 0.55 0.775
vt 0.51667 0.975
vt 0.55 0.975
vt 0.55 0.775
vt 0.175 0.275
vt 0.175 0.475
vt 0.20833 0.475
vt 0.20833 0.275
vt 0.175 0.275
vt 0.20833 0.475
vt 0.20833 0.275
vt 0.20833 0.475
vt 0.24167 0.475
vt 0.24167 0.275
vt 0.20833 0.275
vt 0.24167 0.475
vt 0.14167 0.275
vt 0.14167 0.475
vt 0.175 0.475
vt 0.175 0.275
vt 0.14167 0.275
vt 0.175 0.475
vt 0.175 0.275
vt 0.175 0.475
vt 0.20833 0.275
vt 0.175 0.475
vt 0.20833 0.475
vt 0.20833 0.275
vt 0.20833 0.275
vt 0.20833 0.475
vt 0.24167 0.275
vt 0.20833 0.475
vt 0.24167 0.475
vt 0.24167 0.275
vt 0.14167 0.275
vt 0.14167 0.475
vt 0.175 0.275
vt 0.14167 0.475
vt 0.175 0.475
vt 0.175 0.275
vt 0.55 0.775
vt 0.55 0.975
vt 0.58333 0.975
vt 0.58333 0.775
vt 0.55 0.775
vt 0.58333 0.975
vt 0.58333 0.775
vt 0.58333 0.975
vt 0.61667 0.975
vt 0.61667 0.775
vt 0.58333 0.775
vt 0.61667 0.975
vt 0.51667 0.775
vt 0.51667 0.975
vt 0.55 0.975
vt 0.55 0.775
vt 0.51667 0.775
vt 0.55 0.975
vt 0.55 0.775
vt 0.55 0.975
vt 0.58333 0.775
vt 0.55 0.975
vt 0.58333 0.975
vt 0.58333 0.775
vt 0.58333 0.775
vt 0.58333 0.975
vt 0.61667 0.775
vt 0.58333 0.975
vt 0.61667 0.975
vt 0.61667 0.775
vt 0.51667 0.775
vt 0.51667 0.975
vt 0.55 0.775
vt 0.51667 0.975
vt 0.55 0.975
vt 0.55 0.775
vt 0.87625 0.025
vt 0.87625 0.225
vt 0.87625 0.225
vt 0.87625 0.025
vt 0.87625 0.025
vt 0.87625 0.225
vt 0.87625 0.025
vt 0.87625 0.225
vt 0.87625 0.225
vt 0.87625 0.025
vt 0.87625 0.025
vt 0.87625 0.225
vt 0.87625 0.025
vt 0.87625 0.225
vt 0.87625 0.225
vt 0.87625 0.025
vt 0.87625 0.025
vt 0.87625 0.225
vt 0.87625 0.025
vt 0.87625 0.225
vt 0.87625 0.025
vt 0.87625 0.225
vt 0.87625 0.225
vt 0.87625 0.025
vt 0.87625 0.025
vt 0.87625 0.225
vt 0.87625 0.025
vt 0.87625 0.225
vt 0.87625 0.225
vt 0.87625 0.025
vt 0.87625 0.025
vt 0.87625 0.225
vt 0.87625 0.025
vt 0.87625 0.225
vt 0.87625 0.225
vt 0.87625 0.025
vt 0.87625 0.025
vt 0.87625 0.225
vt 0.87625 0.225
vt 0.87625 0.025
vt 0.87625 0.025
vt 0.87625 0.225
vt 0.87625 0.025
vt 0.87625 0.225
vt 0.87625 0.225
vt 0.87625 0.025
vt 0.87625 0.025
vt 0.87625 0.225
vt 0.87625 0.025
vt 0.87625 0.225
vt 0.87625 0.225
vt 0.87625 0.025
vt 0.87625 0.025
vt 0.87625 0.225
vt 0.87625 0.025
vt 0.87625 0.225
vt 0.87625 0.025
vt 0.87625 0.225
vt 0.87625 0.225
vt 0.87625 0.025
vt 0.87625 0.025
vt 0.87625 0.225
vt 0.87625 0.025
vt 0.87625 0.225
vt 0.87625 0.225
vt 0.87625 0.025
vt 0.87625 0.025
vt 0.87625 0.225
vt 0.87625 0.025
vt 0.87625 0.225
vt 0.87625 0.225
vt 0.87625 0.025
vt 0.87625 0.025
vt 0.87625 0.225
vt 0.87625 0.225
vt 0.87625 0.025
vt 0.87625 0.025
vt 0.87625 0.225
vt 0.87625 0.025
vt 0.87625 0.225
vt 0.87625 0.225
vt 0.87625 0.025
vt 0.87625 0.025
vt 0.87625 0.225
vt 0.87625 0.025
vt 0.87625 0.225
vt 0.87625 0.225
vt 0.87625 0.025
vt 0.87625 0.025
vt 0.87625 0.225
vt 0.87625 0.025
vt 0.87625 0.225
vt 0.87625 0.025
vt 0.87625 0.225
vt 0.87625 0.225
vt 0.87625 0.025
vt 0.87625 0.025
vt 0.87625 0.225
vt 0.87625 0.025
vt 0.87625 0.225
vt 0.87625 0.225
vt 0.87625 0.025
vt 0.87625 0.025
vt 0.87625 0.225
vt 0.87625 0.025
vt 0.87625 0.225
vt 0.87625 0.225
vt 0.87625 0.025
vt 0.87625 0.025
vt 0.87625 0.225
vt 0.87625 0.225
vt 0.87625 0.025
vt 0.87625 0.025
vt 0.87625 0.225
vt 0.87625 0.025
vt 0.87625 0.225
vt 0.87625 0.225
vt 0.87625 0.025
vt 0.87625 0.025
vt 0.87625 0.225
vt 0.87625 0.025
vt 0.87625 0.225
vt 0.87625 0.225
vt 0.87625 0.025
vt 0.87625 0.025
vt 0.87625 0.225
vt 0.87625 0.025
vt 0.87625 0.225
vt 0.87625 0.025
vt 0.87625 0.225
vt 0.87625 0.225
vt 0.87625 0.025
vt 0.87625 0.025
vt 0.87625 0.225
vt 0.87625 0.025
vt 0.87625 0.225
vt 0.87625 0.225
vt 0.87625 0.025
vt 0.87625 0.025
vt 0.87625 0.225
vt 0.87625 0.025
vt 0.87625 0.225
vt 0.87625 0.225
vt 0.87625 0.025
vt 0.87625 0.025
vt 0.87625 0.225
vt 0.87625 0.225
vt 0.87625 0.025
vt 0.87625 0.025
vt 0.87625 0.225
vt 0.87625 0.025
vt 0.87625 0.225
vt 0.87625 0.225
vt 0.87625 0.025
vt 0.87625 0.025
vt 0.87625 0.225
vt 0.87625 0.025
vt 0.87625 0.225
vt 0.87625 0.225
vt 0.87625 0.025
vt 0.87625 0.025
vt 0.87625 0.225
vt 0.87625 0.025
vt 0.87625 0.225
vt 0.87625 0.025
vt 0.87625 0.225
vt 0.87625 0.225
vt 0.87625 0.025
vt 0.87625 0.025
vt 0.87625 0.225
vt 0.87625 0.025
vt 0.87625 0.225
vt 0.87625 0.225
vt 0.87625 0.025
vt 0.87625 0.025
vt 0.87625 0.225
vt 0.87625 0.025
vt 0.87625 0.225
vt 0.87625 0.225
vt 0.87625 0.025
vt 0.87625 0.025
vt 0.87625 0.225
vt 0.87625 0.225
vt 0.87625 0.025
vt 0.87625 0.025
vt 0.87625 0.225
vt 0.87625 0.025
vt 0.87625 0.225
vt 0.87625 0.225
vt 0.87625 0.025
vt 0.87625 0.025
vt 0.87625 0.225
vt 0.87625 0.025
vt 0.87625 0.225
vt 0.87625 0.225
vt 0.87625 0.025
vt 0.87625 0.025
vt 0.87625 0.225
vt 0.87625 0.025
vt 0.87625 0.225
vt 0.87625 0.025
vt 0.87625 0.225
vt 0.87625 0.225
vt 0.87625 0.025
vt 0.87625 0.025
vt 0.87625 0.225
vt 0.87625 0.025
vt 0.87625 0.225
vt 0.87625 0.225
vt 0.87625 0.025
vt 0.87625 0.025
vt 0.87625 0.225
vt 0.87625 0.025
vt 0.87625 0.225
vt 0.87625 0.225
vt 0.87625 0.025
vt 0.87625 0.025
vt 0.87625 0.225
vt 0.87625 0.225
vt 0.87625 0.025
vt 0.87625 0.025
vt 0.87625 0.225
vt 0.87625 0.025
vt 0.87625 0.225
vt 0.87625 0.225
vt 0.87625 0.025
vt 0.87625 0.025
vt 0.87625 0.225
vt 0.87625 0.025
vt 0.87625 0.225
vt 0.87625 0.225
vt 0.87625 0.025
vt 0.87625 0.025
vt 0.87625 0.225
vt 0.87625 0.025
vt 0.87625 0.225
vt 0.87625 0.025
vt 0.87625 0.225
vt 0.87625 0.225
vt 0.87625 0.025
vt 0.87625 0.025
vt 0.87625 0.225
vt 0.87625 0.025
vt 0.87625 0.225
vt 0.87625 0.225
vt 0.87625 0.025
vt 0.87625 0.025
vt 0.87625 0.225
vt 0.87625 0.025
vt 0.87625 0.225
vt 0.87625 0.225
vt 0.87625 0.025
vt 0.87625 0.025
vt 0.87625 0.225
vt 0.87625 0.225
vt 0.87625 0.025
vt 0.87625 0.025
vt 0.87625 0.225
vt 0.87625 0.025
vt 0.87625 0.225
vt 0.87625 0.225
vt 0.87625 0.025
vt 0.87625 0.025
vt 0.87625 0.225
vt 0.87625 0.025
vt 0.87625 0.225
vt 0.87625 0.225
vt 0.87625 0.025
vt 0.87625 0.025
vt 0.87625 0.225
vt 0.87625 0.025
vt 0.87625 0.225
vt 0.87625 0.025
vt 0.87625 0.225
vt 0.87625 0.225
vt 0.87625 0.025
vt 0.87625 0.025
vt 0.87625 0.225
vt 0.87625 0.025
vt 0.87625 0.225
vt 0.87625 0.225
vt 0.87625 0.025
vt 0.87625 0.025
vt 0.87625 0.225
vt 0.87625 0.025
vt 0.87625 0.225
vt 0.87625 0.225
vt 0.87625 0.025
vt 0.87625 0.025
vt 0.87625 0.225
vt 0.87625 0.225
vt 0.87625 0.025
vt 0.87625 0.025
vt 0.87625 0.225
vt 0.87625 0.025
vt 0.87625 0.225
vt 0.87625 0.225
vt 0.87625 0.025
vt 0.87625 0.025
vt 0.87625 0.225
vt 0.87625 0.025
vt 0.87625 0.225
vt 0.87625 0.225
vt 0.87625 0.025
vt 0.87625 0.025
vt 0.87625 0.225
vt 0.87625 0.025
vt 0.87625 0.225
vt 0.87625 0.025
vt 0.87625 0.225
vt 0.87625 0.225
vt 0.87625 0.025
vt 0.87625 0.025
vt 0.87625 0.225
vt 0.87625 0.025
vt 0.87625 0.225
vt 0.87625 0.225
vt 0.87625 0.025
vt 0.87625 0.025
vt 0.87625 0.225
vt 0.87625 0.025
vt 0.87625 0.225
vt 0.87625 0.225
vt 0.87625 0.025
vt 0.87625 0.025
vt 0.87625 0.225
vt 0.87625 0.225
vt 0.87625 0.025
vt 0.87625 0.025
vt 0.87625 0.225
vt 0.87625 0.025
vt 0.87625 0.225
vt 0.87625 0.225
vt 0.87625 0.025
vt 0.87625 0.025
vt 0.87625 0.225
vt 0.87625 0.025
vt 0.87625 0.225
vt 0.87625 0.225
vt 0.87625 0.025
vt 0.87625 0.025
vt 0.87625 0.225
vt 0.87625 0.025
vt 0.87625 0.225
vt 0.87625 0.025
vt 0.87625 0.225
vt 0.87625 0.225
vt 0.87625 0.025
vt 0.87625 0.025
vt 0.87625 0.225
vt 0.87625 0.025
vt 0.87625 0.225
vt 0.87625 0.225
vt 0.87625 0.025
vt 0.87625 0.025
vt 0.87625 0.225
vt 0.87625 0.025
vt 0.87625 0.225
vt 0.87625 0.225
vt 0.87625 0.025
vt 0.87625 0.025
vt 0.87625 0.225
vt 0.87625 0.225
vt 0.87625 0.025
vt 0.87625 0.025
vt 0.87625 0.225
vt 0.87625 0.025
vt 0.87625 0.225
vt 0.87625 0.225
vt 0.87625 0.025
vt 0.87625 0.025
vt 0.87625 0.225
vt 0.87625 0.025
vt 0.87625 0.225
vt 0.87625 0.225
vt 0.87625 0.025
vt 0.87625 0.025
vt 0.87625 0.225
vt 0.87625 0.025
vt 0.87625 0.225
vt 0.87625 0.025
vt 0.87625 0.225
vt 0.87625 0.225
vt 0.87625 0.025
vt 0.87625 0.025
vt 0.87625 0.225
vt 0.87625 0.025
vt 0.87625 0.225
vt 0.87625 0.225
vt 0.87625 0.025
vt 0.87625 0.025
vt 0.87625 0.225
vt 0.87625 0.025
vt 0.87625 0.225
vt 0.87625 0.225
vt 0.87625 0.025
vt 0.87625 0.025
vt 0.87625 0.225
vt 0.87625 0.225
vt 0.87625 0.025
vt 0.87625 0.025
vt 0.87625 0.225
vt 0.87625 0.025
vt 0.87625 0.225
vt 0.87625 0.225
vt 0.87625 0.025
vt 0.87625 0.025
vt 0.87625 0.225
vt 0.87625 0.025
vt 0.87625 0.225
vt 0.87625 0.225
vt 0.87625 0.025
vt 0.87625 0.025
vt 0.87625 0.225
vt 0.87625 0.025
vt 0.87625 0.225
vt 0.87625 0.025
vt 0.87625 0.225
vt 0.87625 0.225
vt 0.87625 0.025
vt 0.87625 0.025
vt 0.87625 0.225
vt 0.87625 0.025
vt 0.87625 0.225
vt 0.87625 0.225
vt 0.87625 0.025
vt 0.87625 0.025
vt 0.87625 0.225
vt 0.87625 0.025
vt 0.87625 0.225
vt 0.87625 0.225
vt 0.87625 0.025
vt 0.87625 0.025
vt 0.87625 0.225
vt 0.87625 0.225
vt 0.87625 0.025
vt 0.87625 0.025
vt 0.87625 0.225
vt 0.87625 0.025
vt 0.87625 0.225
vt 0.87625 0.225
vt 0.87625 0.025
vt 0.87625 0.025
vt 0.87625 0.225
vt 0.87625 0.025
vt 0.87625 0.225
vt 0.87625 0.225
vt 0.87625 0.025
vt 0.87625 0.025
vt 0.87625 0.225
vt 0.87625 0.025
vt 0.87625 0.225
vt 0.87625 0.025
vt 0.87625 0.225
vt 0.87625 0.225
vt 0.87625 0.025
vt 0.87625 0.025
vt 0.87625 0.225
vt 0.87625 0.025
vt 0.87625 0.225
vt 0.87625 0.225
vt 0.87625 0.025
vt 0.87625 0.025
vt 0.87625 0.225
vt 0.87625 0.025
vt 0.87625 0.225
vt 0.87625 0.225
vt 0.87625 0.025
vt 0.87625 0.025
vt 0.87625 0.225
vt 0.87625 0.225
vt 0.87625 0.025
vt 0.87625 0.025
vt 0.87625 0.225
vt 0.87625 0.025
vt 0.87625 0.225
vt 0.87625 0.225
vt 0.87625 0.025
vt 0.87625 0.025
vt 0.87625 0.225
vt 0.87625 0.025
vt 0.87625 0.225
vt 0.87625 0.225
vt 0.87625 0.025
vt 0.87625 0.025
vt 0.87625 0.225
vt 0.87625 0.025
vt 0.87625 0.225
vt 0.87625 0.025
vt 0.87625 0.225
vt 0.87625 0.225
vt 0.87625 0.025
vt 0.87625 0.025
vt 0.87625 0.225
vt 0.87625 0.025
vt 0.87625 0.225
vt 0.87625 0.225
vt 0.87625 0.025
vt 0.87625 0.025
vt 0.87625 0.225
vt 0.87625 0.025
vt 0.87625 0.225
vt 0.87625 0.225
vt 0.87625 0.025
vt 0.87625 0.025
vt 0.87625 0.225
vt 0.87625 0.225
vt 0.87625 0.025
vt 0.87625 0.025
vt 0.87625 0.225
vt 0.87625 0.025
vt 0.87625 0.225
vt 0.87625 0.225
vt 0.87625 0.025
vt 0.87625 0.025
vt 0.87625 0.225
vt 0.87625 0.025
vt 0.87625 0.225
vt 0.87625 0.225
vt 0.87625 0.025
vt 0.87625 0.025
vt 0.87625 0.225
vt 0.87625 0.025
vt 0.87625 0.225
vt 0.87625 0.025
vt 0.87625 0.225
vt 0.87625 0.225
vt 0.87625 0.025
vt 0.87625 0.025
vt 0.87625 0.225
vt 0.87625 0.025
vt 0.87625 0.225
vt 0.87625 0.225
vt 0.87625 0.025
vt 0.87625 0.025
vt 0.87625 0.225
vt 0.87625 0.025
vt 0.87625 0.225
vt 0.87625 0.225
vt 0.87625 0.025
vt 0.87625 0.025
vt 0.87625 0.225
vt 0.87625 0.225
vt 0.87625 0.025
vt 0.87625 0.025
vt 0.87625 0.225
vt 0.87625 0.025
vt 0.87625 0.225
vt 0.87625 0.225
vt 0.87625 0.025
vt 0.87625 0.025
vt 0.87625 0.225
vt 0.87625 0.025
vt 0.87625 0.225
vt 0.87625 0.225
vt 0.87625 0.025
vt 0.87625 0.025
vt 0.87625 0.225
vt 0.87625 0.025
vt 0.87625 0.225
vt 0.87625 0.025
vt 0.87625 0.225
vt 0.87625 0.225
vt 0.87625 0.025
vt 0.87625 0.025
vt 0.87625 0.225
vt 0.87625 0.025
vt 0.87625 0.225
vt 0.87625 0.225
vt 0.87625 0.025
vt 0.87625 0.025
vt 0.87625 0.225
vt 0.87625 0.025
vt 0.87625 0.225
vt 0.87625 0.225
vt 0.87625 0.025
vt 0.4375 0.775
vt 0.4375 0.975
vt 0.47083 0.975
vt 0.47083 0.775
vt 0.4375 0.775
vt 0.47083 0.975
vt 0.47083 0.775
vt 0.47083 0.975
vt 0.50417 0.975
vt 0.50417 0.775
vt 0.47083 0.775
vt 0.50417 0.975
vt 0.40417 0.775
vt 0.40417 0.975
vt 0.4375 0.975
vt 0.4375 0.775
vt 0.40417 0.775
vt 0.4375 0.975
vt 0.4375 0.775
vt 0.4375 0.975
vt 0.47083 0.775
vt 0.4375 0.975
vt 0.47083 0.975
vt 0.47083 0.775
vt 0.47083 0.775
vt 0.47083 0.975
vt 0.50417 0.775
vt 0.47083 0.975
vt 0.50417 0.975
vt 0.50417 0.775
vt 0.40417 0.775
vt 0.40417 0.975
vt 0.4375 0.775
vt 0.40417 0.975
vt 0.4375 0.975
vt 0.4375 0.775
vt 0.4375 0.775
vt 0.4375 0.975
vt 0.47083 0.975
vt 0.47083 0.775
vt 0.4375 0.775
vt 0.47083 0.975
vt 0.47083 0.775
vt 0.47083 0.975
vt 0.50417 0.975
vt 0.50417 0.775
vt 0.47083 0.775
vt 0.50417 0.975
vt 0.40417 0.775
vt 0.40417 0.975
vt 0.4375 0.975
vt 0.4375 0.775
vt 0.40417 0.775
vt 0.4375 0.975
vt 0.4375 0.775
vt 0.4375 0.975
vt 0.47083 0.775
vt 0.4375 0.975
vt 0.47083 0.975
vt 0.47083 0.775
vt 0.47083 0.775
vt 0.47083 0.975
vt 0.50417 0.775
vt 0.47083 0.975
vt 0.50417 0.975
vt 0.50417 0.775
vt 0.40417 0.775
vt 0.40417 0.975
vt 0.4375 0.775
vt 0.40417 0.975
vt 0.4375 0.975
vt 0.4375 0.775
vt 0.4375 0.775
vt 0.4375 0.975
vt 0.47083 0.975
vt 0.47083 0.775
vt 0.4375 0.775
vt 0.47083 0.975
vt 0.47083 0.775
vt 0.47083 0.975
vt 0.50417 0.975
vt 0.50417 0.775
vt 0.47083 0.775
vt 0.50417 0.975
vt 0.40417 0.775
vt 0.40417 0.975
vt 0.4375 0.975
vt 0.4375 0.775
vt 0.40417 0.775
vt 0.4375 0.975
vt 0.4375 0.775
vt 0.4375 0.975
vt 0.47083 0.775
vt 0.4375 0.975
vt 0.47083 0.975
vt 0.47083 0.775
vt 0.47083 0.775
vt 0.47083 0.975
vt 0.50417 0.775
vt 0.47083 0.975
vt 0.50417 0.975
vt 0.50417 0.775
vt 0.40417 0.775
vt 0.40417 0.975
vt 0.4375 0.775
vt 0.40417 0.975
vt 0.4375 0.975
vt 0.4375 0.775
vt 0.4375 0.775
vt 0.4375 0.975
vt 0.47083 0.975
vt 0.47083 0.775
vt 0.4375 0.775
vt 0.47083 0.975
vt 0.47083 0.775
vt 0.47083 0.975
vt 0.50417 0.975
vt 0.50417 0.775
vt 0.47083 0.775
vt 0.50417 0.975
vt 0.40417 0.775
vt 0.40417 0.975
vt 0.4375 0.975
vt 0.4375 0.775
vt 0.40417 0.775
vt 0.4375 0.975
vt 0.4375 0.775
vt 0.4375 0.975
vt 0.47083 0.775
vt 0.4375 0.975
vt 0.47083 0.975
vt 0.47083 0.775
vt 0.47083 0.775
vt 0.47083 0.975
vt 0.50417 0.775
vt 0.47083 0.975
vt 0.50417 0.975
vt 0.50417 0.775
vt 0.40417 0.775
vt 0.40417 0.975
vt 0.4375 0.775
vt 0.40417 0.975
vt 0.4375 0.975
vt 0.4375 0.775
vt 0.55 0.775
vt 0.55 0.975
vt 0.58333 0.975
vt 0.58333 0.775
vt 0.55 0.775
vt 0.58333 0.975
vt 0.58333 0.775
vt 0.58333 0.975
vt 0.61667 0.975
vt 0.61667 0.775
vt 0.58333 0.775
vt 0.61667 0.975
vt 0.51667 0.775
vt 0.51667 0.975
vt 0.55 0.775
vt 0.51667 0.975
vt 0.55 0.975
vt 0.55 0.775
vt 0.55 0.775
vt 0.55 0.975
vt 0.65 0.775
vt 0.55 0.975
vt 0.65 0.975
vt 0.65 0.775
vt 0.5125 0.525
vt 0.5125 0.725
vt 0.57917 0.725
vt 0.57917 0.525
vt 0.5125 0.525
vt 0.57917 0.725
vt 0.57917 0.525
vt 0.57917 0.725
vt 0.64583 0.725
vt 0.64583 0.525
vt 0.57917 0.525
vt 0.64583 0.725
vt 0.54583 0.525
vt 0.54583 0.725
vt 0.6125 0.525
vt 0.54583 0.725
vt 0.6125 0.725
vt 0.6125 0.525
vt 0.5125 0.525
vt 0.5125 0.725
vt 0.7125 0.525
vt 0.5125 0.725
vt 0.7125 0.725
vt 0.7125 0.525
vt 0.5 0.775
vt 0.5 0.975
vt 0.56667 0.975
vt 0.56667 0.775
vt 0.5 0.775
vt 0.56667 0.975
vt 0.56667 0.775
vt 0.56667 0.975
vt 0.63333 0.975
vt 0.63333 0.775
vt 0.56667 0.775
vt 0.63333 0.975
vt 0.53333 0.775
vt 0.53333 0.975
vt 0.6 0.775
vt 0.53333 0.975
vt 0.6 0.975
vt 0.6 0.775
vt 0.5 0.775
vt 0.5 0.975
vt 0.7 0.775
vt 0.5 0.975
vt 0.7 0.975
vt 0.7 0.775
vt 0.55 0.775
vt 0.55 0.975
vt 0.58333 0.975
vt 0.58333 0.775
vt 0.55 0.775
vt 0.58333 0.975
vt 0.58333 0.775
vt 0.58333 0.975
vt 0.61667 0.975
vt 0.61667 0.775
vt 0.58333 0.775
vt 0.61667 0.975
vt 0.51667 0.775
vt 0.51667 0.975
vt 0.55 0.775
vt 0.51667 0.975
vt 0.55 0.975
vt 0.55 0.775
vt 0.55 0.775
vt 0.55 0.975
vt 0.65 0.775
vt 0.55 0.975
vt 0.65 0.975
vt 0.65 0.775
vt 0.55 0.775
vt 0.55 0.975
vt 0.58333 0.975
vt 0.58333 0.775
vt 0.55 0.775
vt 0.58333 0.975
vt 0.58333 0.775
vt 0.58333 0.975
vt 0.61667 0.975
vt 0.61667 0.775
vt 0.58333 0.775
vt 0.61667 0.975
vt 0.51667 0.775
vt 0.51667 0.975
vt 0.55 0.775
vt 0.51667 0.975
vt 0.55 0.975
vt 0.55 0.775
vt 0.55 0.775
vt 0.55 0.975
vt 0.65 0.775
vt 0.55 0.975
vt 0.65 0.975
vt 0.65 0.775
vt 0.5125 0.525
vt 0.5125 0.725
vt 0.57917 0.725
vt 0.57917 0.525
vt 0.5125 0.525
vt 0.57917 0.725
vt 0.57917 0.525
vt 0.57917 0.725
vt 0.64583 0.725
vt 0.64583 0.525
vt 0.57917 0.525
vt 0.64583 0.725
vt 0.54583 0.525
vt 0.54583 0.725
vt 0.6125 0.525
vt 0.54583 0.725
vt 0.6125 0.725
vt 0.6125 0.525
vt 0.5125 0.525
vt 0.5125 0.725
vt 0.7125 0.525
vt 0.5125 0.725
vt 0.7125 0.725
vt 0.7125 0.525
vt 0.5 0.775
vt 0.5 0.975
vt 0.56667 0.975
vt 0.56667 0.775
vt 0.5 0.775
vt 0.56667 0.975
vt 0.56667 0.775
vt 0.56667 0.975
vt 0.63333 0.975
vt 0.63333 0.775
vt 0.56667 0.775
vt 0.63333 0.975
vt 0.53333 0.775
vt 0.53333 0.975
vt 0.6 0.775
vt 0.53333 0.975
vt 0.6 0.975
vt 0.6 0.775
vt 0.5 0.775
vt 0.5 0.975
vt 0.7 0.775
vt 0.5 0.975
vt 0.7 0.975
vt 0.7 0.775
vt 0.55 0.775
vt 0.55 0.975
vt 0.58333 0.975
vt 0.58333 0.775
vt 0.55 0.775
vt 0.58333 0.975
vt 0.58333 0.775
vt 0.58333 0.975
vt 0.61667 0.975
vt 0.61667 0.775
vt 0.58333 0.775
vt 0.61667 0.975
vt 0.51667 0.775
vt 0.51667 0.975
vt 0.55 0.775
vt 0.51667 0.975
vt 0.55 0.975
vt 0.55 0.775
vt 0.55 0.775
vt 0.55 0.975
vt 0.65 0.775
vt 0.55 0.975
vt 0.65 0.975
vt 0.65 0.775
vt 0.55 0.775
vt 0.55 0.975
vt 0.58333 0.975
vt 0.58333 0.775
vt 0.55 0.775
vt 0.58333 0.975
vt 0.58333 0.775
vt 0.58333 0.975
vt 0.61667 0.975
vt 0.61667 0.775
vt 0.58333 0.775
vt 0.61667 0.975
vt 0.51667 0.775
vt 0.51667 0.975
vt 0.55 0.975
vt 0.55 0.775
vt 0.51667 0.775
vt 0.55 0.975
vt 0.55 0.775
vt 0.55 0.975
vt 0.58333 0.775
vt 0.55 0.975
vt 0.58333 0.975
vt 0.58333 0.775
vt 0.58333 0.775
vt 0.58333 0.975
vt 0.61667 0.775
vt 0.58333 0.975
vt 0.61667 0.975
vt 0.61667 0.775
vt 0.51667 0.775
vt 0.51667 0.975
vt 0.55 0.775
vt 0.51667 0.975
vt 0.55 0.975
vt 0.55 0.775
vt 0.55 0.775
vt 0.55 0.975
vt 0.58333 0.975
vt 0.58333 0.775
vt 0.55 0.775
vt 0.58333 0.975
vt 0.58333 0.775
vt 0.58333 0.975
vt 0.61667 0.975
vt 0.61667 0.775
vt 0.58333 0.775
vt 0.61667 0.975
vt 0.51667 0.775
vt 0.51667 0.975
vt 0.55 0.975
vt 0.55 0.775
vt 0.51667 0.775
vt 0.55 0.975
vt 0.55 0.775
vt 0.55 0.975
vt 0.58333 0.775
vt 0.55 0.975
vt 0.58333 0.975
vt 0.58333 0.775
vt 0.58333 0.775
vt 0.58333 0.975
vt 0.61667 0.775
vt 0.58333 0.975
vt 0.61667 0.975
vt 0.61667 0.775
vt 0.51667 0.775
vt 0.51667 0.975
vt 0.55 0.775
vt 0.51667 0.975
vt 0.55 0.975
vt 0.55 0.775
vt 0.4375 0.525
vt 0.4375 0.725
vt 0.47083 0.725
vt 0.47083 0.525
vt 0.4375 0.525
vt 0.47083 0.725
vt 0.47083 0.525
vt 0.47083 0.725
vt 0.50417 0.725
vt 0.50417 0.525
vt 0.47083 0.525
vt 0.50417 0.725
vt 0.40417 0.525
vt 0.40417 0.725
vt 0.4375 0.725
vt 0.4375 0.525
vt 0.40417 0.525
vt 0.4375 0.725
vt 0.4375 0.525
vt 0.4375 0.725
vt 0.47083 0.525
vt 0.4375 0.725
vt 0.47083 0.725
vt 0.47083 0.525
vt 0.47083 0.525
vt 0.47083 0.725
vt 0.50417 0.525
vt 0.47083 0.725
vt 0.50417 0.725
vt 0.50417 0.525
vt 0.40417 0.525
vt 0.40417 0.725
vt 0.4375 0.525
vt 0.40417 0.725
vt 0.4375 0.725
vt 0.4375 0.525
vt 0.55 0.775
vt 0.55 0.975
vt 0.58333 0.975
vt 0.58333 0.775
vt 0.55 0.775
vt 0.58333 0.975
vt 0.58333 0.775
vt 0.58333 0.975
vt 0.61667 0.975
vt 0.61667 0.775
vt 0.58333 0.775
vt 0.61667 0.975
vt 0.51667 0.775
vt 0.51667 0.975
vt 0.55 0.975
vt 0.55 0.775
vt 0.51667 0.775
vt 0.55 0.975
vt 0.55 0.775
vt 0.55 0.975
vt 0.58333 0.775
vt 0.55 0.975
vt 0.58333 0.975
vt 0.58333 0.775
vt 0.58333 0.775
vt 0.58333 0.975
vt 0.61667 0.775
vt 0.58333 0.975
vt 0.61667 0.975
vt 0.61667 0.775
vt 0.51667 0.775
vt 0.51667 0.975
vt 0.55 0.775
vt 0.51667 0.975
vt 0.55 0.975
vt 0.55 0.775
vt 0.55 0.775
vt 0.55 0.975
vt 0.58333 0.975
vt 0.58333 0.775
vt 0.55 0.775
vt 0.58333 0.975
vt 0.58333 0.775
vt 0.58333 0.975
vt 0.61667 0.975
vt 0.61667 0.775
vt 0.58333 0.775
vt 0.61667 0.975
vt 0.51667 0.775
vt 0.51667 0.975
vt 0.55 0.975
vt 0.55 0.775
vt 0.51667 0.775
vt 0.55 0.975
vt 0.55 0.775
vt 0.55 0.975
vt 0.58333 0.775
vt 0.55 0.975
vt 0.58333 0.975
vt 0.58333 0.775
vt 0.58333 0.775
vt 0.58333 0.975
vt 0.61667 0.775
vt 0.58333 0.975
vt 0.61667 0.975
vt 0.61667 0.775
vt 0.51667 0.775
vt 0.51667 0.975
vt 0.55 0.775
vt 0.51667 0.975
vt 0.55 0.975
vt 0.55 0.775
vt 0.55 0.775
vt 0.55 0.975
vt 0.58333 0.975
vt 0.58333 0.775
vt 0.55 0.775
vt 0.58333 0.975
vt 0.58333 0.775
vt 0.58333 0.975
vt 0.61667 0.975
vt 0.61667 0.775
vt 0.58333 0.775
vt 0.61667 0.975
vt 0.51667 0.775
vt 0.51667 0.975
vt 0.55 0.975
vt 0.55 0.775
vt 0.51667 0.775
vt 0.55 0.975
vt 0.55 0.775
vt 0.55 0.975
vt 0.58333 0.775
vt 0.55 0.975
vt 0.58333 0.975
vt 0.58333 0.775
vt 0.58333 0.775
vt 0.58333 0.975
vt 0.61667 0.775
vt 0.58333 0.975
vt 0.61667 0.975
vt 0.61667 0.775
vt 0.51667 0.775
vt 0.51667 0.975
vt 0.55 0.775
vt 0.51667 0.975
vt 0.55 0.975
vt 0.55 0.775
vt 0.55 0.775
vt 0.55 0.975
vt 0.58333 0.975
vt 0.58333 0.775
vt 0.55 0.775
vt 0.58333 0.975
vt 0.58333 0.775
vt 0.58333 0.975
vt 0.61667 0.975
vt 0.61667 0.775
vt 0.58333 0.775
vt 0.61667 0.975
vt 0.51667 0.775
vt 0.51667 0.975
vt 0.55 0.975
vt 0.55 0.775
vt 0.51667 0.775
vt 0.55 0.975
vt 0.55 0.775
vt 0.55 0.975
vt 0.58333 0.775
vt 0.55 0.975
vt 0.58333 0.975
vt 0.58333 0.775
vt 0.58333 0.775
vt 0.58333 0.975
vt 0.61667 0.775
vt 0.58333 0.975
vt 0.61667 0.975
vt 0.61667 0.775
vt 0.51667 0.775
vt 0.51667 0.975
vt 0.55 0.775
vt 0.51667 0.975
vt 0.55 0.975
vt 0.55 0.775
vt 0.4375 0.525
vt 0.4375 0.725
vt 0.47083 0.725
vt 0.47083 0.525
vt 0.4375 0.525
vt 0.47083 0.725
vt 0.47083 0.525
vt 0.47083 0.725
vt 0.50417 0.725
vt 0.50417 0.525
vt 0.47083 0.525
vt 0.50417 0.725
vt 0.40417 0.525
vt 0.40417 0.725
vt 0.4375 0.725
vt 0.4375 0.525
vt 0.40417 0.525
vt 0.4375 0.725
vt 0.4375 0.525
vt 0.4375 0.725
vt 0.47083 0.525
vt 0.4375 0.725
vt 0.47083 0.725
vt 0.47083 0.525
vt 0.47083 0.525
vt 0.47083 0.725
vt 0.50417 0.525
vt 0.47083 0.725
vt 0.50417 0.725
vt 0.50417 0.525
vt 0.40417 0.525
vt 0.40417 0.725
vt 0.4375 0.525
vt 0.40417 0.725
vt 0.4375 0.725
vt 0.4375 0.525
vt 0.55 0.775
vt 0.55 0.975
vt 0.58333 0.975
vt 0.58333 0.775
vt 0.55 0.775
vt 0.58333 0.975
vt 0.58333 0.775
vt 0.58333 0.975
vt 0.61667 0.975
vt 0.61667 0.775
vt 0.58333 0.775
vt 0.61667 0.975
vt 0.51667 0.775
vt 0.51667 0.975
vt 0.55 0.975
vt 0.55 0.775
vt 0.51667 0.775
vt 0.55 0.975
vt 0.55 0.775
vt 0.55 0.975
vt 0.58333 0.775
vt 0.55 0.975
vt 0.58333 0.975
vt 0.58333 0.775
vt 0.58333 0.775
vt 0.58333 0.975
vt 0.61667 0.775
vt 0.58333 0.975
vt 0.61667 0.975
vt 0.61667 0.775
vt 0.51667 0.775
vt 0.51667 0.975
vt 0.55 0.775
vt 0.51667 0.975
vt 0.55 0.975
vt 0.55 0.775
vt 0.55 0.775
vt 0.55 0.975
vt 0.58333 0.975
vt 0.58333 0.775
vt 0.55 0.775
vt 0.58333 0.975
vt 0.58333 0.775
vt 0.58333 0.975
vt 0.61667 0.975
vt 0.61667 0.775
vt 0.58333 0.775
vt 0.61667 0.975
vt 0.51667 0.775
vt 0.51667 0.975
vt 0.55 0.975
vt 0.55 0.775
vt 0.51667 0.775
vt 0.55 0.975
vt 0.55 0.775
vt 0.55 0.975
vt 0.58333 0.775
vt 0.55 0.975
vt 0.58333 0.975
vt 0.58333 0.775
vt 0.58333 0.775
vt 0.58333 0.975
vt 0.61667 0.775
vt 0.58333 0.975
vt 0.61667 0.975
vt 0.61667 0.775
vt 0.51667 0.775
vt 0.51667 0.975
vt 0.55 0.775
vt 0.51667 0.975
vt 0.55 0.975
vt 0.55 0.775
vt 0.5125 0.775
vt 0.5125 0.905
vt 0.6125 0.775
vt 0.6125 0.775
vt 0.5125 0.905
vt 0.6125 0.905
vt 0.5125 0.905
vt 0.5125 0.975
vt 0.6125 0.905
vt 0.6125 0.905
vt 0.5125 0.975
vt 0.6125 0.975
vt 0.5125 0.775
vt 0.6125 0.775
vt 0.5125 0.905
vt 0.6125 0.775
vt 0.6125 0.905
vt 0.5125 0.905
vt 0.5125 0.905
vt 0.6125 0.905
vt 0.5125 0.975
vt 0.6125 0.905
vt 0.6125 0.975
vt 0.5125 0.975
vt 0.5125 0.775
vt 0.5125 0.905
vt 0.6125 0.775
vt 0.6125 0.775
vt 0.5125 0.905
vt 0.6125 0.975
vt 0.5125 0.905
vt 0.5125 0.975
vt 0.6125 0.975
vt 0.5125 0.775
vt 0.6125 0.775
vt 0.5125 0.905
vt 0.6125 0.775
vt 0.6125 0.975
vt 0.5125 0.905
vt 0.5125 0.905
vt 0.6125 0.975
vt 0.5125 0.975
vt 0.5125 0.905
vt 0.5125 0.775
vt 0.6125 0.775
vt 0.5125 0.905
vt 0.6125 0.775
vt 0.6125 0.905
vt 0.5125 0.975
vt 0.5125 0.905
vt 0.6125 0.905
vt 0.5125 0.975
vt 0.6125 0.905
vt 0.6125 0.975
vt 0.5125 0.905
vt 0.6125 0.775
vt 0.5125 0.775
vt 0.5125 0.905
vt 0.6125 0.905
vt 0.6125 0.775
vt 0.5125 0.975
vt 0.6125 0.905
vt 0.5125 0.905
vt 0.5125 0.975
vt 0.6125 0.975
vt 0.6125 0.905
vt 0.5125 0.905
vt 0.5125 0.775
vt 0.6125 0.775
vt 0.5125 0.905
vt 0.6125 0.775
vt 0.6125 0.975
vt 0.5125 0.975
vt 0.5125 0.905
vt 0.6125 0.975
vt 0.5125 0.905
vt 0.6125 0.775
vt 0.5125 0.775
vt 0.5125 0.905
vt 0.6125 0.975
vt 0.6125 0.775
vt 0.5125 0.975
vt 0.6125 0.975
vt 0.5125 0.905
vt 0.5125 0.775
vt 0.5125 0.965
vt 0.6125 0.775
vt 0.6125 0.775
vt 0.5125 0.965
vt 0.6125 0.965
vt 0.5125 0.965
vt 0.5125 0.975
vt 0.6125 0.965
vt 0.6125 0.965
vt 0.5125 0.975
vt 0.6125 0.975
vt 0.5125 0.775
vt 0.6125 0.775
vt 0.5125 0.965
vt 0.6125 0.775
vt 0.6125 0.965
vt 0.5125 0.965
vt 0.5125 0.965
vt 0.6125 0.965
vt 0.5125 0.975
vt 0.6125 0.965
vt 0.6125 0.975
vt 0.5125 0.975
vt 0.5125 0.775
vt 0.5125 0.965
vt 0.6125 0.775
vt 0.6125 0.775
vt 0.5125 0.965
vt 0.6125 0.965
vt 0.5125 0.965
vt 0.5125 0.975
vt 0.6125 0.965
vt 0.6125 0.965
vt 0.5125 0.975
vt 0.6125 0.975
vt 0.5125 0.775
vt 0.6125 0.775
vt 0.5125 0.965
vt 0.6125 0.775
vt 0.6125 0.965
vt 0.5125 0.965
vt 0.5125 0.965
vt 0.6125 0.965
vt 0.5125 0.975
vt 0.6125 0.965
vt 0.6125 0.975
vt 0.5125 0.975
vt 0.475 0.775
vt 0.475 0.965
vt 0.575 0.775
vt 0.575 0.775
vt 0.475 0.965
vt 0.575 0.975
vt 0.475 0.965
vt 0.475 0.975
vt 0.575 0.975
vt 0.475 0.775
vt 0.575 0.775
vt 0.475 0.965
vt 0.575 0.775
vt 0.575 0.975
vt 0.475 0.965
vt 0.475 0.965
vt 0.575 0.975
vt 0.475 0.975
vt 0.5125 0.965
vt 0.5125 0.775
vt 0.6125 0.775
vt 0.5125 0.965
vt 0.6125 0.775
vt 0.6125 0.965
vt 0.5125 0.975
vt 0.5125 0.965
vt 0.6125 0.965
vt 0.5125 0.975
vt 0.6125 0.965
vt 0.6125 0.975
vt 0.5125 0.965
vt 0.6125 0.775
vt 0.5125 0.775
vt 0.5125 0.965
vt 0.6125 0.965
vt 0.6125 0.775
vt 0.5125 0.975
vt 0.6125 0.965
vt 0.5125 0.965
vt 0.5125 0.975
vt 0.6125 0.975
vt 0.6125 0.965
vt 0.5125 0.965
vt 0.5125 0.775
vt 0.6125 0.775
vt 0.5125 0.965
vt 0.6125 0.775
vt 0.6125 0.965
vt 0.5125 0.975
vt 0.5125 0.965
vt 0.6125 0.965
vt 0.5125 0.975
vt 0.6125 0.965
vt 0.6125 0.975
vt 0.5125 0.965
vt 0.6125 0.775
vt 0.5125 0.775
vt 0.5125 0.965
vt 0.6125 0.965
vt 0.6125 0.775
vt 0.5125 0.975
vt 0.6125 0.965
vt 0.5125 0.965
vt 0.5125 0.975
vt 0.6125 0.975
vt 0.6125 0.965
vt 0.475 0.965
vt 0.475 0.775
vt 0.575 0.775
vt 0.475 0.965
vt 0.575 0.775
vt 0.575 0.975
vt 0.475 0.975
vt 0.475 0.965
vt 0.575 0.975
vt 0.475 0.965
vt 0.575 0.775
vt 0.475 0.775
vt 0.475 0.965
vt 0.575 0.975
vt 0.575 0.775
vt 0.475 0.975
vt 0.575 0.975
vt 0.475 0.965
vt 0.87625 0.025
vt 0.87625 0.195
vt 0.87625 0.025
vt 0.87625 0.025
vt 0.87625 0.195
vt 0.87625 0.195
vt 0.87625 0.195
vt 0.87625 0.225
vt 0.87625 0.195
vt 0.87625 0.195
vt 0.87625 0.225
vt 0.87625 0.225
vt 0.87625 0.025
vt 0.87625 0.025
vt 0.87625 0.195
vt 0.87625 0.025
vt 0.87625 0.195
vt 0.87625 0.195
vt 0.87625 0.195
vt 0.87625 0.195
vt 0.87625 0.225
vt 0.87625 0.195
vt 0.87625 0.225
vt 0.87625 0.225
vt 0.1375 0.275
vt 0.1375 0.445
vt 0.2375 0.275
vt 0.2375 0.275
vt 0.1375 0.445
vt 0.2375 0.445
vt 0.1375 0.445
vt 0.1375 0.475
vt 0.2375 0.445
vt 0.2375 0.445
vt 0.1375 0.475
vt 0.2375 0.475
vt 0.1375 0.275
vt 0.2375 0.275
vt 0.1375 0.445
vt 0.2375 0.275
vt 0.2375 0.445
vt 0.1375 0.445
vt 0.1375 0.445
vt 0.2375 0.445
vt 0.1375 0.475
vt 0.2375 0.445
vt 0.2375 0.475
vt 0.1375 0.475
vt 0.0125 0.525
vt 0.0125 0.695
vt 0.1125 0.525
vt 0.1125 0.525
vt 0.0125 0.695
vt 0.1125 0.725
vt 0.0125 0.695
vt 0.0125 0.725
vt 0.1125 0.725
vt 0.0125 0.525
vt 0.1125 0.525
vt 0.0125 0.695
vt 0.1125 0.525
vt 0.1125 0.725
vt 0.0125 0.695
vt 0.0125 0.695
vt 0.1125 0.725
vt 0.0125 0.725
vt 0.87625 0.195
vt 0.87625 0.025
vt 0.87625 0.025
vt 0.87625 0.195
vt 0.87625 0.025
vt 0.87625 0.195
vt 0.87625 0.225
vt 0.87625 0.195
vt 0.87625 0.195
vt 0.87625 0.225
vt 0.87625 0.195
vt 0.87625 0.225
vt 0.87625 0.195
vt 0.87625 0.025
vt 0.87625 0.025
vt 0.87625 0.195
vt 0.87625 0.195
vt 0.87625 0.025
vt 0.87625 0.225
vt 0.87625 0.195
vt 0.87625 0.195
vt 0.87625 0.225
vt 0.87625 0.225
vt 0.87625 0.195
vt 0.1375 0.445
vt 0.1375 0.275
vt 0.2375 0.275
vt 0.1375 0.445
vt 0.2375 0.275
vt 0.2375 0.445
vt 0.1375 0.475
vt 0.1375 0.445
vt 0.2375 0.445
vt 0.1375 0.475
vt 0.2375 0.445
vt 0.2375 0.475
vt 0.1375 0.445
vt 0.2375 0.275
vt 0.1375 0.275
vt 0.1375 0.445
vt 0.2375 0.445
vt 0.2375 0.275
vt 0.1375 0.475
vt 0.2375 0.445
vt 0.1375 0.445
vt 0.1375 0.475
vt 0.2375 0.475
vt 0.2375 0.445
vt 0.0125 0.695
vt 0.0125 0.525
vt 0.1125 0.525
vt 0.0125 0.695
vt 0.1125 0.525
vt 0.1125 0.725
vt 0.0125 0.725
vt 0.0125 0.695
vt 0.1125 0.725
vt 0.0125 0.695
vt 0.1125 0.525
vt 0.0125 0.525
vt 0.0125 0.695
vt 0.1125 0.725
vt 0.1125 0.525
vt 0.0125 0.725
vt 0.1125 0.725
vt 0.0125 0.695
vt 0.5125 0.775
vt 0.5125 0.965
vt 0.6125 0.775
vt 0.6125 0.775
vt 0.5125 0.965
vt 0.6125 0.965
vt 0.5125 0.965
vt 0.5125 0.975
vt 0.6125 0.965
vt 0.6125 0.965
vt 0.5125 0.975
vt 0.6125 0.975
vt 0.5125 0.775
vt 0.6125 0.775
vt 0.5125 0.965
vt 0.6125 0.775
vt 0.6125 0.965
vt 0.5125 0.965
vt 0.5125 0.965
vt 0.6125 0.965
vt 0.5125 0.975
vt 0.6125 0.965
vt 0.6125 0.975
vt 0.5125 0.975
vt 0.87625 0.025
vt 0.87625 0.215
vt 0.87625 0.025
vt 0.87625 0.025
vt 0.87625 0.215
vt 0.87625 0.215
vt 0.87625 0.215
vt 0.87625 0.225
vt 0.87625 0.215
vt 0.87625 0.215
vt 0.87625 0.225
vt 0.87625 0.225
vt 0.87625 0.025
vt 0.87625 0.025
vt 0.87625 0.215
vt 0.87625 0.025
vt 0.87625 0.215
vt 0.87625 0.215
vt 0.87625 0.215
vt 0.87625 0.215
vt 0.87625 0.225
vt 0.87625 0.215
vt 0.87625 0.225
vt 0.87625 0.225
vt 0.5125 0.775
vt 0.5125 0.965
vt 0.6125 0.775
vt 0.6125 0.775
vt 0.5125 0.965
vt 0.6125 0.975
vt 0.5125 0.965
vt 0.5125 0.975
vt 0.6125 0.975
vt 0.5125 0.775
vt 0.6125 0.775
vt 0.5125 0.965
vt 0.6125 0.775
vt 0.6125 0.975
vt 0.5125 0.965
vt 0.5125 0.965
vt 0.6125 0.975
vt 0.5125 0.975
vt 0.5125 0.965
vt 0.5125 0.775
vt 0.6125 0.775
vt 0.5125 0.965
vt 0.6125 0.775
vt 0.6125 0.965
vt 0.5125 0.975
vt 0.5125 0.965
vt 0.6125 0.965
vt 0.5125 0.975
vt 0.6125 0.965
vt 0.6125 0.975
vt 0.5125 0.965
vt 0.6125 0.775
vt 0.5125 0.775
vt 0.5125 0.965
vt 0.6125 0.965
vt 0.6125 0.775
vt 0.5125 0.975
vt 0.6125 0.965
vt 0.5125 0.965
vt 0.5125 0.975
vt 0.6125 0.975
vt 0.6125 0.965
vt 0.87625 0.215
vt 0.87625 0.025
vt 0.87625 0.025
vt 0.87625 0.215
vt 0.87625 0.025
vt 0.87625 0.215
vt 0.87625 0.225
vt 0.87625 0.215
vt 0.87625 0.215
vt 0.87625 0.225
vt 0.87625 0.215
vt 0.87625 0.225
vt 0.87625 0.215
vt 0.87625 0.025
vt 0.87625 0.025
vt 0.87625 0.215
vt 0.87625 0.215
vt 0.87625 0.025
vt 0.87625 0.225
vt 0.87625 0.215
vt 0.87625 0.215
vt 0.87625 0.225
vt 0.87625 0.225
vt 0.87625 0.215
vt 0.5125 0.965
vt 0.5125 0.775
vt 0.6125 0.775
vt 0.5125 0.965
vt 0.6125 0.775
vt 0.6125 0.975
vt 0.5125 0.975
vt 0.5125 0.965
vt 0.6125 0.975
vt 0.5125 0.965
vt 0.6125 0.775
vt 0.5125 0.775
vt 0.5125 0.965
vt 0.6125 0.975
vt 0.6125 0.775
vt 0.5125 0.975
vt 0.6125 0.975
vt 0.5125 0.965
vt 0.5125 0.775
vt 0.5125 0.955
vt 0.6125 0.775
vt 0.6125 0.775
vt 0.5125 0.955
vt 0.6125 0.955
vt 0.5125 0.955
vt 0.5125 0.975
vt 0.6125 0.955
vt 0.6125 0.955
vt 0.5125 0.975
vt 0.6125 0.975
vt 0.5125 0.775
vt 0.6125 0.775
vt 0.5125 0.955
vt 0.6125 0.775
vt 0.6125 0.955
vt 0.5125 0.955
vt 0.5125 0.955
vt 0.6125 0.955
vt 0.5125 0.975
vt 0.6125 0.955
vt 0.6125 0.975
vt 0.5125 0.975
vt 0.1375 0.775
vt 0.1375 0.955
vt 0.2375 0.775
vt 0.2375 0.775
vt 0.1375 0.955
vt 0.2375 0.955
vt 0.1375 0.955
vt 0.1375 0.975
vt 0.2375 0.955
vt 0.2375 0.955
vt 0.1375 0.975
vt 0.2375 0.975
vt 0.1375 0.775
vt 0.2375 0.775
vt 0.1375 0.955
vt 0.2375 0.775
vt 0.2375 0.955
vt 0.1375 0.955
vt 0.1375 0.955
vt 0.2375 0.955
vt 0.1375 0.975
vt 0.2375 0.955
vt 0.2375 0.975
vt 0.1375 0.975
vt 0.1375 0.775
vt 0.1375 0.955
vt 0.2375 0.775
vt 0.2375 0.775
vt 0.1375 0.955
vt 0.2375 0.975
vt 0.1375 0.955
vt 0.1375 0.975
vt 0.2375 0.975
vt 0.1375 0.775
vt 0.2375 0.775
vt 0.1375 0.955
vt 0.2375 0.775
vt 0.2375 0.975
vt 0.1375 0.955
vt 0.1375 0.955
vt 0.2375 0.975
vt 0.1375 0.975
vt 0.5125 0.955
vt 0.5125 0.775
vt 0.6125 0.775
vt 0.5125 0.955
vt 0.6125 0.775
vt 0.6125 0.955
vt 0.5125 0.975
vt 0.5125 0.955
vt 0.6125 0.955
vt 0.5125 0.975
vt 0.6125 0.955
vt 0.6125 0.975
vt 0.5125 0.955
vt 0.6125 0.775
vt 0.5125 0.775
vt 0.5125 0.955
vt 0.6125 0.955
vt 0.6125 0.775
vt 0.5125 0.975
vt 0.6125 0.955
vt 0.5125 0.955
vt 0.5125 0.975
vt 0.6125 0.975
vt 0.6125 0.955
vt 0.1375 0.955
vt 0.1375 0.775
vt 0.2375 0.775
vt 0.1375 0.955
vt 0.2375 0.775
vt 0.2375 0.955
vt 0.1375 0.975
vt 0.1375 0.955
vt 0.2375 0.955
vt 0.1375 0.975
vt 0.2375 0.955
vt 0.2375 0.975
vt 0.1375 0.955
vt 0.2375 0.775
vt 0.1375 0.775
vt 0.1375 0.955
vt 0.2375 0.955
vt 0.2375 0.775
vt 0.1375 0.975
vt 0.2375 0.955
vt 0.1375 0.955
vt 0.1375 0.975
vt 0.2375 0.975
vt 0.2375 0.955
vt 0.1375 0.955
vt 0.1375 0.775
vt 0.2375 0.775
vt 0.1375 0.955
vt 0.2375 0.775
vt 0.2375 0.975
vt 0.1375 0.975
vt 0.1375 0.955
vt 0.2375 0.975
vt 0.1375 0.955
vt 0.2375 0.775
vt 0.1375 0.775
vt 0.1375 0.955
vt 0.2375 0.975
vt 0.2375 0.775
vt 0.1375 0.975
vt 0.2375 0.975
vt 0.1375 0.955
vt 0.87625 0.025
vt 0.87625 0.155
vt 0.87625 0.025
vt 0.87625 0.025
vt 0.87625 0.155
vt 0.87625 0.155
vt 0.87625 0.155
vt 0.87625 0.225
vt 0.87625 0.155
vt 0.87625 0.155
vt 0.87625 0.225
vt 0.87625 0.225
vt 0.87625 0.025
vt 0.87625 0.025
vt 0.87625 0.155
vt 0.87625 0.025
vt 0.87625 0.155
vt 0.87625 0.155
vt 0.87625 0.155
vt 0.87625 0.155
vt 0.87625 0.225
vt 0.87625 0.155
vt 0.87625 0.225
vt 0.87625 0.225
vt 0.87625 0.025
vt 0.87625 0.155
vt 0.87625 0.025
vt 0.87625 0.025
vt 0.87625 0.155
vt 0.87625 0.225
vt 0.87625 0.155
vt 0.87625 0.225
vt 0.87625 0.225
vt 0.87625 0.025
vt 0.87625 0.025
vt 0.87625 0.155
vt 0.87625 0.025
vt 0.87625 0.225
vt 0.87625 0.155
vt 0.87625 0.155
vt 0.87625 0.225
vt 0.87625 0.225
vt 0.87625 0.155
vt 0.87625 0.025
vt 0.87625 0.025
vt 0.87625 0.155
vt 0.87625 0.025
vt 0.87625 0.155
vt 0.87625 0.225
vt 0.87625 0.155
vt 0.87625 0.155
vt 0.87625 0.225
vt 0.87625 0.155
vt 0.87625 0.225
vt 0.87625 0.155
vt 0.87625 0.025
vt 0.87625 0.025
vt 0.87625 0.155
vt 0.87625 0.155
vt 0.87625 0.025
vt 0.87625 0.225
vt 0.87625 0.155
vt 0.87625 0.155
vt 0.87625 0.225
vt 0.87625 0.225
vt 0.87625 0.155
vt 0.87625 0.155
vt 0.87625 0.025
vt 0.87625 0.025
vt 0.87625 0.155
vt 0.87625 0.025
vt 0.87625 0.225
vt 0.87625 0.225
vt 0.87625 0.155
vt 0.87625 0.225
vt 0.87625 0.155
vt 0.87625 0.025
vt 0.87625 0.025
vt 0.87625 0.155
vt 0.87625 0.225
vt 0.87625 0.025
vt 0.87625 0.225
vt 0.87625 0.225
vt 0.87625 0.155
vt 0.5 0.775
vt 0.5 0.925
vt 0.6 0.775
vt 0.6 0.775
vt 0.5 0.925
vt 0.6 0.925
vt 0.5 0.925
vt 0.5 0.975
vt 0.6 0.925
vt 0.6 0.925
vt 0.5 0.975
vt 0.6 0.975
vt 0.5 0.775
vt 0.6 0.775
vt 0.5 0.925
vt 0.6 0.775
vt 0.6 0.925
vt 0.5 0.925
vt 0.5 0.925
vt 0.6 0.925
vt 0.5 0.975
vt 0.6 0.925
vt 0.6 0.975
vt 0.5 0.975
vt 0.1375 0.275
vt 0.1375 0.425
vt 0.2375 0.275
vt 0.2375 0.275
vt 0.1375 0.425
vt 0.2375 0.425
vt 0.1375 0.425
vt 0.1375 0.475
vt 0.2375 0.425
vt 0.2375 0.425
vt 0.1375 0.475
vt 0.2375 0.475
vt 0.1375 0.275
vt 0.2375 0.275
vt 0.1375 0.425
vt 0.2375 0.275
vt 0.2375 0.425
vt 0.1375 0.425
vt 0.1375 0.425
vt 0.2375 0.425
vt 0.1375 0.475
vt 0.2375 0.425
vt 0.2375 0.475
vt 0.1375 0.475
vt 0.3875 0.525
vt 0.3875 0.675
vt 0.4875 0.525
vt 0.4875 0.525
vt 0.3875 0.675
vt 0.4875 0.675
vt 0.3875 0.675
vt 0.3875 0.725
vt 0.4875 0.675
vt 0.4875 0.675
vt 0.3875 0.725
vt 0.4875 0.725
vt 0.3875 0.525
vt 0.4875 0.525
vt 0.3875 0.675
vt 0.4875 0.525
vt 0.4875 0.675
vt 0.3875 0.675
vt 0.3875 0.675
vt 0.4875 0.675
vt 0.3875 0.725
vt 0.4875 0.675
vt 0.4875 0.725
vt 0.3875 0.725
vt 0.87625 0.025
vt 0.87625 0.175
vt 0.87625 0.025
vt 0.87625 0.025
vt 0.87625 0.175
vt 0.87625 0.175
vt 0.87625 0.175
vt 0.87625 0.225
vt 0.87625 0.175
vt 0.87625 0.175
vt 0.87625 0.225
vt 0.87625 0.225
vt 0.87625 0.025
vt 0.87625 0.025
vt 0.87625 0.175
vt 0.87625 0.025
vt 0.87625 0.175
vt 0.87625 0.175
vt 0.87625 0.175
vt 0.87625 0.175
vt 0.87625 0.225
vt 0.87625 0.175
vt 0.87625 0.225
vt 0.87625 0.225
vt 0.87625 0.025
vt 0.87625 0.175
vt 0.87625 0.025
vt 0.87625 0.025
vt 0.87625 0.175
vt 0.87625 0.225
vt 0.87625 0.175
vt 0.87625 0.225
vt 0.87625 0.225
vt 0.87625 0.025
vt 0.87625 0.025
vt 0.87625 0.175
vt 0.87625 0.025
vt 0.87625 0.225
vt 0.87625 0.175
vt 0.87625 0.175
vt 0.87625 0.225
vt 0.87625 0.225
vt 0.5 0.925
vt 0.5 0.775
vt 0.6 0.775
vt 0.5 0.925
vt 0.6 0.775
vt 0.6 0.925
vt 0.5 0.975
vt 0.5 0.925
vt 0.6 0.925
vt 0.5 0.975
vt 0.6 0.925
vt 0.6 0.975
vt 0.5 0.925
vt 0.6 0.775
vt 0.5 0.775
vt 0.5 0.925
vt 0.6 0.925
vt 0.6 0.775
vt 0.5 0.975
vt 0.6 0.925
vt 0.5 0.925
vt 0.5 0.975
vt 0.6 0.975
vt 0.6 0.925
vt 0.1375 0.425
vt 0.1375 0.275
vt 0.2375 0.275
vt 0.1375 0.425
vt 0.2375 0.275
vt 0.2375 0.425
vt 0.1375 0.475
vt 0.1375 0.425
vt 0.2375 0.425
vt 0.1375 0.475
vt 0.2375 0.425
vt 0.2375 0.475
vt 0.1375 0.425
vt 0.2375 0.275
vt 0.1375 0.275
vt 0.1375 0.425
vt 0.2375 0.425
vt 0.2375 0.275
vt 0.1375 0.475
vt 0.2375 0.425
vt 0.1375 0.425
vt 0.1375 0.475
vt 0.2375 0.475
vt 0.2375 0.425
vt 0.3875 0.675
vt 0.3875 0.525
vt 0.4875 0.525
vt 0.3875 0.675
vt 0.4875 0.525
vt 0.4875 0.675
vt 0.3875 0.725
vt 0.3875 0.675
vt 0.4875 0.675
vt 0.3875 0.725
vt 0.4875 0.675
vt 0.4875 0.725
vt 0.3875 0.675
vt 0.4875 0.525
vt 0.3875 0.525
vt 0.3875 0.675
vt 0.4875 0.675
vt 0.4875 0.525
vt 0.3875 0.725
vt 0.4875 0.675
vt 0.3875 0.675
vt 0.3875 0.725
vt 0.4875 0.725
vt 0.4875 0.675
vt 0.87625 0.175
vt 0.87625 0.025
vt 0.87625 0.025
vt 0.87625 0.175
vt 0.87625 0.025
vt 0.87625 0.175
vt 0.87625 0.225
vt 0.87625 0.175
vt 0.87625 0.175
vt 0.87625 0.225
vt 0.87625 0.175
vt 0.87625 0.225
vt 0.87625 0.175
vt 0.87625 0.025
vt 0.87625 0.025
vt 0.87625 0.175
vt 0.87625 0.175
vt 0.87625 0.025
vt 0.87625 0.225
vt 0.87625 0.175
vt 0.87625 0.175
vt 0.87625 0.225
vt 0.87625 0.225
vt 0.87625 0.175
vt 0.87625 0.175
vt 0.87625 0.025
vt 0.87625 0.025
vt 0.87625 0.175
vt 0.87625 0.025
vt 0.87625 0.225
vt 0.87625 0.225
vt 0.87625 0.175
vt 0.87625 0.225
vt 0.87625 0.175
vt 0.87625 0.025
vt 0.87625 0.025
vt 0.87625 0.175
vt 0.87625 0.225
vt 0.87625 0.025
vt 0.87625 0.225
vt 0.87625 0.225
vt 0.87625 0.175
vt 0.5125 0.775
vt 0.5125 0.925
vt 0.6125 0.775
vt 0.6125 0.775
vt 0.5125 0.925
vt 0.6125 0.925
vt 0.5125 0.925
vt 0.5125 0.975
vt 0.6125 0.925
vt 0.6125 0.925
vt 0.5125 0.975
vt 0.6125 0.975
vt 0.5125 0.775
vt 0.6125 0.775
vt 0.5125 0.925
vt 0.6125 0.775
vt 0.6125 0.925
vt 0.5125 0.925
vt 0.5125 0.925
vt 0.6125 0.925
vt 0.5125 0.975
vt 0.6125 0.925
vt 0.6125 0.975
vt 0.5125 0.975
vt 0.5125 0.775
vt 0.5125 0.925
vt 0.6125 0.775
vt 0.6125 0.775
vt 0.5125 0.925
vt 0.6125 0.925
vt 0.5125 0.925
vt 0.5125 0.975
vt 0.6125 0.925
vt 0.6125 0.925
vt 0.5125 0.975
vt 0.6125 0.975
vt 0.5125 0.775
vt 0.6125 0.775
vt 0.5125 0.925
vt 0.6125 0.775
vt 0.6125 0.925
vt 0.5125 0.925
vt 0.5125 0.925
vt 0.6125 0.925
vt 0.5125 0.975
vt 0.6125 0.925
vt 0.6125 0.975
vt 0.5125 0.975
vt 0.3875 0.525
vt 0.3875 0.675
vt 0.4875 0.525
vt 0.4875 0.525
vt 0.3875 0.675
vt 0.4875 0.675
vt 0.3875 0.675
vt 0.3875 0.725
vt 0.4875 0.675
vt 0.4875 0.675
vt 0.3875 0.725
vt 0.4875 0.725
vt 0.3875 0.525
vt 0.4875 0.525
vt 0.3875 0.675
vt 0.4875 0.525
vt 0.4875 0.675
vt 0.3875 0.675
vt 0.3875 0.675
vt 0.4875 0.675
vt 0.3875 0.725
vt 0.4875 0.675
vt 0.4875 0.725
vt 0.3875 0.725
vt 0.1375 0.775
vt 0.1375 0.925
vt 0.2375 0.775
vt 0.2375 0.775
vt 0.1375 0.925
vt 0.2375 0.925
vt 0.1375 0.925
vt 0.1375 0.975
vt 0.2375 0.925
vt 0.2375 0.925
vt 0.1375 0.975
vt 0.2375 0.975
vt 0.1375 0.775
vt 0.2375 0.775
vt 0.1375 0.925
vt 0.2375 0.775
vt 0.2375 0.925
vt 0.1375 0.925
vt 0.1375 0.925
vt 0.2375 0.925
vt 0.1375 0.975
vt 0.2375 0.925
vt 0.2375 0.975
vt 0.1375 0.975
vt 0.1375 0.775
vt 0.1375 0.925
vt 0.2375 0.775
vt 0.2375 0.775
vt 0.1375 0.925
vt 0.2375 0.975
vt 0.1375 0.925
vt 0.1375 0.975
vt 0.2375 0.975
vt 0.1375 0.775
vt 0.2375 0.775
vt 0.1375 0.925
vt 0.2375 0.775
vt 0.2375 0.975
vt 0.1375 0.925
vt 0.1375 0.925
vt 0.2375 0.975
vt 0.1375 0.975
vt 0.5125 0.925
vt 0.5125 0.775
vt 0.6125 0.775
vt 0.5125 0.925
vt 0.6125 0.775
vt 0.6125 0.925
vt 0.5125 0.975
vt 0.5125 0.925
vt 0.6125 0.925
vt 0.5125 0.975
vt 0.6125 0.925
vt 0.6125 0.975
vt 0.5125 0.925
vt 0.6125 0.775
vt 0.5125 0.775
vt 0.5125 0.925
vt 0.6125 0.925
vt 0.6125 0.775
vt 0.5125 0.975
vt 0.6125 0.925
vt 0.5125 0.925
vt 0.5125 0.975
vt 0.6125 0.975
vt 0.6125 0.925
vt 0.5125 0.925
vt 0.5125 0.775
vt 0.6125 0.775
vt 0.5125 0.925
vt 0.6125 0.775
vt 0.6125 0.925
vt 0.5125 0.975
vt 0.5125 0.925
vt 0.6125 0.925
vt 0.5125 0.975
vt 0.6125 0.925
vt 0.6125 0.975
vt 0.5125 0.925
vt 0.6125 0.775
vt 0.5125 0.775
vt 0.5125 0.925
vt 0.6125 0.925
vt 0.6125 0.775
vt 0.5125 0.975
vt 0.6125 0.925
vt 0.5125 0.925
vt 0.5125 0.975
vt 0.6125 0.975
vt 0.6125 0.925
vt 0.3875 0.675
vt 0.3875 0.525
vt 0.4875 0.525
vt 0.3875 0.675
vt 0.4875 0.525
vt 0.4875 0.675
vt 0.3875 0.725
vt 0.3875 0.675
vt 0.4875 0.675
vt 0.3875 0.725
vt 0.4875 0.675
vt 0.4875 0.725
vt 0.3875 0.675
vt 0.4875 0.525
vt 0.3875 0.525
vt 0.3875 0.675
vt 0.4875 0.675
vt 0.4875 0.525
vt 0.3875 0.725
vt 0.4875 0.675
vt 0.3875 0.675
vt 0.3875 0.725
vt 0.4875 0.725
vt 0.4875 0.675
vt 0.1375 0.925
vt 0.1375 0.775
vt 0.2375 0.775
vt 0.1375 0.925
vt 0.2375 0.775
vt 0.2375 0.925
vt 0.1375 0.975
vt 0.1375 0.925
vt 0.2375 0.925
vt 0.1375 0.975
vt 0.2375 0.925
vt 0.2375 0.975
vt 0.1375 0.925
vt 0.2375 0.775
vt 0.1375 0.775
vt 0.1375 0.925
vt 0.2375 0.925
vt 0.2375 0.775
vt 0.1375 0.975
vt 0.2375 0.925
vt 0.1375 0.925
vt 0.1375 0.975
vt 0.2375 0.975
vt 0.2375 0.925
vt 0.1375 0.925
vt 0.1375 0.775
vt 0.2375 0.775
vt 0.1375 0.925
vt 0.2375 0.775
vt 0.2375 0.975
vt 0.1375 0.975
vt 0.1375 0.925
vt 0.2375 0.975
vt 0.1375 0.925
vt 0.2375 0.775
vt 0.1375 0.775
vt 0.1375 0.925
vt 0.2375 0.975
vt 0.2375 0.775
vt 0.1375 0.975
vt 0.2375 0.975
vt 0.1375 0.925

f 7/1 1/2 2/3
f 8/4 7/5 2/6
f 8/7 2/8 3/9
f 9/10 8/11 3/12
f 9/13 3/14 4/15
f 10/16 9/17 4/18
f 10/19 4/20 11/21
f 4/22 5/23 11/24
f 11/25 5/26 12/27
f 5/28 6/29 12/30
f 12/31 6/32 7/33
f 6/34 1/35 7/36
f 13/37 7/38 8/39
f 14/40 13/41 8/42
f 14/43 8/44 9/45
f 15/46 14/47 9/48
f 15/49 9/50 10/51
f 16/52 15/53 10/54
f 16/55 10/56 17/57
f 10/58 11/59 17/60
f 17/61 11/62 18/63
f 11/64 12/65 18/66
f 18/67 12/68 13/69
f 12/70 7/71 13/72
f 19/73 13/74 14/75
f 20/76 19/77 14/78
f 20/79 14/80 15/81
f 21/82 20/83 15/84
f 21/85 15/86 16/87
f 22/88 21/89 16/90
f 22/91 16/92 23/93
f 16/94 17/95 23/96
f 23/97 17/98 24/99
f 17/100 18/101 24/102
f 24/103 18/104 19/105
f 18/106 13/107 19/108
f 25/109 19/110 20/111
f 26/112 25/113 20/114
f 26/115 20/116 21/117
f 27/118 26/119 21/120
f 27/121 21/122 22/123
f 28/124 27/125 22/126
f 28/127 22/128 29/129
f 22/130 23/131 29/132
f 29/133 23/134 30/135
f 23/136 24/137 30/138
f 30/139 24/140 25/141
f 24/142 19/143 25/144
f 31/145 25/146 26/147
f 32/148 31/149 26/150
f 32/151 26/152 27/153
f 33/154 32/155 27/156
f 33/157 27/158 28/159
f 34/160 33/161 28/162
f 34/163 28/164 35/165
f 28/166 29/167 35/168
f 35/169 29/170 36/171
f 29/172 30/173 36/174
f 36/175 30/176 31/177
f 30/178 25/179 31/180
f 37/181 31/182 32/183
f 38/184 37/185 32/186
f 38/187 32/188 33/189
f 39/190 38/191 33/192
f 39/193 33/194 34/195
f 40/196 39/197 34/198
f 40/199 34/200 41/201
f 34/202 35/203 41/204
f 41/205 35/206 42/207
f 35/208 36/209 42/210
f 42/211 36/212 37/213
f 36/214 31/215 37/216
f 43/217 37/218 38/219
f 44/220 43/221 38/222
f 44/223 38/224 39/225
f 45/226 44/227 39/228
f 45/229 39/230 40/231
f 46/232 45/233 40/234
f 46/235 40/236 47/237
f 40/238 41/239 47/240
f 47/241 41/242 48/243
f 41/244 42/245 48/246
f 48/247 42/248 43/249
f 42/250 37/251 43/252
f 49/253 43/254 44/255
f 50/256 49/257 44/258
f 50/259 44/260 45/261
f 51/262 50/263 45/264
f 51/265 45/266 46/267
f 52/268 51/269 46/270
f 52/271 46/272 53/273
f 46/274 47/275 53/276
f 53/277 47/278 54/279
f 47/280 48/281 54/282
f 54/283 48/284 49/285
f 48/286 43/287 49/288
f 55/289 49/290 50/291
f 56/292 55/293 50/294
f 56/295 50/296 51/297
f 57/298 56/299 51/300
f 57/301 51/302 52/303
f 58/304 57/305 52/306
f 58/307 52/308 59/309
f 52/310 53/311 59/312
f 59/313 53/314 60/315
f 53/316 54/317 60/318
f 60/319 54/320 55/321
f 54/322 49/323 55/324
f 61/325 55/326 56/327
f 62/328 61/329 56/330
f 62/331 56/332 57/333
f 63/334 62/335 57/336
f 63/337 57/338 58/339
f 64/340 63/341 58/342
f 64/343 58/344 65/345
f 58/346 59/347 65/348
f 65/349 59/350 66/351
f 59/352 60/353 66/354
f 66/355 60/356 61/357
f 60/358 55/359 61/360
f 73/361 67/362 68/363
f 74/364 73/365 68/366
f 74/367 68/368 69/369
f 75/370 74/371 69/372
f 75/373 69/374 70/375
f 76/376 75/377 70/378
f 76/379 70/380 77/381
f 70/382 71/383 77/384
f 77/385 71/386 78/387
f 71/388 72/389 78/390
f 78/391 72/392 73/393
f 72/394 67/395 73/396
f 79/397 73/398 74/399
f 80/400 79/401 74/402
f 80/403 74/404 75/405
f 81/406 80/407 75/408
f 81/409 75/410 76/411
f 82/412 81/413 76/414
f 82/415 76/416 83/417
f 76/418 77/419 83/420
f 83/421 77/422 84/423
f 77/424 78/425 84/426
f 84/427 78/428 79/429
f 78/430 73/431 79/432
f 85/433 79/434 80/435
f 86/436 85/437 80/438
f 86/439 80/440 81/441
f 87/442 86/443 81/444
f 87/445 81/446 82/447
f 88/448 87/449 82/450
f 88/451 82/452 89/453
f 82/454 83/455 89/456
f 89/457 83/458 90/459
f 83/460 84/461 90/462
f 90/463 84/464 85/465
f 84/466 79/467 85/468
f 91/469 85/470 86/471
f 92/472 91/473 86/474
f 92/475 86/476 87/477
f 93/478 92/479 87/480
f 93/481 87/482 88/483
f 94/484 93/485 88/486
f 94/487 88/488 95/489
f 88/490 89/491 95/492
f 95/493 89/494 96/495
f 89/496 90/497 96/498
f 96/499 90/500 91/501
f 90/502 85/503 91/504
f 97/505 91/506 92/507
f 98/508 97/509 92/510
f 98/511 92/512 93/513
f 99/514 98/515 93/516
f 99/517 93/518 94/519
f 100/520 99/521 94/522
f 100/523 94/524 101/525
f 94/526 95/527 101/528
f 101/529 95/530 102/531
f 95/532 96/533 102/534
f 102/535 96/536 97/537
f 96/538 91/539 97/540
f 103/541 97/542 98/543
f 104/544 103/545 98/546
f 104/547 98/548 99/549
f 105/550 104/551 99/552
f 105/553 99/554 100/555
f 106/556 105/557 100/558
f 106/559 100/560 107/561
f 100/562 101/563 107/564
f 107/565 101/566 108/567
f 101/568 102/569 108/570
f 108/571 102/572 103/573
f 102/574 97/575 103/576
f 109/577 103/578 104/579
f 110/580 109/581 104/582
f 110/583 104/584 105/585
f 111/586 110/587 105/588
f 111/589 105/590 106/591
f 112/592 111/593 106/594
f 112/595 106/596 113/597
f 106/598 107/599 113/600
f 113/601 107/602 114/603
f 107/604 108/605 114/606
f 114/607 108/608 109/609
f 108/610 103/611 109/612
f 121/613 115/614 116/615
f 122/616 121/617 116/618
f 122/619 116/620 117/621
f 123/622 122/623 117/624
f 123/625 117/626 118/627
f 124/628 123/629 118/630
f 124/631 118/632 125/633
f 118/634 119/635 125/636
f 125/637 119/638 126/639
f 119/640 120/641 126/642
f 126/643 120/644 121/645
f 120/646 115/647 121/648
f 127/649 121/650 122/651
f 128/652 127/653 122/654
f 128/655 122/656 123/657
f 129/658 128/659 123/660
f 129/661 123/662 124/663
f 130/664 129/665 124/666
f 130/667 124/668 131/669
f 124/670 125/671 131/672
f 131/673 125/674 132/675
f 125/676 126/677 132/678
f 132/679 126/680 127/681
f 126/682 121/683 127/684
f 133/685 127/686 128/687
f 134/688 133/689 128/690
f 134/691 128/692 129/693
f 135/694 134/695 129/696
f 135/697 129/698 130/699
f 136/700 135/701 130/702
f 136/703 130/704 137/705
f 130/706 131/707 137/708
f 137/709 131/710 138/711
f 131/712 132/713 138/714
f 138/715 132/716 133/717
f 132/718 127/719 133/720
f 139/721 133/722 134/723
f 140/724 139/725 134/726
f 140/727 134/728 135/729
f 141/730 140/731 135/732
f 141/733 135/734 136/735
f 142/736 141/737 136/738
f 142/739 136/740 143/741
f 136/742 137/743 143/744
f 143/745 137/746 144/747
f 137/748 138/749 144/750
f 144/751 138/752 139/753
f 138/754 133/755 139/756
f 145/757 139/758 140/759
f 146/760 145/761 140/762
f 146/763 140/764 141/765
f 147/766 146/767 141/768
f 147/769 141/770 142/771
f 148/772 147/773 142/774
f 148/775 142/776 149/777
f 142/778 143/779 149/780
f 149/781 143/782 150/783
f 143/784 144/785 150/786
f 150/787 144/788 145/789
f 144/790 139/791 145/792
f 151/793 145/794 146/795
f 152/796 151/797 146/798
f 152/799 146/800 147/801
f 153/802 152/803 147/804
f 153/805 147/806 148/807
f 154/808 153/809 148/810
f 154/811 148/812 155/813
f 148/814 149/815 155/816
f 155/817 149/818 156/819
f 149/820 150/821 156/822
f 156/823 150/824 151/825
f 150/826 145/827 151/828
f 163/829 157/830 158/831
f 164/832 163/833 158/834
f 164/835 158/836 159/837
f 165/838 164/839 159/840
f 165/841 159/842 160/843
f 166/844 165/845 160/846
f 166/847 160/848 167/849
f 160/850 161/851 167/852
f 167/853 161/854 168/855
f 161/856 162/857 168/858
f 168/859 162/860 163/861
f 162/862 157/863 163/864
f 169/865 163/866 164/867
f 170/868 169/869 164/870
f 170/871 164/872 165/873
f 171/874 170/875 165/876
f 171/877 165/878 166/879
f 172/880 171/881 166/882
f 172/883 166/884 173/885
f 166/886 167/887 173/888
f 173/889 167/890 174/891
f 167/892 168/893 174/894
f 174/895 168/896 169/897
f 168/898 163/899 169/900
f 175/901 169/902 170/903
f 176/904 175/905 170/906
f 176/907 170/908 171/909
f 177/910 176/911 171/912
f 177/913 171/914 172/915
f 178/916 177/917 172/918
f 178/919 172/920 179/921
f 172/922 173/923 179/924
f 179/925 173/926 180/927
f 173/928 174/929 180/930
f 180/931 174/932 175/933
f 174/934 169/935 175/936
f 181/937 175/938 176/939
f 182/940 181/941 176/942
f 182/943 176/944 177/945
f 183/946 182/947 177/948
f 183/949 177/950 178/951
f 184/952 183/953 178/954
f 184/955 178/956 185/957
f 178/958 179/959 185/960
f 185/961 179/962 186/963
f 179/964 180/965 186/966
f 186/967 180/968 181/969
f 180/970 175/971 181/972
f 187/973 181/974 182/975
f 188/976 187/977 182/978
f 188/979 182/980 183/981
f 189/982 188/983 183/984
f 189/985 183/986 184/987
f 190/988 189/989 184/990
f 190/991 184/992 191/993
f 184/994 185/995 191/996
f 191/997 185/998 192/999
f 185/1000 186/1001 192/1002
f 192/1003 186/1004 187/1005
f 186/1006 181/1007 187/1008
f 193/1009 187/1010 188/1011
f 194/1012 193/1013 188/1014
f 194/1015 188/1016 189/1017
f 195/1018 194/1019 189/1020
f 195/1021 189/1022 190/1023
f 196/1024 195/1025 190/1026
f 196/1027 190/1028 197/1029
f 190/1030 191/1031 197/1032
f 197/1033 191/1034 198/1035
f 191/1036 192/1037 198/1038
f 198/1039 192/1040 193/1041
f 192/1042 187/1043 193/1044
f 199/1045 193/1046 194/1047
f 200/1048 199/1049 194/1050
f 200/1051 194/1052 195/1053
f 201/1054 200/1055 195/1056
f 201/1057 195/1058 196/1059
f 202/1060 201/1061 196/1062
f 202/1063 196/1064 203/1065
f 196/1066 197/1067 203/1068
f 203/1069 197/1070 204/1071
f 197/1072 198/1073 204/1074
f 204/1075 198/1076 199/1077
f 198/1078 193/1079 199/1080
f 211/1081 205/1082 206/1083
f 212/1084 211/1085 206/1086
f 212/1087 206/1088 207/1089
f 213/1090 212/1091 207/1092
f 213/1093 207/1094 208/1095
f 214/1096 213/1097 208/1098
f 214/1099 208/1100 215/1101
f 208/1102 209/1103 215/1104
f 215/1105 209/1106 216/1107
f 209/1108 210/1109 216/1110
f 216/1111 210/1112 211/1113
f 210/1114 205/1115 211/1116
f 217/1117 211/1118 212/1119
f 218/1120 217/1121 212/1122
f 218/1123 212/1124 213/1125
f 219/1126 218/1127 213/1128
f 219/1129 213/1130 214/1131
f 220/1132 219/1133 214/1134
f 220/1135 214/1136 221/1137
f 214/1138 215/1139 221/1140
f 221/1141 215/1142 222/1143
f 215/1144 216/1145 222/1146
f 222/1147 216/1148 217/1149
f 216/1150 211/1151 217/1152
f 223/1153 217/1154 218/1155
f 224/1156 223/1157 218/1158
f 224/1159 218/1160 219/1161
f 225/1162 224/1163 219/1164
f 225/1165 219/1166 220/1167
f 226/1168 225/1169 220/1170
f 226/1171 220/1172 227/1173
f 220/1174 221/1175 227/1176
f 227/1177 221/1178 228/1179
f 221/1180 222/1181 228/1182
f 228/1183 222/1184 223/1185
f 222/1186 217/1187 223/1188
f 229/1189 223/1190 224/1191
f 230/1192 229/1193 224/1194
f 230/1195 224/1196 225/1197
f 231/1198 230/1199 225/1200
f 231/1201 225/1202 226/1203
f 232/1204 231/1205 226/1206
f 232/1207 226/1208 233/1209
f 226/1210 227/1211 233/1212
f 233/1213 227/1214 234/1215
f 227/1216 228/1217 234/1218
f 234/1219 228/1220 229/1221
f 228/1222 223/1223 229/1224
f 235/1225 229/1226 230/1227
f 236/1228 235/1229 230/1230
f 236/1231 230/1232 231/1233
f 237/1234 236/1235 231/1236
f 237/1237 231/1238 232/1239
f 238/1240 237/1241 232/1242
f 238/1243 232/1244 239/1245
f 232/1246 233/1247 239/1248
f 239/1249 233/1250 240/1251
f 233/1252 234/1253 240/1254
f 240/1255 234/1256 235/1257
f 234/1258 229/1259 235/1260
f 247/1261 241/1262 242/1263
f 248/1264 247/1265 242/1266
f 248/1267 242/1268 243/1269
f 249/1270 248/1271 243/1272
f 249/1273 243/1274 244/1275
f 250/1276 249/1277 244/1278
f 250/1279 244/1280 251/1281
f 244/1282 245/1283 251/1284
f 251/1285 245/1286 252/1287
f 245/1288 246/1289 252/1290
f 252/1291 246/1292 247/1293
f 246/1294 241/1295 247/1296
f 253/1297 247/1298 248/1299
f 254/1300 253/1301 248/1302
f 254/1303 248/1304 249/1305
f 255/1306 254/1307 249/1308
f 255/1309 249/1310 250/1311
f 256/1312 255/1313 250/1314
f 256/1315 250/1316 257/1317
f 250/1318 251/1319 257/1320
f 257/1321 251/1322 258/1323
f 251/1324 252/1325 258/1326
f 258/1327 252/1328 253/1329
f 252/1330 247/1331 253/1332
f 259/1333 253/1334 254/1335
f 260/1336 259/1337 254/1338
f 260/1339 254/1340 255/1341
f 261/1342 260/1343 255/1344
f 261/1345 255/1346 256/1347
f 262/1348 261/1349 256/1350
f 262/1351 256/1352 263/1353
f 256/1354 257/1355 263/1356
f 263/1357 257/1358 264/1359
f 257/1360 258/1361 264/1362
f 264/1363 258/1364 259/1365
f 258/1366 253/1367 259/1368
f 271/1369 265/1370 266/1371
f 272/1372 271/1373 266/1374
f 272/1375 266/1376 267/1377
f 273/1378 272/1379 267/1380
f 273/1381 267/1382 268/1383
f 274/1384 273/1385 268/1386
f 274/1387 268/1388 275/1389
f 268/1390 269/1391 275/1392
f 275/1393 269/1394 276/1395
f 269/1396 270/1397 276/1398
f 276/1399 270/1400 271/1401
f 270/1402 265/1403 271/1404
f 277/1405 271/1406 272/1407
f 278/1408 277/1409 272/1410
f 278/1411 272/1412 273/1413
f 279/1414 278/1415 273/1416
f 279/1417 273/1418 274/1419
f 280/1420 279/1421 274/1422
f 280/1423 274/1424 281/1425
f 274/1426 275/1427 281/1428
f 281/1429 275/1430 282/1431
f 275/1432 276/1433 282/1434
f 282/1435 276/1436 277/1437
f 276/1438 271/1439 277/1440
f 283/1441 277/1442 278/1443
f 284/1444 283/1445 278/1446
f 284/1447 278/1448 279/1449
f 285/1450 284/1451 279/1452
f 285/1453 279/1454 280/1455
f 286/1456 285/1457 280/1458
f 286/1459 280/1460 287/1461
f 280/1462 281/1463 287/1464
f 287/1465 281/1466 288/1467
f 281/1468 282/1469 288/1470
f 288/1471 282/1472 283/1473
f 282/1474 277/1475 283/1476
f 295/1477 289/1478 290/1479
f 296/1480 295/1481 290/1482
f 296/1483 290/1484 291/1485
f 297/1486 296/1487 291/1488
f 297/1489 291/1490 292/1491
f 298/1492 297/1493 292/1494
f 298/1495 292/1496 299/1497
f 292/1498 293/1499 299/1500
f 299/1501 293/1502 300/1503
f 293/1504 294/1505 300/1506
f 300/1507 294/1508 295/1509
f 294/1510 289/1511 295/1512
f 301/1513 295/1514 296/1515
f 302/1516 301/1517 296/1518
f 302/1519 296/1520 297/1521
f 303/1522 302/1523 297/1524
f 303/1525 297/1526 298/1527
f 304/1528 303/1529 298/1530
f 304/1531 298/1532 305/1533
f 298/1534 299/1535 305/1536
f 305/1537 299/1538 306/1539
f 299/1540 300/1541 306/1542
f 306/1543 300/1544 301/1545
f 300/1546 295/1547 301/1548
f 307/1549 301/1550 302/1551
f 308/1552 307/1553 302/1554
f 308/1555 302/1556 303/1557
f 309/1558 308/1559 303/1560
f 309/1561 303/1562 304/1563
f 310/1564 309/1565 304/1566
f 310/1567 304/1568 311/1569
f 304/1570 305/1571 311/1572
f 311/1573 305/1574 312/1575
f 305/1576 306/1577 312/1578
f 312/1579 306/1580 307/1581
f 306/1582 301/1583 307/1584
f 313/1585 307/1586 308/1587
f 314/1588 313/1589 308/1590
f 314/1591 308/1592 309/1593
f 315/1594 314/1595 309/1596
f 315/1597 309/1598 310/1599
f 316/1600 315/1601 310/1602
f 316/1603 310/1604 317/1605
f 310/1606 311/1607 317/1608
f 317/1609 311/1610 318/1611
f 311/1612 312/1613 318/1614
f 318/1615 312/1616 313/1617
f 312/1618 307/1619 313/1620
f 325/1621 319/1622 320/1623
f 326/1624 325/1625 320/1626
f 326/1627 320/1628 321/1629
f 327/1630 326/1631 321/1632
f 327/1633 321/1634 322/1635
f 328/1636 327/1637 322/1638
f 328/1639 322/1640 329/1641
f 322/1642 323/1643 329/1644
f 329/1645 323/1646 330/1647
f 323/1648 324/1649 330/1650
f 330/1651 324/1652 325/1653
f 324/1654 319/1655 325/1656
f 331/1657 325/1658 326/1659
f 332/1660 331/1661 326/1662
f 332/1663 326/1664 327/1665
f 333/1666 332/1667 327/1668
f 333/1669 327/1670 328/1671
f 334/1672 333/1673 328/1674
f 334/1675 328/1676 335/1677
f 328/1678 329/1679 335/1680
f 335/1681 329/1682 336/1683
f 329/1684 330/1685 336/1686
f 336/1687 330/1688 331/1689
f 330/1690 325/1691 331/1692
f 337/1693 331/1694 332/1695
f 338/1696 337/1697 332/1698
f 338/1699 332/1700 333/1701
f 339/1702 338/1703 333/1704
f 339/1705 333/1706 334/1707
f 340/1708 339/1709 334/1710
f 340/1711 334/1712 341/1713
f 334/1714 335/1715 341/1716
f 341/1717 335/1718 342/1719
f 335/1720 336/1721 342/1722
f 342/1723 336/1724 337/1725
f 336/1726 331/1727 337/1728
f 343/1729 337/1730 338/1731
f 344/1732 343/1733 338/1734
f 344/1735 338/1736 339/1737
f 345/1738 344/1739 339/1740
f 345/1741 339/1742 340/1743
f 346/1744 345/1745 340/1746
f 346/1747 340/1748 347/1749
f 340/1750 341/1751 347/1752
f 347/1753 341/1754 348/1755
f 341/1756 342/1757 348/1758
f 348/1759 342/1760 343/1761
f 342/1762 337/1763 343/1764
f 355/1765 349/1766 350/1767
f 356/1768 355/1769 350/1770
f 356/1771 350/1772 351/1773
f 357/1774 356/1775 351/1776
f 357/1777 351/1778 352/1779
f 358/1780 357/1781 352/1782
f 358/1783 352/1784 359/1785
f 352/1786 353/1787 359/1788
f 359/1789 353/1790 360/1791
f 353/1792 354/1793 360/1794
f 360/1795 354/1796 355/1797
f 354/1798 349/1799 355/1800
f 361/1801 355/1802 356/1803
f 362/1804 361/1805 356/1806
f 362/1807 356/1808 357/1809
f 363/1810 362/1811 357/1812
f 363/1813 357/1814 358/1815
f 364/1816 363/1817 358/1818
f 364/1819 358/1820 365/1821
f 358/1822 359/1823 365/1824
f 365/1825 359/1826 366/1827
f 359/1828 360/1829 366/1830
f 366/1831 360/1832 361/1833
f 360/1834 355/1835 361/1836
f 367/1837 361/1838 362/1839
f 368/1840 367/1841 362/1842
f 368/1843 362/1844 363/1845
f 369/1846 368/1847 363/1848
f 369/1849 363/1850 364/1851
f 370/1852 369/1853 364/1854
f 370/1855 364/1856 371/1857
f 364/1858 365/1859 371/1860
f 371/1861 365/1862 372/1863
f 365/1864 366/1865 372/1866
f 372/1867 366/1868 367/1869
f 366/1870 361/1871 367/1872
f 373/1873 367/1874 368/1875
f 374/1876 373/1877 368/1878
f 374/1879 368/1880 369/1881
f 375/1882 374/1883 369/1884
f 375/1885 369/1886 370/1887
f 376/1888 375/1889 370/1890
f 376/1891 370/1892 377/1893
f 370/1894 371/1895 377/1896
f 377/1897 371/1898 378/1899
f 371/1900 372/1901 378/1902
f 378/1903 372/1904 373/1905
f 372/1906 367/1907 373/1908
f 385/1909 379/1910 380/1911
f 386/1912 385/1913 380/1914
f 386/1915 380/1916 381/1917
f 387/1918 386/1919 381/1920
f 387/1921 381/1922 382/1923
f 388/1924 387/1925 382/1926
f 388/1927 382/1928 389/1929
f 382/1930 383/1931 389/1932
f 389/1933 383/1934 390/1935
f 383/1936 384/1937 390/1938
f 390/1939 384/1940 385/1941
f 384/1942 379/1943 385/1944
f 391/1945 385/1946 386/1947
f 392/1948 391/1949 386/1950
f 392/1951 386/1952 387/1953
f 393/1954 392/1955 387/1956
f 393/1957 387/1958 388/1959
f 394/1960 393/1961 388/1962
f 394/1963 388/1964 395/1965
f 388/1966 389/1967 395/1968
f 395/1969 389/1970 396/1971
f 389/1972 390/1973 396/1974
f 396/1975 390/1976 391/1977
f 390/1978 385/1979 391/1980
f 397/1981 391/1982 392/1983
f 398/1984 397/1985 392/1986
f 398/1987 392/1988 393/1989
f 399/1990 398/1991 393/1992
f 399/1993 393/1994 394/1995
f 400/1996 399/1997 394/1998
f 400/1999 394/2000 401/2001
f 394/2002 395/2003 401/2004
f 401/2005 395/2006 402/2007
f 395/2008 396/2009 402/2010
f 402/2011 396/2012 397/2013
f 396/2014 391/2015 397/2016
f 403/2017 397/2018 398/2019
f 404/2020 403/2021 398/2022
f 404/2023 398/2024 399/2025
f 405/2026 404/2027 399/2028
f 405/2029 399/2030 400/2031
f 406/2032 405/2033 400/2034
f 406/2035 400/2036 407/2037
f 400/2038 401/2039 407/2040
f 407/2041 401/2042 408/2043
f 401/2044 402/2045 408/2046
f 408/2047 402/2048 403/2049
f 402/2050 397/2051 403/2052
f 415/2053 409/2054 410/2055
f 416/2056 415/2057 410/2058
f 416/2059 410/2060 411/2061
f 417/2062 416/2063 411/2064
f 417/2065 411/2066 412/2067
f 418/2068 417/2069 412/2070
f 418/2071 412/2072 419/2073
f 412/2074 413/2075 419/2076
f 419/2077 413/2078 420/2079
f 413/2080 414/2081 420/2082
f 420/2083 414/2084 415/2085
f 414/2086 409/2087 415/2088
f 421/2089 415/2090 416/2091
f 422/2092 421/2093 416/2094
f 422/2095 416/2096 417/2097
f 423/2098 422/2099 417/2100
f 423/2101 417/2102 418/2103
f 424/2104 423/2105 418/2106
f 424/2107 418/2108 425/2109
f 418/2110 419/2111 425/2112
f 425/2113 419/2114 426/2115
f 419/2116 420/2117 426/2118
f 426/2119 420/2120 421/2121
f 420/2122 415/2123 421/2124
f 427/2125 421/2126 422/2127
f 428/2128 427/2129 422/2130
f 428/2131 422/2132 423/2133
f 429/2134 428/2135 423/2136
f 429/2137 423/2138 424/2139
f 430/2140 429/2141 424/2142
f 430/2143 424/2144 431/2145
f 424/2146 425/2147 431/2148
f 431/2149 425/2150 432/2151
f 425/2152 426/2153 432/2154
f 432/2155 426/2156 427/2157
f 426/2158 421/2159 427/2160
f 433/2161 427/2162 428/2163
f 434/2164 433/2165 428/2166
f 434/2167 428/2168 429/2169
f 435/2170 434/2171 429/2172
f 435/2173 429/2174 430/2175
f 436/2176 435/2177 430/2178
f 436/2179 430/2180 437/2181
f 430/2182 431/2183 437/2184
f 437/2185 431/2186 438/2187
f 431/2188 432/2189 438/2190
f 438/2191 432/2192 433/2193
f 432/2194 427/2195 433/2196
f 445/2197 439/2198 440/2199
f 446/2200 445/2201 440/2202
f 446/2203 440/2204 441/2205
f 447/2206 446/2207 441/2208
f 447/2209 441/2210 442/2211
f 448/2212 447/2213 442/2214
f 448/2215 442/2216 449/2217
f 442/2218 443/2219 449/2220
f 449/2221 443/2222 450/2223
f 443/2224 444/2225 450/2226
f 450/2227 444/2228 445/2229
f 444/2230 439/2231 445/2232
f 451/2233 445/2234 446/2235
f 452/2236 451/2237 446/2238
f 452/2239 446/2240 447/2241
f 453/2242 452/2243 447/2244
f 453/2245 447/2246 448/2247
f 454/2248 453/2249 448/2250
f 454/2251 448/2252 455/2253
f 448/2254 449/2255 455/2256
f 455/2257 449/2258 456/2259
f 449/2260 450/2261 456/2262
f 456/2263 450/2264 451/2265
f 450/2266 445/2267 451/2268
f 457/2269 451/2270 452/2271
f 458/2272 457/2273 452/2274
f 458/2275 452/2276 453/2277
f 459/2278 458/2279 453/2280
f 459/2281 453/2282 454/2283
f 460/2284 459/2285 454/2286
f 460/2287 454/2288 461/2289
f 454/2290 455/2291 461/2292
f 461/2293 455/2294 462/2295
f 455/2296 456/2297 462/2298
f 462/2299 456/2300 457/2301
f 456/2302 451/2303 457/2304
f 463/2305 457/2306 458/2307
f 464/2308 463/2309 458/2310
f 464/2311 458/2312 459/2313
f 465/2314 464/2315 459/2316
f 465/2317 459/2318 460/2319
f 466/2320 465/2321 460/2322
f 466/2323 460/2324 467/2325
f 460/2326 461/2327 467/2328
f 467/2329 461/2330 468/2331
f 461/2332 462/2333 468/2334
f 468/2335 462/2336 463/2337
f 462/2338 457/2339 463/2340
f 475/2341 469/2342 470/2343
f 476/2344 475/2345 470/2346
f 476/2347 470/2348 471/2349
f 477/2350 476/2351 471/2352
f 477/2353 471/2354 472/2355
f 478/2356 477/2357 472/2358
f 478/2359 472/2360 479/2361
f 472/2362 473/2363 479/2364
f 479/2365 473/2366 480/2367
f 473/2368 474/2369 480/2370
f 480/2371 474/2372 475/2373
f 474/2374 469/2375 475/2376
f 481/2377 475/2378 476/2379
f 482/2380 481/2381 476/2382
f 482/2383 476/2384 477/2385
f 483/2386 482/2387 477/2388
f 483/2389 477/2390 478/2391
f 484/2392 483/2393 478/2394
f 484/2395 478/2396 485/2397
f 478/2398 479/2399 485/2400
f 485/2401 479/2402 486/2403
f 479/2404 480/2405 486/2406
f 486/2407 480/2408 481/2409
f 480/2410 475/2411 481/2412
f 487/2413 481/2414 482/2415
f 488/2416 487/2417 482/2418
f 488/2419 482/2420 483/2421
f 489/2422 488/2423 483/2424
f 489/2425 483/2426 484/2427
f 490/2428 489/2429 484/2430
f 490/2431 484/2432 491/2433
f 484/2434 485/2435 491/2436
f 491/2437 485/2438 492/2439
f 485/2440 486/2441 492/2442
f 492/2443 486/2444 487/2445
f 486/2446 481/2447 487/2448
f 493/2449 487/2450 488/2451
f 494/2452 493/2453 488/2454
f 494/2455 488/2456 489/2457
f 495/2458 494/2459 489/2460
f 495/2461 489/2462 490/2463
f 496/2464 495/2465 490/2466
f 496/2467 490/2468 497/2469
f 490/2470 491/2471 497/2472
f 497/2473 491/2474 498/2475
f 491/2476 492/2477 498/2478
f 498/2479 492/2480 493/2481
f 492/2482 487/2483 493/2484
f 499/2485 493/2486 494/2487
f 500/2488 499/2489 494/2490
f 500/2491 494/2492 495/2493
f 501/2494 500/2495 495/2496
f 501/2497 495/2498 496/2499
f 502/2500 501/2501 496/2502
f 502/2503 496/2504 503/2505
f 496/2506 497/2507 503/2508
f 503/2509 497/2510 504/2511
f 497/2512 498/2513 504/2514
f 504/2515 498/2516 499/2517
f 498/2518 493/2519 499/2520
f 505/2521 499/2522 500/2523
f 506/2524 505/2525 500/2526
f 506/2527 500/2528 501/2529
f 507/2530 506/2531 501/2532
f 507/2533 501/2534 502/2535
f 508/2536 507/2537 502/2538
f 508/2539 502/2540 509/2541
f 502/2542 503/2543 509/2544
f 509/2545 503/2546 510/2547
f 503/2548 504/2549 510/2550
f 510/2551 504/2552 505/2553
f 504/2554 499/2555 505/2556
f 511/2557 505/2558 506/2559
f 512/2560 511/2561 506/2562
f 512/2563 506/2564 507/2565
f 513/2566 512/2567 507/2568
f 513/2569 507/2570 508/2571
f 514/2572 513/2573 508/2574
f 514/2575 508/2576 515/2577
f 508/2578 509/2579 515/2580
f 515/2581 509/2582 516/2583
f 509/2584 510/2585 516/2586
f 516/2587 510/2588 511/2589
f 510/2590 505/2591 511/2592
f 523/2593 517/2594 518/2595
f 524/2596 523/2597 518/2598
f 524/2599 518/2600 519/2601
f 525/2602 524/2603 519/2604
f 525/2605 519/2606 520/2607
f 526/2608 525/2609 520/2610
f 526/2611 520/2612 527/2613
f 520/2614 521/2615 527/2616
f 527/2617 521/2618 528/2619
f 521/2620 522/2621 528/2622
f 528/2623 522/2624 523/2625
f 522/2626 517/2627 523/2628
f 529/2629 523/2630 524/2631
f 530/2632 529/2633 524/2634
f 530/2635 524/2636 525/2637
f 531/2638 530/2639 525/2640
f 531/2641 525/2642 526/2643
f 532/2644 531/2645 526/2646
f 532/2647 526/2648 533/2649
f 526/2650 527/2651 533/2652
f 533/2653 527/2654 534/2655
f 527/2656 528/2657 534/2658
f 534/2659 528/2660 529/2661
f 528/2662 523/2663 529/2664
f 535/2665 529/2666 530/2667
f 536/2668 535/2669 530/2670
f 536/2671 530/2672 531/2673
f 537/2674 536/2675 531/2676
f 537/2677 531/2678 532/2679
f 538/2680 537/2681 532/2682
f 538/2683 532/2684 539/2685
f 532/2686 533/2687 539/2688
f 539/2689 533/2690 540/2691
f 533/2692 534/2693 540/2694
f 540/2695 534/2696 535/2697
f 534/2698 529/2699 535/2700
f 541/2701 535/2702 536/2703
f 542/2704 541/2705 536/2706
f 542/2707 536/2708 537/2709
f 543/2710 542/2711 537/2712
f 543/2713 537/2714 538/2715
f 544/2716 543/2717 538/2718
f 544/2719 538/2720 545/2721
f 538/2722 539/2723 545/2724
f 545/2725 539/2726 546/2727
f 539/2728 540/2729 546/2730
f 546/2731 540/2732 541/2733
f 540/2734 535/2735 541/2736
f 547/2737 541/2738 542/2739
f 548/2740 547/2741 542/2742
f 548/2743 542/2744 543/2745
f 549/2746 548/2747 543/2748
f 549/2749 543/2750 544/2751
f 550/2752 549/2753 544/2754
f 550/2755 544/2756 551/2757
f 544/2758 545/2759 551/2760
f 551/2761 545/2762 552/2763
f 545/2764 546/2765 552/2766
f 552/2767 546/2768 547/2769
f 546/2770 541/2771 547/2772
f 553/2773 547/2774 548/2775
f 554/2776 553/2777 548/2778
f 554/2779 548/2780 549/2781
f 555/2782 554/2783 549/2784
f 555/2785 549/2786 550/2787
f 556/2788 555/2789 550/2790
f 556/2791 550/2792 557/2793
f 550/2794 551/2795 557/2796
f 557/2797 551/2798 558/2799
f 551/2800 552/2801 558/2802
f 558/2803 552/2804 553/2805
f 552/2806 547/2807 553/2808
f 559/2809 553/2810 554/2811
f 560/2812 559/2813 554/2814
f 560/2815 554/2816 555/2817
f 561/2818 560/2819 555/2820
f 561/2821 555/2822 556/2823
f 562/2824 561/2825 556/2826
f 562/2827 556/2828 563/2829
f 556/2830 557/2831 563/2832
f 563/2833 557/2834 564/2835
f 557/2836 558/2837 564/2838
f 564/2839 558/2840 559/2841
f 558/2842 553/2843 559/2844
f 571/2845 565/2846 566/2847
f 572/2848 571/2849 566/2850
f 572/2851 566/2852 567/2853
f 573/2854 572/2855 567/2856
f 573/2857 567/2858 568/2859
f 574/2860 573/2861 568/2862
f 574/2863 568/2864 575/2865
f 568/2866 569/2867 575/2868
f 575/2869 569/2870 576/2871
f 569/2872 570/2873 576/2874
f 576/2875 570/2876 571/2877
f 570/2878 565/2879 571/2880
f 577/2881 571/2882 572/2883
f 578/2884 577/2885 572/2886
f 578/2887 572/2888 573/2889
f 579/2890 578/2891 573/2892
f 579/2893 573/2894 574/2895
f 580/2896 579/2897 574/2898
f 580/2899 574/2900 581/2901
f 574/2902 575/2903 581/2904
f 581/2905 575/2906 582/2907
f 575/2908 576/2909 582/2910
f 582/2911 576/2912 577/2913
f 576/2914 571/2915 577/2916
f 583/2917 577/2918 578/2919
f 584/2920 583/2921 578/2922
f 584/2923 578/2924 579/2925
f 585/2926 584/2927 579/2928
f 585/2929 579/2930 580/2931
f 586/2932 585/2933 580/2934
f 586/2935 580/2936 587/2937
f 580/2938 581/2939 587/2940
f 587/2941 581/2942 588/2943
f 581/2944 582/2945 588/2946
f 588/2947 582/2948 583/2949
f 582/2950 577/2951 583/2952
f 589/2953 583/2954 584/2955
f 590/2956 589/2957 584/2958
f 590/2959 584/2960 585/2961
f 591/2962 590/2963 585/2964
f 591/2965 585/2966 586/2967
f 592/2968 591/2969 586/2970
f 592/2971 586/2972 593/2973
f 586/2974 587/2975 593/2976
f 593/2977 587/2978 594/2979
f 587/2980 588/2981 594/2982
f 594/2983 588/2984 589/2985
f 588/2986 583/2987 589/2988
f 601/2989 595/2990 596/2991
f 602/2992 601/2993 596/2994
f 602/2995 596/2996 597/2997
f 603/2998 602/2999 597/3000
f 603/3001 597/3002 598/3003
f 604/3004 603/3005 598/3006
f 604/3007 598/3008 605/3009
f 598/3010 599/3011 605/3012
f 605/3013 599/3014 606/3015
f 599/3016 600/3017 606/3018
f 606/3019 600/3020 601/3021
f 600/3022 595/3023 601/3024
f 607/3025 601/3026 602/3027
f 608/3028 607/3029 602/3030
f 608/3031 602/3032 603/3033
f 609/3034 608/3035 603/3036
f 609/3037 603/3038 604/3039
f 610/3040 609/3041 604/3042
f 610/3043 604/3044 611/3045
f 604/3046 605/3047 611/3048
f 611/3049 605/3050 612/3051
f 605/3052 606/3053 612/3054
f 612/3055 606/3056 607/3057
f 606/3058 601/3059 607/3060
f 613/3061 607/3062 608/3063
f 614/3064 613/3065 608/3066
f 614/3067 608/3068 609/3069
f 615/3070 614/3071 609/3072
f 615/3073 609/3074 610/3075
f 616/3076 615/3077 610/3078
f 616/3079 610/3080 617/3081
f 610/3082 611/3083 617/3084
f 617/3085 611/3086 618/3087
f 611/3088 612/3089 618/3090
f 618/3091 612/3092 613/3093
f 612/3094 607/3095 613/3096
f 619/3097 613/3098 614/3099
f 620/3100 619/3101 614/3102
f 620/3103 614/3104 615/3105
f 621/3106 620/3107 615/3108
f 621/3109 615/3110 616/3111
f 622/3112 621/3113 616/3114
f 622/3115 616/3116 623/3117
f 616/3118 617/3119 623/3120
f 623/3121 617/3122 624/3123
f 617/3124 618/3125 624/3126
f 624/3127 618/3128 619/3129
f 618/3130 613/3131 619/3132
f 629/3133 625/3134 626/3135
f 630/3136 629/3137 626/3138
f 630/3139 626/3140 627/3141
f 631/3142 630/3143 627/3144
f 631/3145 627/3146 632/3147
f 627/3148 628/3149 632/3150
f 632/3151 628/3152 629/3153
f 628/3154 625/3155 629/3156
f 633/3157 629/3158 630/3159
f 634/3160 633/3161 630/3162
f 634/3163 630/3164 631/3165
f 635/3166 634/3167 631/3168
f 635/3169 631/3170 636/3171
f 631/3172 632/3173 636/3174
f 636/3175 632/3176 633/3177
f 632/3178 629/3179 633/3180
f 637/3181 633/3182 634/3183
f 638/3184 637/3185 634/3186
f 638/3187 634/3188 635/3189
f 639/3190 638/3191 635/3192
f 639/3193 635/3194 640/3195
f 635/3196 636/3197 640/3198
f 640/3199 636/3200 637/3201
f 636/3202 633/3203 637/3204
f 641/3205 637/3206 638/3207
f 642/3208 641/3209 638/3210
f 642/3211 638/3212 639/3213
f 643/3214 642/3215 639/3216
f 643/3217 639/3218 644/3219
f 639/3220 640/3221 644/3222
f 644/3223 640/3224 641/3225
f 640/3226 637/3227 641/3228
f 645/3229 641/3230 642/3231
f 646/3232 645/3233 642/3234
f 646/3235 642/3236 643/3237
f 647/3238 646/3239 643/3240
f 647/3241 643/3242 648/3243
f 643/3244 644/3245 648/3246
f 648/3247 644/3248 645/3249
f 644/3250 641/3251 645/3252
f 649/3253 645/3254 646/3255
f 650/3256 649/3257 646/3258
f 650/3259 646/3260 647/3261
f 651/3262 650/3263 647/3264
f 651/3265 647/3266 652/3267
f 647/3268 648/3269 652/3270
f 652/3271 648/3272 649/3273
f 648/3274 645/3275 649/3276
f 657/3277 653/3278 654/3279
f 658/3280 657/3281 654/3282
f 658/3283 654/3284 655/3285
f 659/3286 658/3287 655/3288
f 659/3289 655/3290 660/3291
f 655/3292 656/3293 660/3294
f 660/3295 656/3296 657/3297
f 656/3298 653/3299 657/3300
f 661/3301 657/3302 658/3303
f 662/3304 661/3305 658/3306
f 662/3307 658/3308 659/3309
f 663/3310 662/3311 659/3312
f 663/3313 659/3314 664/3315
f 659/3316 660/3317 664/3318
f 664/3319 660/3320 661/3321
f 660/3322 657/3323 661/3324
f 665/3325 661/3326 662/3327
f 666/3328 665/3329 662/3330
f 666/3331 662/3332 663/3333
f 667/3334 666/3335 663/3336
f 667/3337 663/3338 668/3339
f 663/3340 664/3341 668/3342
f 668/3343 664/3344 665/3345
f 664/3346 661/3347 665/3348
f 669/3349 665/3350 666/3351
f 670/3352 669/3353 666/3354
f 670/3355 666/3356 667/3357
f 671/3358 670/3359 667/3360
f 671/3361 667/3362 672/3363
f 667/3364 668/3365 672/3366
f 672/3367 668/3368 669/3369
f 668/3370 665/3371 669/3372
f 673/3373 669/3374 670/3375
f 674/3376 673/3377 670/3378
f 674/3379 670/3380 671/3381
f 675/3382 674/3383 671/3384
f 675/3385 671/3386 676/3387
f 671/3388 672/3389 676/3390
f 676/3391 672/3392 673/3393
f 672/3394 669/3395 673/3396
f 677/3397 673/3398 674/3399
f 678/3400 677/3401 674/3402
f 678/3403 674/3404 675/3405
f 679/3406 678/3407 675/3408
f 679/3409 675/3410 680/3411
f 675/3412 676/3413 680/3414
f 680/3415 676/3416 677/3417
f 676/3418 673/3419 677/3420
f 685/3421 681/3422 682/3423
f 686/3424 685/3425 682/3426
f 686/3427 682/3428 683/3429
f 687/3430 686/3431 683/3432
f 687/3433 683/3434 688/3435
f 683/3436 684/3437 688/3438
f 688/3439 684/3440 685/3441
f 684/3442 681/3443 685/3444
f 689/3445 685/3446 686/3447
f 690/3448 689/3449 686/3450
f 690/3451 686/3452 687/3453
f 691/3454 690/3455 687/3456
f 691/3457 687/3458 692/3459
f 687/3460 688/3461 692/3462
f 692/3463 688/3464 689/3465
f 688/3466 685/3467 689/3468
f 693/3469 689/3470 690/3471
f 694/3472 693/3473 690/3474
f 694/3475 690/3476 691/3477
f 695/3478 694/3479 691/3480
f 695/3481 691/3482 696/3483
f 691/3484 692/3485 696/3486
f 696/3487 692/3488 693/3489
f 692/3490 689/3491 693/3492
f 701/3493 697/3494 698/3495
f 702/3496 701/3497 698/3498
f 702/3499 698/3500 699/3501
f 703/3502 702/3503 699/3504
f 703/3505 699/3506 704/3507
f 699/3508 700/3509 704/3510
f 704/3511 700/3512 701/3513
f 700/3514 697/3515 701/3516
f 705/3517 701/3518 702/3519
f 706/3520 705/3521 702/3522
f 706/3523 702/3524 703/3525
f 707/3526 706/3527 703/3528
f 707/3529 703/3530 708/3531
f 703/3532 704/3533 708/3534
f 708/3535 704/3536 705/3537
f 704/3538 701/3539 705/3540
f 709/3541 705/3542 706/3543
f 710/3544 709/3545 706/3546
f 710/3547 706/3548 707/3549
f 711/3550 710/3551 707/3552
f 711/3553 707/3554 712/3555
f 707/3556 708/3557 712/3558
f 712/3559 708/3560 709/3561
f 708/3562 705/3563 709/3564
f 719/3565 713/3566 714/3567
f 720/3568 719/3569 714/3570
f 720/3571 714/3572 715/3573
f 721/3574 720/3575 715/3576
f 721/3577 715/3578 716/3579
f 722/3580 721/3581 716/3582
f 722/3583 716/3584 723/3585
f 716/3586 717/3587 723/3588
f 723/3589 717/3590 724/3591
f 717/3592 718/3593 724/3594
f 724/3595 718/3596 719/3597
f 718/3598 713/3599 719/3600
f 725/3601 719/3602 720/3603
f 726/3604 725/3605 720/3606
f 726/3607 720/3608 721/3609
f 727/3610 726/3611 721/3612
f 727/3613 721/3614 722/3615
f 728/3616 727/3617 722/3618
f 728/3619 722/3620 729/3621
f 722/3622 723/3623 729/3624
f 729/3625 723/3626 730/3627
f 723/3628 724/3629 730/3630
f 730/3631 724/3632 725/3633
f 724/3634 719/3635 725/3636
f 731/3637 725/3638 726/3639
f 732/3640 731/3641 726/3642
f 732/3643 726/3644 727/3645
f 733/3646 732/3647 727/3648
f 733/3649 727/3650 728/3651
f 734/3652 733/3653 728/3654
f 734/3655 728/3656 735/3657
f 728/3658 729/3659 735/3660
f 735/3661 729/3662 736/3663
f 729/3664 730/3665 736/3666
f 736/3667 730/3668 731/3669
f 730/3670 725/3671 731/3672
f 737/3673 731/3674 732/3675
f 738/3676 737/3677 732/3678
f 738/3679 732/3680 733/3681
f 739/3682 738/3683 733/3684
f 739/3685 733/3686 734/3687
f 740/3688 739/3689 734/3690
f 740/3691 734/3692 741/3693
f 734/3694 735/3695 741/3696
f 741/3697 735/3698 742/3699
f 735/3700 736/3701 742/3702
f 742/3703 736/3704 737/3705
f 736/3706 731/3707 737/3708
f 749/3709 743/3710 744/3711
f 750/3712 749/3713 744/3714
f 750/3715 744/3716 745/3717
f 751/3718 750/3719 745/3720
f 751/3721 745/3722 746/3723
f 752/3724 751/3725 746/3726
f 752/3727 746/3728 753/3729
f 746/3730 747/3731 753/3732
f 753/3733 747/3734 754/3735
f 747/3736 748/3737 754/3738
f 754/3739 748/3740 749/3741
f 748/3742 743/3743 749/3744
f 755/3745 749/3746 750/3747
f 756/3748 755/3749 750/3750
f 756/3751 750/3752 751/3753
f 757/3754 756/3755 751/3756
f 757/3757 751/3758 752/3759
f 758/3760 757/3761 752/3762
f 758/3763 752/3764 759/3765
f 752/3766 753/3767 759/3768
f 759/3769 753/3770 760/3771
f 753/3772 754/3773 760/3774
f 760/3775 754/3776 755/3777
f 754/3778 749/3779 755/3780
f 761/3781 755/3782 756/3783
f 762/3784 761/3785 756/3786
f 762/3787 756/3788 757/3789
f 763/3790 762/3791 757/3792
f 763/3793 757/3794 758/3795
f 764/3796 763/3797 758/3798
f 764/3799 758/3800 765/3801
f 758/3802 759/3803 765/3804
f 765/3805 759/3806 766/3807
f 759/3808 760/3809 766/3810
f 766/3811 760/3812 761/3813
f 760/3814 755/3815 761/3816
f 767/3817 761/3818 762/3819
f 768/3820 767/3821 762/3822
f 768/3823 762/3824 763/3825
f 769/3826 768/3827 763/3828
f 769/3829 763/3830 764/3831
f 770/3832 769/3833 764/3834
f 770/3835 764/3836 771/3837
f 764/3838 765/3839 771/3840
f 771/3841 765/3842 772/3843
f 765/3844 766/3845 772/3846
f 772/3847 766/3848 767/3849
f 766/3850 761/3851 767/3852
f 783/3853 773/3854 774/3855
f 784/3856 783/3857 774/3858
f 784/3859 774/3860 775/3861
f 785/3862 784/3863 775/3864
f 785/3865 775/3866 776/3867
f 786/3868 785/3869 776/3870
f 786/3871 776/3872 777/3873
f 787/3874 786/3875 777/3876
f 787/3877 777/3878 778/3879
f 788/3880 787/3881 778/3882
f 788/3883 778/3884 789/3885
f 778/3886 779/3887 789/3888
f 789/3889 779/3890 790/3891
f 779/3892 780/3893 790/3894
f 790/3895 780/3896 791/3897
f 780/3898 781/3899 791/3900
f 791/3901 781/3902 792/3903
f 781/3904 782/3905 792/3906
f 792/3907 782/3908 783/3909
f 782/3910 773/3911 783/3912
f 793/3913 783/3914 784/3915
f 794/3916 793/3917 784/3918
f 794/3919 784/3920 785/3921
f 795/3922 794/3923 785/3924
f 795/3925 785/3926 786/3927
f 796/3928 795/3929 786/3930
f 796/3931 786/3932 787/3933
f 797/3934 796/3935 787/3936
f 797/3937 787/3938 788/3939
f 798/3940 797/3941 788/3942
f 798/3943 788/3944 799/3945
f 788/3946 789/3947 799/3948
f 799/3949 789/3950 800/3951
f 789/3952 790/3953 800/3954
f 800/3955 790/3956 801/3957
f 790/3958 791/3959 801/3960
f 801/3961 791/3962 802/3963
f 791/3964 792/3965 802/3966
f 802/3967 792/3968 793/3969
f 792/3970 783/3971 793/3972
f 803/3973 793/3974 794/3975
f 804/3976 803/3977 794/3978
f 804/3979 794/3980 795/3981
f 805/3982 804/3983 795/3984
f 805/3985 795/3986 796/3987
f 806/3988 805/3989 796/3990
f 806/3991 796/3992 797/3993
f 807/3994 806/3995 797/3996
f 807/3997 797/3998 798/3999
f 808/4000 807/4001 798/4002
f 808/4003 798/4004 809/4005
f 798/4006 799/4007 809/4008
f 809/4009 799/4010 810/4011
f 799/4012 800/4013 810/4014
f 810/4015 800/4016 811/4017
f 800/4018 801/4019 811/4020
f 811/4021 801/4022 812/4023
f 801/4024 802/4025 812/4026
f 812/4027 802/4028 803/4029
f 802/4030 793/4031 803/4032
f 813/4033 803/4034 804/4035
f 814/4036 813/4037 804/4038
f 814/4039 804/4040 805/4041
f 815/4042 814/4043 805/4044
f 815/4045 805/4046 806/4047
f 816/4048 815/4049 806/4050
f 816/4051 806/4052 807/4053
f 817/4054 816/4055 807/4056
f 817/4057 807/4058 808/4059
f 818/4060 817/4061 808/4062
f 818/4063 808/4064 819/4065
f 808/4066 809/4067 819/4068
f 819/4069 809/4070 820/4071
f 809/4072 810/4073 820/4074
f 820/4075 810/4076 821/4077
f 810/4078 811/4079 821/4080
f 821/4081 811/4082 822/4083
f 811/4084 812/4085 822/4086
f 822/4087 812/4088 813/4089
f 812/4090 803/4091 813/4092
f 823/4093 813/4094 814/4095
f 824/4096 823/4097 814/4098
f 824/4099 814/4100 815/4101
f 825/4102 824/4103 815/4104
f 825/4105 815/4106 816/4107
f 826/4108 825/4109 816/4110
f 826/4111 816/4112 817/4113
f 827/4114 826/4115 817/4116
f 827/4117 817/4118 818/4119
f 828/4120 827/4121 818/4122
f 828/4123 818/4124 829/4125
f 818/4126 819/4127 829/4128
f 829/4129 819/4130 830/4131
f 819/4132 820/4133 830/4134
f 830/4135 820/4136 831/4137
f 820/4138 821/4139 831/4140
f 831/4141 821/4142 832/4143
f 821/4144 822/4145 832/4146
f 832/4147 822/4148 823/4149
f 822/4150 813/4151 823/4152
f 839/4153 833/4154 834/4155
f 840/4156 839/4157 834/4158
f 840/4159 834/4160 835/4161
f 841/4162 840/4163 835/4164
f 841/4165 835/4166 836/4167
f 842/4168 841/4169 836/4170
f 842/4171 836/4172 843/4173
f 836/4174 837/4175 843/4176
f 843/4177 837/4178 844/4179
f 837/4180 838/4181 844/4182
f 844/4183 838/4184 839/4185
f 838/4186 833/4187 839/4188
f 845/4189 839/4190 840/4191
f 846/4192 845/4193 840/4194
f 846/4195 840/4196 841/4197
f 847/4198 846/4199 841/4200
f 847/4201 841/4202 842/4203
f 848/4204 847/4205 842/4206
f 848/4207 842/4208 849/4209
f 842/4210 843/4211 849/4212
f 849/4213 843/4214 850/4215
f 843/4216 844/4217 850/4218
f 850/4219 844/4220 845/4221
f 844/4222 839/4223 845/4224
f 851/4225 845/4226 846/4227
f 852/4228 851/4229 846/4230
f 852/4231 846/4232 847/4233
f 853/4234 852/4235 847/4236
f 853/4237 847/4238 848/4239
f 854/4240 853/4241 848/4242
f 854/4243 848/4244 855/4245
f 848/4246 849/4247 855/4248
f 855/4249 849/4250 856/4251
f 849/4252 850/4253 856/4254
f 856/4255 850/4256 851/4257
f 850/4258 845/4259 851/4260
f 857/4261 851/4262 852/4263
f 858/4264 857/4265 852/4266
f 858/4267 852/4268 853/4269
f 859/4270 858/4271 853/4272
f 859/4273 853/4274 854/4275
f 860/4276 859/4277 854/4278
f 860/4279 854/4280 861/4281
f 854/4282 855/4283 861/4284
f 861/4285 855/4286 862/4287
f 855/4288 856/4289 862/4290
f 862/4291 856/4292 857/4293
f 856/4294 851/4295 857/4296
f 863/4297 857/4298 858/4299
f 864/4300 863/4301 858/4302
f 864/4303 858/4304 859/4305
f 865/4306 864/4307 859/4308
f 865/4309 859/4310 860/4311
f 866/4312 865/4313 860/4314
f 866/4315 860/4316 867/4317
f 860/4318 861/4319 867/4320
f 867/4321 861/4322 868/4323
f 861/4324 862/4325 868/4326
f 868/4327 862/4328 863/4329
f 862/4330 857/4331 863/4332
f 869/4333 863/4334 864/4335
f 870/4336 869/4337 864/4338
f 870/4339 864/4340 865/4341
f 871/4342 870/4343 865/4344
f 871/4345 865/4346 866/4347
f 872/4348 871/4349 866/4350
f 872/4351 866/4352 873/4353
f 866/4354 867/4355 873/4356
f 873/4357 867/4358 874/4359
f 867/4360 868/4361 874/4362
f 874/4363 868/4364 869/4365
f 868/4366 863/4367 869/4368
f 875/4369 869/4370 870/4371
f 876/4372 875/4373 870/4374
f 876/4375 870/4376 871/4377
f 877/4378 876/4379 871/4380
f 877/4381 871/4382 872/4383
f 878/4384 877/4385 872/4386
f 878/4387 872/4388 879/4389
f 872/4390 873/4391 879/4392
f 879/4393 873/4394 880/4395
f 873/4396 874/4397 880/4398
f 880/4399 874/4400 875/4401
f 874/4402 869/4403 875/4404
f 887/4405 881/4406 882/4407
f 888/4408 887/4409 882/4410
f 888/4411 882/4412 883/4413
f 889/4414 888/4415 883/4416
f 889/4417 883/4418 884/4419
f 890/4420 889/4421 884/4422
f 890/4423 884/4424 891/4425
f 884/4426 885/4427 891/4428
f 891/4429 885/4430 892/4431
f 885/4432 886/4433 892/4434
f 892/4435 886/4436 887/4437
f 886/4438 881/4439 887/4440
f 893/4441 887/4442 888/4443
f 894/4444 893/4445 888/4446
f 894/4447 888/4448 889/4449
f 895/4450 894/4451 889/4452
f 895/4453 889/4454 890/4455
f 896/4456 895/4457 890/4458
f 896/4459 890/4460 897/4461
f 890/4462 891/4463 897/4464
f 897/4465 891/4466 898/4467
f 891/4468 892/4469 898/4470
f 898/4471 892/4472 893/4473
f 892/4474 887/4475 893/4476
f 899/4477 893/4478 894/4479
f 900/4480 899/4481 894/4482
f 900/4483 894/4484 895/4485
f 901/4486 900/4487 895/4488
f 901/4489 895/4490 896/4491
f 902/4492 901/4493 896/4494
f 902/4495 896/4496 903/4497
f 896/4498 897/4499 903/4500
f 903/4501 897/4502 904/4503
f 897/4504 898/4505 904/4506
f 904/4507 898/4508 899/4509
f 898/4510 893/4511 899/4512
f 905/4513 899/4514 900/4515
f 906/4516 905/4517 900/4518
f 906/4519 900/4520 901/4521
f 907/4522 906/4523 901/4524
f 907/4525 901/4526 902/4527
f 908/4528 907/4529 902/4530
f 908/4531 902/4532 909/4533
f 902/4534 903/4535 909/4536
f 909/4537 903/4538 910/4539
f 903/4540 904/4541 910/4542
f 910/4543 904/4544 905/4545
f 904/4546 899/4547 905/4548
f 911/4549 905/4550 906/4551
f 912/4552 911/4553 906/4554
f 912/4555 906/4556 907/4557
f 913/4558 912/4559 907/4560
f 913/4561 907/4562 908/4563
f 914/4564 913/4565 908/4566
f 914/4567 908/4568 915/4569
f 908/4570 909/4571 915/4572
f 915/4573 909/4574 916/4575
f 909/4576 910/4577 916/4578
f 916/4579 910/4580 911/4581
f 910/4582 905/4583 911/4584
f 923/4585 917/4586 918/4587
f 924/4588 923/4589 918/4590
f 924/4591 918/4592 919/4593
f 925/4594 924/4595 919/4596
f 925/4597 919/4598 920/4599
f 926/4600 925/4601 920/4602
f 926/4603 920/4604 927/4605
f 920/4606 921/4607 927/4608
f 927/4609 921/4610 928/4611
f 921/4612 922/4613 928/4614
f 928/4615 922/4616 923/4617
f 922/4618 917/4619 923/4620
f 929/4621 923/4622 924/4623
f 930/4624 929/4625 924/4626
f 930/4627 924/4628 925/4629
f 931/4630 930/4631 925/4632
f 931/4633 925/4634 926/4635
f 932/4636 931/4637 926/4638
f 932/4639 926/4640 933/4641
f 926/4642 927/4643 933/4644
f 933/4645 927/4646 934/4647
f 927/4648 928/4649 934/4650
f 934/4651 928/4652 929/4653
f 928/4654 923/4655 929/4656
f 935/4657 929/4658 930/4659
f 936/4660 935/4661 930/4662
f 936/4663 930/4664 931/4665
f 937/4666 936/4667 931/4668
f 937/4669 931/4670 932/4671
f 938/4672 937/4673 932/4674
f 938/4675 932/4676 939/4677
f 932/4678 933/4679 939/4680
f 939/4681 933/4682 940/4683
f 933/4684 934/4685 940/4686
f 940/4687 934/4688 935/4689
f 934/4690 929/4691 935/4692
f 941/4693 935/4694 936/4695
f 942/4696 941/4697 936/4698
f 942/4699 936/4700 937/4701
f 943/4702 942/4703 937/4704
f 943/4705 937/4706 938/4707
f 944/4708 943/4709 938/4710
f 944/4711 938/4712 945/4713
f 938/4714 939/4715 945/4716
f 945/4717 939/4718 946/4719
f 939/4720 940/4721 946/4722
f 946/4723 940/4724 941/4725
f 940/4726 935/4727 941/4728
f 947/4729 941/4730 942/4731
f 948/4732 947/4733 942/4734
f 948/4735 942/4736 943/4737
f 949/4738 948/4739 943/4740
f 949/4741 943/4742 944/4743
f 950/4744 949/4745 944/4746
f 950/4747 944/4748 951/4749
f 944/4750 945/4751 951/4752
f 951/4753 945/4754 952/4755
f 945/4756 946/4757 952/4758
f 952/4759 946/4760 947/4761
f 946/4762 941/4763 947/4764
f 959/4765 953/4766 954/4767
f 960/4768 959/4769 954/4770
f 960/4771 954/4772 955/4773
f 961/4774 960/4775 955/4776
f 961/4777 955/4778 956/4779
f 962/4780 961/4781 956/4782
f 962/4783 956/4784 963/4785
f 956/4786 957/4787 963/4788
f 963/4789 957/4790 964/4791
f 957/4792 958/4793 964/4794
f 964/4795 958/4796 959/4797
f 958/4798 953/4799 959/4800
f 965/4801 959/4802 960/4803
f 966/4804 965/4805 960/4806
f 966/4807 960/4808 961/4809
f 967/4810 966/4811 961/4812
f 967/4813 961/4814 962/4815
f 968/4816 967/4817 962/4818
f 968/4819 962/4820 969/4821
f 962/4822 963/4823 969/4824
f 969/4825 963/4826 970/4827
f 963/4828 964/4829 970/4830
f 970/4831 964/4832 965/4833
f 964/4834 959/4835 965/4836
f 971/4837 965/4838 966/4839
f 972/4840 971/4841 966/4842
f 972/4843 966/4844 967/4845
f 973/4846 972/4847 967/4848
f 973/4849 967/4850 968/4851
f 974/4852 973/4853 968/4854
f 974/4855 968/4856 975/4857
f 968/4858 969/4859 975/4860
f 975/4861 969/4862 976/4863
f 969/4864 970/4865 976/4866
f 976/4867 970/4868 971/4869
f 970/4870 965/4871 971/4872
f 977/4873 971/4874 972/4875
f 978/4876 977/4877 972/4878
f 978/4879 972/4880 973/4881
f 979/4882 978/4883 973/4884
f 979/4885 973/4886 974/4887
f 980/4888 979/4889 974/4890
f 980/4891 974/4892 981/4893
f 974/4894 975/4895 981/4896
f 981/4897 975/4898 982/4899
f 975/4900 976/4901 982/4902
f 982/4903 976/4904 977/4905
f 976/4906 971/4907 977/4908
f 983/4909 977/4910 978/4911
f 984/4912 983/4913 978/4914
f 984/4915 978/4916 979/4917
f 985/4918 984/4919 979/4920
f 985/4921 979/4922 980/4923
f 986/4924 985/4925 980/4926
f 986/4927 980/4928 987/4929
f 980/4930 981/4931 987/4932
f 987/4933 981/4934 988/4935
f 981/4936 982/4937 988/4938
f 988/4939 982/4940 983/4941
f 982/4942 977/4943 983/4944
f 995/4945 989/4946 990/4947
f 996/4948 995/4949 990/4950
f 996/4951 990/4952 991/4953
f 997/4954 996/4955 991/4956
f 997/4957 991/4958 992/4959
f 998/4960 997/4961 992/4962
f 998/4963 992/4964 999/4965
f 992/4966 993/4967 999/4968
f 999/4969 993/4970 1000/4971
f 993/4972 994/4973 1000/4974
f 1000/4975 994/4976 995/4977
f 994/4978 989/4979 995/4980
f 1001/4981 995/4982 996/4983
f 1002/4984 1001/4985 996/4986
f 1002/4987 996/4988 997/4989
f 1003/4990 1002/4991 997/4992
f 1003/4993 997/4994 998/4995
f 1004/4996 1003/4997 998/4998
f 1004/4999 998/5000 1005/5001
f 998/5002 999/5003 1005/5004
f 1005/5005 999/5006 1006/5007
f 999/5008 1000/5009 1006/5010
f 1006/5011 1000/5012 1001/5013
f 1000/5014 995/5015 1001/5016
f 1007/5017 1001/5018 1002/5019
f 1008/5020 1007/5021 1002/5022
f 1008/5023 1002/5024 1003/5025
f 1009/5026 1008/5027 1003/5028
f 1009/5029 1003/5030 1004/5031
f 1010/5032 1009/5033 1004/5034
f 1010/5035 1004/5036 1011/5037
f 1004/5038 1005/5039 1011/5040
f 1011/5041 1005/5042 1012/5043
f 1005/5044 1006/5045 1012/5046
f 1012/5047 1006/5048 1007/5049
f 1006/5050 1001/5051 1007/5052
f 1013/5053 1007/5054 1008/5055
f 1014/5056 1013/5057 1008/5058
f 1014/5059 1008/5060 1009/5061
f 1015/5062 1014/5063 1009/5064
f 1015/5065 1009/5066 1010/5067
f 1016/5068 1015/5069 1010/5070
f 1016/5071 1010/5072 1017/5073
f 1010/5074 1011/5075 1017/5076
f 1017/5077 1011/5078 1018/5079
f 1011/5080 1012/5081 1018/5082
f 1018/5083 1012/5084 1013/5085
f 1012/5086 1007/5087 1013/5088
f 1019/5089 1013/5090 1014/5091
f 1020/5092 1019/5093 1014/5094
f 1020/5095 1014/5096 1015/5097
f 1021/5098 1020/5099 1015/5100
f 1021/5101 1015/5102 1016/5103
f 1022/5104 1021/5105 1016/5106
f 1022/5107 1016/5108 1023/5109
f 1016/5110 1017/5111 1023/5112
f 1023/5113 1017/5114 1024/5115
f 1017/5116 1018/5117 1024/5118
f 1024/5119 1018/5120 1019/5121
f 1018/5122 1013/5123 1019/5124
f 1031/5125 1025/5126 1026/5127
f 1032/5128 1031/5129 1026/5130
f 1032/5131 1026/5132 1027/5133
f 1033/5134 1032/5135 1027/5136
f 1033/5137 1027/5138 1028/5139
f 1034/5140 1033/5141 1028/5142
f 1034/5143 1028/5144 1035/5145
f 1028/5146 1029/5147 1035/5148
f 1035/5149 1029/5150 1036/5151
f 1029/5152 1030/5153 1036/5154
f 1036/5155 1030/5156 1031/5157
f 1030/5158 1025/5159 1031/5160
f 1037/5161 1031/5162 1032/5163
f 1038/5164 1037/5165 1032/5166
f 1038/5167 1032/5168 1033/5169
f 1039/5170 1038/5171 1033/5172
f 1039/5173 1033/5174 1034/5175
f 1040/5176 1039/5177 1034/5178
f 1040/5179 1034/5180 1041/5181
f 1034/5182 1035/5183 1041/5184
f 1041/5185 1035/5186 1042/5187
f 1035/5188 1036/5189 1042/5190
f 1042/5191 1036/5192 1037/5193
f 1036/5194 1031/5195 1037/5196
f 1043/5197 1037/5198 1038/5199
f 1044/5200 1043/5201 1038/5202
f 1044/5203 1038/5204 1039/5205
f 1045/5206 1044/5207 1039/5208
f 1045/5209 1039/5210 1040/5211
f 1046/5212 1045/5213 1040/5214
f 1046/5215 1040/5216 1047/5217
f 1040/5218 1041/5219 1047/5220
f 1047/5221 1041/5222 1048/5223
f 1041/5224 1042/5225 1048/5226
f 1048/5227 1042/5228 1043/5229
f 1042/5230 1037/5231 1043/5232
f 1049/5233 1043/5234 1044/5235
f 1050/5236 1049/5237 1044/5238
f 1050/5239 1044/5240 1045/5241
f 1051/5242 1050/5243 1045/5244
f 1051/5245 1045/5246 1046/5247
f 1052/5248 1051/5249 1046/5250
f 1052/5251 1046/5252 1053/5253
f 1046/5254 1047/5255 1053/5256
f 1053/5257 1047/5258 1054/5259
f 1047/5260 1048/5261 1054/5262
f 1054/5263 1048/5264 1049/5265
f 1048/5266 1043/5267 1049/5268
f 1061/5269 1055/5270 1056/5271
f 1062/5272 1061/5273 1056/5274
f 1062/5275 1056/5276 1057/5277
f 1063/5278 1062/5279 1057/5280
f 1063/5281 1057/5282 1058/5283
f 1064/5284 1063/5285 1058/5286
f 1064/5287 1058/5288 1065/5289
f 1058/5290 1059/5291 1065/5292
f 1065/5293 1059/5294 1066/5295
f 1059/5296 1060/5297 1066/5298
f 1066/5299 1060/5300 1061/5301
f 1060/5302 1055/5303 1061/5304
f 1067/5305 1061/5306 1062/5307
f 1068/5308 1067/5309 1062/5310
f 1068/5311 1062/5312 1063/5313
f 1069/5314 1068/5315 1063/5316
f 1069/5317 1063/5318 1064/5319
f 1070/5320 1069/5321 1064/5322
f 1070/5323 1064/5324 1071/5325
f 1064/5326 1065/5327 1071/5328
f 1071/5329 1065/5330 1072/5331
f 1065/5332 1066/5333 1072/5334
f 1072/5335 1066/5336 1067/5337
f 1066/5338 1061/5339 1067/5340
f 1073/5341 1067/5342 1068/5343
f 1074/5344 1073/5345 1068/5346
f 1074/5347 1068/5348 1069/5349
f 1075/5350 1074/5351 1069/5352
f 1075/5353 1069/5354 1070/5355
f 1076/5356 1075/5357 1070/5358
f 1076/5359 1070/5360 1077/5361
f 1070/5362 1071/5363 1077/5364
f 1077/5365 1071/5366 1078/5367
f 1071/5368 1072/5369 1078/5370
f 1078/5371 1072/5372 1073/5373
f 1072/5374 1067/5375 1073/5376
f 1079/5377 1073/5378 1074/5379
f 1080/5380 1079/5381 1074/5382
f 1080/5383 1074/5384 1075/5385
f 1081/5386 1080/5387 1075/5388
f 1081/5389 1075/5390 1076/5391
f 1082/5392 1081/5393 1076/5394
f 1082/5395 1076/5396 1083/5397
f 1076/5398 1077/5399 1083/5400
f 1083/5401 1077/5402 1084/5403
f 1077/5404 1078/5405 1084/5406
f 1084/5407 1078/5408 1079/5409
f 1078/5410 1073/5411 1079/5412
f 1091/5413 1085/5414 1086/5415
f 1092/5416 1091/5417 1086/5418
f 1092/5419 1086/5420 1087/5421
f 1093/5422 1092/5423 1087/5424
f 1093/5425 1087/5426 1088/5427
f 1094/5428 1093/5429 1088/5430
f 1094/5431 1088/5432 1095/5433
f 1088/5434 1089/5435 1095/5436
f 1095/5437 1089/5438 1096/5439
f 1089/5440 1090/5441 1096/5442
f 1096/5443 1090/5444 1091/5445
f 1090/5446 1085/5447 1091/5448
f 1097/5449 1091/5450 1092/5451
f 1098/5452 1097/5453 1092/5454
f 1098/5455 1092/5456 1093/5457
f 1099/5458 1098/5459 1093/5460
f 1099/5461 1093/5462 1094/5463
f 1100/5464 1099/5465 1094/5466
f 1100/5467 1094/5468 1101/5469
f 1094/5470 1095/5471 1101/5472
f 1101/5473 1095/5474 1102/5475
f 1095/5476 1096/5477 1102/5478
f 1102/5479 1096/5480 1097/5481
f 1096/5482 1091/5483 1097/5484
f 1103/5485 1097/5486 1098/5487
f 1104/5488 1103/5489 1098/5490
f 1104/5491 1098/5492 1099/5493
f 1105/5494 1104/5495 1099/5496
f 1105/5497 1099/5498 1100/5499
f 1106/5500 1105/5501 1100/5502
f 1106/5503 1100/5504 1107/5505
f 1100/5506 1101/5507 1107/5508
f 1107/5509 1101/5510 1108/5511
f 1101/5512 1102/5513 1108/5514
f 1108/5515 1102/5516 1103/5517
f 1102/5518 1097/5519 1103/5520
f 1109/5521 1103/5522 1104/5523
f 1110/5524 1109/5525 1104/5526
f 1110/5527 1104/5528 1105/5529
f 1111/5530 1110/5531 1105/5532
f 1111/5533 1105/5534 1106/5535
f 1112/5536 1111/5537 1106/5538
f 1112/5539 1106/5540 1113/5541
f 1106/5542 1107/5543 1113/5544
f 1113/5545 1107/5546 1114/5547
f 1107/5548 1108/5549 1114/5550
f 1114/5551 1108/5552 1109/5553
f 1108/5554 1103/5555 1109/5556
f 1121/5557 1115/5558 1116/5559
f 1122/5560 1121/5561 1116/5562
f 1122/5563 1116/5564 1117/5565
f 1123/5566 1122/5567 1117/5568
f 1123/5569 1117/5570 1118/5571
f 1124/5572 1123/5573 1118/5574
f 1124/5575 1118/5576 1125/5577
f 1118/5578 1119/5579 1125/5580
f 1125/5581 1119/5582 1126/5583
f 1119/5584 1120/5585 1126/5586
f 1126/5587 1120/5588 1121/5589
f 1120/5590 1115/5591 1121/5592
f 1127/5593 1121/5594 1122/5595
f 1128/5596 1127/5597 1122/5598
f 1128/5599 1122/5600 1123/5601
f 1129/5602 1128/5603 1123/5604
f 1129/5605 1123/5606 1124/5607
f 1130/5608 1129/5609 1124/5610
f 1130/5611 1124/5612 1131/5613
f 1124/5614 1125/5615 1131/5616
f 1131/5617 1125/5618 1132/5619
f 1125/5620 1126/5621 1132/5622
f 1132/5623 1126/5624 1127/5625
f 1126/5626 1121/5627 1127/5628
f 1133/5629 1127/5630 1128/5631
f 1134/5632 1133/5633 1128/5634
f 1134/5635 1128/5636 1129/5637
f 1135/5638 1134/5639 1129/5640
f 1135/5641 1129/5642 1130/5643
f 1136/5644 1135/5645 1130/5646
f 1136/5647 1130/5648 1137/5649
f 1130/5650 1131/5651 1137/5652
f 1137/5653 1131/5654 1138/5655
f 1131/5656 1132/5657 1138/5658
f 1138/5659 1132/5660 1133/5661
f 1132/5662 1127/5663 1133/5664
f 1139/5665 1133/5666 1134/5667
f 1140/5668 1139/5669 1134/5670
f 1140/5671 1134/5672 1135/5673
f 1141/5674 1140/5675 1135/5676
f 1141/5677 1135/5678 1136/5679
f 1142/5680 1141/5681 1136/5682
f 1142/5683 1136/5684 1143/5685
f 1136/5686 1137/5687 1143/5688
f 1143/5689 1137/5690 1144/5691
f 1137/5692 1138/5693 1144/5694
f 1144/5695 1138/5696 1139/5697
f 1138/5698 1133/5699 1139/5700
f 1151/5701 1145/5702 1146/5703
f 1152/5704 1151/5705 1146/5706
f 1152/5707 1146/5708 1147/5709
f 1153/5710 1152/5711 1147/5712
f 1153/5713 1147/5714 1148/5715
f 1154/5716 1153/5717 1148/5718
f 1154/5719 1148/5720 1155/5721
f 1148/5722 1149/5723 1155/5724
f 1155/5725 1149/5726 1156/5727
f 1149/5728 1150/5729 1156/5730
f 1156/5731 1150/5732 1151/5733
f 1150/5734 1145/5735 1151/5736
f 1157/5737 1151/5738 1152/5739
f 1158/5740 1157/5741 1152/5742
f 1158/5743 1152/5744 1153/5745
f 1159/5746 1158/5747 1153/5748
f 1159/5749 1153/5750 1154/5751
f 1160/5752 1159/5753 1154/5754
f 1160/5755 1154/5756 1161/5757
f 1154/5758 1155/5759 1161/5760
f 1161/5761 1155/5762 1162/5763
f 1155/5764 1156/5765 1162/5766
f 1162/5767 1156/5768 1157/5769
f 1156/5770 1151/5771 1157/5772
f 1169/5773 1163/5774 1164/5775
f 1170/5776 1169/5777 1164/5778
f 1170/5779 1164/5780 1165/5781
f 1171/5782 1170/5783 1165/5784
f 1171/5785 1165/5786 1166/5787
f 1172/5788 1171/5789 1166/5790
f 1172/5791 1166/5792 1173/5793
f 1166/5794 1167/5795 1173/5796
f 1173/5797 1167/5798 1174/5799
f 1167/5800 1168/5801 1174/5802
f 1174/5803 1168/5804 1169/5805
f 1168/5806 1163/5807 1169/5808
f 1175/5809 1169/5810 1170/5811
f 1176/5812 1175/5813 1170/5814
f 1176/5815 1170/5816 1171/5817
f 1177/5818 1176/5819 1171/5820
f 1177/5821 1171/5822 1172/5823
f 1178/5824 1177/5825 1172/5826
f 1178/5827 1172/5828 1179/5829
f 1172/5830 1173/5831 1179/5832
f 1179/5833 1173/5834 1180/5835
f 1173/5836 1174/5837 1180/5838
f 1180/5839 1174/5840 1175/5841
f 1174/5842 1169/5843 1175/5844
f 1185/5845 1181/5846 1182/5847
f 1186/5848 1185/5849 1182/5850
f 1186/5851 1182/5852 1183/5853
f 1187/5854 1186/5855 1183/5856
f 1187/5857 1183/5858 1188/5859
f 1183/5860 1184/5861 1188/5862
f 1188/5863 1184/5864 1185/5865
f 1184/5866 1181/5867 1185/5868
f 1189/5869 1185/5870 1186/5871
f 1190/5872 1189/5873 1186/5874
f 1190/5875 1186/5876 1187/5877
f 1191/5878 1190/5879 1187/5880
f 1191/5881 1187/5882 1192/5883
f 1187/5884 1188/5885 1192/5886
f 1192/5887 1188/5888 1189/5889
f 1188/5890 1185/5891 1189/5892
f 1193/5893 1189/5894 1190/5895
f 1194/5896 1193/5897 1190/5898
f 1194/5899 1190/5900 1191/5901
f 1195/5902 1194/5903 1191/5904
f 1195/5905 1191/5906 1196/5907
f 1191/5908 1192/5909 1196/5910
f 1196/5911 1192/5912 1193/5913
f 1192/5914 1189/5915 1193/5916
f 1197/5917 1193/5918 1194/5919
f 1198/5920 1197/5921 1194/5922
f 1198/5923 1194/5924 1195/5925
f 1199/5926 1198/5927 1195/5928
f 1199/5929 1195/5930 1200/5931
f 1195/5932 1196/5933 1200/5934
f 1200/5935 1196/5936 1197/5937
f 1196/5938 1193/5939 1197/5940
f 1205/5941 1201/5942 1202/5943
f 1206/5944 1205/5945 1202/5946
f 1206/5947 1202/5948 1203/5949
f 1207/5950 1206/5951 1203/5952
f 1207/5953 1203/5954 1208/5955
f 1203/5956 1204/5957 1208/5958
f 1208/5959 1204/5960 1205/5961
f 1204/5962 1201/5963 1205/5964
f 1209/5965 1205/5966 1206/5967
f 1210/5968 1209/5969 1206/5970
f 1210/5971 1206/5972 1207/5973
f 1211/5974 1210/5975 1207/5976
f 1211/5977 1207/5978 1212/5979
f 1207/5980 1208/5981 1212/5982
f 1212/5983 1208/5984 1209/5985
f 1208/5986 1205/5987 1209/5988
f 1213/5989 1209/5990 1210/5991
f 1214/5992 1213/5993 1210/5994
f 1214/5995 1210/5996 1211/5997
f 1215/5998 1214/5999 1211/6000
f 1215/6001 1211/6002 1216/6003
f 1211/6004 1212/6005 1216/6006
f 1216/6007 1212/6008 1213/6009
f 1212/6010 1209/6011 1213/6012
f 1217/6013 1213/6014 1214/6015
f 1218/6016 1217/6017 1214/6018
f 1218/6019 1214/6020 1215/6021
f 1219/6022 1218/6023 1215/6024
f 1219/6025 1215/6026 1220/6027
f 1215/6028 1216/6029 1220/6030
f 1220/6031 1216/6032 1217/6033
f 1216/6034 1213/6035 1217/6036
f 1227/6037 1221/6038 1222/6039
f 1228/6040 1227/6041 1222/6042
f 1228/6043 1222/6044 1223/6045
f 1229/6046 1228/6047 1223/6048
f 1229/6049 1223/6050 1224/6051
f 1230/6052 1229/6053 1224/6054
f 1230/6055 1224/6056 1231/6057
f 1224/6058 1225/6059 1231/6060
f 1231/6061 1225/6062 1232/6063
f 1225/6064 1226/6065 1232/6066
f 1232/6067 1226/6068 1227/6069
f 1226/6070 1221/6071 1227/6072
f 1233/6073 1227/6074 1228/6075
f 1234/6076 1233/6077 1228/6078
f 1234/6079 1228/6080 1229/6081
f 1235/6082 1234/6083 1229/6084
f 1235/6085 1229/6086 1230/6087
f 1236/6088 1235/6089 1230/6090
f 1236/6091 1230/6092 1237/6093
f 1230/6094 1231/6095 1237/6096
f 1237/6097 1231/6098 1238/6099
f 1231/6100 1232/6101 1238/6102
f 1238/6103 1232/6104 1233/6105
f 1232/6106 1227/6107 1233/6108
f 1239/6109 1233/6110 1234/6111
f 1240/6112 1239/6113 1234/6114
f 1240/6115 1234/6116 1235/6117
f 1241/6118 1240/6119 1235/6120
f 1241/6121 1235/6122 1236/6123
f 1242/6124 1241/6125 1236/6126
f 1242/6127 1236/6128 1243/6129
f 1236/6130 1237/6131 1243/6132
f 1243/6133 1237/6134 1244/6135
f 1237/6136 1238/6137 1244/6138
f 1244/6139 1238/6140 1239/6141
f 1238/6142 1233/6143 1239/6144
f 1245/6145 1239/6146 1240/6147
f 1246/6148 1245/6149 1240/6150
f 1246/6151 1240/6152 1241/6153
f 1247/6154 1246/6155 1241/6156
f 1247/6157 1241/6158 1242/6159
f 1248/6160 1247/6161 1242/6162
f 1248/6163 1242/6164 1249/6165
f 1242/6166 1243/6167 1249/6168
f 1249/6169 1243/6170 1250/6171
f 1243/6172 1244/6173 1250/6174
f 1250/6175 1244/6176 1245/6177
f 1244/6178 1239/6179 1245/6180
f 1251/6181 1245/6182 1246/6183
f 1252/6184 1251/6185 1246/6186
f 1252/6187 1246/6188 1247/6189
f 1253/6190 1252/6191 1247/6192
f 1253/6193 1247/6194 1248/6195
f 1254/6196 1253/6197 1248/6198
f 1254/6199 1248/6200 1255/6201
f 1248/6202 1249/6203 1255/6204
f 1255/6205 1249/6206 1256/6207
f 1249/6208 1250/6209 1256/6210
f 1256/6211 1250/6212 1251/6213
f 1250/6214 1245/6215 1251/6216
f 1263/6217 1257/6218 1258/6219
f 1264/6220 1263/6221 1258/6222
f 1264/6223 1258/6224 1259/6225
f 1265/6226 1264/6227 1259/6228
f 1265/6229 1259/6230 1260/6231
f 1266/6232 1265/6233 1260/6234
f 1266/6235 1260/6236 1267/6237
f 1260/6238 1261/6239 1267/6240
f 1267/6241 1261/6242 1268/6243
f 1261/6244 1262/6245 1268/6246
f 1268/6247 1262/6248 1263/6249
f 1262/6250 1257/6251 1263/6252
f 1269/6253 1263/6254 1264/6255
f 1270/6256 1269/6257 1264/6258
f 1270/6259 1264/6260 1265/6261
f 1271/6262 1270/6263 1265/6264
f 1271/6265 1265/6266 1266/6267
f 1272/6268 1271/6269 1266/6270
f 1272/6271 1266/6272 1273/6273
f 1266/6274 1267/6275 1273/6276
f 1273/6277 1267/6278 1274/6279
f 1267/6280 1268/6281 1274/6282
f 1274/6283 1268/6284 1269/6285
f 1268/6286 1263/6287 1269/6288
f 1275/6289 1269/6290 1270/6291
f 1276/6292 1275/6293 1270/6294
f 1276/6295 1270/6296 1271/6297
f 1277/6298 1276/6299 1271/6300
f 1277/6301 1271/6302 1272/6303
f 1278/6304 1277/6305 1272/6306
f 1278/6307 1272/6308 1279/6309
f 1272/6310 1273/6311 1279/6312
f 1279/6313 1273/6314 1280/6315
f 1273/6316 1274/6317 1280/6318
f 1280/6319 1274/6320 1275/6321
f 1274/6322 1269/6323 1275/6324
f 1281/6325 1275/6326 1276/6327
f 1282/6328 1281/6329 1276/6330
f 1282/6331 1276/6332 1277/6333
f 1283/6334 1282/6335 1277/6336
f 1283/6337 1277/6338 1278/6339
f 1284/6340 1283/6341 1278/6342
f 1284/6343 1278/6344 1285/6345
f 1278/6346 1279/6347 1285/6348
f 1285/6349 1279/6350 1286/6351
f 1279/6352 1280/6353 1286/6354
f 1286/6355 1280/6356 1281/6357
f 1280/6358 1275/6359 1281/6360
f 1287/6361 1281/6362 1282/6363
f 1288/6364 1287/6365 1282/6366
f 1288/6367 1282/6368 1283/6369
f 1289/6370 1288/6371 1283/6372
f 1289/6373 1283/6374 1284/6375
f 1290/6376 1289/6377 1284/6378
f 1290/6379 1284/6380 1291/6381
f 1284/6382 1285/6383 1291/6384
f 1291/6385 1285/6386 1292/6387
f 1285/6388 1286/6389 1292/6390
f 1292/6391 1286/6392 1287/6393
f 1286/6394 1281/6395 1287/6396
f 1293/6397 1294/6398 1297/6399
f 1297/6400 1294/6401 1298/6402
f 1294/6403 1296/6404 1298/6405
f 1298/6406 1296/6407 1300/6408
f 1293/6409 1297/6410 1295/6411
f 1297/6412 1299/6413 1295/6414
f 1295/6415 1299/6416 1296/6417
f 1299/6418 1300/6419 1296/6420
f 1297/6421 1298/6422 1301/6423
f 1301/6424 1298/6425 1302/6426
f 1298/6427 1300/6428 1302/6429
f 1297/6430 1301/6431 1299/6432
f 1301/6433 1302/6434 1299/6435
f 1299/6436 1302/6437 1300/6438
f 1304/6439 1303/6440 1307/6441
f 1304/6442 1307/6443 1308/6444
f 1306/6445 1304/6446 1308/6447
f 1306/6448 1308/6449 1310/6450
f 1305/6451 1307/6452 1303/6453
f 1305/6454 1309/6455 1307/6456
f 1306/6457 1309/6458 1305/6459
f 1306/6460 1310/6461 1309/6462
f 1308/6463 1307/6464 1311/6465
f 1308/6466 1311/6467 1312/6468
f 1310/6469 1308/6470 1312/6471
f 1309/6472 1311/6473 1307/6474
f 1309/6475 1312/6476 1311/6477
f 1310/6478 1312/6479 1309/6480
f 1313/6481 1314/6482 1317/6483
f 1317/6484 1314/6485 1318/6486
f 1314/6487 1316/6488 1318/6489
f 1318/6490 1316/6491 1320/6492
f 1313/6493 1317/6494 1315/6495
f 1317/6496 1319/6497 1315/6498
f 1315/6499 1319/6500 1316/6501
f 1319/6502 1320/6503 1316/6504
f 1317/6505 1318/6506 1321/6507
f 1321/6508 1318/6509 1322/6510
f 1318/6511 1320/6512 1322/6513
f 1322/6514 1320/6515 1324/6516
f 1317/6517 1321/6518 1319/6519
f 1321/6520 1323/6521 1319/6522
f 1319/6523 1323/6524 1320/6525
f 1323/6526 1324/6527 1320/6528
f 1321/6529 1322/6530 1325/6531
f 1325/6532 1322/6533 1326/6534
f 1322/6535 1324/6536 1326/6537
f 1321/6538 1325/6539 1323/6540
f 1325/6541 1326/6542 1323/6543
f 1323/6544 1326/6545 1324/6546
f 1328/6547 1327/6548 1331/6549
f 1328/6550 1331/6551 1332/6552
f 1330/6553 1328/6554 1332/6555
f 1330/6556 1332/6557 1334/6558
f 1329/6559 1331/6560 1327/6561
f 1329/6562 1333/6563 1331/6564
f 1330/6565 1333/6566 1329/6567
f 1330/6568 1334/6569 1333/6570
f 1332/6571 1331/6572 1335/6573
f 1332/6574 1335/6575 1336/6576
f 1334/6577 1332/6578 1336/6579
f 1334/6580 1336/6581 1338/6582
f 1333/6583 1335/6584 1331/6585
f 1333/6586 1337/6587 1335/6588
f 1334/6589 1337/6590 1333/6591
f 1334/6592 1338/6593 1337/6594
f 1336/6595 1335/6596 1339/6597
f 1336/6598 1339/6599 1340/6600
f 1338/6601 1336/6602 1340/6603
f 1337/6604 1339/6605 1335/6606
f 1337/6607 1340/6608 1339/6609
f 1338/6610 1340/6611 1337/6612
f 1341/6613 1342/6614 1345/6615
f 1345/6616 1342/6617 1346/6618
f 1342/6619 1344/6620 1346/6621
f 1346/6622 1344/6623 1348/6624
f 1341/6625 1345/6626 1343/6627
f 1345/6628 1347/6629 1343/6630
f 1343/6631 1347/6632 1344/6633
f 1347/6634 1348/6635 1344/6636
f 1345/6637 1346/6638 1349/6639
f 1349/6640 1346/6641 1350/6642
f 1346/6643 1348/6644 1350/6645
f 1350/6646 1348/6647 1352/6648
f 1345/6649 1349/6650 1347/6651
f 1349/6652 1351/6653 1347/6654
f 1347/6655 1351/6656 1348/6657
f 1351/6658 1352/6659 1348/6660
f 1349/6661 1350/6662 1353/6663
f 1353/6664 1350/6665 1354/6666
f 1350/6667 1352/6668 1354/6669
f 1349/6670 1353/6671 1351/6672
f 1353/6673 1354/6674 1351/6675
f 1351/6676 1354/6677 1352/6678
f 1356/6679 1355/6680 1359/6681
f 1356/6682 1359/6683 1360/6684
f 1358/6685 1356/6686 1360/6687
f 1358/6688 1360/6689 1362/6690
f 1357/6691 1359/6692 1355/6693
f 1357/6694 1361/6695 1359/6696
f 1358/6697 1361/6698 1357/6699
f 1358/6700 1362/6701 1361/6702
f 1360/6703 1359/6704 1363/6705
f 1360/6706 1363/6707 1364/6708
f 1362/6709 1360/6710 1364/6711
f 1362/6712 1364/6713 1366/6714
f 1361/6715 1363/6716 1359/6717
f 1361/6718 1365/6719 1363/6720
f 1362/6721 1365/6722 1361/6723
f 1362/6724 1366/6725 1365/6726
f 1364/6727 1363/6728 1367/6729
f 1364/6730 1367/6731 1368/6732
f 1366/6733 1364/6734 1368/6735
f 1365/6736 1367/6737 1363/6738
f 1365/6739 1368/6740 1367/6741
f 1366/6742 1368/6743 1365/6744
f 1369/6745 1370/6746 1373/6747
f 1373/6748 1370/6749 1374/6750
f 1370/6751 1372/6752 1374/6753
f 1374/6754 1372/6755 1376/6756
f 1369/6757 1373/6758 1371/6759
f 1373/6760 1375/6761 1371/6762
f 1371/6763 1375/6764 1372/6765
f 1375/6766 1376/6767 1372/6768
f 1373/6769 1374/6770 1377/6771
f 1377/6772 1374/6773 1378/6774
f 1374/6775 1376/6776 1378/6777
f 1378/6778 1376/6779 1380/6780
f 1373/6781 1377/6782 1375/6783
f 1377/6784 1379/6785 1375/6786
f 1375/6787 1379/6788 1376/6789
f 1379/6790 1380/6791 1376/6792
f 1377/6793 1378/6794 1381/6795
f 1381/6796 1378/6797 1382/6798
f 1378/6799 1380/6800 1382/6801
f 1377/6802 1381/6803 1379/6804
f 1381/6805 1382/6806 1379/6807
f 1379/6808 1382/6809 1380/6810
f 1384/6811 1383/6812 1387/6813
f 1384/6814 1387/6815 1388/6816
f 1386/6817 1384/6818 1388/6819
f 1386/6820 1388/6821 1390/6822
f 1385/6823 1387/6824 1383/6825
f 1385/6826 1389/6827 1387/6828
f 1386/6829 1389/6830 1385/6831
f 1386/6832 1390/6833 1389/6834
f 1388/6835 1387/6836 1391/6837
f 1388/6838 1391/6839 1392/6840
f 1390/6841 1388/6842 1392/6843
f 1390/6844 1392/6845 1394/6846
f 1389/6847 1391/6848 1387/6849
f 1389/6850 1393/6851 1391/6852
f 1390/6853 1393/6854 1389/6855
f 1390/6856 1394/6857 1393/6858
f 1392/6859 1391/6860 1395/6861
f 1392/6862 1395/6863 1396/6864
f 1394/6865 1392/6866 1396/6867
f 1393/6868 1395/6869 1391/6870
f 1393/6871 1396/6872 1395/6873
f 1394/6874 1396/6875 1393/6876
f 1397/6877 1398/6878 1401/6879
f 1401/6880 1398/6881 1402/6882
f 1398/6883 1400/6884 1402/6885
f 1402/6886 1400/6887 1404/6888
f 1397/6889 1401/6890 1399/6891
f 1401/6892 1403/6893 1399/6894
f 1399/6895 1403/6896 1400/6897
f 1403/6898 1404/6899 1400/6900
f 1401/6901 1402/6902 1405/6903
f 1405/6904 1402/6905 1406/6906
f 1402/6907 1404/6908 1406/6909
f 1406/6910 1404/6911 1408/6912
f 1401/6913 1405/6914 1403/6915
f 1405/6916 1407/6917 1403/6918
f 1403/6919 1407/6920 1404/6921
f 1407/6922 1408/6923 1404/6924
f 1405/6925 1406/6926 1409/6927
f 1409/6928 1406/6929 1410/6930
f 1406/6931 1408/6932 1410/6933
f 1405/6934 1409/6935 1407/6936
f 1409/6937 1410/6938 1407/6939
f 1407/6940 1410/6941 1408/6942
f 1412/6943 1411/6944 1415/6945
f 1412/6946 1415/6947 1416/6948
f 1414/6949 1412/6950 1416/6951
f 1414/6952 1416/6953 1418/6954
f 1413/6955 1415/6956 1411/6957
f 1413/6958 1417/6959 1415/6960
f 1414/6961 1417/6962 1413/6963
f 1414/6964 1418/6965 1417/6966
f 1416/6967 1415/6968 1419/6969
f 1416/6970 1419/6971 1420/6972
f 1418/6973 1416/6974 1420/6975
f 1418/6976 1420/6977 1422/6978
f 1417/6979 1419/6980 1415/6981
f 1417/6982 1421/6983 1419/6984
f 1418/6985 1421/6986 1417/6987
f 1418/6988 1422/6989 1421/6990
f 1420/6991 1419/6992 1423/6993
f 1420/6994 1423/6995 1424/6996
f 1422/6997 1420/6998 1424/6999
f 1421/7000 1423/7001 1419/7002
f 1421/7003 1424/7004 1423/7005
f 1422/7006 1424/7007 1421/7008
f 1425/7009 1426/7010 1429/7011
f 1429/7012 1426/7013 1430/7014
f 1426/7015 1428/7016 1430/7017
f 1430/7018 1428/7019 1432/7020
f 1425/7021 1429/7022 1427/7023
f 1429/7024 1431/7025 1427/7026
f 1427/7027 1431/7028 1428/7029
f 1431/7030 1432/7031 1428/7032
f 1429/7033 1430/7034 1433/7035
f 1433/7036 1430/7037 1434/7038
f 1430/7039 1432/7040 1434/7041
f 1429/7042 1433/7043 1431/7044
f 1433/7045 1434/7046 1431/7047
f 1431/7048 1434/7049 1432/7050
f 1436/7051 1435/7052 1439/7053
f 1436/7054 1439/7055 1440/7056
f 1438/7057 1436/7058 1440/7059
f 1438/7060 1440/7061 1442/7062
f 1437/7063 1439/7064 1435/7065
f 1437/7066 1441/7067 1439/7068
f 1438/7069 1441/7070 1437/7071
f 1438/7072 1442/7073 1441/7074
f 1440/7075 1439/7076 1443/7077
f 1440/7078 1443/7079 1444/7080
f 1442/7081 1440/7082 1444/7083
f 1441/7084 1443/7085 1439/7086
f 1441/7087 1444/7088 1443/7089
f 1442/7090 1444/7091 1441/7092
f 1445/7093 1446/7094 1449/7095
f 1449/7096 1446/7097 1450/7098
f 1446/7099 1448/7100 1450/7101
f 1450/7102 1448/7103 1452/7104
f 1445/7105 1449/7106 1447/7107
f 1449/7108 1451/7109 1447/7110
f 1447/7111 1451/7112 1448/7113
f 1451/7114 1452/7115 1448/7116
f 1449/7117 1450/7118 1453/7119
f 1453/7120 1450/7121 1454/7122
f 1450/7123 1452/7124 1454/7125
f 1454/7126 1452/7127 1456/7128
f 1449/7129 1453/7130 1451/7131
f 1453/7132 1455/7133 1451/7134
f 1451/7135 1455/7136 1452/7137
f 1455/7138 1456/7139 1452/7140
f 1453/7141 1454/7142 1457/7143
f 1457/7144 1454/7145 1458/7146
f 1454/7147 1456/7148 1458/7149
f 1458/7150 1456/7151 1460/7152
f 1453/7153 1457/7154 1455/7155
f 1457/7156 1459/7157 1455/7158
f 1455/7159 1459/7160 1456/7161
f 1459/7162 1460/7163 1456/7164
f 1457/7165 1458/7166 1461/7167
f 1461/7168 1458/7169 1462/7170
f 1458/7171 1460/7172 1462/7173
f 1462/7174 1460/7175 1464/7176
f 1457/7177 1461/7178 1459/7179
f 1461/7180 1463/7181 1459/7182
f 1459/7183 1463/7184 1460/7185
f 1463/7186 1464/7187 1460/7188
f 1461/7189 1462/7190 1465/7191
f 1465/7192 1462/7193 1466/7194
f 1462/7195 1464/7196 1466/7197
f 1461/7198 1465/7199 1463/7200
f 1465/7201 1466/7202 1463/7203
f 1463/7204 1466/7205 1464/7206
f 1468/7207 1467/7208 1471/7209
f 1468/7210 1471/7211 1472/7212
f 1470/7213 1468/7214 1472/7215
f 1470/7216 1472/7217 1474/7218
f 1469/7219 1471/7220 1467/7221
f 1469/7222 1473/7223 1471/7224
f 1470/7225 1473/7226 1469/7227
f 1470/7228 1474/7229 1473/7230
f 1472/7231 1471/7232 1475/7233
f 1472/7234 1475/7235 1476/7236
f 1474/7237 1472/7238 1476/7239
f 1474/7240 1476/7241 1478/7242
f 1473/7243 1475/7244 1471/7245
f 1473/7246 1477/7247 1475/7248
f 1474/7249 1477/7250 1473/7251
f 1474/7252 1478/7253 1477/7254
f 1476/7255 1475/7256 1479/7257
f 1476/7258 1479/7259 1480/7260
f 1478/7261 1476/7262 1480/7263
f 1478/7264 1480/7265 1482/7266
f 1477/7267 1479/7268 1475/7269
f 1477/7270 1481/7271 1479/7272
f 1478/7273 1481/7274 1477/7275
f 1478/7276 1482/7277 1481/7278
f 1480/7279 1479/7280 1483/7281
f 1480/7282 1483/7283 1484/7284
f 1482/7285 1480/7286 1484/7287
f 1482/7288 1484/7289 1486/7290
f 1481/7291 1483/7292 1479/7293
f 1481/7294 1485/7295 1483/7296
f 1482/7297 1485/7298 1481/7299
f 1482/7300 1486/7301 1485/7302
f 1484/7303 1483/7304 1487/7305
f 1484/7306 1487/7307 1488/7308
f 1486/7309 1484/7310 1488/7311
f 1485/7312 1487/7313 1483/7314
f 1485/7315 1488/7316 1487/7317
f 1486/7318 1488/7319 1485/7320
f 1489/7321 1490/7322 1493/7323
f 1493/7324 1490/7325 1494/7326
f 1490/7327 1492/7328 1494/7329
f 1494/7330 1492/7331 1496/7332
f 1489/7333 1493/7334 1491/7335
f 1493/7336 1495/7337 1491/7338
f 1491/7339 1495/7340 1492/7341
f 1495/7342 1496/7343 1492/7344
f 1493/7345 1494/7346 1497/7347
f 1497/7348 1494/7349 1498/7350
f 1494/7351 1496/7352 1498/7353
f 1498/7354 1496/7355 1500/7356
f 1493/7357 1497/7358 1495/7359
f 1497/7360 1499/7361 1495/7362
f 1495/7363 1499/7364 1496/7365
f 1499/7366 1500/7367 1496/7368
f 1497/7369 1498/7370 1501/7371
f 1501/7372 1498/7373 1502/7374
f 1498/7375 1500/7376 1502/7377
f 1502/7378 1500/7379 1504/7380
f 1497/7381 1501/7382 1499/7383
f 1501/7384 1503/7385 1499/7386
f 1499/7387 1503/7388 1500/7389
f 1503/7390 1504/7391 1500/7392
f 1501/7393 1502/7394 1505/7395
f 1505/7396 1502/7397 1506/7398
f 1502/7399 1504/7400 1506/7401
f 1506/7402 1504/7403 1508/7404
f 1501/7405 1505/7406 1503/7407
f 1505/7408 1507/7409 1503/7410
f 1503/7411 1507/7412 1504/7413
f 1507/7414 1508/7415 1504/7416
f 1505/7417 1506/7418 1509/7419
f 1509/7420 1506/7421 1510/7422
f 1506/7423 1508/7424 1510/7425
f 1505/7426 1509/7427 1507/7428
f 1509/7429 1510/7430 1507/7431
f 1507/7432 1510/7433 1508/7434
f 1512/7435 1511/7436 1515/7437
f 1512/7438 1515/7439 1516/7440
f 1514/7441 1512/7442 1516/7443
f 1514/7444 1516/7445 1518/7446
f 1513/7447 1515/7448 1511/7449
f 1513/7450 1517/7451 1515/7452
f 1514/7453 1517/7454 1513/7455
f 1514/7456 1518/7457 1517/7458
f 1516/7459 1515/7460 1519/7461
f 1516/7462 1519/7463 1520/7464
f 1518/7465 1516/7466 1520/7467
f 1518/7468 1520/7469 1522/7470
f 1517/7471 1519/7472 1515/7473
f 1517/7474 1521/7475 1519/7476
f 1518/7477 1521/7478 1517/7479
f 1518/7480 1522/7481 1521/7482
f 1520/7483 1519/7484 1523/7485
f 1520/7486 1523/7487 1524/7488
f 1522/7489 1520/7490 1524/7491
f 1522/7492 1524/7493 1526/7494
f 1521/7495 1523/7496 1519/7497
f 1521/7498 1525/7499 1523/7500
f 1522/7501 1525/7502 1521/7503
f 1522/7504 1526/7505 1525/7506
f 1524/7507 1523/7508 1527/7509
f 1524/7510 1527/7511 1528/7512
f 1526/7513 1524/7514 1528/7515
f 1526/7516 1528/7517 1530/7518
f 1525/7519 1527/7520 1523/7521
f 1525/7522 1529/7523 1527/7524
f 1526/7525 1529/7526 1525/7527
f 1526/7528 1530/7529 1529/7530
f 1528/7531 1527/7532 1531/7533
f 1528/7534 1531/7535 1532/7536
f 1530/7537 1528/7538 1532/7539
f 1529/7540 1531/7541 1527/7542
f 1529/7543 1532/7544 1531/7545
f 1530/7546 1532/7547 1529/7548
