v -1.2 0 0
v -1.2 0 0
v -1.2 0 0
v -1.2 0 0
v -1.2 0 0
v -1.2 0 0
v -1.2 0 0.03
v -1.2 -0.03464 0.015
v -1.2 -0.03464 -0.015
v -1.2 0 -0.03
v -1.2 0.03464 -0.015
v -1.2 0.03464 0.015
v -1.1 0 0.05
v -1.1 -0.07794 0.025
v -1.1 -0.07794 -0.025
v -1.1 0 -0.05
v -1.1 0.07794 -0.025
v -1.1 0.07794 0.025
v -0.7 0 0.12
v -0.7 -0.12124 0.06
v -0.7 -0.12124 -0.06
v -0.7 0 -0.12
v -0.7 0.12124 -0.06
v -0.7 0.12124 0.06
v -0.1 0 0.12
v -0.1 -0.12124 0.06
v -0.1 -0.12124 -0.06
v -0.1 0 -0.12
v -0.1 0.12124 -0.06
v -0.1 0.12124 0.06
v 0 0 0.13
v 0 -0.20785 0.065
v 0 -0.20785 -0.065
v 0 0 -0.13
v 0 0.20785 -0.065
v 0 0.20785 0.065
v 0.3 0 0.13
v 0.3 -0.20785 0.065
v 0.3 -0.20785 -0.065
v 0.3 0 -0.13
v 0.3 0.20785 -0.065
v 0.3 0.20785 0.065
v 0.55 0 0.12
v 0.55 -0.14722 0.06
v 0.55 -0.14722 -0.06
v 0.55 0 -0.12
v 0.55 0.14722 -0.06
v 0.55 0.14722 0.06
v 0.75 0 0.07
v 0.75 -0.14722 0.035
v 0.75 -0.14722 -0.035
v 0.75 0 -0.07
v 0.75 0.14722 -0.035
v 0.75 0.14722 0.035
v 0.8 0 0.05
v 0.8 -0.12124 0.025
v 0.8 -0.12124 -0.025
v 0.8 0 -0.05
v 0.8 0.12124 -0.025
v 0.8 0.12124 0.025
v 0.7 0 0
v 0.7 0 0
v 0.7 0 0
v 0.7 0 0
v 0.7 0 0
v 0.7 0 0
v 0.1 0 -0.02
v 0.1 0 -0.02
v 0.1 0 -0.02
v 0.1 0 -0.02
v 0.1 0 -0.02
v 0.1 0 -0.02
v 0.1 0 -0.02
v 0.1 0 -0.02
v 0.1 0 -0.02
v 0.1 0 -0.02
v 0.1 0 -0.02
v 0.1 0 -0.02
v 0.1 0 -0.02
v 0.1 0 -0.02
v 0.1 0 -0.02
v 0.1 0 -0.02
v 0.1 0 -0.02
v 0.1 0 -0.02
v 0.1 0 -0.02
v 0.1 0 -0.02
v -0.42 0 -0.01
v -0.39455 -0.16069 -0.01
v -0.32069 -0.30565 -0.01
v -0.20565 -0.42069 -0.01
v -0.06069 -0.49455 -0.01
v 0.1 -0.52 -0.01
v 0.26069 -0.49455 -0.01
v 0.40565 -0.42069 -0.01
v 0.52069 -0.30565 -0.01
v 0.59455 -0.16069 -0.01
v 0.62 0 -0.01
v 0.59455 0.16069 -0.01
v 0.52069 0.30565 -0.01
v 0.40565 0.42069 -0.01
v 0.26069 0.49455 -0.01
v 0.1 0.52 -0.01
v -0.06069 0.49455 -0.01
v -0.20565 0.42069 -0.01
v -0.32069 0.30565 -0.01
v -0.39455 0.16069 -0.01
v -0.4 0 0.03
v -0.37553 -0.15451 0.03
v -0.30451 -0.29389 0.03
v -0.19389 -0.40451 0.03
v -0.05451 -0.47553 0.03
v 0.1 -0.5 0.03
v 0.25451 -0.47553 0.03
v 0.39389 -0.40451 0.03
v 0.50451 -0.29389 0.03
v 0.57553 -0.15451 0.03
v 0.6 0 0.03
v 0.57553 0.15451 0.03
v 0.50451 0.29389 0.03
v 0.39389 0.40451 0.03
v 0.25451 0.47553 0.03
v 0.1 0.5 0.03
v -0.05451 0.47553 0.03
v -0.19389 0.40451 0.03
v -0.30451 0.29389 0.03
v -0.37553 0.15451 0.03
v -0.3 0 0.04
v -0.28042 -0.12361 0.04
v -0.22361 -0.23511 0.04
v -0.13511 -0.32361 0.04
v -0.02361 -0.38042 0.04
v 0.1 -0.4 0.04
v 0.22361 -0.38042 0.04
v 0.33511 -0.32361 0.04
v 0.42361 -0.23511 0.04
v 0.48042 -0.12361 0.04
v 0.5 0 0.04
v 0.48042 0.12361 0.04
v 0.42361 0.23511 0.04
v 0.33511 0.32361 0.04
v 0.22361 0.38042 0.04
v 0.1 0.4 0.04
v -0.02361 0.38042 0.04
v -0.13511 0.32361 0.04
v -0.22361 0.23511 0.04
v -0.28042 0.12361 0.04
v -0.28 0 0.04
v -0.2614 -0.11743 0.04
v -0.20743 -0.22336 0.04
v -0.12336 -0.30743 0.04
v -0.01743 -0.3614 0.04
v 0.1 -0.38 0.04
v 0.21743 -0.3614 0.04
v 0.32336 -0.30743 0.04
v 0.40743 -0.22336 0.04
v 0.4614 -0.11743 0.04
v 0.48 0 0.04
v 0.4614 0.11743 0.04
v 0.40743 0.22336 0.04
v 0.32336 0.30743 0.04
v 0.21743 0.3614 0.04
v 0.1 0.38 0.04
v -0.01743 0.3614 0.04
v -0.12336 0.30743 0.04
v -0.20743 0.22336 0.04
v -0.2614 0.11743 0.04
v -0.28 0 0.04
v -0.2614 0 0.04
v -0.20743 0 0.04
v -0.12336 0 0.04
v -0.01743 0 0.04
v 0.1 0 0.04
v 0.21743 0 0.04
v 0.32336 0 0.04
v 0.40743 0 0.04
v 0.4614 0 0.04
v 0.48 0 0.04
v 0.4614 0 0.04
v 0.40743 0 0.04
v 0.32336 0 0.04
v 0.21743 0 0.04
v 0.1 0 0.04
v -0.01743 0 0.04
v -0.12336 0 0.04
v -0.20743 0 0.04
v -0.2614 0 0.04
v 0.27 0.5 -0.08
v 0.27 0.5 -0.08
v 0.27 0.5 -0.08
v 0.27 0.5 -0.08
v 0.27 0.5 -0.08
v 0.27 0.5 -0.08
v 0.3 0.5 -0.03
v 0.3 0.4134 -0.055
v 0.3 0.4134 -0.105
v 0.3 0.5 -0.13
v 0.3 0.5866 -0.105
v 0.3 0.5866 -0.055
v 0.4 0.5 0.04
v 0.4 0.3701 -0.02
v 0.4 0.3701 -0.14
v 0.4 0.5 -0.2
v 0.4 0.6299 -0.14
v 0.4 0.6299 -0.02
v 0.6 0.5 0.04
v 0.6 0.3701 -0.02
v 0.6 0.3701 -0.14
v 0.6 0.5 -0.2
v 0.6 0.6299 -0.14
v 0.6 0.6299 -0.02
v 0.87 0.5 -0.01
v 0.87 0.4134 -0.045
v 0.87 0.4134 -0.115
v 0.87 0.5 -0.15
v 0.87 0.5866 -0.115
v 0.87 0.5866 -0.045
v 0.9 0.5 -0.03
v 0.9 0.43938 -0.055
v 0.9 0.43938 -0.105
v 0.9 0.5 -0.13
v 0.9 0.56062 -0.105
v 0.9 0.56062 -0.055
v 0.8 0.5 -0.08
v 0.8 0.5 -0.08
v 0.8 0.5 -0.08
v 0.8 0.5 -0.08
v 0.8 0.5 -0.08
v 0.8 0.5 -0.08
v 0.27 -0.5 -0.08
v 0.27 -0.5 -0.08
v 0.27 -0.5 -0.08
v 0.27 -0.5 -0.08
v 0.27 -0.5 -0.08
v 0.27 -0.5 -0.08
v 0.3 -0.5 -0.13
v 0.3 -0.4134 -0.105
v 0.3 -0.4134 -0.055
v 0.3 -0.5 -0.03
v 0.3 -0.5866 -0.055
v 0.3 -0.5866 -0.105
v 0.4 -0.5 -0.2
v 0.4 -0.3701 -0.14
v 0.4 -0.3701 -0.02
v 0.4 -0.5 0.04
v 0.4 -0.6299 -0.02
v 0.4 -0.6299 -0.14
v 0.6 -0.5 -0.2
v 0.6 -0.3701 -0.14
v 0.6 -0.3701 -0.02
v 0.6 -0.5 0.04
v 0.6 -0.6299 -0.02
v 0.6 -0.6299 -0.14
v 0.87 -0.5 -0.15
v 0.87 -0.4134 -0.115
v 0.87 -0.4134 -0.045
v 0.87 -0.5 -0.01
v 0.87 -0.5866 -0.045
v 0.87 -0.5866 -0.115
v 0.9 -0.5 -0.13
v 0.9 -0.43938 -0.105
v 0.9 -0.43938 -0.055
v 0.9 -0.5 -0.03
v 0.9 -0.56062 -0.055
v 0.9 -0.56062 -0.105
v 0.8 -0.5 -0.08
v 0.8 -0.5 -0.08
v 0.8 -0.5 -0.08
v 0.8 -0.5 -0.08
v 0.8 -0.5 -0.08
v 0.8 -0.5 -0.08
v -0.95 0 0.09
v -0.95 0 0.09
v -0.95 0 0.09
v -0.95 0 0.09
v -0.95 0 0.09
v -0.95 0 0.09
v -0.95 0 0.11
v -0.95 -0.03464 0.1
v -0.95 -0.03464 0.08
v -0.95 0 0.07
v -0.95 0.03464 0.08
v -0.95 0.03464 0.1
v -0.77 0 0.14
v -0.77 -0.07794 0.115
v -0.77 -0.07794 0.065
v -0.77 0 0.04
v -0.77 0.07794 0.065
v -0.77 0.07794 0.115
v -0.55 0 0.16
v -0.55 -0.0866 0.125
v -0.55 -0.0866 0.055
v -0.55 0 0.02
v -0.55 0.0866 0.055
v -0.55 0.0866 0.125
v -0.47 0 0.16
v -0.47 -0.0866 0.125
v -0.47 -0.0866 0.055
v -0.47 0 0.02
v -0.47 0.0866 0.055
v -0.47 0.0866 0.125
v -0.43 0 0.13
v -0.43 -0.06062 0.11
v -0.43 -0.06062 0.07
v -0.43 0 0.05
v -0.43 0.06062 0.07
v -0.43 0.06062 0.11
v -0.43 0 0.09
v -0.43 0 0.09
v -0.43 0 0.09
v -0.43 0 0.09
v -0.43 0 0.09
v -0.43 0 0.09
v 0.31205 0.58261 -0.01
v 0.20766 0.61058 -0.01
v 0.1 0.62 -0.01
v -0.00766 0.61058 -0.01
v -0.11205 0.58261 -0.01
v -0.21 0.53694 -0.01
v -0.29853 0.47495 -0.01
v -0.37495 0.39853 -0.01
v -0.43694 0.31 -0.01
v -0.48261 0.21205 -0.01
v -0.51058 0.10766 -0.01
v -0.52 0 -0.01
v -0.48261 -0.21205 -0.01
v -0.37495 -0.39853 -0.01
v -0.21 -0.53694 -0.01
v -0.00766 -0.61058 -0.01
v 0.20766 -0.61058 -0.01
v 0.31205 -0.58261 -0.01
v 0.31205 0.58261 0.03
v 0.20766 0.61058 0.03
v 0.1 0.62 0.03
v -0.00766 0.61058 0.03
v -0.11205 0.58261 0.03
v -0.21 0.53694 0.03
v -0.29853 0.47495 0.03
v -0.37495 0.39853 0.03
v -0.43694 0.31 0.03
v -0.48261 0.21205 0.03
v -0.51058 0.10766 0.03
v -0.52 0 0.03
v -0.48261 -0.21205 0.03
v -0.37495 -0.39853 0.03
v -0.21 -0.53694 0.03
v -0.00766 -0.61058 0.03
v 0.20766 -0.61058 0.03
v 0.31205 -0.58261 0.03
v 0.29837 0.54502 0.03
v 0.20072 0.57119 0.03
v 0.1 0.58 0.03
v -0.00072 0.57119 0.03
v -0.09837 0.54502 0.03
v -0.19 0.50229 0.03
v -0.27282 0.44431 0.03
v -0.34431 0.37282 0.03
v -0.40229 0.29 0.03
v -0.44502 0.19837 0.03
v -0.47119 0.10072 0.03
v -0.48 0 0.03
v -0.44502 -0.19837 0.03
v -0.34431 -0.37282 0.03
v -0.19 -0.50229 0.03
v -0.00072 -0.57119 0.03
v 0.20072 -0.57119 0.03
v 0.29837 -0.54502 0.03
v 0.29837 0.54502 -0.01
v 0.20072 0.57119 -0.01
v 0.1 0.58 -0.01
v -0.00072 0.57119 -0.01
v -0.09837 0.54502 -0.01
v -0.19 0.50229 -0.01
v -0.27282 0.44431 -0.01
v -0.34431 0.37282 -0.01
v -0.40229 0.29 -0.01
v -0.44502 0.19837 -0.01
v -0.47119 0.10072 -0.01
v -0.48 0 -0.01
v -0.44502 -0.19837 -0.01
v -0.34431 -0.37282 -0.01
v -0.19 -0.50229 -0.01
v -0.00072 -0.57119 -0.01
v 0.20072 -0.57119 -0.01
v 0.29837 -0.54502 -0.01
v 0.31205 0.58261 -0.01
v 0.20766 0.61058 -0.01
v 0.1 0.62 -0.01
v -0.00766 0.61058 -0.01
v -0.11205 0.58261 -0.01
v -0.21 0.53694 -0.01
v -0.29853 0.47495 -0.01
v -0.37495 0.39853 -0.01
v -0.43694 0.31 -0.01
v -0.48261 0.21205 -0.01
v -0.51058 0.10766 -0.01
v -0.52 0 -0.01
v -0.48261 -0.21205 -0.01
v -0.37495 -0.39853 -0.01
v -0.21 -0.53694 -0.01
v -0.00766 -0.61058 -0.01
v 0.20766 -0.61058 -0.01
v 0.31205 -0.58261 -0.01
v -1.35 0.1 0
v -1.35 0.1 0
v -1.35 0.1 0
v -1.35 0.1 0
v -1.35 0.1 0
v -1.35 0.1 0
v -1.38 0.1 0.018
v -1.38 0.08441 0.009
v -1.38 0.08441 -0.009
v -1.38 0.1 -0.018
v -1.38 0.11559 -0.009
v -1.38 0.11559 0.009
v -1.35 0.1 0.025
v -1.35 0.07835 0.0125
v -1.35 0.07835 -0.0125
v -1.35 0.1 -0.025
v -1.35 0.12165 -0.0125
v -1.35 0.12165 0.0125
v -1.31 0.1 0.025
v -1.31 0.07835 0.0125
v -1.31 0.07835 -0.0125
v -1.31 0.1 -0.025
v -1.31 0.12165 -0.0125
v -1.31 0.12165 0.0125
v -1.1 0.1 0.04
v -1.1 0.06536 0.02
v -1.1 0.06536 -0.02
v -1.1 0.1 -0.04
v -1.1 0.13464 -0.02
v -1.1 0.13464 0.02
v -0.95 0.1 0.06
v -0.95 0.04804 0.03
v -0.95 0.04804 -0.03
v -0.95 0.1 -0.06
v -0.95 0.15196 -0.03
v -0.95 0.15196 0.03
v -0.9 0.1 0.035
v -0.9 0.06969 0.0175
v -0.9 0.06969 -0.0175
v -0.9 0.1 -0.035
v -0.9 0.13031 -0.0175
v -0.9 0.13031 0.0175
v -0.65 0.1 0.05
v -0.65 0.0567 0.025
v -0.65 0.0567 -0.025
v -0.65 0.1 -0.05
v -0.65 0.1433 -0.025
v -0.65 0.1433 0.025
v -0.45 0.1 0.06
v -0.45 0.04804 0.03
v -0.45 0.04804 -0.03
v -0.45 0.1 -0.06
v -0.45 0.15196 -0.03
v -0.45 0.15196 0.03
v -0.4 0.1 0.08
v -0.4 0.03072 0.04
v -0.4 0.03072 -0.04
v -0.4 0.1 -0.08
v -0.4 0.16928 -0.04
v -0.4 0.16928 0.04
v -0.2 0.1 0.08
v -0.2 0.03072 0.04
v -0.2 0.03072 -0.04
v -0.2 0.1 -0.08
v -0.2 0.16928 -0.04
v -0.2 0.16928 0.04
v -0.15 0.1 0.05
v -0.15 0.0567 0.025
v -0.15 0.0567 -0.025
v -0.15 0.1 -0.05
v -0.15 0.1433 -0.025
v -0.15 0.1433 0.025
v -0.15 0.1 0
v -0.15 0.1 0
v -0.15 0.1 0
v -0.15 0.1 0
v -0.15 0.1 0
v -0.15 0.1 0
v -1.35 -0.1 0
v -1.35 -0.1 0
v -1.35 -0.1 0
v -1.35 -0.1 0
v -1.35 -0.1 0
v -1.35 -0.1 0
v -1.38 -0.1 -0.018
v -1.38 -0.08441 -0.009
v -1.38 -0.08441 0.009
v -1.38 -0.1 0.018
v -1.38 -0.11559 0.009
v -1.38 -0.11559 -0.009
v -1.35 -0.1 -0.025
v -1.35 -0.07835 -0.0125
v -1.35 -0.07835 0.0125
v -1.35 -0.1 0.025
v -1.35 -0.12165 0.0125
v -1.35 -0.12165 -0.0125
v -1.31 -0.1 -0.025
v -1.31 -0.07835 -0.0125
v -1.31 -0.07835 0.0125
v -1.31 -0.1 0.025
v -1.31 -0.12165 0.0125
v -1.31 -0.12165 -0.0125
v -1.1 -0.1 -0.04
v -1.1 -0.06536 -0.02
v -1.1 -0.06536 0.02
v -1.1 -0.1 0.04
v -1.1 -0.13464 0.02
v -1.1 -0.13464 -0.02
v -0.95 -0.1 -0.06
v -0.95 -0.04804 -0.03
v -0.95 -0.04804 0.03
v -0.95 -0.1 0.06
v -0.95 -0.15196 0.03
v -0.95 -0.15196 -0.03
v -0.9 -0.1 -0.035
v -0.9 -0.06969 -0.0175
v -0.9 -0.06969 0.0175
v -0.9 -0.1 0.035
v -0.9 -0.13031 0.0175
v -0.9 -0.13031 -0.0175
v -0.65 -0.1 -0.05
v -0.65 -0.0567 -0.025
v -0.65 -0.0567 0.025
v -0.65 -0.1 0.05
v -0.65 -0.1433 0.025
v -0.65 -0.1433 -0.025
v -0.45 -0.1 -0.06
v -0.45 -0.04804 -0.03
v -0.45 -0.04804 0.03
v -0.45 -0.1 0.06
v -0.45 -0.15196 0.03
v -0.45 -0.15196 -0.03
v -0.4 -0.1 -0.08
v -0.4 -0.03072 -0.04
v -0.4 -0.03072 0.04
v -0.4 -0.1 0.08
v -0.4 -0.16928 0.04
v -0.4 -0.16928 -0.04
v -0.2 -0.1 -0.08
v -0.2 -0.03072 -0.04
v -0.2 -0.03072 0.04
v -0.2 -0.1 0.08
v -0.2 -0.16928 0.04
v -0.2 -0.16928 -0.04
v -0.15 -0.1 -0.05
v -0.15 -0.0567 -0.025
v -0.15 -0.0567 0.025
v -0.15 -0.1 0.05
v -0.15 -0.1433 0.025
v -0.15 -0.1433 -0.025
v -0.15 -0.1 0
v -0.15 -0.1 0
v -0.15 -0.1 0
v -0.15 -0.1 0
v -0.15 -0.1 0
v -0.15 -0.1 0
v -0.6 0.5 0
v -0.6 0.5 0
v -0.6 0.5 0
v -0.6 0.5 0
v -0.6 0.5 0
v -0.6 0.5 0
v -0.62 0.5 0.02
v -0.62 0.48268 0.01
v -0.62 0.48268 -0.01
v -0.62 0.5 -0.02
v -0.62 0.51732 -0.01
v -0.62 0.51732 0.01
v -0.48 0.5 0.05
v -0.48 0.4567 0.025
v -0.48 0.4567 -0.025
v -0.48 0.5 -0.05
v -0.48 0.5433 -0.025
v -0.48 0.5433 0.025
v -0.45 0.5 0.035
v -0.45 0.46969 0.0175
v -0.45 0.46969 -0.0175
v -0.45 0.5 -0.035
v -0.45 0.53031 -0.0175
v -0.45 0.53031 0.0175
v -0.05 0.5 0.05
v -0.05 0.4567 0.025
v -0.05 0.4567 -0.025
v -0.05 0.5 -0.05
v -0.05 0.5433 -0.025
v -0.05 0.5433 0.025
v 0.05 0.5 0.05
v 0.05 0.4567 0.025
v 0.05 0.4567 -0.025
v 0.05 0.5 -0.05
v 0.05 0.5433 -0.025
v 0.05 0.5433 0.025
v 0.15 0.5 0.08
v 0.15 0.43072 0.04
v 0.15 0.43072 -0.04
v 0.15 0.5 -0.08
v 0.15 0.56928 -0.04
v 0.15 0.56928 0.04
v 0.45 0.5 0.08
v 0.45 0.43072 0.04
v 0.45 0.43072 -0.04
v 0.45 0.5 -0.08
v 0.45 0.56928 -0.04
v 0.45 0.56928 0.04
v 0.5 0.5 0.06
v 0.5 0.44804 0.03
v 0.5 0.44804 -0.03
v 0.5 0.5 -0.06
v 0.5 0.55196 -0.03
v 0.5 0.55196 0.03
v 0.5 0.5 0
v 0.5 0.5 0
v 0.5 0.5 0
v 0.5 0.5 0
v 0.5 0.5 0
v 0.5 0.5 0
v -0.6 -0.5 0
v -0.6 -0.5 0
v -0.6 -0.5 0
v -0.6 -0.5 0
v -0.6 -0.5 0
v -0.6 -0.5 0
v -0.62 -0.5 -0.02
v -0.62 -0.48268 -0.01
v -0.62 -0.48268 0.01
v -0.62 -0.5 0.02
v -0.62 -0.51732 0.01
v -0.62 -0.51732 -0.01
v -0.48 -0.5 -0.05
v -0.48 -0.4567 -0.025
v -0.48 -0.4567 0.025
v -0.48 -0.5 0.05
v -0.48 -0.5433 0.025
v -0.48 -0.5433 -0.025
v -0.45 -0.5 -0.035
v -0.45 -0.46969 -0.0175
v -0.45 -0.46969 0.0175
v -0.45 -0.5 0.035
v -0.45 -0.53031 0.0175
v -0.45 -0.53031 -0.0175
v -0.05 -0.5 -0.05
v -0.05 -0.4567 -0.025
v -0.05 -0.4567 0.025
v -0.05 -0.5 0.05
v -0.05 -0.5433 0.025
v -0.05 -0.5433 -0.025
v 0.05 -0.5 -0.05
v 0.05 -0.4567 -0.025
v 0.05 -0.4567 0.025
v 0.05 -0.5 0.05
v 0.05 -0.5433 0.025
v 0.05 -0.5433 -0.025
v 0.15 -0.5 -0.08
v 0.15 -0.43072 -0.04
v 0.15 -0.43072 0.04
v 0.15 -0.5 0.08
v 0.15 -0.56928 0.04
v 0.15 -0.56928 -0.04
v 0.45 -0.5 -0.08
v 0.45 -0.43072 -0.04
v 0.45 -0.43072 0.04
v 0.45 -0.5 0.08
v 0.45 -0.56928 0.04
v 0.45 -0.56928 -0.04
v 0.5 -0.5 -0.06
v 0.5 -0.44804 -0.03
v 0.5 -0.44804 0.03
v 0.5 -0.5 0.06
v 0.5 -0.55196 0.03
v 0.5 -0.55196 -0.03
v 0.5 -0.5 0
v 0.5 -0.5 0
v 0.5 -0.5 0
v 0.5 -0.5 0
v 0.5 -0.5 0
v 0.5 -0.5 0
v -0.54 0 0.05
v -0.54 -0.02598 0.04
v -0.54 -0.02598 0.02
v -0.54 0 0.01
v -0.54 0.02598 0.02
v -0.54 0.02598 0.04
v -0.3 0 0.25
v -0.3 -0.02598 0.24
v -0.3 -0.02598 0.22
v -0.3 0 0.21
v -0.3 0.02598 0.22
v -0.3 0.02598 0.24
v -0.2 0 0.25
v -0.2 -0.02598 0.24
v -0.2 -0.02598 0.22
v -0.2 0 0.21
v -0.2 0.02598 0.22
v -0.2 0.02598 0.24
v -0.2 0 0.26
v -0.2 -0.06928 0.245
v -0.2 -0.06928 0.215
v -0.2 0 0.2
v -0.2 0.06928 0.215
v -0.2 0.06928 0.245
v -0.15 0 0.28
v -0.15 -0.0866 0.255
v -0.15 -0.0866 0.205
v -0.15 0 0.18
v -0.15 0.0866 0.205
v -0.15 0.0866 0.255
v 0.05 0 0.28
v 0.05 -0.0866 0.255
v 0.05 -0.0866 0.205
v 0.05 0 0.18
v 0.05 0.0866 0.205
v 0.05 0.0866 0.255
v 0.4 0 0.28
v 0.4 -0.0866 0.255
v 0.4 -0.0866 0.205
v 0.4 0 0.18
v 0.4 0.0866 0.205
v 0.4 0.0866 0.255
v 0.75 0 0.28
v 0.75 -0.0866 0.255
v 0.75 -0.0866 0.205
v 0.75 0 0.18
v 0.75 0.0866 0.205
v 0.75 0.0866 0.255
v 0.8 0 0.26
v 0.8 -0.06928 0.245
v 0.8 -0.06928 0.215
v 0.8 0 0.2
v 0.8 0.06928 0.215
v 0.8 0.06928 0.245
v 0.8 0 0.23
v 0.8 0 0.23
v 0.8 0 0.23
v 0.8 0 0.23
v 0.8 0 0.23
v 0.8 0 0.23
v 0.17 0.05 0.26
v 0.17 -0.12321 0.16
v 0.17 -0.12321 -0.04
v 0.17 0.05 -0.14
v 0.17 0.22321 -0.04
v 0.17 0.22321 0.16
v 0.21 0.05 0.26
v 0.21 -0.12321 0.16
v 0.21 -0.12321 -0.04
v 0.21 0.05 -0.14
v 0.21 0.22321 -0.04
v 0.21 0.22321 0.16
v 0.21 0.05 0.24
v 0.21 -0.10588 0.15
v 0.21 -0.10588 -0.03
v 0.21 0.05 -0.12
v 0.21 0.20588 -0.03
v 0.21 0.20588 0.15
v 0.17 0.05 0.24
v 0.17 -0.10588 0.15
v 0.17 -0.10588 -0.03
v 0.17 0.05 -0.12
v 0.17 0.20588 -0.03
v 0.17 0.20588 0.15
v 0.17 0.05 0.26
v 0.17 -0.12321 0.16
v 0.17 -0.12321 -0.04
v 0.17 0.05 -0.14
v 0.17 0.22321 -0.04
v 0.17 0.22321 0.16
v 0.17 -0.05 -0.14
v 0.17 0.12321 -0.04
v 0.17 0.12321 0.16
v 0.17 -0.05 0.26
v 0.17 -0.22321 0.16
v 0.17 -0.22321 -0.04
v 0.21 -0.05 -0.14
v 0.21 0.12321 -0.04
v 0.21 0.12321 0.16
v 0.21 -0.05 0.26
v 0.21 -0.22321 0.16
v 0.21 -0.22321 -0.04
v 0.21 -0.05 -0.12
v 0.21 0.10588 -0.03
v 0.21 0.10588 0.15
v 0.21 -0.05 0.24
v 0.21 -0.20588 0.15
v 0.21 -0.20588 -0.03
v 0.17 -0.05 -0.12
v 0.17 0.10588 -0.03
v 0.17 0.10588 0.15
v 0.17 -0.05 0.24
v 0.17 -0.20588 0.15
v 0.17 -0.20588 -0.03
v 0.17 -0.05 -0.14
v 0.17 0.12321 -0.04
v 0.17 0.12321 0.16
v 0.17 -0.05 0.26
v 0.17 -0.22321 0.16
v 0.17 -0.22321 -0.04
v 0.08 0.05 0.26
v 0.08 -0.12321 0.16
v 0.08 -0.12321 -0.04
v 0.08 0.05 -0.14
v 0.08 0.22321 -0.04
v 0.08 0.22321 0.16
v 0.12 0.05 0.26
v 0.12 -0.12321 0.16
v 0.12 -0.12321 -0.04
v 0.12 0.05 -0.14
v 0.12 0.22321 -0.04
v 0.12 0.22321 0.16
v 0.12 0.05 0.24
v 0.12 -0.10588 0.15
v 0.12 -0.10588 -0.03
v 0.12 0.05 -0.12
v 0.12 0.20588 -0.03
v 0.12 0.20588 0.15
v 0.08 0.05 0.24
v 0.08 -0.10588 0.15
v 0.08 -0.10588 -0.03
v 0.08 0.05 -0.12
v 0.08 0.20588 -0.03
v 0.08 0.20588 0.15
v 0.08 0.05 0.26
v 0.08 -0.12321 0.16
v 0.08 -0.12321 -0.04
v 0.08 0.05 -0.14
v 0.08 0.22321 -0.04
v 0.08 0.22321 0.16
v 0.08 -0.05 -0.14
v 0.08 0.12321 -0.04
v 0.08 0.12321 0.16
v 0.08 -0.05 0.26
v 0.08 -0.22321 0.16
v 0.08 -0.22321 -0.04
v 0.12 -0.05 -0.14
v 0.12 0.12321 -0.04
v 0.12 0.12321 0.16
v 0.12 -0.05 0.26
v 0.12 -0.22321 0.16
v 0.12 -0.22321 -0.04
v 0.12 -0.05 -0.12
v 0.12 0.10588 -0.03
v 0.12 0.10588 0.15
v 0.12 -0.05 0.24
v 0.12 -0.20588 0.15
v 0.12 -0.20588 -0.03
v 0.08 -0.05 -0.12
v 0.08 0.10588 -0.03
v 0.08 0.10588 0.15
v 0.08 -0.05 0.24
v 0.08 -0.20588 0.15
v 0.08 -0.20588 -0.03
v 0.08 -0.05 -0.14
v 0.08 0.12321 -0.04
v 0.08 0.12321 0.16
v 0.08 -0.05 0.26
v 0.08 -0.22321 0.16
v 0.08 -0.22321 -0.04
v -0.01 0.05 0.26
v -0.01 -0.12321 0.16
v -0.01 -0.12321 -0.04
v -0.01 0.05 -0.14
v -0.01 0.22321 -0.04
v -0.01 0.22321 0.16
v 0.03 0.05 0.26
v 0.03 -0.12321 0.16
v 0.03 -0.12321 -0.04
v 0.03 0.05 -0.14
v 0.03 0.22321 -0.04
v 0.03 0.22321 0.16
v 0.03 0.05 0.24
v 0.03 -0.10588 0.15
v 0.03 -0.10588 -0.03
v 0.03 0.05 -0.12
v 0.03 0.20588 -0.03
v 0.03 0.20588 0.15
v -0.01 0.05 0.24
v -0.01 -0.10588 0.15
v -0.01 -0.10588 -0.03
v -0.01 0.05 -0.12
v -0.01 0.20588 -0.03
v -0.01 0.20588 0.15
v -0.01 0.05 0.26
v -0.01 -0.12321 0.16
v -0.01 -0.12321 -0.04
v -0.01 0.05 -0.14
v -0.01 0.22321 -0.04
v -0.01 0.22321 0.16
v -0.01 -0.05 -0.14
v -0.01 0.12321 -0.04
v -0.01 0.12321 0.16
v -0.01 -0.05 0.26
v -0.01 -0.22321 0.16
v -0.01 -0.22321 -0.04
v 0.03 -0.05 -0.14
v 0.03 0.12321 -0.04
v 0.03 0.12321 0.16
v 0.03 -0.05 0.26
v 0.03 -0.22321 0.16
v 0.03 -0.22321 -0.04
v 0.03 -0.05 -0.12
v 0.03 0.10588 -0.03
v 0.03 0.10588 0.15
v 0.03 -0.05 0.24
v 0.03 -0.20588 0.15
v 0.03 -0.20588 -0.03
v -0.01 -0.05 -0.12
v -0.01 0.10588 -0.03
v -0.01 0.10588 0.15
v -0.01 -0.05 0.24
v -0.01 -0.20588 0.15
v -0.01 -0.20588 -0.03
v -0.01 -0.05 -0.14
v -0.01 0.12321 -0.04
v -0.01 0.12321 0.16
v -0.01 -0.05 0.26
v -0.01 -0.22321 0.16
v -0.01 -0.22321 -0.04
v -0.33 0 0.14
v -0.31663 -0.04114 0.14
v -0.28163 -0.06657 0.14
v -0.23837 -0.06657 0.14
v -0.20337 -0.04114 0.14
v -0.19 0 0.14
v -0.20337 0.04114 0.14
v -0.23837 0.06657 0.14
v -0.28163 0.06657 0.14
v -0.31663 0.04114 0.14
v -0.33 0 0.28
v -0.31663 -0.04114 0.28
v -0.28163 -0.06657 0.28
v -0.23837 -0.06657 0.28
v -0.20337 -0.04114 0.28
v -0.19 0 0.28
v -0.20337 0.04114 0.28
v -0.23837 0.06657 0.28
v -0.28163 0.06657 0.28
v -0.31663 0.04114 0.28
v -0.32 0 0.28
v -0.30854 -0.03527 0.28
v -0.27854 -0.05706 0.28
v -0.24146 -0.05706 0.28
v -0.21146 -0.03527 0.28
v -0.2 0 0.28
v -0.21146 0.03527 0.28
v -0.24146 0.05706 0.28
v -0.27854 0.05706 0.28
v -0.30854 0.03527 0.28
v -0.31 0 0.24
v -0.30045 -0.02939 0.24
v -0.27545 -0.04755 0.24
v -0.24455 -0.04755 0.24
v -0.21955 -0.02939 0.24
v -0.21 0 0.24
v -0.21955 0.02939 0.24
v -0.24455 0.04755 0.24
v -0.27545 0.04755 0.24
v -0.30045 0.02939 0.24
v -0.3 0 0.26
v -0.29236 -0.02351 0.26
v -0.27236 -0.03804 0.26
v -0.24764 -0.03804 0.26
v -0.22764 -0.02351 0.26
v -0.22 0 0.26
v -0.22764 0.02351 0.26
v -0.24764 0.03804 0.26
v -0.27236 0.03804 0.26
v -0.29236 0.02351 0.26
v -0.26 0 0.26
v -0.26 0 0.26
v -0.26 0 0.26
v -0.26 0 0.26
v -0.26 0 0.26
v -0.26 0 0.26
v -0.26 0 0.26
v -0.26 0 0.26
v -0.26 0 0.26
v -0.26 0 0.26
v 0.05 0 0.16
v 0.41 0 0.2
v 0.41 0 0.12
v 0.45 0 0.16
v 0.05 0.03 0.16
v 0.41 0.03695 0.19939
v 0.41 0.02305 0.12061
v 0.45 0.03 0.16
v 0.3 0.32544 0.10791
v 0.57 0.33321 0.13688
v 0.57 0.31768 0.07893
v 0.6 0.32544 0.10791
v 0.5 0.47033 0.06908
v 0.68 0.47551 0.0884
v 0.68 0.46515 0.04976
v 0.7 0.47033 0.06908
v 0.625 0.70215 0.00697
v 0.76 0.70346 0.02191
v 0.76 0.70085 -0.00798
v 0.775 0.70215 0.00697
v 0.22 0.68223 0.00871
v 0.76 0.68223 0.06871
v 0.76 0.68223 -0.05129
v 0.82 0.68223 0.00871
v 0.22 0.70223 0.00871
v 0.76 0.72275 0.06509
v 0.76 0.68171 -0.04767
v 0.82 0.70223 0.00871
v 0.7 0.7774 -0.01865
v 0.9 0.7774 -0.01865
v 0.05 0 0.16
v 0.41 0 0.2
v 0.41 0 0.12
v 0.45 0 0.16
v 0.05 -0.03 0.16
v 0.41 -0.03695 0.19939
v 0.41 -0.02305 0.12061
v 0.45 -0.03 0.16
v 0.3 -0.32544 0.10791
v 0.57 -0.33321 0.13688
v 0.57 -0.31768 0.07893
v 0.6 -0.32544 0.10791
v 0.5 -0.47033 0.06908
v 0.68 -0.47551 0.0884
v 0.68 -0.46515 0.04976
v 0.7 -0.47033 0.06908
v 0.625 -0.70215 0.00697
v 0.76 -0.70346 0.02191
v 0.76 -0.70085 -0.00798
v 0.775 -0.70215 0.00697
v 0.22 -0.68223 0.00871
v 0.76 -0.68223 0.06871
v 0.76 -0.68223 -0.05129
v 0.82 -0.68223 0.00871
v 0.22 -0.70223 0.00871
v 0.76 -0.72275 0.06509
v 0.76 -0.68171 -0.04767
v 0.82 -0.70223 0.00871
v 0.7 -0.7774 -0.01865
v 0.9 -0.7774 -0.01865
v -1.175 0 -0.01
v -0.975 0 0.015
v -0.975 0 -0.035
v -0.925 0 -0.01
v -1.025 0.18 -0.01
v -0.825 0.18 0.015
v -0.825 0.18 -0.035
v -0.775 0.18 -0.01
v -1.525 0.16 -0.01
v -0.845 0.16 0.075
v -0.845 0.16 -0.095
v -0.675 0.16 -0.01
v -1.525 0.18 -0.01
v -0.845 0.18 0.075
v -0.845 0.18 -0.095
v -0.675 0.18 -0.01
v -0.9 0.26 -0.01
v -0.6 0.26 -0.01
v -1.175 0 -0.01
v -0.975 0 0.015
v -0.975 0 -0.035
v -0.925 0 -0.01
v -1.025 -0.18 -0.01
v -0.825 -0.18 0.015
v -0.825 -0.18 -0.035
v -0.775 -0.18 -0.01
v -1.525 -0.16 -0.01
v -0.845 -0.16 0.075
v -0.845 -0.16 -0.095
v -0.675 -0.16 -0.01
v -1.525 -0.18 -0.01
v -0.845 -0.18 0.075
v -0.845 -0.18 -0.095
v -0.675 -0.18 -0.01
v -0.9 -0.26 -0.01
v -0.6 -0.26 -0.01
v 0.1 0 0
v 0.5 0 0.08
v 0.5 0 -0.08
v 0.5 0 0
v 0.1 0 0.3
v 0.5 -0.08 0.3
v 0.5 0.08 0.3
v 0.5 0 0.3
v -0.1 0 0.28
v 0.7 -0.16 0.28
v 0.7 0.16 0.28
v 0.7 0 0.28
v 0.05 0 0.33
v 0.55 0 0.33
v 0.1 0 0
v 0.5 0 0.08
v 0.5 0 -0.08
v 0.5 0 0
v 0.1 0 0.3
v 0.5 0.08 0.3
v 0.5 -0.08 0.3
v 0.5 0 0.3
v -0.1 0 0.28
v 0.7 0.16 0.28
v 0.7 -0.16 0.28
v 0.7 0 0.28
v 0.05 0 0.33
v 0.55 0 0.33
v 0.01 0.36 0
v 0.15 0.36 -0.01
v 0.15 0.36 0.01
v 0.21 0.36 0
v 0.01 0.36 0.1
v 0.15 0.35293 0.09293
v 0.15 0.36707 0.10707
v 0.21 0.36 0.1
v -0.44 0.3105 0.1495
v 0.33 0.27896 0.10444
v 0.33 0.34205 0.19455
v 0.66 0.3105 0.1495
v 0.41 0.14667 0.26421
v 0.55 0.14667 0.25421
v 0.55 0.14667 0.27421
v 0.61 0.14667 0.26421
v 0.48 -0.00333 0.26421
v 0.62 -0.00333 0.25421
v 0.62 -0.00333 0.27421
v 0.68 -0.00333 0.26421
v 0.58 -0.00333 0.26421
v 0.58 -0.00333 0.26421
v 0.01 -0.36 0
v 0.15 -0.36 -0.01
v 0.15 -0.36 0.01
v 0.21 -0.36 0
v 0.01 -0.36 0.1
v 0.15 -0.35293 0.09293
v 0.15 -0.36707 0.10707
v 0.21 -0.36 0.1
v -0.44 -0.3105 0.1495
v 0.33 -0.27896 0.10444
v 0.33 -0.34205 0.19455
v 0.66 -0.3105 0.1495
v 0.41 -0.14667 0.26421
v 0.55 -0.14667 0.25421
v 0.55 -0.14667 0.27421
v 0.61 -0.14667 0.26421
v 0.48 0.00333 0.26421
v 0.62 0.00333 0.25421
v 0.62 0.00333 0.27421
v 0.68 0.00333 0.26421
v 0.58 0.00333 0.26421
v 0.58 0.00333 0.26421
v 0.42 0.45 -0.1
v 0.6 0.45 -0.085
v 0.6 0.45 -0.115
v 0.72 0.45 -0.1
v 0.42 0.61 -0.1
v 0.6 0.61 -0.085
v 0.6 0.61 -0.115
v 0.72 0.61 -0.1
v -0.33 0.66 -0.1
v 0.33 0.66 -0.045
v 0.33 0.66 -0.155
v 0.77 0.66 -0.1
v -0.33 0.69 -0.1
v 0.33 0.69 -0.045
v 0.33 0.69 -0.155
v 0.77 0.69 -0.1
v 0.645 0.82 -0.1
v 0.795 0.82 -0.0875
v 0.795 0.82 -0.1125
v 0.895 0.82 -0.1
v 0.995 0.95 -0.1
v 1.045 0.95 -0.1
v 0.42 -0.45 -0.1
v 0.6 -0.45 -0.085
v 0.6 -0.45 -0.115
v 0.72 -0.45 -0.1
v 0.42 -0.61 -0.1
v 0.6 -0.61 -0.085
v 0.6 -0.61 -0.115
v 0.72 -0.61 -0.1
v -0.33 -0.66 -0.1
v 0.33 -0.66 -0.045
v 0.33 -0.66 -0.155
v 0.77 -0.66 -0.1
v -0.33 -0.69 -0.1
v 0.33 -0.69 -0.045
v 0.33 -0.69 -0.155
v 0.77 -0.69 -0.1
v 0.645 -0.82 -0.1
v 0.795 -0.82 -0.0875
v 0.795 -0.82 -0.1125
v 0.895 -0.82 -0.1
v 0.995 -0.95 -0.1
v 1.045 -0.95 -0.1
v -0.35 0.15 0
v -0.21 0.15 -0.01
v -0.21 0.15 0.01
v -0.15 0.15 0
v -0.35 0.15 0.1
v -0.21 0.14293 0.09293
v -0.21 0.15707 0.10707
v -0.15 0.15 0.1
v -0.9 0.1005 0.1495
v 0.01 0.06322 0.09625
v 0.01 0.13778 0.20274
v 0.4 0.1005 0.1495
v -0.9 0.07593 0.1667
v 0.01 0.03865 0.11346
v 0.01 0.11321 0.21995
v 0.4 0.07593 0.1667
v 0.05 -0.00599 0.22406
v 0.19 -0.00599 0.21406
v 0.19 -0.00599 0.23406
v 0.25 -0.00599 0.22406
v 0.22 -0.00599 0.22406
v 0.22 -0.00599 0.22406
v -0.35 -0.15 0
v -0.21 -0.15 -0.01
v -0.21 -0.15 0.01
v -0.15 -0.15 0
v -0.35 -0.15 0.1
v -0.21 -0.14293 0.09293
v -0.21 -0.15707 0.10707
v -0.15 -0.15 0.1
v -0.9 -0.1005 0.1495
v 0.01 -0.06322 0.09625
v 0.01 -0.13778 0.20274
v 0.4 -0.1005 0.1495
v -0.9 -0.07593 0.1667
v 0.01 -0.03865 0.11346
v 0.01 -0.11321 0.21995
v 0.4 -0.07593 0.1667
v 0.05 0.00599 0.22406
v 0.19 0.00599 0.21406
v 0.19 0.00599 0.23406
v 0.25 0.00599 0.22406
v 0.22 0.00599 0.22406
v 0.22 0.00599 0.22406
v 0.25 0.55 0
v 0.39 0.55 -0.01
v 0.39 0.55 0.01
v 0.45 0.55 0
v 0.25 0.55 0.1
v 0.39 0.54293 0.09293
v 0.39 0.55707 0.10707
v 0.45 0.55 0.1
v -0.2 0.5005 0.1495
v 0.57 0.46896 0.10444
v 0.57 0.53205 0.19455
v 0.9 0.5005 0.1495
v -0.2 0.47593 0.1667
v 0.57 0.44438 0.12165
v 0.57 0.50747 0.21176
v 0.9 0.47593 0.1667
v 0.65 0.36944 0.24127
v 0.79 0.36944 0.23127
v 0.79 0.36944 0.25127
v 0.85 0.36944 0.24127
v 0.82 0.36944 0.24127
v 0.82 0.36944 0.24127
v 0.25 -0.55 0
v 0.39 -0.55 -0.01
v 0.39 -0.55 0.01
v 0.45 -0.55 0
v 0.25 -0.55 0.1
v 0.39 -0.54293 0.09293
v 0.39 -0.55707 0.10707
v 0.45 -0.55 0.1
v -0.2 -0.5005 0.1495
v 0.57 -0.46896 0.10444
v 0.57 -0.53205 0.19455
v 0.9 -0.5005 0.1495
v -0.2 -0.47593 0.1667
v 0.57 -0.44438 0.12165
v 0.57 -0.50747 0.21176
v 0.9 -0.47593 0.1667
v 0.65 -0.36944 0.24127
v 0.79 -0.36944 0.23127
v 0.79 -0.36944 0.25127
v 0.85 -0.36944 0.24127
v 0.82 -0.36944 0.24127
v 0.82 -0.36944 0.24127
v 0.1 0.35 0
v 0.5 0.35 0.08
v 0.5 0.35 -0.08
v 0.5 0.35 0
v 0.1 0.54284 0.22981
v 0.5 0.48155 0.28124
v 0.5 0.60412 0.17839
v 0.5 0.54284 0.22981
v -0.1 0.52998 0.21449
v 0.7 0.40741 0.31734
v 0.7 0.65255 0.11165
v 0.7 0.52998 0.21449
v 0.05 0.56212 0.25279
v 0.55 0.56212 0.25279
v 0.1 -0.35 0
v 0.5 -0.35 0.08
v 0.5 -0.35 -0.08
v 0.5 -0.35 0
v 0.1 -0.54284 0.22981
v 0.5 -0.48155 0.28124
v 0.5 -0.60412 0.17839
v 0.5 -0.54284 0.22981
v -0.1 -0.52998 0.21449
v 0.7 -0.40741 0.31734
v 0.7 -0.65255 0.11165
v 0.7 -0.52998 0.21449
v 0.05 -0.56212 0.25279
v 0.55 -0.56212 0.25279
v 0.04 0.36 0
v 0.18 0.36 -0.01
v 0.18 0.36 0.01
v 0.24 0.36 0
v 0.04 0.36 0.1
v 0.18 0.35293 0.09293
v 0.18 0.36707 0.10707
v 0.24 0.36 0.1
v -0.41 0.3105 0.1495
v 0.36 0.27896 0.10444
v 0.36 0.34205 0.19455
v 0.69 0.3105 0.1495
v 0.44 0.14667 0.26421
v 0.58 0.14667 0.25421
v 0.58 0.14667 0.27421
v 0.64 0.14667 0.26421
v 0.51 -0.00333 0.26421
v 0.65 -0.00333 0.25421
v 0.65 -0.00333 0.27421
v 0.71 -0.00333 0.26421
v 0.61 -0.00333 0.26421
v 0.61 -0.00333 0.26421
v 0.04 -0.36 0
v 0.18 -0.36 -0.01
v 0.18 -0.36 0.01
v 0.24 -0.36 0
v 0.04 -0.36 0.1
v 0.18 -0.35293 0.09293
v 0.18 -0.36707 0.10707
v 0.24 -0.36 0.1
v -0.41 -0.3105 0.1495
v 0.36 -0.27896 0.10444
v 0.36 -0.34205 0.19455
v 0.69 -0.3105 0.1495
v 0.44 -0.14667 0.26421
v 0.58 -0.14667 0.25421
v 0.58 -0.14667 0.27421
v 0.64 -0.14667 0.26421
v 0.51 0.00333 0.26421
v 0.65 0.00333 0.25421
v 0.65 0.00333 0.27421
v 0.71 0.00333 0.26421
v 0.61 0.00333 0.26421
v 0.61 0.00333 0.26421

vt 0.87625 0.025
vt 0.87625 0.225
vt 0.87625 0.225
vt 0.87625 0.025
vt 0.87625 0.025
vt 0.87625 0.225
vt 0.87625 0.025
vt 0.87625 0.225
vt 0.87625 0.225
vt 0.87625 0.025
vt 0.87625 0.025
vt 0.87625 0.225
vt 0.87625 0.025
vt 0.87625 0.225
vt 0.87625 0.225
vt 0.87625 0.025
vt 0.87625 0.025
vt 0.87625 0.225
vt 0.87625 0.025
vt 0.87625 0.225
vt 0.87625 0.025
vt 0.87625 0.225
vt 0.87625 0.225
vt 0.87625 0.025
vt 0.87625 0.025
vt 0.87625 0.225
vt 0.87625 0.025
vt 0.87625 0.225
vt 0.87625 0.225
vt 0.87625 0.025
vt 0.87625 0.025
vt 0.87625 0.225
vt 0.87625 0.025
vt 0.87625 0.225
vt 0.87625 0.225
vt 0.87625 0.025
vt 0.87625 0.025
vt 0.87625 0.225
vt 0.87625 0.225
vt 0.87625 0.025
vt 0.87625 0.025
vt 0.87625 0.225
vt 0.87625 0.025
vt 0.87625 0.225
vt 0.87625 0.225
vt 0.87625 0.025
vt 0.87625 0.025
vt 0.87625 0.225
vt 0.87625 0.025
vt 0.87625 0.225
vt 0.87625 0.225
vt 0.87625 0.025
vt 0.87625 0.025
vt 0.87625 0.225
vt 0.87625 0.025
vt 0.87625 0.225
vt 0.87625 0.025
vt 0.87625 0.225
vt 0.87625 0.225
vt 0.87625 0.025
vt 0.87625 0.025
vt 0.87625 0.225
vt 0.87625 0.025
vt 0.87625 0.225
vt 0.87625 0.225
vt 0.87625 0.025
vt 0.87625 0.025
vt 0.87625 0.225
vt 0.87625 0.025
vt 0.87625 0.225
vt 0.87625 0.225
vt 0.87625 0.025
vt 0.34262 0.525
vt 0.34262 0.725
vt 0.37596 0.725
vt 0.37596 0.525
vt 0.34262 0.525
vt 0.37596 0.725
vt 0.37596 0.525
vt 0.37596 0.725
vt 0.40929 0.725
vt 0.40929 0.525
vt 0.37596 0.525
vt 0.40929 0.725
vt 0.30929 0.525
vt 0.30929 0.725
vt 0.34262 0.725
vt 0.34262 0.525
vt 0.30929 0.525
vt 0.34262 0.725
vt 0.34262 0.525
vt 0.34262 0.725
vt 0.37596 0.525
vt 0.34262 0.725
vt 0.37596 0.725
vt 0.37596 0.525
vt 0.37596 0.525
vt 0.37596 0.725
vt 0.40929 0.525
vt 0.37596 0.725
vt 0.40929 0.725
vt 0.40929 0.525
vt 0.30929 0.525
vt 0.30929 0.725
vt 0.34262 0.525
vt 0.30929 0.725
vt 0.34262 0.725
vt 0.34262 0.525
vt 0.1875 0.775
vt 0.1875 0.975
vt 0.22083 0.975
vt 0.22083 0.775
vt 0.1875 0.775
vt 0.22083 0.975
vt 0.22083 0.775
vt 0.22083 0.975
vt 0.25417 0.975
vt 0.25417 0.775
vt 0.22083 0.775
vt 0.25417 0.975
vt 0.15417 0.775
vt 0.15417 0.975
vt 0.1875 0.975
vt 0.1875 0.775
vt 0.15417 0.775
vt 0.1875 0.975
vt 0.1875 0.775
vt 0.1875 0.975
vt 0.22083 0.775
vt 0.1875 0.975
vt 0.22083 0.975
vt 0.22083 0.775
vt 0.22083 0.775
vt 0.22083 0.975
vt 0.25417 0.775
vt 0.22083 0.975
vt 0.25417 0.975
vt 0.25417 0.775
vt 0.15417 0.775
vt 0.15417 0.975
vt 0.1875 0.775
vt 0.15417 0.975
vt 0.1875 0.975
vt 0.1875 0.775
vt 0.5625 0.775
vt 0.5625 0.975
vt 0.59583 0.975
vt 0.59583 0.775
vt 0.5625 0.775
vt 0.59583 0.975
vt 0.59583 0.775
vt 0.59583 0.975
vt 0.62917 0.975
vt 0.62917 0.775
vt 0.59583 0.775
vt 0.62917 0.975
vt 0.52917 0.775
vt 0.52917 0.975
vt 0.5625 0.975
vt 0.5625 0.775
vt 0.52917 0.775
vt 0.5625 0.975
vt 0.5625 0.775
vt 0.5625 0.975
vt 0.59583 0.775
vt 0.5625 0.975
vt 0.59583 0.975
vt 0.59583 0.775
vt 0.59583 0.775
vt 0.59583 0.975
vt 0.62917 0.775
vt 0.59583 0.975
vt 0.62917 0.975
vt 0.62917 0.775
vt 0.52917 0.775
vt 0.52917 0.975
vt 0.5625 0.775
vt 0.52917 0.975
vt 0.5625 0.975
vt 0.5625 0.775
vt 0.0625 0.525
vt 0.0625 0.725
vt 0.09583 0.725
vt 0.09583 0.525
vt 0.0625 0.525
vt 0.09583 0.725
vt 0.09583 0.525
vt 0.09583 0.725
vt 0.12917 0.725
vt 0.12917 0.525
vt 0.09583 0.525
vt 0.12917 0.725
vt 0.02917 0.525
vt 0.02917 0.725
vt 0.0625 0.725
vt 0.0625 0.525
vt 0.02917 0.525
vt 0.0625 0.725
vt 0.0625 0.525
vt 0.0625 0.725
vt 0.09583 0.525
vt 0.0625 0.725
vt 0.09583 0.725
vt 0.09583 0.525
vt 0.09583 0.525
vt 0.09583 0.725
vt 0.12917 0.525
vt 0.09583 0.725
vt 0.12917 0.725
vt 0.12917 0.525
vt 0.02917 0.525
vt 0.02917 0.725
vt 0.0625 0.525
vt 0.02917 0.725
vt 0.0625 0.725
vt 0.0625 0.525
vt 0.5625 0.775
vt 0.5625 0.975
vt 0.59583 0.975
vt 0.59583 0.775
vt 0.5625 0.775
vt 0.59583 0.975
vt 0.59583 0.775
vt 0.59583 0.975
vt 0.62917 0.975
vt 0.62917 0.775
vt 0.59583 0.775
vt 0.62917 0.975
vt 0.52917 0.775
vt 0.52917 0.975
vt 0.5625 0.975
vt 0.5625 0.775
vt 0.52917 0.775
vt 0.5625 0.975
vt 0.5625 0.775
vt 0.5625 0.975
vt 0.59583 0.775
vt 0.5625 0.975
vt 0.59583 0.975
vt 0.59583 0.775
vt 0.59583 0.775
vt 0.59583 0.975
vt 0.62917 0.775
vt 0.59583 0.975
vt 0.62917 0.975
vt 0.62917 0.775
vt 0.52917 0.775
vt 0.52917 0.975
vt 0.5625 0.775
vt 0.52917 0.975
vt 0.5625 0.975
vt 0.5625 0.775
vt 0.6875 0.525
vt 0.6875 0.725
vt 0.72083 0.725
vt 0.72083 0.525
vt 0.6875 0.525
vt 0.72083 0.725
vt 0.72083 0.525
vt 0.72083 0.725
vt 0.75417 0.725
vt 0.75417 0.525
vt 0.72083 0.525
vt 0.75417 0.725
vt 0.65417 0.525
vt 0.65417 0.725
vt 0.6875 0.725
vt 0.6875 0.525
vt 0.65417 0.525
vt 0.6875 0.725
vt 0.6875 0.525
vt 0.6875 0.725
vt 0.72083 0.525
vt 0.6875 0.725
vt 0.72083 0.725
vt 0.72083 0.525
vt 0.72083 0.525
vt 0.72083 0.725
vt 0.75417 0.525
vt 0.72083 0.725
vt 0.75417 0.725
vt 0.75417 0.525
vt 0.65417 0.525
vt 0.65417 0.725
vt 0.6875 0.525
vt 0.65417 0.725
vt 0.6875 0.725
vt 0.6875 0.525
vt 0.175 0.275
vt 0.175 0.475
vt 0.20833 0.475
vt 0.20833 0.275
vt 0.175 0.275
vt 0.20833 0.475
vt 0.20833 0.275
vt 0.20833 0.475
vt 0.24167 0.475
vt 0.24167 0.275
vt 0.20833 0.275
vt 0.24167 0.475
vt 0.14167 0.275
vt 0.14167 0.475
vt 0.175 0.475
vt 0.175 0.275
vt 0.14167 0.275
vt 0.175 0.475
vt 0.175 0.275
vt 0.175 0.475
vt 0.20833 0.275
vt 0.175 0.475
vt 0.20833 0.475
vt 0.20833 0.275
vt 0.20833 0.275
vt 0.20833 0.475
vt 0.24167 0.275
vt 0.20833 0.475
vt 0.24167 0.475
vt 0.24167 0.275
vt 0.14167 0.275
vt 0.14167 0.475
vt 0.175 0.275
vt 0.14167 0.475
vt 0.175 0.475
vt 0.175 0.275
vt 0.175 0.275
vt 0.175 0.475
vt 0.20833 0.475
vt 0.20833 0.275
vt 0.175 0.275
vt 0.20833 0.475
vt 0.20833 0.275
vt 0.20833 0.475
vt 0.24167 0.475
vt 0.24167 0.275
vt 0.20833 0.275
vt 0.24167 0.475
vt 0.14167 0.275
vt 0.14167 0.475
vt 0.175 0.475
vt 0.175 0.275
vt 0.14167 0.275
vt 0.175 0.475
vt 0.175 0.275
vt 0.175 0.475
vt 0.20833 0.275
vt 0.175 0.475
vt 0.20833 0.475
vt 0.20833 0.275
vt 0.20833 0.275
vt 0.20833 0.475
vt 0.24167 0.275
vt 0.20833 0.475
vt 0.24167 0.475
vt 0.24167 0.275
vt 0.14167 0.275
vt 0.14167 0.475
vt 0.175 0.275
vt 0.14167 0.475
vt 0.175 0.475
vt 0.175 0.275
vt 0.5125 0.775
vt 0.5125 0.975
vt 0.5325 0.975
vt 0.5325 0.775
vt 0.5125 0.775
vt 0.5325 0.975
vt 0.5325 0.775
vt 0.5325 0.975
vt 0.5525 0.975
vt 0.5525 0.775
vt 0.5325 0.775
vt 0.5525 0.975
vt 0.5525 0.775
vt 0.5525 0.975
vt 0.5725 0.975
vt 0.5725 0.775
vt 0.5525 0.775
vt 0.5725 0.975
vt 0.5725 0.775
vt 0.5725 0.975
vt 0.5925 0.975
vt 0.5925 0.775
vt 0.5725 0.775
vt 0.5925 0.975
vt 0.5925 0.775
vt 0.5925 0.975
vt 0.6125 0.975
vt 0.6125 0.775
vt 0.5925 0.775
vt 0.6125 0.975
vt 0.5125 0.775
vt 0.5125 0.975
vt 0.5325 0.975
vt 0.5325 0.775
vt 0.5125 0.775
vt 0.5325 0.975
vt 0.5325 0.775
vt 0.5325 0.975
vt 0.5525 0.975
vt 0.5525 0.775
vt 0.5325 0.775
vt 0.5525 0.975
vt 0.5525 0.775
vt 0.5525 0.975
vt 0.5725 0.975
vt 0.5725 0.775
vt 0.5525 0.775
vt 0.5725 0.975
vt 0.5725 0.775
vt 0.5725 0.975
vt 0.5925 0.975
vt 0.5925 0.775
vt 0.5725 0.775
vt 0.5925 0.975
vt 0.5925 0.775
vt 0.5925 0.975
vt 0.6125 0.975
vt 0.6125 0.775
vt 0.5925 0.775
vt 0.6125 0.975
vt 0.5125 0.775
vt 0.5125 0.975
vt 0.5325 0.775
vt 0.5125 0.975
vt 0.5325 0.975
vt 0.5325 0.775
vt 0.5325 0.775
vt 0.5325 0.975
vt 0.5525 0.775
vt 0.5325 0.975
vt 0.5525 0.975
vt 0.5525 0.775
vt 0.5525 0.775
vt 0.5525 0.975
vt 0.5725 0.775
vt 0.5525 0.975
vt 0.5725 0.975
vt 0.5725 0.775
vt 0.5725 0.775
vt 0.5725 0.975
vt 0.5925 0.775
vt 0.5725 0.975
vt 0.5925 0.975
vt 0.5925 0.775
vt 0.5925 0.775
vt 0.5925 0.975
vt 0.6125 0.775
vt 0.5925 0.975
vt 0.6125 0.975
vt 0.6125 0.775
vt 0.5125 0.775
vt 0.5125 0.975
vt 0.5325 0.775
vt 0.5125 0.975
vt 0.5325 0.975
vt 0.5325 0.775
vt 0.5325 0.775
vt 0.5325 0.975
vt 0.5525 0.775
vt 0.5325 0.975
vt 0.5525 0.975
vt 0.5525 0.775
vt 0.5525 0.775
vt 0.5525 0.975
vt 0.5725 0.775
vt 0.5525 0.975
vt 0.5725 0.975
vt 0.5725 0.775
vt 0.5725 0.775
vt 0.5725 0.975
vt 0.5925 0.775
vt 0.5725 0.975
vt 0.5925 0.975
vt 0.5925 0.775
vt 0.5925 0.775
vt 0.5925 0.975
vt 0.6125 0.775
vt 0.5925 0.975
vt 0.6125 0.975
vt 0.6125 0.775
vt 0.87625 0.025
vt 0.87625 0.225
vt 0.87625 0.225
vt 0.87625 0.025
vt 0.87625 0.025
vt 0.87625 0.225
vt 0.87625 0.025
vt 0.87625 0.225
vt 0.87625 0.225
vt 0.87625 0.025
vt 0.87625 0.025
vt 0.87625 0.225
vt 0.87625 0.025
vt 0.87625 0.225
vt 0.87625 0.225
vt 0.87625 0.025
vt 0.87625 0.025
vt 0.87625 0.225
vt 0.87625 0.025
vt 0.87625 0.225
vt 0.87625 0.225
vt 0.87625 0.025
vt 0.87625 0.025
vt 0.87625 0.225
vt 0.87625 0.025
vt 0.87625 0.225
vt 0.87625 0.225
vt 0.87625 0.025
vt 0.87625 0.025
vt 0.87625 0.225
vt 0.87625 0.025
vt 0.87625 0.225
vt 0.87625 0.225
vt 0.87625 0.025
vt 0.87625 0.025
vt 0.87625 0.225
vt 0.87625 0.025
vt 0.87625 0.225
vt 0.87625 0.225
vt 0.87625 0.025
vt 0.87625 0.025
vt 0.87625 0.225
vt 0.87625 0.025
vt 0.87625 0.225
vt 0.87625 0.225
vt 0.87625 0.025
vt 0.87625 0.025
vt 0.87625 0.225
vt 0.87625 0.025
vt 0.87625 0.225
vt 0.87625 0.225
vt 0.87625 0.025
vt 0.87625 0.025
vt 0.87625 0.225
vt 0.87625 0.025
vt 0.87625 0.225
vt 0.87625 0.225
vt 0.87625 0.025
vt 0.87625 0.025
vt 0.87625 0.225
vt 0.87625 0.025
vt 0.87625 0.225
vt 0.87625 0.025
vt 0.87625 0.225
vt 0.87625 0.225
vt 0.87625 0.025
vt 0.87625 0.025
vt 0.87625 0.225
vt 0.87625 0.025
vt 0.87625 0.225
vt 0.87625 0.225
vt 0.87625 0.025
vt 0.87625 0.025
vt 0.87625 0.225
vt 0.87625 0.025
vt 0.87625 0.225
vt 0.87625 0.225
vt 0.87625 0.025
vt 0.87625 0.025
vt 0.87625 0.225
vt 0.87625 0.025
vt 0.87625 0.225
vt 0.87625 0.225
vt 0.87625 0.025
vt 0.87625 0.025
vt 0.87625 0.225
vt 0.87625 0.025
vt 0.87625 0.225
vt 0.87625 0.225
vt 0.87625 0.025
vt 0.87625 0.025
vt 0.87625 0.225
vt 0.87625 0.025
vt 0.87625 0.225
vt 0.87625 0.225
vt 0.87625 0.025
vt 0.87625 0.025
vt 0.87625 0.225
vt 0.87625 0.025
vt 0.87625 0.225
vt 0.87625 0.225
vt 0.87625 0.025
vt 0.87625 0.025
vt 0.87625 0.225
vt 0.87625 0.025
vt 0.87625 0.225
vt 0.87625 0.225
vt 0.87625 0.025
vt 0.87625 0.025
vt 0.87625 0.225
vt 0.87625 0.025
vt 0.87625 0.225
vt 0.87625 0.225
vt 0.87625 0.025
vt 0.87625 0.025
vt 0.87625 0.225
vt 0.87625 0.025
vt 0.87625 0.225
vt 0.87625 0.225
vt 0.87625 0.025
vt 0.3875 0.525
vt 0.3875 0.725
vt 0.4075 0.725
vt 0.4075 0.525
vt 0.3875 0.525
vt 0.4075 0.725
vt 0.4075 0.525
vt 0.4075 0.725
vt 0.4275 0.725
vt 0.4275 0.525
vt 0.4075 0.525
vt 0.4275 0.725
vt 0.4275 0.525
vt 0.4275 0.725
vt 0.4475 0.725
vt 0.4475 0.525
vt 0.4275 0.525
vt 0.4475 0.725
vt 0.4475 0.525
vt 0.4475 0.725
vt 0.4675 0.725
vt 0.4675 0.525
vt 0.4475 0.525
vt 0.4675 0.725
vt 0.4675 0.525
vt 0.4675 0.725
vt 0.4875 0.725
vt 0.4875 0.525
vt 0.4675 0.525
vt 0.4875 0.725
vt 0.3875 0.525
vt 0.3875 0.725
vt 0.4075 0.725
vt 0.4075 0.525
vt 0.3875 0.525
vt 0.4075 0.725
vt 0.4075 0.525
vt 0.4075 0.725
vt 0.4275 0.725
vt 0.4275 0.525
vt 0.4075 0.525
vt 0.4275 0.725
vt 0.4275 0.525
vt 0.4275 0.725
vt 0.4475 0.725
vt 0.4475 0.525
vt 0.4275 0.525
vt 0.4475 0.725
vt 0.4475 0.525
vt 0.4475 0.725
vt 0.4675 0.725
vt 0.4675 0.525
vt 0.4475 0.525
vt 0.4675 0.725
vt 0.4675 0.525
vt 0.4675 0.725
vt 0.4875 0.725
vt 0.4875 0.525
vt 0.4675 0.525
vt 0.4875 0.725
vt 0.3875 0.525
vt 0.3875 0.725
vt 0.4075 0.525
vt 0.3875 0.725
vt 0.4075 0.725
vt 0.4075 0.525
vt 0.4075 0.525
vt 0.4075 0.725
vt 0.4275 0.525
vt 0.4075 0.725
vt 0.4275 0.725
vt 0.4275 0.525
vt 0.4275 0.525
vt 0.4275 0.725
vt 0.4475 0.525
vt 0.4275 0.725
vt 0.4475 0.725
vt 0.4475 0.525
vt 0.4475 0.525
vt 0.4475 0.725
vt 0.4675 0.525
vt 0.4475 0.725
vt 0.4675 0.725
vt 0.4675 0.525
vt 0.4675 0.525
vt 0.4675 0.725
vt 0.4875 0.525
vt 0.4675 0.725
vt 0.4875 0.725
vt 0.4875 0.525
vt 0.3875 0.525
vt 0.3875 0.725
vt 0.4075 0.525
vt 0.3875 0.725
vt 0.4075 0.725
vt 0.4075 0.525
vt 0.4075 0.525
vt 0.4075 0.725
vt 0.4275 0.525
vt 0.4075 0.725
vt 0.4275 0.725
vt 0.4275 0.525
vt 0.4275 0.525
vt 0.4275 0.725
vt 0.4475 0.525
vt 0.4275 0.725
vt 0.4475 0.725
vt 0.4475 0.525
vt 0.4475 0.525
vt 0.4475 0.725
vt 0.4675 0.525
vt 0.4475 0.725
vt 0.4675 0.725
vt 0.4675 0.525
vt 0.4675 0.525
vt 0.4675 0.725
vt 0.4875 0.525
vt 0.4675 0.725
vt 0.4875 0.725
vt 0.4875 0.525
vt 0.87625 0.025
vt 0.87625 0.225
vt 0.87625 0.225
vt 0.87625 0.025
vt 0.87625 0.025
vt 0.87625 0.225
vt 0.87625 0.025
vt 0.87625 0.225
vt 0.87625 0.225
vt 0.87625 0.025
vt 0.87625 0.025
vt 0.87625 0.225
vt 0.87625 0.025
vt 0.87625 0.225
vt 0.87625 0.225
vt 0.87625 0.025
vt 0.87625 0.025
vt 0.87625 0.225
vt 0.87625 0.025
vt 0.87625 0.225
vt 0.87625 0.225
vt 0.87625 0.025
vt 0.87625 0.025
vt 0.87625 0.225
vt 0.87625 0.025
vt 0.87625 0.225
vt 0.87625 0.225
vt 0.87625 0.025
vt 0.87625 0.025
vt 0.87625 0.225
vt 0.87625 0.025
vt 0.87625 0.225
vt 0.87625 0.225
vt 0.87625 0.025
vt 0.87625 0.025
vt 0.87625 0.225
vt 0.87625 0.025
vt 0.87625 0.225
vt 0.87625 0.225
vt 0.87625 0.025
vt 0.87625 0.025
vt 0.87625 0.225
vt 0.87625 0.025
vt 0.87625 0.225
vt 0.87625 0.225
vt 0.87625 0.025
vt 0.87625 0.025
vt 0.87625 0.225
vt 0.87625 0.025
vt 0.87625 0.225
vt 0.87625 0.225
vt 0.87625 0.025
vt 0.87625 0.025
vt 0.87625 0.225
vt 0.87625 0.025
vt 0.87625 0.225
vt 0.87625 0.225
vt 0.87625 0.025
vt 0.87625 0.025
vt 0.87625 0.225
vt 0.87625 0.025
vt 0.87625 0.225
vt 0.87625 0.025
vt 0.87625 0.225
vt 0.87625 0.225
vt 0.87625 0.025
vt 0.87625 0.025
vt 0.87625 0.225
vt 0.87625 0.025
vt 0.87625 0.225
vt 0.87625 0.225
vt 0.87625 0.025
vt 0.87625 0.025
vt 0.87625 0.225
vt 0.87625 0.025
vt 0.87625 0.225
vt 0.87625 0.225
vt 0.87625 0.025
vt 0.87625 0.025
vt 0.87625 0.225
vt 0.87625 0.025
vt 0.87625 0.225
vt 0.87625 0.225
vt 0.87625 0.025
vt 0.87625 0.025
vt 0.87625 0.225
vt 0.87625 0.025
vt 0.87625 0.225
vt 0.87625 0.225
vt 0.87625 0.025
vt 0.87625 0.025
vt 0.87625 0.225
vt 0.87625 0.025
vt 0.87625 0.225
vt 0.87625 0.225
vt 0.87625 0.025
vt 0.87625 0.025
vt 0.87625 0.225
vt 0.87625 0.025
vt 0.87625 0.225
vt 0.87625 0.225
vt 0.87625 0.025
vt 0.87625 0.025
vt 0.87625 0.225
vt 0.87625 0.025
vt 0.87625 0.225
vt 0.87625 0.225
vt 0.87625 0.025
vt 0.87625 0.025
vt 0.87625 0.225
vt 0.87625 0.025
vt 0.87625 0.225
vt 0.87625 0.225
vt 0.87625 0.025
vt 0.87625 0.025
vt 0.87625 0.225
vt 0.87625 0.025
vt 0.87625 0.225
vt 0.87625 0.225
vt 0.87625 0.025
vt 0.6875 0.525
vt 0.6875 0.725
vt 0.6975 0.725
vt 0.6975 0.525
vt 0.6875 0.525
vt 0.6975 0.725
vt 0.6975 0.525
vt 0.6975 0.725
vt 0.7075 0.725
vt 0.7075 0.525
vt 0.6975 0.525
vt 0.7075 0.725
vt 0.7075 0.525
vt 0.7075 0.725
vt 0.7175 0.725
vt 0.7175 0.525
vt 0.7075 0.525
vt 0.7175 0.725
vt 0.7175 0.525
vt 0.7175 0.725
vt 0.7275 0.725
vt 0.7275 0.525
vt 0.7175 0.525
vt 0.7275 0.725
vt 0.7275 0.525
vt 0.7275 0.725
vt 0.7375 0.725
vt 0.7375 0.525
vt 0.7275 0.525
vt 0.7375 0.725
vt 0.6375 0.525
vt 0.6375 0.725
vt 0.6475 0.725
vt 0.6475 0.525
vt 0.6375 0.525
vt 0.6475 0.725
vt 0.6475 0.525
vt 0.6475 0.725
vt 0.6575 0.725
vt 0.6575 0.525
vt 0.6475 0.525
vt 0.6575 0.725
vt 0.6575 0.525
vt 0.6575 0.725
vt 0.6675 0.725
vt 0.6675 0.525
vt 0.6575 0.525
vt 0.6675 0.725
vt 0.6675 0.525
vt 0.6675 0.725
vt 0.6775 0.725
vt 0.6775 0.525
vt 0.6675 0.525
vt 0.6775 0.725
vt 0.6775 0.525
vt 0.6775 0.725
vt 0.6875 0.725
vt 0.6875 0.525
vt 0.6775 0.525
vt 0.6875 0.725
vt 0.6875 0.525
vt 0.6875 0.725
vt 0.6975 0.525
vt 0.6875 0.725
vt 0.6975 0.725
vt 0.6975 0.525
vt 0.6975 0.525
vt 0.6975 0.725
vt 0.7075 0.525
vt 0.6975 0.725
vt 0.7075 0.725
vt 0.7075 0.525
vt 0.7075 0.525
vt 0.7075 0.725
vt 0.7175 0.525
vt 0.7075 0.725
vt 0.7175 0.725
vt 0.7175 0.525
vt 0.7175 0.525
vt 0.7175 0.725
vt 0.7275 0.525
vt 0.7175 0.725
vt 0.7275 0.725
vt 0.7275 0.525
vt 0.7275 0.525
vt 0.7275 0.725
vt 0.7375 0.525
vt 0.7275 0.725
vt 0.7375 0.725
vt 0.7375 0.525
vt 0.6375 0.525
vt 0.6375 0.725
vt 0.6475 0.525
vt 0.6375 0.725
vt 0.6475 0.725
vt 0.6475 0.525
vt 0.6475 0.525
vt 0.6475 0.725
vt 0.6575 0.525
vt 0.6475 0.725
vt 0.6575 0.725
vt 0.6575 0.525
vt 0.6575 0.525
vt 0.6575 0.725
vt 0.6675 0.525
vt 0.6575 0.725
vt 0.6675 0.725
vt 0.6675 0.525
vt 0.6675 0.525
vt 0.6675 0.725
vt 0.6775 0.525
vt 0.6675 0.725
vt 0.6775 0.725
vt 0.6775 0.525
vt 0.6775 0.525
vt 0.6775 0.725
vt 0.6875 0.525
vt 0.6775 0.725
vt 0.6875 0.725
vt 0.6875 0.525
vt 0.87625 0.025
vt 0.87625 0.225
vt 0.87625 0.225
vt 0.87625 0.025
vt 0.87625 0.025
vt 0.87625 0.225
vt 0.87625 0.025
vt 0.87625 0.225
vt 0.87625 0.225
vt 0.87625 0.025
vt 0.87625 0.025
vt 0.87625 0.225
vt 0.87625 0.025
vt 0.87625 0.225
vt 0.87625 0.225
vt 0.87625 0.025
vt 0.87625 0.025
vt 0.87625 0.225
vt 0.87625 0.025
vt 0.87625 0.225
vt 0.87625 0.025
vt 0.87625 0.225
vt 0.87625 0.225
vt 0.87625 0.025
vt 0.87625 0.025
vt 0.87625 0.225
vt 0.87625 0.025
vt 0.87625 0.225
vt 0.87625 0.225
vt 0.87625 0.025
vt 0.87625 0.025
vt 0.87625 0.225
vt 0.87625 0.025
vt 0.87625 0.225
vt 0.87625 0.225
vt 0.87625 0.025
vt 0.87625 0.025
vt 0.87625 0.225
vt 0.87625 0.225
vt 0.87625 0.025
vt 0.87625 0.025
vt 0.87625 0.225
vt 0.87625 0.025
vt 0.87625 0.225
vt 0.87625 0.225
vt 0.87625 0.025
vt 0.87625 0.025
vt 0.87625 0.225
vt 0.87625 0.025
vt 0.87625 0.225
vt 0.87625 0.225
vt 0.87625 0.025
vt 0.87625 0.025
vt 0.87625 0.225
vt 0.87625 0.025
vt 0.87625 0.225
vt 0.87625 0.025
vt 0.87625 0.225
vt 0.87625 0.225
vt 0.87625 0.025
vt 0.87625 0.025
vt 0.87625 0.225
vt 0.87625 0.025
vt 0.87625 0.225
vt 0.87625 0.225
vt 0.87625 0.025
vt 0.87625 0.025
vt 0.87625 0.225
vt 0.87625 0.025
vt 0.87625 0.225
vt 0.87625 0.225
vt 0.87625 0.025
vt 0.34262 0.525
vt 0.34262 0.725
vt 0.37596 0.725
vt 0.37596 0.525
vt 0.34262 0.525
vt 0.37596 0.725
vt 0.37596 0.525
vt 0.37596 0.725
vt 0.40929 0.725
vt 0.40929 0.525
vt 0.37596 0.525
vt 0.40929 0.725
vt 0.30929 0.525
vt 0.30929 0.725
vt 0.34262 0.725
vt 0.34262 0.525
vt 0.30929 0.525
vt 0.34262 0.725
vt 0.34262 0.525
vt 0.34262 0.725
vt 0.37596 0.525
vt 0.34262 0.725
vt 0.37596 0.725
vt 0.37596 0.525
vt 0.37596 0.525
vt 0.37596 0.725
vt 0.40929 0.525
vt 0.37596 0.725
vt 0.40929 0.725
vt 0.40929 0.525
vt 0.30929 0.525
vt 0.30929 0.725
vt 0.34262 0.525
vt 0.30929 0.725
vt 0.34262 0.725
vt 0.34262 0.525
vt 0.55 0.775
vt 0.55 0.975
vt 0.58333 0.975
vt 0.58333 0.775
vt 0.55 0.775
vt 0.58333 0.975
vt 0.58333 0.775
vt 0.58333 0.975
vt 0.61667 0.975
vt 0.61667 0.775
vt 0.58333 0.775
vt 0.61667 0.975
vt 0.51667 0.775
vt 0.51667 0.975
vt 0.55 0.975
vt 0.55 0.775
vt 0.51667 0.775
vt 0.55 0.975
vt 0.55 0.775
vt 0.55 0.975
vt 0.58333 0.775
vt 0.55 0.975
vt 0.58333 0.975
vt 0.58333 0.775
vt 0.58333 0.775
vt 0.58333 0.975
vt 0.61667 0.775
vt 0.58333 0.975
vt 0.61667 0.975
vt 0.61667 0.775
vt 0.51667 0.775
vt 0.51667 0.975
vt 0.55 0.775
vt 0.51667 0.975
vt 0.55 0.975
vt 0.55 0.775
vt 0.87625 0.025
vt 0.87625 0.225
vt 0.87625 0.225
vt 0.87625 0.025
vt 0.87625 0.025
vt 0.87625 0.225
vt 0.87625 0.025
vt 0.87625 0.225
vt 0.87625 0.225
vt 0.87625 0.025
vt 0.87625 0.025
vt 0.87625 0.225
vt 0.87625 0.025
vt 0.87625 0.225
vt 0.87625 0.225
vt 0.87625 0.025
vt 0.87625 0.025
vt 0.87625 0.225
vt 0.87625 0.025
vt 0.87625 0.225
vt 0.87625 0.025
vt 0.87625 0.225
vt 0.87625 0.225
vt 0.87625 0.025
vt 0.87625 0.025
vt 0.87625 0.225
vt 0.87625 0.025
vt 0.87625 0.225
vt 0.87625 0.225
vt 0.87625 0.025
vt 0.87625 0.025
vt 0.87625 0.225
vt 0.87625 0.025
vt 0.87625 0.225
vt 0.87625 0.225
vt 0.87625 0.025
vt 0.87625 0.025
vt 0.87625 0.225
vt 0.87625 0.225
vt 0.87625 0.025
vt 0.87625 0.025
vt 0.87625 0.225
vt 0.87625 0.025
vt 0.87625 0.225
vt 0.87625 0.225
vt 0.87625 0.025
vt 0.87625 0.025
vt 0.87625 0.225
vt 0.87625 0.025
vt 0.87625 0.225
vt 0.87625 0.225
vt 0.87625 0.025
vt 0.87625 0.025
vt 0.87625 0.225
vt 0.87625 0.025
vt 0.87625 0.225
vt 0.87625 0.025
vt 0.87625 0.225
vt 0.87625 0.225
vt 0.87625 0.025
vt 0.87625 0.025
vt 0.87625 0.225
vt 0.87625 0.025
vt 0.87625 0.225
vt 0.87625 0.225
vt 0.87625 0.025
vt 0.87625 0.025
vt 0.87625 0.225
vt 0.87625 0.025
vt 0.87625 0.225
vt 0.87625 0.225
vt 0.87625 0.025
vt 0.87625 0.025
vt 0.87625 0.225
vt 0.87625 0.225
vt 0.87625 0.025
vt 0.87625 0.025
vt 0.87625 0.225
vt 0.87625 0.025
vt 0.87625 0.225
vt 0.87625 0.225
vt 0.87625 0.025
vt 0.87625 0.025
vt 0.87625 0.225
vt 0.87625 0.025
vt 0.87625 0.225
vt 0.87625 0.225
vt 0.87625 0.025
vt 0.87625 0.025
vt 0.87625 0.225
vt 0.87625 0.025
vt 0.87625 0.225
vt 0.87625 0.025
vt 0.87625 0.225
vt 0.87625 0.225
vt 0.87625 0.025
vt 0.87625 0.025
vt 0.87625 0.225
vt 0.87625 0.025
vt 0.87625 0.225
vt 0.87625 0.225
vt 0.87625 0.025
vt 0.87625 0.025
vt 0.87625 0.225
vt 0.87625 0.025
vt 0.87625 0.225
vt 0.87625 0.225
vt 0.87625 0.025
vt 0.87625 0.025
vt 0.87625 0.225
vt 0.87625 0.225
vt 0.87625 0.025
vt 0.87625 0.025
vt 0.87625 0.225
vt 0.87625 0.025
vt 0.87625 0.225
vt 0.87625 0.225
vt 0.87625 0.025
vt 0.87625 0.025
vt 0.87625 0.225
vt 0.87625 0.025
vt 0.87625 0.225
vt 0.87625 0.225
vt 0.87625 0.025
vt 0.87625 0.025
vt 0.87625 0.225
vt 0.87625 0.025
vt 0.87625 0.225
vt 0.87625 0.025
vt 0.87625 0.225
vt 0.87625 0.225
vt 0.87625 0.025
vt 0.87625 0.025
vt 0.87625 0.225
vt 0.87625 0.025
vt 0.87625 0.225
vt 0.87625 0.225
vt 0.87625 0.025
vt 0.87625 0.025
vt 0.87625 0.225
vt 0.87625 0.025
vt 0.87625 0.225
vt 0.87625 0.225
vt 0.87625 0.025
vt 0.34262 0.525
vt 0.34262 0.725
vt 0.37596 0.725
vt 0.37596 0.525
vt 0.34262 0.525
vt 0.37596 0.725
vt 0.37596 0.525
vt 0.37596 0.725
vt 0.40929 0.725
vt 0.40929 0.525
vt 0.37596 0.525
vt 0.40929 0.725
vt 0.30929 0.525
vt 0.30929 0.725
vt 0.34262 0.725
vt 0.34262 0.525
vt 0.30929 0.525
vt 0.34262 0.725
vt 0.34262 0.525
vt 0.34262 0.725
vt 0.37596 0.525
vt 0.34262 0.725
vt 0.37596 0.725
vt 0.37596 0.525
vt 0.37596 0.525
vt 0.37596 0.725
vt 0.40929 0.525
vt 0.37596 0.725
vt 0.40929 0.725
vt 0.40929 0.525
vt 0.30929 0.525
vt 0.30929 0.725
vt 0.34262 0.525
vt 0.30929 0.725
vt 0.34262 0.725
vt 0.34262 0.525
vt 0.55 0.775
vt 0.55 0.975
vt 0.58333 0.975
vt 0.58333 0.775
vt 0.55 0.775
vt 0.58333 0.975
vt 0.58333 0.775
vt 0.58333 0.975
vt 0.61667 0.975
vt 0.61667 0.775
vt 0.58333 0.775
vt 0.61667 0.975
vt 0.51667 0.775
vt 0.51667 0.975
vt 0.55 0.975
vt 0.55 0.775
vt 0.51667 0.775
vt 0.55 0.975
vt 0.55 0.775
vt 0.55 0.975
vt 0.58333 0.775
vt 0.55 0.975
vt 0.58333 0.975
vt 0.58333 0.775
vt 0.58333 0.775
vt 0.58333 0.975
vt 0.61667 0.775
vt 0.58333 0.975
vt 0.61667 0.975
vt 0.61667 0.775
vt 0.51667 0.775
vt 0.51667 0.975
vt 0.55 0.775
vt 0.51667 0.975
vt 0.55 0.975
vt 0.55 0.775
vt 0.87625 0.025
vt 0.87625 0.225
vt 0.87625 0.225
vt 0.87625 0.025
vt 0.87625 0.025
vt 0.87625 0.225
vt 0.87625 0.025
vt 0.87625 0.225
vt 0.87625 0.225
vt 0.87625 0.025
vt 0.87625 0.025
vt 0.87625 0.225
vt 0.87625 0.025
vt 0.87625 0.225
vt 0.87625 0.225
vt 0.87625 0.025
vt 0.87625 0.025
vt 0.87625 0.225
vt 0.87625 0.025
vt 0.87625 0.225
vt 0.87625 0.025
vt 0.87625 0.225
vt 0.87625 0.225
vt 0.87625 0.025
vt 0.87625 0.025
vt 0.87625 0.225
vt 0.87625 0.025
vt 0.87625 0.225
vt 0.87625 0.225
vt 0.87625 0.025
vt 0.87625 0.025
vt 0.87625 0.225
vt 0.87625 0.025
vt 0.87625 0.225
vt 0.87625 0.225
vt 0.87625 0.025
vt 0.87625 0.025
vt 0.87625 0.225
vt 0.87625 0.225
vt 0.87625 0.025
vt 0.87625 0.025
vt 0.87625 0.225
vt 0.87625 0.025
vt 0.87625 0.225
vt 0.87625 0.225
vt 0.87625 0.025
vt 0.87625 0.025
vt 0.87625 0.225
vt 0.87625 0.025
vt 0.87625 0.225
vt 0.87625 0.225
vt 0.87625 0.025
vt 0.87625 0.025
vt 0.87625 0.225
vt 0.87625 0.025
vt 0.87625 0.225
vt 0.87625 0.025
vt 0.87625 0.225
vt 0.87625 0.225
vt 0.87625 0.025
vt 0.87625 0.025
vt 0.87625 0.225
vt 0.87625 0.025
vt 0.87625 0.225
vt 0.87625 0.225
vt 0.87625 0.025
vt 0.87625 0.025
vt 0.87625 0.225
vt 0.87625 0.025
vt 0.87625 0.225
vt 0.87625 0.225
vt 0.87625 0.025
vt 0.9375 0.775
vt 0.9375 0.975
vt 0.97083 0.975
vt 0.97083 0.775
vt 0.9375 0.775
vt 0.97083 0.975
vt 0.97083 0.775
vt 0.97083 0.975
vt 1.00417 0.975
vt 1.00417 0.775
vt 0.97083 0.775
vt 1.00417 0.975
vt 0.90417 0.775
vt 0.90417 0.975
vt 0.9375 0.975
vt 0.9375 0.775
vt 0.90417 0.775
vt 0.9375 0.975
vt 0.9375 0.775
vt 0.9375 0.975
vt 0.97083 0.775
vt 0.9375 0.975
vt 0.97083 0.975
vt 0.97083 0.775
vt 0.97083 0.775
vt 0.97083 0.975
vt 1.00417 0.775
vt 0.97083 0.975
vt 1.00417 0.975
vt 1.00417 0.775
vt 0.90417 0.775
vt 0.90417 0.975
vt 0.9375 0.775
vt 0.90417 0.975
vt 0.9375 0.975
vt 0.9375 0.775
vt 0.1875 0.525
vt 0.1875 0.725
vt 0.22083 0.725
vt 0.22083 0.525
vt 0.1875 0.525
vt 0.22083 0.725
vt 0.22083 0.525
vt 0.22083 0.725
vt 0.25417 0.725
vt 0.25417 0.525
vt 0.22083 0.525
vt 0.25417 0.725
vt 0.15417 0.525
vt 0.15417 0.725
vt 0.1875 0.725
vt 0.1875 0.525
vt 0.15417 0.525
vt 0.1875 0.725
vt 0.1875 0.525
vt 0.1875 0.725
vt 0.22083 0.525
vt 0.1875 0.725
vt 0.22083 0.725
vt 0.22083 0.525
vt 0.22083 0.525
vt 0.22083 0.725
vt 0.25417 0.525
vt 0.22083 0.725
vt 0.25417 0.725
vt 0.25417 0.525
vt 0.15417 0.525
vt 0.15417 0.725
vt 0.1875 0.525
vt 0.15417 0.725
vt 0.1875 0.725
vt 0.1875 0.525
vt 0.1875 0.525
vt 0.1875 0.725
vt 0.22083 0.725
vt 0.22083 0.525
vt 0.1875 0.525
vt 0.22083 0.725
vt 0.22083 0.525
vt 0.22083 0.725
vt 0.25417 0.725
vt 0.25417 0.525
vt 0.22083 0.525
vt 0.25417 0.725
vt 0.15417 0.525
vt 0.15417 0.725
vt 0.1875 0.725
vt 0.1875 0.525
vt 0.15417 0.525
vt 0.1875 0.725
vt 0.1875 0.525
vt 0.1875 0.725
vt 0.22083 0.525
vt 0.1875 0.725
vt 0.22083 0.725
vt 0.22083 0.525
vt 0.22083 0.525
vt 0.22083 0.725
vt 0.25417 0.525
vt 0.22083 0.725
vt 0.25417 0.725
vt 0.25417 0.525
vt 0.15417 0.525
vt 0.15417 0.725
vt 0.1875 0.525
vt 0.15417 0.725
vt 0.1875 0.725
vt 0.1875 0.525
vt 0.34262 0.525
vt 0.34262 0.725
vt 0.37596 0.725
vt 0.37596 0.525
vt 0.34262 0.525
vt 0.37596 0.725
vt 0.37596 0.525
vt 0.37596 0.725
vt 0.40929 0.725
vt 0.40929 0.525
vt 0.37596 0.525
vt 0.40929 0.725
vt 0.30929 0.525
vt 0.30929 0.725
vt 0.34262 0.725
vt 0.34262 0.525
vt 0.30929 0.525
vt 0.34262 0.725
vt 0.34262 0.525
vt 0.34262 0.725
vt 0.37596 0.525
vt 0.34262 0.725
vt 0.37596 0.725
vt 0.37596 0.525
vt 0.37596 0.525
vt 0.37596 0.725
vt 0.40929 0.525
vt 0.37596 0.725
vt 0.40929 0.725
vt 0.40929 0.525
vt 0.30929 0.525
vt 0.30929 0.725
vt 0.34262 0.525
vt 0.30929 0.725
vt 0.34262 0.725
vt 0.34262 0.525
vt 0.55 0.775
vt 0.55 0.975
vt 0.58333 0.975
vt 0.58333 0.775
vt 0.55 0.775
vt 0.58333 0.975
vt 0.58333 0.775
vt 0.58333 0.975
vt 0.61667 0.975
vt 0.61667 0.775
vt 0.58333 0.775
vt 0.61667 0.975
vt 0.51667 0.775
vt 0.51667 0.975
vt 0.55 0.975
vt 0.55 0.775
vt 0.51667 0.775
vt 0.55 0.975
vt 0.55 0.775
vt 0.55 0.975
vt 0.58333 0.775
vt 0.55 0.975
vt 0.58333 0.975
vt 0.58333 0.775
vt 0.58333 0.775
vt 0.58333 0.975
vt 0.61667 0.775
vt 0.58333 0.975
vt 0.61667 0.975
vt 0.61667 0.775
vt 0.51667 0.775
vt 0.51667 0.975
vt 0.55 0.775
vt 0.51667 0.975
vt 0.55 0.975
vt 0.55 0.775
vt 0.55 0.775
vt 0.55 0.975
vt 0.58333 0.975
vt 0.58333 0.775
vt 0.55 0.775
vt 0.58333 0.975
vt 0.58333 0.775
vt 0.58333 0.975
vt 0.61667 0.975
vt 0.61667 0.775
vt 0.58333 0.775
vt 0.61667 0.975
vt 0.51667 0.775
vt 0.51667 0.975
vt 0.55 0.975
vt 0.55 0.775
vt 0.51667 0.775
vt 0.55 0.975
vt 0.55 0.775
vt 0.55 0.975
vt 0.58333 0.775
vt 0.55 0.975
vt 0.58333 0.975
vt 0.58333 0.775
vt 0.58333 0.775
vt 0.58333 0.975
vt 0.61667 0.775
vt 0.58333 0.975
vt 0.61667 0.975
vt 0.61667 0.775
vt 0.51667 0.775
vt 0.51667 0.975
vt 0.55 0.775
vt 0.51667 0.975
vt 0.55 0.975
vt 0.55 0.775
vt 0.5625 0.775
vt 0.5625 0.975
vt 0.56806 0.975
vt 0.56806 0.775
vt 0.5625 0.775
vt 0.56806 0.975
vt 0.56806 0.775
vt 0.56806 0.975
vt 0.57361 0.975
vt 0.57361 0.775
vt 0.56806 0.775
vt 0.57361 0.975
vt 0.57361 0.775
vt 0.57361 0.975
vt 0.57917 0.975
vt 0.57917 0.775
vt 0.57361 0.775
vt 0.57917 0.975
vt 0.57917 0.775
vt 0.57917 0.975
vt 0.58472 0.975
vt 0.58472 0.775
vt 0.57917 0.775
vt 0.58472 0.975
vt 0.58472 0.775
vt 0.58472 0.975
vt 0.59028 0.975
vt 0.59028 0.775
vt 0.58472 0.775
vt 0.59028 0.975
vt 0.59028 0.775
vt 0.59028 0.975
vt 0.59583 0.975
vt 0.59583 0.775
vt 0.59028 0.775
vt 0.59583 0.975
vt 0.59583 0.775
vt 0.59583 0.975
vt 0.60139 0.975
vt 0.60139 0.775
vt 0.59583 0.775
vt 0.60139 0.975
vt 0.60139 0.775
vt 0.60139 0.975
vt 0.60694 0.975
vt 0.60694 0.775
vt 0.60139 0.775
vt 0.60694 0.975
vt 0.60694 0.775
vt 0.60694 0.975
vt 0.6125 0.975
vt 0.6125 0.775
vt 0.60694 0.775
vt 0.6125 0.975
vt 0.5125 0.775
vt 0.5125 0.975
vt 0.51806 0.775
vt 0.5125 0.975
vt 0.51806 0.975
vt 0.51806 0.775
vt 0.51806 0.775
vt 0.51806 0.975
vt 0.52361 0.775
vt 0.51806 0.975
vt 0.52361 0.975
vt 0.52361 0.775
vt 0.52361 0.775
vt 0.52361 0.975
vt 0.53472 0.775
vt 0.52361 0.975
vt 0.53472 0.975
vt 0.53472 0.775
vt 0.53472 0.775
vt 0.53472 0.975
vt 0.54583 0.775
vt 0.53472 0.975
vt 0.54583 0.975
vt 0.54583 0.775
vt 0.54583 0.775
vt 0.54583 0.975
vt 0.55694 0.775
vt 0.54583 0.975
vt 0.55694 0.975
vt 0.55694 0.775
vt 0.55694 0.775
vt 0.55694 0.975
vt 0.56806 0.775
vt 0.55694 0.975
vt 0.56806 0.975
vt 0.56806 0.775
vt 0.56806 0.775
vt 0.56806 0.975
vt 0.57917 0.775
vt 0.56806 0.975
vt 0.57917 0.975
vt 0.57917 0.775
vt 0.57917 0.775
vt 0.57917 0.975
vt 0.58472 0.775
vt 0.57917 0.975
vt 0.58472 0.975
vt 0.58472 0.775
vt 0.58472 0.775
vt 0.58472 0.975
vt 0.6625 0.775
vt 0.58472 0.975
vt 0.6625 0.975
vt 0.6625 0.775
vt 0.1875 0.275
vt 0.1875 0.475
vt 0.19306 0.475
vt 0.19306 0.275
vt 0.1875 0.275
vt 0.19306 0.475
vt 0.19306 0.275
vt 0.19306 0.475
vt 0.19861 0.475
vt 0.19861 0.275
vt 0.19306 0.275
vt 0.19861 0.475
vt 0.19861 0.275
vt 0.19861 0.475
vt 0.20417 0.475
vt 0.20417 0.275
vt 0.19861 0.275
vt 0.20417 0.475
vt 0.20417 0.275
vt 0.20417 0.475
vt 0.20972 0.475
vt 0.20972 0.275
vt 0.20417 0.275
vt 0.20972 0.475
vt 0.20972 0.275
vt 0.20972 0.475
vt 0.21528 0.475
vt 0.21528 0.275
vt 0.20972 0.275
vt 0.21528 0.475
vt 0.21528 0.275
vt 0.21528 0.475
vt 0.22083 0.475
vt 0.22083 0.275
vt 0.21528 0.275
vt 0.22083 0.475
vt 0.22083 0.275
vt 0.22083 0.475
vt 0.22639 0.475
vt 0.22639 0.275
vt 0.22083 0.275
vt 0.22639 0.475
vt 0.22639 0.275
vt 0.22639 0.475
vt 0.23194 0.475
vt 0.23194 0.275
vt 0.22639 0.275
vt 0.23194 0.475
vt 0.23194 0.275
vt 0.23194 0.475
vt 0.2375 0.475
vt 0.2375 0.275
vt 0.23194 0.275
vt 0.2375 0.475
vt 0.1375 0.275
vt 0.1375 0.475
vt 0.14306 0.275
vt 0.1375 0.475
vt 0.14306 0.475
vt 0.14306 0.275
vt 0.14306 0.275
vt 0.14306 0.475
vt 0.14861 0.275
vt 0.14306 0.475
vt 0.14861 0.475
vt 0.14861 0.275
vt 0.14861 0.275
vt 0.14861 0.475
vt 0.15972 0.275
vt 0.14861 0.475
vt 0.15972 0.475
vt 0.15972 0.275
vt 0.15972 0.275
vt 0.15972 0.475
vt 0.17083 0.275
vt 0.15972 0.475
vt 0.17083 0.475
vt 0.17083 0.275
vt 0.17083 0.275
vt 0.17083 0.475
vt 0.18194 0.275
vt 0.17083 0.475
vt 0.18194 0.475
vt 0.18194 0.275
vt 0.18194 0.275
vt 0.18194 0.475
vt 0.19306 0.275
vt 0.18194 0.475
vt 0.19306 0.475
vt 0.19306 0.275
vt 0.19306 0.275
vt 0.19306 0.475
vt 0.20417 0.275
vt 0.19306 0.475
vt 0.20417 0.475
vt 0.20417 0.275
vt 0.20417 0.275
vt 0.20417 0.475
vt 0.20972 0.275
vt 0.20417 0.475
vt 0.20972 0.475
vt 0.20972 0.275
vt 0.20972 0.275
vt 0.20972 0.475
vt 0.2875 0.275
vt 0.20972 0.475
vt 0.2875 0.475
vt 0.2875 0.275
vt 0.5625 0.775
vt 0.5625 0.975
vt 0.56806 0.975
vt 0.56806 0.775
vt 0.5625 0.775
vt 0.56806 0.975
vt 0.56806 0.775
vt 0.56806 0.975
vt 0.57361 0.975
vt 0.57361 0.775
vt 0.56806 0.775
vt 0.57361 0.975
vt 0.57361 0.775
vt 0.57361 0.975
vt 0.57917 0.975
vt 0.57917 0.775
vt 0.57361 0.775
vt 0.57917 0.975
vt 0.57917 0.775
vt 0.57917 0.975
vt 0.58472 0.975
vt 0.58472 0.775
vt 0.57917 0.775
vt 0.58472 0.975
vt 0.58472 0.775
vt 0.58472 0.975
vt 0.59028 0.975
vt 0.59028 0.775
vt 0.58472 0.775
vt 0.59028 0.975
vt 0.59028 0.775
vt 0.59028 0.975
vt 0.59583 0.975
vt 0.59583 0.775
vt 0.59028 0.775
vt 0.59583 0.975
vt 0.59583 0.775
vt 0.59583 0.975
vt 0.60139 0.975
vt 0.60139 0.775
vt 0.59583 0.775
vt 0.60139 0.975
vt 0.60139 0.775
vt 0.60139 0.975
vt 0.60694 0.975
vt 0.60694 0.775
vt 0.60139 0.775
vt 0.60694 0.975
vt 0.60694 0.775
vt 0.60694 0.975
vt 0.6125 0.975
vt 0.6125 0.775
vt 0.60694 0.775
vt 0.6125 0.975
vt 0.5125 0.775
vt 0.5125 0.975
vt 0.51806 0.775
vt 0.5125 0.975
vt 0.51806 0.975
vt 0.51806 0.775
vt 0.51806 0.775
vt 0.51806 0.975
vt 0.52361 0.775
vt 0.51806 0.975
vt 0.52361 0.975
vt 0.52361 0.775
vt 0.52361 0.775
vt 0.52361 0.975
vt 0.53472 0.775
vt 0.52361 0.975
vt 0.53472 0.975
vt 0.53472 0.775
vt 0.53472 0.775
vt 0.53472 0.975
vt 0.54583 0.775
vt 0.53472 0.975
vt 0.54583 0.975
vt 0.54583 0.775
vt 0.54583 0.775
vt 0.54583 0.975
vt 0.55694 0.775
vt 0.54583 0.975
vt 0.55694 0.975
vt 0.55694 0.775
vt 0.55694 0.775
vt 0.55694 0.975
vt 0.56806 0.775
vt 0.55694 0.975
vt 0.56806 0.975
vt 0.56806 0.775
vt 0.56806 0.775
vt 0.56806 0.975
vt 0.57917 0.775
vt 0.56806 0.975
vt 0.57917 0.975
vt 0.57917 0.775
vt 0.57917 0.775
vt 0.57917 0.975
vt 0.58472 0.775
vt 0.57917 0.975
vt 0.58472 0.975
vt 0.58472 0.775
vt 0.58472 0.775
vt 0.58472 0.975
vt 0.6625 0.775
vt 0.58472 0.975
vt 0.6625 0.975
vt 0.6625 0.775
vt 0.5625 0.775
vt 0.5625 0.975
vt 0.56806 0.975
vt 0.56806 0.775
vt 0.5625 0.775
vt 0.56806 0.975
vt 0.56806 0.775
vt 0.56806 0.975
vt 0.57361 0.975
vt 0.57361 0.775
vt 0.56806 0.775
vt 0.57361 0.975
vt 0.57361 0.775
vt 0.57361 0.975
vt 0.57917 0.975
vt 0.57917 0.775
vt 0.57361 0.775
vt 0.57917 0.975
vt 0.57917 0.775
vt 0.57917 0.975
vt 0.58472 0.975
vt 0.58472 0.775
vt 0.57917 0.775
vt 0.58472 0.975
vt 0.58472 0.775
vt 0.58472 0.975
vt 0.59028 0.975
vt 0.59028 0.775
vt 0.58472 0.775
vt 0.59028 0.975
vt 0.59028 0.775
vt 0.59028 0.975
vt 0.59583 0.975
vt 0.59583 0.775
vt 0.59028 0.775
vt 0.59583 0.975
vt 0.59583 0.775
vt 0.59583 0.975
vt 0.60139 0.975
vt 0.60139 0.775
vt 0.59583 0.775
vt 0.60139 0.975
vt 0.60139 0.775
vt 0.60139 0.975
vt 0.60694 0.975
vt 0.60694 0.775
vt 0.60139 0.775
vt 0.60694 0.975
vt 0.60694 0.775
vt 0.60694 0.975
vt 0.6125 0.975
vt 0.6125 0.775
vt 0.60694 0.775
vt 0.6125 0.975
vt 0.5125 0.775
vt 0.5125 0.975
vt 0.51806 0.775
vt 0.5125 0.975
vt 0.51806 0.975
vt 0.51806 0.775
vt 0.51806 0.775
vt 0.51806 0.975
vt 0.52361 0.775
vt 0.51806 0.975
vt 0.52361 0.975
vt 0.52361 0.775
vt 0.52361 0.775
vt 0.52361 0.975
vt 0.53472 0.775
vt 0.52361 0.975
vt 0.53472 0.975
vt 0.53472 0.775
vt 0.53472 0.775
vt 0.53472 0.975
vt 0.54583 0.775
vt 0.53472 0.975
vt 0.54583 0.975
vt 0.54583 0.775
vt 0.54583 0.775
vt 0.54583 0.975
vt 0.55694 0.775
vt 0.54583 0.975
vt 0.55694 0.975
vt 0.55694 0.775
vt 0.55694 0.775
vt 0.55694 0.975
vt 0.56806 0.775
vt 0.55694 0.975
vt 0.56806 0.975
vt 0.56806 0.775
vt 0.56806 0.775
vt 0.56806 0.975
vt 0.57917 0.775
vt 0.56806 0.975
vt 0.57917 0.975
vt 0.57917 0.775
vt 0.57917 0.775
vt 0.57917 0.975
vt 0.58472 0.775
vt 0.57917 0.975
vt 0.58472 0.975
vt 0.58472 0.775
vt 0.58472 0.775
vt 0.58472 0.975
vt 0.6625 0.775
vt 0.58472 0.975
vt 0.6625 0.975
vt 0.6625 0.775
vt 0.55 0.775
vt 0.55 0.975
vt 0.58333 0.975
vt 0.58333 0.775
vt 0.55 0.775
vt 0.58333 0.975
vt 0.58333 0.775
vt 0.58333 0.975
vt 0.61667 0.975
vt 0.61667 0.775
vt 0.58333 0.775
vt 0.61667 0.975
vt 0.51667 0.775
vt 0.51667 0.975
vt 0.55 0.975
vt 0.55 0.775
vt 0.51667 0.775
vt 0.55 0.975
vt 0.55 0.775
vt 0.55 0.975
vt 0.58333 0.775
vt 0.55 0.975
vt 0.58333 0.975
vt 0.58333 0.775
vt 0.58333 0.775
vt 0.58333 0.975
vt 0.61667 0.775
vt 0.58333 0.975
vt 0.61667 0.975
vt 0.61667 0.775
vt 0.51667 0.775
vt 0.51667 0.975
vt 0.55 0.775
vt 0.51667 0.975
vt 0.55 0.975
vt 0.55 0.775
vt 0.87625 0.025
vt 0.87625 0.225
vt 0.87625 0.225
vt 0.87625 0.025
vt 0.87625 0.025
vt 0.87625 0.225
vt 0.87625 0.025
vt 0.87625 0.225
vt 0.87625 0.225
vt 0.87625 0.025
vt 0.87625 0.025
vt 0.87625 0.225
vt 0.87625 0.025
vt 0.87625 0.225
vt 0.87625 0.225
vt 0.87625 0.025
vt 0.87625 0.025
vt 0.87625 0.225
vt 0.87625 0.025
vt 0.87625 0.225
vt 0.87625 0.025
vt 0.87625 0.225
vt 0.87625 0.225
vt 0.87625 0.025
vt 0.87625 0.025
vt 0.87625 0.225
vt 0.87625 0.025
vt 0.87625 0.225
vt 0.87625 0.225
vt 0.87625 0.025
vt 0.87625 0.025
vt 0.87625 0.225
vt 0.87625 0.025
vt 0.87625 0.225
vt 0.87625 0.225
vt 0.87625 0.025
vt 0.1875 0.275
vt 0.1875 0.475
vt 0.22083 0.475
vt 0.22083 0.275
vt 0.1875 0.275
vt 0.22083 0.475
vt 0.22083 0.275
vt 0.22083 0.475
vt 0.25417 0.475
vt 0.25417 0.275
vt 0.22083 0.275
vt 0.25417 0.475
vt 0.15417 0.275
vt 0.15417 0.475
vt 0.1875 0.475
vt 0.1875 0.275
vt 0.15417 0.275
vt 0.1875 0.475
vt 0.1875 0.275
vt 0.1875 0.475
vt 0.22083 0.275
vt 0.1875 0.475
vt 0.22083 0.475
vt 0.22083 0.275
vt 0.22083 0.275
vt 0.22083 0.475
vt 0.25417 0.275
vt 0.22083 0.475
vt 0.25417 0.475
vt 0.25417 0.275
vt 0.15417 0.275
vt 0.15417 0.475
vt 0.1875 0.275
vt 0.15417 0.475
vt 0.1875 0.475
vt 0.1875 0.275
vt 0.6875 0.525
vt 0.6875 0.725
vt 0.72083 0.725
vt 0.72083 0.525
vt 0.6875 0.525
vt 0.72083 0.725
vt 0.72083 0.525
vt 0.72083 0.725
vt 0.75417 0.725
vt 0.75417 0.525
vt 0.72083 0.525
vt 0.75417 0.725
vt 0.65417 0.525
vt 0.65417 0.725
vt 0.6875 0.725
vt 0.6875 0.525
vt 0.65417 0.525
vt 0.6875 0.725
vt 0.6875 0.525
vt 0.6875 0.725
vt 0.72083 0.525
vt 0.6875 0.725
vt 0.72083 0.725
vt 0.72083 0.525
vt 0.72083 0.525
vt 0.72083 0.725
vt 0.75417 0.525
vt 0.72083 0.725
vt 0.75417 0.725
vt 0.75417 0.525
vt 0.65417 0.525
vt 0.65417 0.725
vt 0.6875 0.525
vt 0.65417 0.725
vt 0.6875 0.725
vt 0.6875 0.525
vt 0.34375 0.525
vt 0.34375 0.725
vt 0.37708 0.725
vt 0.37708 0.525
vt 0.34375 0.525
vt 0.37708 0.725
vt 0.37708 0.525
vt 0.37708 0.725
vt 0.41042 0.725
vt 0.41042 0.525
vt 0.37708 0.525
vt 0.41042 0.725
vt 0.31042 0.525
vt 0.31042 0.725
vt 0.34375 0.725
vt 0.34375 0.525
vt 0.31042 0.525
vt 0.34375 0.725
vt 0.34375 0.525
vt 0.34375 0.725
vt 0.37708 0.525
vt 0.34375 0.725
vt 0.37708 0.725
vt 0.37708 0.525
vt 0.37708 0.525
vt 0.37708 0.725
vt 0.41042 0.525
vt 0.37708 0.725
vt 0.41042 0.725
vt 0.41042 0.525
vt 0.31042 0.525
vt 0.31042 0.725
vt 0.34375 0.525
vt 0.31042 0.725
vt 0.34375 0.725
vt 0.34375 0.525
vt 0.87625 0.025
vt 0.87625 0.225
vt 0.87625 0.225
vt 0.87625 0.025
vt 0.87625 0.025
vt 0.87625 0.225
vt 0.87625 0.025
vt 0.87625 0.225
vt 0.87625 0.225
vt 0.87625 0.025
vt 0.87625 0.025
vt 0.87625 0.225
vt 0.87625 0.025
vt 0.87625 0.225
vt 0.87625 0.225
vt 0.87625 0.025
vt 0.87625 0.025
vt 0.87625 0.225
vt 0.87625 0.025
vt 0.87625 0.225
vt 0.87625 0.025
vt 0.87625 0.225
vt 0.87625 0.225
vt 0.87625 0.025
vt 0.87625 0.025
vt 0.87625 0.225
vt 0.87625 0.025
vt 0.87625 0.225
vt 0.87625 0.225
vt 0.87625 0.025
vt 0.87625 0.025
vt 0.87625 0.225
vt 0.87625 0.025
vt 0.87625 0.225
vt 0.87625 0.225
vt 0.87625 0.025
vt 0.175 0.775
vt 0.175 0.975
vt 0.20833 0.975
vt 0.20833 0.775
vt 0.175 0.775
vt 0.20833 0.975
vt 0.20833 0.775
vt 0.20833 0.975
vt 0.24167 0.975
vt 0.24167 0.775
vt 0.20833 0.775
vt 0.24167 0.975
vt 0.14167 0.775
vt 0.14167 0.975
vt 0.175 0.975
vt 0.175 0.775
vt 0.14167 0.775
vt 0.175 0.975
vt 0.175 0.775
vt 0.175 0.975
vt 0.20833 0.775
vt 0.175 0.975
vt 0.20833 0.975
vt 0.20833 0.775
vt 0.20833 0.775
vt 0.20833 0.975
vt 0.24167 0.775
vt 0.20833 0.975
vt 0.24167 0.975
vt 0.24167 0.775
vt 0.14167 0.775
vt 0.14167 0.975
vt 0.175 0.775
vt 0.14167 0.975
vt 0.175 0.975
vt 0.175 0.775
vt 0.4375 0.525
vt 0.4375 0.725
vt 0.47083 0.725
vt 0.47083 0.525
vt 0.4375 0.525
vt 0.47083 0.725
vt 0.47083 0.525
vt 0.47083 0.725
vt 0.50417 0.725
vt 0.50417 0.525
vt 0.47083 0.525
vt 0.50417 0.725
vt 0.40417 0.525
vt 0.40417 0.725
vt 0.4375 0.725
vt 0.4375 0.525
vt 0.40417 0.525
vt 0.4375 0.725
vt 0.4375 0.525
vt 0.4375 0.725
vt 0.47083 0.525
vt 0.4375 0.725
vt 0.47083 0.725
vt 0.47083 0.525
vt 0.47083 0.525
vt 0.47083 0.725
vt 0.50417 0.525
vt 0.47083 0.725
vt 0.50417 0.725
vt 0.50417 0.525
vt 0.40417 0.525
vt 0.40417 0.725
vt 0.4375 0.525
vt 0.40417 0.725
vt 0.4375 0.725
vt 0.4375 0.525
vt 0.87625 0.025
vt 0.87625 0.225
vt 0.87625 0.225
vt 0.87625 0.025
vt 0.87625 0.025
vt 0.87625 0.225
vt 0.87625 0.025
vt 0.87625 0.225
vt 0.87625 0.225
vt 0.87625 0.025
vt 0.87625 0.025
vt 0.87625 0.225
vt 0.87625 0.025
vt 0.87625 0.225
vt 0.87625 0.225
vt 0.87625 0.025
vt 0.87625 0.025
vt 0.87625 0.225
vt 0.87625 0.025
vt 0.87625 0.225
vt 0.87625 0.025
vt 0.87625 0.225
vt 0.87625 0.225
vt 0.87625 0.025
vt 0.87625 0.025
vt 0.87625 0.225
vt 0.87625 0.025
vt 0.87625 0.225
vt 0.87625 0.225
vt 0.87625 0.025
vt 0.87625 0.025
vt 0.87625 0.225
vt 0.87625 0.025
vt 0.87625 0.225
vt 0.87625 0.225
vt 0.87625 0.025
vt 0.0625 0.525
vt 0.0625 0.725
vt 0.09583 0.725
vt 0.09583 0.525
vt 0.0625 0.525
vt 0.09583 0.725
vt 0.09583 0.525
vt 0.09583 0.725
vt 0.12917 0.725
vt 0.12917 0.525
vt 0.09583 0.525
vt 0.12917 0.725
vt 0.02917 0.525
vt 0.02917 0.725
vt 0.0625 0.725
vt 0.0625 0.525
vt 0.02917 0.525
vt 0.0625 0.725
vt 0.0625 0.525
vt 0.0625 0.725
vt 0.09583 0.525
vt 0.0625 0.725
vt 0.09583 0.725
vt 0.09583 0.525
vt 0.09583 0.525
vt 0.09583 0.725
vt 0.12917 0.525
vt 0.09583 0.725
vt 0.12917 0.725
vt 0.12917 0.525
vt 0.02917 0.525
vt 0.02917 0.725
vt 0.0625 0.525
vt 0.02917 0.725
vt 0.0625 0.725
vt 0.0625 0.525
vt 0.55 0.775
vt 0.55 0.975
vt 0.58333 0.975
vt 0.58333 0.775
vt 0.55 0.775
vt 0.58333 0.975
vt 0.58333 0.775
vt 0.58333 0.975
vt 0.61667 0.975
vt 0.61667 0.775
vt 0.58333 0.775
vt 0.61667 0.975
vt 0.51667 0.775
vt 0.51667 0.975
vt 0.55 0.975
vt 0.55 0.775
vt 0.51667 0.775
vt 0.55 0.975
vt 0.55 0.775
vt 0.55 0.975
vt 0.58333 0.775
vt 0.55 0.975
vt 0.58333 0.975
vt 0.58333 0.775
vt 0.58333 0.775
vt 0.58333 0.975
vt 0.61667 0.775
vt 0.58333 0.975
vt 0.61667 0.975
vt 0.61667 0.775
vt 0.51667 0.775
vt 0.51667 0.975
vt 0.55 0.775
vt 0.51667 0.975
vt 0.55 0.975
vt 0.55 0.775
vt 0.55 0.775
vt 0.55 0.975
vt 0.58333 0.975
vt 0.58333 0.775
vt 0.55 0.775
vt 0.58333 0.975
vt 0.58333 0.775
vt 0.58333 0.975
vt 0.61667 0.975
vt 0.61667 0.775
vt 0.58333 0.775
vt 0.61667 0.975
vt 0.51667 0.775
vt 0.51667 0.975
vt 0.55 0.975
vt 0.55 0.775
vt 0.51667 0.775
vt 0.55 0.975
vt 0.55 0.775
vt 0.55 0.975
vt 0.58333 0.775
vt 0.55 0.975
vt 0.58333 0.975
vt 0.58333 0.775
vt 0.58333 0.775
vt 0.58333 0.975
vt 0.61667 0.775
vt 0.58333 0.975
vt 0.61667 0.975
vt 0.61667 0.775
vt 0.51667 0.775
vt 0.51667 0.975
vt 0.55 0.775
vt 0.51667 0.975
vt 0.55 0.975
vt 0.55 0.775
vt 0.55 0.775
vt 0.55 0.975
vt 0.58333 0.975
vt 0.58333 0.775
vt 0.55 0.775
vt 0.58333 0.975
vt 0.58333 0.775
vt 0.58333 0.975
vt 0.61667 0.975
vt 0.61667 0.775
vt 0.58333 0.775
vt 0.61667 0.975
vt 0.51667 0.775
vt 0.51667 0.975
vt 0.55 0.975
vt 0.55 0.775
vt 0.51667 0.775
vt 0.55 0.975
vt 0.55 0.775
vt 0.55 0.975
vt 0.58333 0.775
vt 0.55 0.975
vt 0.58333 0.975
vt 0.58333 0.775
vt 0.58333 0.775
vt 0.58333 0.975
vt 0.61667 0.775
vt 0.58333 0.975
vt 0.61667 0.975
vt 0.61667 0.775
vt 0.51667 0.775
vt 0.51667 0.975
vt 0.55 0.775
vt 0.51667 0.975
vt 0.55 0.975
vt 0.55 0.775
vt 0.87625 0.025
vt 0.87625 0.225
vt 0.87625 0.225
vt 0.87625 0.025
vt 0.87625 0.025
vt 0.87625 0.225
vt 0.87625 0.025
vt 0.87625 0.225
vt 0.87625 0.225
vt 0.87625 0.025
vt 0.87625 0.025
vt 0.87625 0.225
vt 0.87625 0.025
vt 0.87625 0.225
vt 0.87625 0.225
vt 0.87625 0.025
vt 0.87625 0.025
vt 0.87625 0.225
vt 0.87625 0.025
vt 0.87625 0.225
vt 0.87625 0.025
vt 0.87625 0.225
vt 0.87625 0.225
vt 0.87625 0.025
vt 0.87625 0.025
vt 0.87625 0.225
vt 0.87625 0.025
vt 0.87625 0.225
vt 0.87625 0.225
vt 0.87625 0.025
vt 0.87625 0.025
vt 0.87625 0.225
vt 0.87625 0.025
vt 0.87625 0.225
vt 0.87625 0.225
vt 0.87625 0.025
vt 0.1875 0.275
vt 0.1875 0.475
vt 0.22083 0.475
vt 0.22083 0.275
vt 0.1875 0.275
vt 0.22083 0.475
vt 0.22083 0.275
vt 0.22083 0.475
vt 0.25417 0.475
vt 0.25417 0.275
vt 0.22083 0.275
vt 0.25417 0.475
vt 0.15417 0.275
vt 0.15417 0.475
vt 0.1875 0.475
vt 0.1875 0.275
vt 0.15417 0.275
vt 0.1875 0.475
vt 0.1875 0.275
vt 0.1875 0.475
vt 0.22083 0.275
vt 0.1875 0.475
vt 0.22083 0.475
vt 0.22083 0.275
vt 0.22083 0.275
vt 0.22083 0.475
vt 0.25417 0.275
vt 0.22083 0.475
vt 0.25417 0.475
vt 0.25417 0.275
vt 0.15417 0.275
vt 0.15417 0.475
vt 0.1875 0.275
vt 0.15417 0.475
vt 0.1875 0.475
vt 0.1875 0.275
vt 0.6875 0.525
vt 0.6875 0.725
vt 0.72083 0.725
vt 0.72083 0.525
vt 0.6875 0.525
vt 0.72083 0.725
vt 0.72083 0.525
vt 0.72083 0.725
vt 0.75417 0.725
vt 0.75417 0.525
vt 0.72083 0.525
vt 0.75417 0.725
vt 0.65417 0.525
vt 0.65417 0.725
vt 0.6875 0.725
vt 0.6875 0.525
vt 0.65417 0.525
vt 0.6875 0.725
vt 0.6875 0.525
vt 0.6875 0.725
vt 0.72083 0.525
vt 0.6875 0.725
vt 0.72083 0.725
vt 0.72083 0.525
vt 0.72083 0.525
vt 0.72083 0.725
vt 0.75417 0.525
vt 0.72083 0.725
vt 0.75417 0.725
vt 0.75417 0.525
vt 0.65417 0.525
vt 0.65417 0.725
vt 0.6875 0.525
vt 0.65417 0.725
vt 0.6875 0.725
vt 0.6875 0.525
vt 0.34375 0.525
vt 0.34375 0.725
vt 0.37708 0.725
vt 0.37708 0.525
vt 0.34375 0.525
vt 0.37708 0.725
vt 0.37708 0.525
vt 0.37708 0.725
vt 0.41042 0.725
vt 0.41042 0.525
vt 0.37708 0.525
vt 0.41042 0.725
vt 0.31042 0.525
vt 0.31042 0.725
vt 0.34375 0.725
vt 0.34375 0.525
vt 0.31042 0.525
vt 0.34375 0.725
vt 0.34375 0.525
vt 0.34375 0.725
vt 0.37708 0.525
vt 0.34375 0.725
vt 0.37708 0.725
vt 0.37708 0.525
vt 0.37708 0.525
vt 0.37708 0.725
vt 0.41042 0.525
vt 0.37708 0.725
vt 0.41042 0.725
vt 0.41042 0.525
vt 0.31042 0.525
vt 0.31042 0.725
vt 0.34375 0.525
vt 0.31042 0.725
vt 0.34375 0.725
vt 0.34375 0.525
vt 0.87625 0.025
vt 0.87625 0.225
vt 0.87625 0.225
vt 0.87625 0.025
vt 0.87625 0.025
vt 0.87625 0.225
vt 0.87625 0.025
vt 0.87625 0.225
vt 0.87625 0.225
vt 0.87625 0.025
vt 0.87625 0.025
vt 0.87625 0.225
vt 0.87625 0.025
vt 0.87625 0.225
vt 0.87625 0.225
vt 0.87625 0.025
vt 0.87625 0.025
vt 0.87625 0.225
vt 0.87625 0.025
vt 0.87625 0.225
vt 0.87625 0.025
vt 0.87625 0.225
vt 0.87625 0.225
vt 0.87625 0.025
vt 0.87625 0.025
vt 0.87625 0.225
vt 0.87625 0.025
vt 0.87625 0.225
vt 0.87625 0.225
vt 0.87625 0.025
vt 0.87625 0.025
vt 0.87625 0.225
vt 0.87625 0.025
vt 0.87625 0.225
vt 0.87625 0.225
vt 0.87625 0.025
vt 0.175 0.775
vt 0.175 0.975
vt 0.20833 0.975
vt 0.20833 0.775
vt 0.175 0.775
vt 0.20833 0.975
vt 0.20833 0.775
vt 0.20833 0.975
vt 0.24167 0.975
vt 0.24167 0.775
vt 0.20833 0.775
vt 0.24167 0.975
vt 0.14167 0.775
vt 0.14167 0.975
vt 0.175 0.975
vt 0.175 0.775
vt 0.14167 0.775
vt 0.175 0.975
vt 0.175 0.775
vt 0.175 0.975
vt 0.20833 0.775
vt 0.175 0.975
vt 0.20833 0.975
vt 0.20833 0.775
vt 0.20833 0.775
vt 0.20833 0.975
vt 0.24167 0.775
vt 0.20833 0.975
vt 0.24167 0.975
vt 0.24167 0.775
vt 0.14167 0.775
vt 0.14167 0.975
vt 0.175 0.775
vt 0.14167 0.975
vt 0.175 0.975
vt 0.175 0.775
vt 0.4375 0.525
vt 0.4375 0.725
vt 0.47083 0.725
vt 0.47083 0.525
vt 0.4375 0.525
vt 0.47083 0.725
vt 0.47083 0.525
vt 0.47083 0.725
vt 0.50417 0.725
vt 0.50417 0.525
vt 0.47083 0.525
vt 0.50417 0.725
vt 0.40417 0.525
vt 0.40417 0.725
vt 0.4375 0.725
vt 0.4375 0.525
vt 0.40417 0.525
vt 0.4375 0.725
vt 0.4375 0.525
vt 0.4375 0.725
vt 0.47083 0.525
vt 0.4375 0.725
vt 0.47083 0.725
vt 0.47083 0.525
vt 0.47083 0.525
vt 0.47083 0.725
vt 0.50417 0.525
vt 0.47083 0.725
vt 0.50417 0.725
vt 0.50417 0.525
vt 0.40417 0.525
vt 0.40417 0.725
vt 0.4375 0.525
vt 0.40417 0.725
vt 0.4375 0.725
vt 0.4375 0.525
vt 0.87625 0.025
vt 0.87625 0.225
vt 0.87625 0.225
vt 0.87625 0.025
vt 0.87625 0.025
vt 0.87625 0.225
vt 0.87625 0.025
vt 0.87625 0.225
vt 0.87625 0.225
vt 0.87625 0.025
vt 0.87625 0.025
vt 0.87625 0.225
vt 0.87625 0.025
vt 0.87625 0.225
vt 0.87625 0.225
vt 0.87625 0.025
vt 0.87625 0.025
vt 0.87625 0.225
vt 0.87625 0.025
vt 0.87625 0.225
vt 0.87625 0.025
vt 0.87625 0.225
vt 0.87625 0.225
vt 0.87625 0.025
vt 0.87625 0.025
vt 0.87625 0.225
vt 0.87625 0.025
vt 0.87625 0.225
vt 0.87625 0.225
vt 0.87625 0.025
vt 0.87625 0.025
vt 0.87625 0.225
vt 0.87625 0.025
vt 0.87625 0.225
vt 0.87625 0.225
vt 0.87625 0.025
vt 0.0625 0.525
vt 0.0625 0.725
vt 0.09583 0.725
vt 0.09583 0.525
vt 0.0625 0.525
vt 0.09583 0.725
vt 0.09583 0.525
vt 0.09583 0.725
vt 0.12917 0.725
vt 0.12917 0.525
vt 0.09583 0.525
vt 0.12917 0.725
vt 0.02917 0.525
vt 0.02917 0.725
vt 0.0625 0.725
vt 0.0625 0.525
vt 0.02917 0.525
vt 0.0625 0.725
vt 0.0625 0.525
vt 0.0625 0.725
vt 0.09583 0.525
vt 0.0625 0.725
vt 0.09583 0.725
vt 0.09583 0.525
vt 0.09583 0.525
vt 0.09583 0.725
vt 0.12917 0.525
vt 0.09583 0.725
vt 0.12917 0.725
vt 0.12917 0.525
vt 0.02917 0.525
vt 0.02917 0.725
vt 0.0625 0.525
vt 0.02917 0.725
vt 0.0625 0.725
vt 0.0625 0.525
vt 0.55 0.775
vt 0.55 0.975
vt 0.58333 0.975
vt 0.58333 0.775
vt 0.55 0.775
vt 0.58333 0.975
vt 0.58333 0.775
vt 0.58333 0.975
vt 0.61667 0.975
vt 0.61667 0.775
vt 0.58333 0.775
vt 0.61667 0.975
vt 0.51667 0.775
vt 0.51667 0.975
vt 0.55 0.975
vt 0.55 0.775
vt 0.51667 0.775
vt 0.55 0.975
vt 0.55 0.775
vt 0.55 0.975
vt 0.58333 0.775
vt 0.55 0.975
vt 0.58333 0.975
vt 0.58333 0.775
vt 0.58333 0.775
vt 0.58333 0.975
vt 0.61667 0.775
vt 0.58333 0.975
vt 0.61667 0.975
vt 0.61667 0.775
vt 0.51667 0.775
vt 0.51667 0.975
vt 0.55 0.775
vt 0.51667 0.975
vt 0.55 0.975
vt 0.55 0.775
vt 0.55 0.775
vt 0.55 0.975
vt 0.58333 0.975
vt 0.58333 0.775
vt 0.55 0.775
vt 0.58333 0.975
vt 0.58333 0.775
vt 0.58333 0.975
vt 0.61667 0.975
vt 0.61667 0.775
vt 0.58333 0.775
vt 0.61667 0.975
vt 0.51667 0.775
vt 0.51667 0.975
vt 0.55 0.975
vt 0.55 0.775
vt 0.51667 0.775
vt 0.55 0.975
vt 0.55 0.775
vt 0.55 0.975
vt 0.58333 0.775
vt 0.55 0.975
vt 0.58333 0.975
vt 0.58333 0.775
vt 0.58333 0.775
vt 0.58333 0.975
vt 0.61667 0.775
vt 0.58333 0.975
vt 0.61667 0.975
vt 0.61667 0.775
vt 0.51667 0.775
vt 0.51667 0.975
vt 0.55 0.775
vt 0.51667 0.975
vt 0.55 0.975
vt 0.55 0.775
vt 0.55 0.775
vt 0.55 0.975
vt 0.58333 0.975
vt 0.58333 0.775
vt 0.55 0.775
vt 0.58333 0.975
vt 0.58333 0.775
vt 0.58333 0.975
vt 0.61667 0.975
vt 0.61667 0.775
vt 0.58333 0.775
vt 0.61667 0.975
vt 0.51667 0.775
vt 0.51667 0.975
vt 0.55 0.975
vt 0.55 0.775
vt 0.51667 0.775
vt 0.55 0.975
vt 0.55 0.775
vt 0.55 0.975
vt 0.58333 0.775
vt 0.55 0.975
vt 0.58333 0.975
vt 0.58333 0.775
vt 0.58333 0.775
vt 0.58333 0.975
vt 0.61667 0.775
vt 0.58333 0.975
vt 0.61667 0.975
vt 0.61667 0.775
vt 0.51667 0.775
vt 0.51667 0.975
vt 0.55 0.775
vt 0.51667 0.975
vt 0.55 0.975
vt 0.55 0.775
vt 0.175 0.775
vt 0.175 0.975
vt 0.20833 0.975
vt 0.20833 0.775
vt 0.175 0.775
vt 0.20833 0.975
vt 0.20833 0.775
vt 0.20833 0.975
vt 0.24167 0.975
vt 0.24167 0.775
vt 0.20833 0.775
vt 0.24167 0.975
vt 0.14167 0.775
vt 0.14167 0.975
vt 0.175 0.975
vt 0.175 0.775
vt 0.14167 0.775
vt 0.175 0.975
vt 0.175 0.775
vt 0.175 0.975
vt 0.20833 0.775
vt 0.175 0.975
vt 0.20833 0.975
vt 0.20833 0.775
vt 0.20833 0.775
vt 0.20833 0.975
vt 0.24167 0.775
vt 0.20833 0.975
vt 0.24167 0.975
vt 0.24167 0.775
vt 0.14167 0.775
vt 0.14167 0.975
vt 0.175 0.775
vt 0.14167 0.975
vt 0.175 0.975
vt 0.175 0.775
vt 0.175 0.275
vt 0.175 0.475
vt 0.20833 0.475
vt 0.20833 0.275
vt 0.175 0.275
vt 0.20833 0.475
vt 0.20833 0.275
vt 0.20833 0.475
vt 0.24167 0.475
vt 0.24167 0.275
vt 0.20833 0.275
vt 0.24167 0.475
vt 0.14167 0.275
vt 0.14167 0.475
vt 0.175 0.475
vt 0.175 0.275
vt 0.14167 0.275
vt 0.175 0.475
vt 0.175 0.275
vt 0.175 0.475
vt 0.20833 0.275
vt 0.175 0.475
vt 0.20833 0.475
vt 0.20833 0.275
vt 0.20833 0.275
vt 0.20833 0.475
vt 0.24167 0.275
vt 0.20833 0.475
vt 0.24167 0.475
vt 0.24167 0.275
vt 0.14167 0.275
vt 0.14167 0.475
vt 0.175 0.275
vt 0.14167 0.475
vt 0.175 0.475
vt 0.175 0.275
vt 0.55 0.775
vt 0.55 0.975
vt 0.58333 0.975
vt 0.58333 0.775
vt 0.55 0.775
vt 0.58333 0.975
vt 0.58333 0.775
vt 0.58333 0.975
vt 0.61667 0.975
vt 0.61667 0.775
vt 0.58333 0.775
vt 0.61667 0.975
vt 0.51667 0.775
vt 0.51667 0.975
vt 0.55 0.975
vt 0.55 0.775
vt 0.51667 0.775
vt 0.55 0.975
vt 0.55 0.775
vt 0.55 0.975
vt 0.58333 0.775
vt 0.55 0.975
vt 0.58333 0.975
vt 0.58333 0.775
vt 0.58333 0.775
vt 0.58333 0.975
vt 0.61667 0.775
vt 0.58333 0.975
vt 0.61667 0.975
vt 0.61667 0.775
vt 0.51667 0.775
vt 0.51667 0.975
vt 0.55 0.775
vt 0.51667 0.975
vt 0.55 0.975
vt 0.55 0.775
vt 0.34375 0.525
vt 0.34375 0.725
vt 0.37708 0.725
vt 0.37708 0.525
vt 0.34375 0.525
vt 0.37708 0.725
vt 0.37708 0.525
vt 0.37708 0.725
vt 0.41042 0.725
vt 0.41042 0.525
vt 0.37708 0.525
vt 0.41042 0.725
vt 0.31042 0.525
vt 0.31042 0.725
vt 0.34375 0.725
vt 0.34375 0.525
vt 0.31042 0.525
vt 0.34375 0.725
vt 0.34375 0.525
vt 0.34375 0.725
vt 0.37708 0.525
vt 0.34375 0.725
vt 0.37708 0.725
vt 0.37708 0.525
vt 0.37708 0.525
vt 0.37708 0.725
vt 0.41042 0.525
vt 0.37708 0.725
vt 0.41042 0.725
vt 0.41042 0.525
vt 0.31042 0.525
vt 0.31042 0.725
vt 0.34375 0.525
vt 0.31042 0.725
vt 0.34375 0.725
vt 0.34375 0.525
vt 0.87625 0.025
vt 0.87625 0.225
vt 0.87625 0.225
vt 0.87625 0.025
vt 0.87625 0.025
vt 0.87625 0.225
vt 0.87625 0.025
vt 0.87625 0.225
vt 0.87625 0.225
vt 0.87625 0.025
vt 0.87625 0.025
vt 0.87625 0.225
vt 0.87625 0.025
vt 0.87625 0.225
vt 0.87625 0.225
vt 0.87625 0.025
vt 0.87625 0.025
vt 0.87625 0.225
vt 0.87625 0.025
vt 0.87625 0.225
vt 0.87625 0.025
vt 0.87625 0.225
vt 0.87625 0.225
vt 0.87625 0.025
vt 0.87625 0.025
vt 0.87625 0.225
vt 0.87625 0.025
vt 0.87625 0.225
vt 0.87625 0.225
vt 0.87625 0.025
vt 0.87625 0.025
vt 0.87625 0.225
vt 0.87625 0.025
vt 0.87625 0.225
vt 0.87625 0.225
vt 0.87625 0.025
vt 0.4375 0.525
vt 0.4375 0.725
vt 0.47083 0.725
vt 0.47083 0.525
vt 0.4375 0.525
vt 0.47083 0.725
vt 0.47083 0.525
vt 0.47083 0.725
vt 0.50417 0.725
vt 0.50417 0.525
vt 0.47083 0.525
vt 0.50417 0.725
vt 0.40417 0.525
vt 0.40417 0.725
vt 0.4375 0.725
vt 0.4375 0.525
vt 0.40417 0.525
vt 0.4375 0.725
vt 0.4375 0.525
vt 0.4375 0.725
vt 0.47083 0.525
vt 0.4375 0.725
vt 0.47083 0.725
vt 0.47083 0.525
vt 0.47083 0.525
vt 0.47083 0.725
vt 0.50417 0.525
vt 0.47083 0.725
vt 0.50417 0.725
vt 0.50417 0.525
vt 0.40417 0.525
vt 0.40417 0.725
vt 0.4375 0.525
vt 0.40417 0.725
vt 0.4375 0.725
vt 0.4375 0.525
vt 0.55 0.775
vt 0.55 0.975
vt 0.58333 0.975
vt 0.58333 0.775
vt 0.55 0.775
vt 0.58333 0.975
vt 0.58333 0.775
vt 0.58333 0.975
vt 0.61667 0.975
vt 0.61667 0.775
vt 0.58333 0.775
vt 0.61667 0.975
vt 0.51667 0.775
vt 0.51667 0.975
vt 0.55 0.975
vt 0.55 0.775
vt 0.51667 0.775
vt 0.55 0.975
vt 0.55 0.775
vt 0.55 0.975
vt 0.58333 0.775
vt 0.55 0.975
vt 0.58333 0.975
vt 0.58333 0.775
vt 0.58333 0.775
vt 0.58333 0.975
vt 0.61667 0.775
vt 0.58333 0.975
vt 0.61667 0.975
vt 0.61667 0.775
vt 0.51667 0.775
vt 0.51667 0.975
vt 0.55 0.775
vt 0.51667 0.975
vt 0.55 0.975
vt 0.55 0.775
vt 0.55 0.775
vt 0.55 0.975
vt 0.58333 0.975
vt 0.58333 0.775
vt 0.55 0.775
vt 0.58333 0.975
vt 0.58333 0.775
vt 0.58333 0.975
vt 0.61667 0.975
vt 0.61667 0.775
vt 0.58333 0.775
vt 0.61667 0.975
vt 0.51667 0.775
vt 0.51667 0.975
vt 0.55 0.975
vt 0.55 0.775
vt 0.51667 0.775
vt 0.55 0.975
vt 0.55 0.775
vt 0.55 0.975
vt 0.58333 0.775
vt 0.55 0.975
vt 0.58333 0.975
vt 0.58333 0.775
vt 0.58333 0.775
vt 0.58333 0.975
vt 0.61667 0.775
vt 0.58333 0.975
vt 0.61667 0.975
vt 0.61667 0.775
vt 0.51667 0.775
vt 0.51667 0.975
vt 0.55 0.775
vt 0.51667 0.975
vt 0.55 0.975
vt 0.55 0.775
vt 0.55 0.775
vt 0.55 0.975
vt 0.58333 0.975
vt 0.58333 0.775
vt 0.55 0.775
vt 0.58333 0.975
vt 0.58333 0.775
vt 0.58333 0.975
vt 0.61667 0.975
vt 0.61667 0.775
vt 0.58333 0.775
vt 0.61667 0.975
vt 0.51667 0.775
vt 0.51667 0.975
vt 0.55 0.975
vt 0.55 0.775
vt 0.51667 0.775
vt 0.55 0.975
vt 0.55 0.775
vt 0.55 0.975
vt 0.58333 0.775
vt 0.55 0.975
vt 0.58333 0.975
vt 0.58333 0.775
vt 0.58333 0.775
vt 0.58333 0.975
vt 0.61667 0.775
vt 0.58333 0.975
vt 0.61667 0.975
vt 0.61667 0.775
vt 0.51667 0.775
vt 0.51667 0.975
vt 0.55 0.775
vt 0.51667 0.975
vt 0.55 0.975
vt 0.55 0.775
vt 0.175 0.775
vt 0.175 0.975
vt 0.20833 0.975
vt 0.20833 0.775
vt 0.175 0.775
vt 0.20833 0.975
vt 0.20833 0.775
vt 0.20833 0.975
vt 0.24167 0.975
vt 0.24167 0.775
vt 0.20833 0.775
vt 0.24167 0.975
vt 0.14167 0.775
vt 0.14167 0.975
vt 0.175 0.975
vt 0.175 0.775
vt 0.14167 0.775
vt 0.175 0.975
vt 0.175 0.775
vt 0.175 0.975
vt 0.20833 0.775
vt 0.175 0.975
vt 0.20833 0.975
vt 0.20833 0.775
vt 0.20833 0.775
vt 0.20833 0.975
vt 0.24167 0.775
vt 0.20833 0.975
vt 0.24167 0.975
vt 0.24167 0.775
vt 0.14167 0.775
vt 0.14167 0.975
vt 0.175 0.775
vt 0.14167 0.975
vt 0.175 0.975
vt 0.175 0.775
vt 0.175 0.275
vt 0.175 0.475
vt 0.20833 0.475
vt 0.20833 0.275
vt 0.175 0.275
vt 0.20833 0.475
vt 0.20833 0.275
vt 0.20833 0.475
vt 0.24167 0.475
vt 0.24167 0.275
vt 0.20833 0.275
vt 0.24167 0.475
vt 0.14167 0.275
vt 0.14167 0.475
vt 0.175 0.475
vt 0.175 0.275
vt 0.14167 0.275
vt 0.175 0.475
vt 0.175 0.275
vt 0.175 0.475
vt 0.20833 0.275
vt 0.175 0.475
vt 0.20833 0.475
vt 0.20833 0.275
vt 0.20833 0.275
vt 0.20833 0.475
vt 0.24167 0.275
vt 0.20833 0.475
vt 0.24167 0.475
vt 0.24167 0.275
vt 0.14167 0.275
vt 0.14167 0.475
vt 0.175 0.275
vt 0.14167 0.475
vt 0.175 0.475
vt 0.175 0.275
vt 0.55 0.775
vt 0.55 0.975
vt 0.58333 0.975
vt 0.58333 0.775
vt 0.55 0.775
vt 0.58333 0.975
vt 0.58333 0.775
vt 0.58333 0.975
vt 0.61667 0.975
vt 0.61667 0.775
vt 0.58333 0.775
vt 0.61667 0.975
vt 0.51667 0.775
vt 0.51667 0.975
vt 0.55 0.975
vt 0.55 0.775
vt 0.51667 0.775
vt 0.55 0.975
vt 0.55 0.775
vt 0.55 0.975
vt 0.58333 0.775
vt 0.55 0.975
vt 0.58333 0.975
vt 0.58333 0.775
vt 0.58333 0.775
vt 0.58333 0.975
vt 0.61667 0.775
vt 0.58333 0.975
vt 0.61667 0.975
vt 0.61667 0.775
vt 0.51667 0.775
vt 0.51667 0.975
vt 0.55 0.775
vt 0.51667 0.975
vt 0.55 0.975
vt 0.55 0.775
vt 0.34375 0.525
vt 0.34375 0.725
vt 0.37708 0.725
vt 0.37708 0.525
vt 0.34375 0.525
vt 0.37708 0.725
vt 0.37708 0.525
vt 0.37708 0.725
vt 0.41042 0.725
vt 0.41042 0.525
vt 0.37708 0.525
vt 0.41042 0.725
vt 0.31042 0.525
vt 0.31042 0.725
vt 0.34375 0.725
vt 0.34375 0.525
vt 0.31042 0.525
vt 0.34375 0.725
vt 0.34375 0.525
vt 0.34375 0.725
vt 0.37708 0.525
vt 0.34375 0.725
vt 0.37708 0.725
vt 0.37708 0.525
vt 0.37708 0.525
vt 0.37708 0.725
vt 0.41042 0.525
vt 0.37708 0.725
vt 0.41042 0.725
vt 0.41042 0.525
vt 0.31042 0.525
vt 0.31042 0.725
vt 0.34375 0.525
vt 0.31042 0.725
vt 0.34375 0.725
vt 0.34375 0.525
vt 0.87625 0.025
vt 0.87625 0.225
vt 0.87625 0.225
vt 0.87625 0.025
vt 0.87625 0.025
vt 0.87625 0.225
vt 0.87625 0.025
vt 0.87625 0.225
vt 0.87625 0.225
vt 0.87625 0.025
vt 0.87625 0.025
vt 0.87625 0.225
vt 0.87625 0.025
vt 0.87625 0.225
vt 0.87625 0.225
vt 0.87625 0.025
vt 0.87625 0.025
vt 0.87625 0.225
vt 0.87625 0.025
vt 0.87625 0.225
vt 0.87625 0.025
vt 0.87625 0.225
vt 0.87625 0.225
vt 0.87625 0.025
vt 0.87625 0.025
vt 0.87625 0.225
vt 0.87625 0.025
vt 0.87625 0.225
vt 0.87625 0.225
vt 0.87625 0.025
vt 0.87625 0.025
vt 0.87625 0.225
vt 0.87625 0.025
vt 0.87625 0.225
vt 0.87625 0.225
vt 0.87625 0.025
vt 0.4375 0.525
vt 0.4375 0.725
vt 0.47083 0.725
vt 0.47083 0.525
vt 0.4375 0.525
vt 0.47083 0.725
vt 0.47083 0.525
vt 0.47083 0.725
vt 0.50417 0.725
vt 0.50417 0.525
vt 0.47083 0.525
vt 0.50417 0.725
vt 0.40417 0.525
vt 0.40417 0.725
vt 0.4375 0.725
vt 0.4375 0.525
vt 0.40417 0.525
vt 0.4375 0.725
vt 0.4375 0.525
vt 0.4375 0.725
vt 0.47083 0.525
vt 0.4375 0.725
vt 0.47083 0.725
vt 0.47083 0.525
vt 0.47083 0.525
vt 0.47083 0.725
vt 0.50417 0.525
vt 0.47083 0.725
vt 0.50417 0.725
vt 0.50417 0.525
vt 0.40417 0.525
vt 0.40417 0.725
vt 0.4375 0.525
vt 0.40417 0.725
vt 0.4375 0.725
vt 0.4375 0.525
vt 0.55 0.775
vt 0.55 0.975
vt 0.58333 0.975
vt 0.58333 0.775
vt 0.55 0.775
vt 0.58333 0.975
vt 0.58333 0.775
vt 0.58333 0.975
vt 0.61667 0.975
vt 0.61667 0.775
vt 0.58333 0.775
vt 0.61667 0.975
vt 0.51667 0.775
vt 0.51667 0.975
vt 0.55 0.975
vt 0.55 0.775
vt 0.51667 0.775
vt 0.55 0.975
vt 0.55 0.775
vt 0.55 0.975
vt 0.58333 0.775
vt 0.55 0.975
vt 0.58333 0.975
vt 0.58333 0.775
vt 0.58333 0.775
vt 0.58333 0.975
vt 0.61667 0.775
vt 0.58333 0.975
vt 0.61667 0.975
vt 0.61667 0.775
vt 0.51667 0.775
vt 0.51667 0.975
vt 0.55 0.775
vt 0.51667 0.975
vt 0.55 0.975
vt 0.55 0.775
vt 0.55 0.775
vt 0.55 0.975
vt 0.58333 0.975
vt 0.58333 0.775
vt 0.55 0.775
vt 0.58333 0.975
vt 0.58333 0.775
vt 0.58333 0.975
vt 0.61667 0.975
vt 0.61667 0.775
vt 0.58333 0.775
vt 0.61667 0.975
vt 0.51667 0.775
vt 0.51667 0.975
vt 0.55 0.975
vt 0.55 0.775
vt 0.51667 0.775
vt 0.55 0.975
vt 0.55 0.775
vt 0.55 0.975
vt 0.58333 0.775
vt 0.55 0.975
vt 0.58333 0.975
vt 0.58333 0.775
vt 0.58333 0.775
vt 0.58333 0.975
vt 0.61667 0.775
vt 0.58333 0.975
vt 0.61667 0.975
vt 0.61667 0.775
vt 0.51667 0.775
vt 0.51667 0.975
vt 0.55 0.775
vt 0.51667 0.975
vt 0.55 0.975
vt 0.55 0.775
vt 0.87625 0.025
vt 0.87625 0.225
vt 0.87625 0.225
vt 0.87625 0.025
vt 0.87625 0.025
vt 0.87625 0.225
vt 0.87625 0.025
vt 0.87625 0.225
vt 0.87625 0.225
vt 0.87625 0.025
vt 0.87625 0.025
vt 0.87625 0.225
vt 0.87625 0.025
vt 0.87625 0.225
vt 0.87625 0.225
vt 0.87625 0.025
vt 0.87625 0.025
vt 0.87625 0.225
vt 0.87625 0.025
vt 0.87625 0.225
vt 0.87625 0.025
vt 0.87625 0.225
vt 0.87625 0.225
vt 0.87625 0.025
vt 0.87625 0.025
vt 0.87625 0.225
vt 0.87625 0.025
vt 0.87625 0.225
vt 0.87625 0.225
vt 0.87625 0.025
vt 0.87625 0.025
vt 0.87625 0.225
vt 0.87625 0.025
vt 0.87625 0.225
vt 0.87625 0.225
vt 0.87625 0.025
vt 0.87625 0.025
vt 0.87625 0.225
vt 0.87625 0.225
vt 0.87625 0.025
vt 0.87625 0.025
vt 0.87625 0.225
vt 0.87625 0.025
vt 0.87625 0.225
vt 0.87625 0.225
vt 0.87625 0.025
vt 0.87625 0.025
vt 0.87625 0.225
vt 0.87625 0.025
vt 0.87625 0.225
vt 0.87625 0.225
vt 0.87625 0.025
vt 0.87625 0.025
vt 0.87625 0.225
vt 0.87625 0.025
vt 0.87625 0.225
vt 0.87625 0.025
vt 0.87625 0.225
vt 0.87625 0.225
vt 0.87625 0.025
vt 0.87625 0.025
vt 0.87625 0.225
vt 0.87625 0.025
vt 0.87625 0.225
vt 0.87625 0.225
vt 0.87625 0.025
vt 0.87625 0.025
vt 0.87625 0.225
vt 0.87625 0.025
vt 0.87625 0.225
vt 0.87625 0.225
vt 0.87625 0.025
vt 0.87625 0.025
vt 0.87625 0.225
vt 0.87625 0.225
vt 0.87625 0.025
vt 0.87625 0.025
vt 0.87625 0.225
vt 0.87625 0.025
vt 0.87625 0.225
vt 0.87625 0.225
vt 0.87625 0.025
vt 0.87625 0.025
vt 0.87625 0.225
vt 0.87625 0.025
vt 0.87625 0.225
vt 0.87625 0.225
vt 0.87625 0.025
vt 0.87625 0.025
vt 0.87625 0.225
vt 0.87625 0.025
vt 0.87625 0.225
vt 0.87625 0.025
vt 0.87625 0.225
vt 0.87625 0.225
vt 0.87625 0.025
vt 0.87625 0.025
vt 0.87625 0.225
vt 0.87625 0.025
vt 0.87625 0.225
vt 0.87625 0.225
vt 0.87625 0.025
vt 0.87625 0.025
vt 0.87625 0.225
vt 0.87625 0.025
vt 0.87625 0.225
vt 0.87625 0.225
vt 0.87625 0.025
vt 0.87625 0.025
vt 0.87625 0.225
vt 0.87625 0.225
vt 0.87625 0.025
vt 0.87625 0.025
vt 0.87625 0.225
vt 0.87625 0.025
vt 0.87625 0.225
vt 0.87625 0.225
vt 0.87625 0.025
vt 0.87625 0.025
vt 0.87625 0.225
vt 0.87625 0.025
vt 0.87625 0.225
vt 0.87625 0.225
vt 0.87625 0.025
vt 0.87625 0.025
vt 0.87625 0.225
vt 0.87625 0.025
vt 0.87625 0.225
vt 0.87625 0.025
vt 0.87625 0.225
vt 0.87625 0.225
vt 0.87625 0.025
vt 0.87625 0.025
vt 0.87625 0.225
vt 0.87625 0.025
vt 0.87625 0.225
vt 0.87625 0.225
vt 0.87625 0.025
vt 0.87625 0.025
vt 0.87625 0.225
vt 0.87625 0.025
vt 0.87625 0.225
vt 0.87625 0.225
vt 0.87625 0.025
vt 0.6875 0.525
vt 0.6875 0.725
vt 0.72083 0.725
vt 0.72083 0.525
vt 0.6875 0.525
vt 0.72083 0.725
vt 0.72083 0.525
vt 0.72083 0.725
vt 0.75417 0.725
vt 0.75417 0.525
vt 0.72083 0.525
vt 0.75417 0.725
vt 0.65417 0.525
vt 0.65417 0.725
vt 0.6875 0.725
vt 0.6875 0.525
vt 0.65417 0.525
vt 0.6875 0.725
vt 0.6875 0.525
vt 0.6875 0.725
vt 0.72083 0.525
vt 0.6875 0.725
vt 0.72083 0.725
vt 0.72083 0.525
vt 0.72083 0.525
vt 0.72083 0.725
vt 0.75417 0.525
vt 0.72083 0.725
vt 0.75417 0.725
vt 0.75417 0.525
vt 0.65417 0.525
vt 0.65417 0.725
vt 0.6875 0.525
vt 0.65417 0.725
vt 0.6875 0.725
vt 0.6875 0.525
vt 0.0625 0.525
vt 0.0625 0.725
vt 0.09583 0.725
vt 0.09583 0.525
vt 0.0625 0.525
vt 0.09583 0.725
vt 0.09583 0.525
vt 0.09583 0.725
vt 0.12917 0.725
vt 0.12917 0.525
vt 0.09583 0.525
vt 0.12917 0.725
vt 0.02917 0.525
vt 0.02917 0.725
vt 0.0625 0.725
vt 0.0625 0.525
vt 0.02917 0.525
vt 0.0625 0.725
vt 0.0625 0.525
vt 0.0625 0.725
vt 0.09583 0.525
vt 0.0625 0.725
vt 0.09583 0.725
vt 0.09583 0.525
vt 0.09583 0.525
vt 0.09583 0.725
vt 0.12917 0.525
vt 0.09583 0.725
vt 0.12917 0.725
vt 0.12917 0.525
vt 0.02917 0.525
vt 0.02917 0.725
vt 0.0625 0.525
vt 0.02917 0.725
vt 0.0625 0.725
vt 0.0625 0.525
vt 0.6875 0.525
vt 0.6875 0.725
vt 0.72083 0.725
vt 0.72083 0.525
vt 0.6875 0.525
vt 0.72083 0.725
vt 0.72083 0.525
vt 0.72083 0.725
vt 0.75417 0.725
vt 0.75417 0.525
vt 0.72083 0.525
vt 0.75417 0.725
vt 0.65417 0.525
vt 0.65417 0.725
vt 0.6875 0.725
vt 0.6875 0.525
vt 0.65417 0.525
vt 0.6875 0.725
vt 0.6875 0.525
vt 0.6875 0.725
vt 0.72083 0.525
vt 0.6875 0.725
vt 0.72083 0.725
vt 0.72083 0.525
vt 0.72083 0.525
vt 0.72083 0.725
vt 0.75417 0.525
vt 0.72083 0.725
vt 0.75417 0.725
vt 0.75417 0.525
vt 0.65417 0.525
vt 0.65417 0.725
vt 0.6875 0.525
vt 0.65417 0.725
vt 0.6875 0.725
vt 0.6875 0.525
vt 0.87625 0.025
vt 0.87625 0.225
vt 0.87625 0.225
vt 0.87625 0.025
vt 0.87625 0.025
vt 0.87625 0.225
vt 0.87625 0.025
vt 0.87625 0.225
vt 0.87625 0.225
vt 0.87625 0.025
vt 0.87625 0.025
vt 0.87625 0.225
vt 0.87625 0.025
vt 0.87625 0.225
vt 0.87625 0.225
vt 0.87625 0.025
vt 0.87625 0.025
vt 0.87625 0.225
vt 0.87625 0.025
vt 0.87625 0.225
vt 0.87625 0.025
vt 0.87625 0.225
vt 0.87625 0.225
vt 0.87625 0.025
vt 0.87625 0.025
vt 0.87625 0.225
vt 0.87625 0.025
vt 0.87625 0.225
vt 0.87625 0.225
vt 0.87625 0.025
vt 0.87625 0.025
vt 0.87625 0.225
vt 0.87625 0.025
vt 0.87625 0.225
vt 0.87625 0.225
vt 0.87625 0.025
vt 0.87625 0.025
vt 0.87625 0.225
vt 0.87625 0.225
vt 0.87625 0.025
vt 0.87625 0.025
vt 0.87625 0.225
vt 0.87625 0.025
vt 0.87625 0.225
vt 0.87625 0.225
vt 0.87625 0.025
vt 0.87625 0.025
vt 0.87625 0.225
vt 0.87625 0.025
vt 0.87625 0.225
vt 0.87625 0.225
vt 0.87625 0.025
vt 0.87625 0.025
vt 0.87625 0.225
vt 0.87625 0.025
vt 0.87625 0.225
vt 0.87625 0.025
vt 0.87625 0.225
vt 0.87625 0.225
vt 0.87625 0.025
vt 0.87625 0.025
vt 0.87625 0.225
vt 0.87625 0.025
vt 0.87625 0.225
vt 0.87625 0.225
vt 0.87625 0.025
vt 0.87625 0.025
vt 0.87625 0.225
vt 0.87625 0.025
vt 0.87625 0.225
vt 0.87625 0.225
vt 0.87625 0.025
vt 0.87625 0.025
vt 0.87625 0.225
vt 0.87625 0.225
vt 0.87625 0.025
vt 0.87625 0.025
vt 0.87625 0.225
vt 0.87625 0.025
vt 0.87625 0.225
vt 0.87625 0.225
vt 0.87625 0.025
vt 0.87625 0.025
vt 0.87625 0.225
vt 0.87625 0.025
vt 0.87625 0.225
vt 0.87625 0.225
vt 0.87625 0.025
vt 0.87625 0.025
vt 0.87625 0.225
vt 0.87625 0.025
vt 0.87625 0.225
vt 0.87625 0.025
vt 0.87625 0.225
vt 0.87625 0.225
vt 0.87625 0.025
vt 0.87625 0.025
vt 0.87625 0.225
vt 0.87625 0.025
vt 0.87625 0.225
vt 0.87625 0.225
vt 0.87625 0.025
vt 0.87625 0.025
vt 0.87625 0.225
vt 0.87625 0.025
vt 0.87625 0.225
vt 0.87625 0.225
vt 0.87625 0.025
vt 0.87625 0.025
vt 0.87625 0.225
vt 0.87625 0.225
vt 0.87625 0.025
vt 0.87625 0.025
vt 0.87625 0.225
vt 0.87625 0.025
vt 0.87625 0.225
vt 0.87625 0.225
vt 0.87625 0.025
vt 0.87625 0.025
vt 0.87625 0.225
vt 0.87625 0.025
vt 0.87625 0.225
vt 0.87625 0.225
vt 0.87625 0.025
vt 0.87625 0.025
vt 0.87625 0.225
vt 0.87625 0.025
vt 0.87625 0.225
vt 0.87625 0.025
vt 0.87625 0.225
vt 0.87625 0.225
vt 0.87625 0.025
vt 0.87625 0.025
vt 0.87625 0.225
vt 0.87625 0.025
vt 0.87625 0.225
vt 0.87625 0.225
vt 0.87625 0.025
vt 0.87625 0.025
vt 0.87625 0.225
vt 0.87625 0.025
vt 0.87625 0.225
vt 0.87625 0.225
vt 0.87625 0.025
vt 0.87625 0.025
vt 0.87625 0.225
vt 0.87625 0.225
vt 0.87625 0.025
vt 0.87625 0.025
vt 0.87625 0.225
vt 0.87625 0.025
vt 0.87625 0.225
vt 0.87625 0.225
vt 0.87625 0.025
vt 0.87625 0.025
vt 0.87625 0.225
vt 0.87625 0.025
vt 0.87625 0.225
vt 0.87625 0.225
vt 0.87625 0.025
vt 0.87625 0.025
vt 0.87625 0.225
vt 0.87625 0.025
vt 0.87625 0.225
vt 0.87625 0.025
vt 0.87625 0.225
vt 0.87625 0.225
vt 0.87625 0.025
vt 0.87625 0.025
vt 0.87625 0.225
vt 0.87625 0.025
vt 0.87625 0.225
vt 0.87625 0.225
vt 0.87625 0.025
vt 0.87625 0.025
vt 0.87625 0.225
vt 0.87625 0.025
vt 0.87625 0.225
vt 0.87625 0.225
vt 0.87625 0.025
vt 0.87625 0.025
vt 0.87625 0.225
vt 0.87625 0.225
vt 0.87625 0.025
vt 0.87625 0.025
vt 0.87625 0.225
vt 0.87625 0.025
vt 0.87625 0.225
vt 0.87625 0.225
vt 0.87625 0.025
vt 0.87625 0.025
vt 0.87625 0.225
vt 0.87625 0.025
vt 0.87625 0.225
vt 0.87625 0.225
vt 0.87625 0.025
vt 0.87625 0.025
vt 0.87625 0.225
vt 0.87625 0.025
vt 0.87625 0.225
vt 0.87625 0.025
vt 0.87625 0.225
vt 0.87625 0.225
vt 0.87625 0.025
vt 0.87625 0.025
vt 0.87625 0.225
vt 0.87625 0.025
vt 0.87625 0.225
vt 0.87625 0.225
vt 0.87625 0.025
vt 0.87625 0.025
vt 0.87625 0.225
vt 0.87625 0.025
vt 0.87625 0.225
vt 0.87625 0.225
vt 0.87625 0.025
vt 0.87625 0.025
vt 0.87625 0.225
vt 0.87625 0.225
vt 0.87625 0.025
vt 0.87625 0.025
vt 0.87625 0.225
vt 0.87625 0.025
vt 0.87625 0.225
vt 0.87625 0.225
vt 0.87625 0.025
vt 0.87625 0.025
vt 0.87625 0.225
vt 0.87625 0.025
vt 0.87625 0.225
vt 0.87625 0.225
vt 0.87625 0.025
vt 0.87625 0.025
vt 0.87625 0.225
vt 0.87625 0.025
vt 0.87625 0.225
vt 0.87625 0.025
vt 0.87625 0.225
vt 0.87625 0.225
vt 0.87625 0.025
vt 0.87625 0.025
vt 0.87625 0.225
vt 0.87625 0.025
vt 0.87625 0.225
vt 0.87625 0.225
vt 0.87625 0.025
vt 0.87625 0.025
vt 0.87625 0.225
vt 0.87625 0.025
vt 0.87625 0.225
vt 0.87625 0.225
vt 0.87625 0.025
vt 0.87625 0.025
vt 0.87625 0.225
vt 0.87625 0.225
vt 0.87625 0.025
vt 0.87625 0.025
vt 0.87625 0.225
vt 0.87625 0.025
vt 0.87625 0.225
vt 0.87625 0.225
vt 0.87625 0.025
vt 0.87625 0.025
vt 0.87625 0.225
vt 0.87625 0.025
vt 0.87625 0.225
vt 0.87625 0.225
vt 0.87625 0.025
vt 0.87625 0.025
vt 0.87625 0.225
vt 0.87625 0.025
vt 0.87625 0.225
vt 0.87625 0.025
vt 0.87625 0.225
vt 0.87625 0.225
vt 0.87625 0.025
vt 0.87625 0.025
vt 0.87625 0.225
vt 0.87625 0.025
vt 0.87625 0.225
vt 0.87625 0.225
vt 0.87625 0.025
vt 0.87625 0.025
vt 0.87625 0.225
vt 0.87625 0.025
vt 0.87625 0.225
vt 0.87625 0.225
vt 0.87625 0.025
vt 0.87625 0.025
vt 0.87625 0.225
vt 0.87625 0.225
vt 0.87625 0.025
vt 0.87625 0.025
vt 0.87625 0.225
vt 0.87625 0.025
vt 0.87625 0.225
vt 0.87625 0.225
vt 0.87625 0.025
vt 0.87625 0.025
vt 0.87625 0.225
vt 0.87625 0.025
vt 0.87625 0.225
vt 0.87625 0.225
vt 0.87625 0.025
vt 0.87625 0.025
vt 0.87625 0.225
vt 0.87625 0.025
vt 0.87625 0.225
vt 0.87625 0.025
vt 0.87625 0.225
vt 0.87625 0.225
vt 0.87625 0.025
vt 0.87625 0.025
vt 0.87625 0.225
vt 0.87625 0.025
vt 0.87625 0.225
vt 0.87625 0.225
vt 0.87625 0.025
vt 0.87625 0.025
vt 0.87625 0.225
vt 0.87625 0.025
vt 0.87625 0.225
vt 0.87625 0.225
vt 0.87625 0.025
vt 0.87625 0.025
vt 0.87625 0.225
vt 0.87625 0.225
vt 0.87625 0.025
vt 0.87625 0.025
vt 0.87625 0.225
vt 0.87625 0.025
vt 0.87625 0.225
vt 0.87625 0.225
vt 0.87625 0.025
vt 0.87625 0.025
vt 0.87625 0.225
vt 0.87625 0.025
vt 0.87625 0.225
vt 0.87625 0.225
vt 0.87625 0.025
vt 0.87625 0.025
vt 0.87625 0.225
vt 0.87625 0.025
vt 0.87625 0.225
vt 0.87625 0.025
vt 0.87625 0.225
vt 0.87625 0.225
vt 0.87625 0.025
vt 0.87625 0.025
vt 0.87625 0.225
vt 0.87625 0.025
vt 0.87625 0.225
vt 0.87625 0.225
vt 0.87625 0.025
vt 0.87625 0.025
vt 0.87625 0.225
vt 0.87625 0.025
vt 0.87625 0.225
vt 0.87625 0.225
vt 0.87625 0.025
vt 0.87625 0.025
vt 0.87625 0.225
vt 0.87625 0.225
vt 0.87625 0.025
vt 0.87625 0.025
vt 0.87625 0.225
vt 0.87625 0.025
vt 0.87625 0.225
vt 0.87625 0.225
vt 0.87625 0.025
vt 0.87625 0.025
vt 0.87625 0.225
vt 0.87625 0.025
vt 0.87625 0.225
vt 0.87625 0.225
vt 0.87625 0.025
vt 0.87625 0.025
vt 0.87625 0.225
vt 0.87625 0.025
vt 0.87625 0.225
vt 0.87625 0.025
vt 0.87625 0.225
vt 0.87625 0.225
vt 0.87625 0.025
vt 0.87625 0.025
vt 0.87625 0.225
vt 0.87625 0.025
vt 0.87625 0.225
vt 0.87625 0.225
vt 0.87625 0.025
vt 0.87625 0.025
vt 0.87625 0.225
vt 0.87625 0.025
vt 0.87625 0.225
vt 0.87625 0.225
vt 0.87625 0.025
vt 0.87625 0.025
vt 0.87625 0.225
vt 0.87625 0.225
vt 0.87625 0.025
vt 0.87625 0.025
vt 0.87625 0.225
vt 0.87625 0.025
vt 0.87625 0.225
vt 0.87625 0.225
vt 0.87625 0.025
vt 0.87625 0.025
vt 0.87625 0.225
vt 0.87625 0.025
vt 0.87625 0.225
vt 0.87625 0.225
vt 0.87625 0.025
vt 0.87625 0.025
vt 0.87625 0.225
vt 0.87625 0.025
vt 0.87625 0.225
vt 0.87625 0.025
vt 0.87625 0.225
vt 0.87625 0.225
vt 0.87625 0.025
vt 0.87625 0.025
vt 0.87625 0.225
vt 0.87625 0.025
vt 0.87625 0.225
vt 0.87625 0.225
vt 0.87625 0.025
vt 0.87625 0.025
vt 0.87625 0.225
vt 0.87625 0.025
vt 0.87625 0.225
vt 0.87625 0.225
vt 0.87625 0.025
vt 0.87625 0.025
vt 0.87625 0.225
vt 0.87625 0.225
vt 0.87625 0.025
vt 0.87625 0.025
vt 0.87625 0.225
vt 0.87625 0.025
vt 0.87625 0.225
vt 0.87625 0.225
vt 0.87625 0.025
vt 0.87625 0.025
vt 0.87625 0.225
vt 0.87625 0.025
vt 0.87625 0.225
vt 0.87625 0.225
vt 0.87625 0.025
vt 0.87625 0.025
vt 0.87625 0.225
vt 0.87625 0.025
vt 0.87625 0.225
vt 0.87625 0.025
vt 0.87625 0.225
vt 0.87625 0.225
vt 0.87625 0.025
vt 0.87625 0.025
vt 0.87625 0.225
vt 0.87625 0.025
vt 0.87625 0.225
vt 0.87625 0.225
vt 0.87625 0.025
vt 0.87625 0.025
vt 0.87625 0.225
vt 0.87625 0.025
vt 0.87625 0.225
vt 0.87625 0.225
vt 0.87625 0.025
vt 0.87625 0.025
vt 0.87625 0.225
vt 0.87625 0.225
vt 0.87625 0.025
vt 0.87625 0.025
vt 0.87625 0.225
vt 0.87625 0.025
vt 0.87625 0.225
vt 0.87625 0.225
vt 0.87625 0.025
vt 0.87625 0.025
vt 0.87625 0.225
vt 0.87625 0.025
vt 0.87625 0.225
vt 0.87625 0.225
vt 0.87625 0.025
vt 0.87625 0.025
vt 0.87625 0.225
vt 0.87625 0.025
vt 0.87625 0.225
vt 0.87625 0.025
vt 0.87625 0.225
vt 0.87625 0.225
vt 0.87625 0.025
vt 0.87625 0.025
vt 0.87625 0.225
vt 0.87625 0.025
vt 0.87625 0.225
vt 0.87625 0.225
vt 0.87625 0.025
vt 0.87625 0.025
vt 0.87625 0.225
vt 0.87625 0.025
vt 0.87625 0.225
vt 0.87625 0.225
vt 0.87625 0.025
vt 0.87625 0.025
vt 0.87625 0.225
vt 0.87625 0.225
vt 0.87625 0.025
vt 0.87625 0.025
vt 0.87625 0.225
vt 0.87625 0.025
vt 0.87625 0.225
vt 0.87625 0.225
vt 0.87625 0.025
vt 0.87625 0.025
vt 0.87625 0.225
vt 0.87625 0.025
vt 0.87625 0.225
vt 0.87625 0.225
vt 0.87625 0.025
vt 0.87625 0.025
vt 0.87625 0.225
vt 0.87625 0.025
vt 0.87625 0.225
vt 0.87625 0.025
vt 0.87625 0.225
vt 0.87625 0.225
vt 0.87625 0.025
vt 0.87625 0.025
vt 0.87625 0.225
vt 0.87625 0.025
vt 0.87625 0.225
vt 0.87625 0.225
vt 0.87625 0.025
vt 0.87625 0.025
vt 0.87625 0.225
vt 0.87625 0.025
vt 0.87625 0.225
vt 0.87625 0.225
vt 0.87625 0.025
vt 0.87625 0.025
vt 0.87625 0.225
vt 0.87625 0.225
vt 0.87625 0.025
vt 0.87625 0.025
vt 0.87625 0.225
vt 0.87625 0.025
vt 0.87625 0.225
vt 0.87625 0.225
vt 0.87625 0.025
vt 0.87625 0.025
vt 0.87625 0.225
vt 0.87625 0.025
vt 0.87625 0.225
vt 0.87625 0.225
vt 0.87625 0.025
vt 0.87625 0.025
vt 0.87625 0.225
vt 0.87625 0.025
vt 0.87625 0.225
vt 0.87625 0.025
vt 0.87625 0.225
vt 0.87625 0.225
vt 0.87625 0.025
vt 0.87625 0.025
vt 0.87625 0.225
vt 0.87625 0.025
vt 0.87625 0.225
vt 0.87625 0.225
vt 0.87625 0.025
vt 0.87625 0.025
vt 0.87625 0.225
vt 0.87625 0.025
vt 0.87625 0.225
vt 0.87625 0.225
vt 0.87625 0.025
vt 0.87625 0.025
vt 0.87625 0.225
vt 0.87625 0.225
vt 0.87625 0.025
vt 0.87625 0.025
vt 0.87625 0.225
vt 0.87625 0.025
vt 0.87625 0.225
vt 0.87625 0.225
vt 0.87625 0.025
vt 0.87625 0.025
vt 0.87625 0.225
vt 0.87625 0.025
vt 0.87625 0.225
vt 0.87625 0.225
vt 0.87625 0.025
vt 0.87625 0.025
vt 0.87625 0.225
vt 0.87625 0.025
vt 0.87625 0.225
vt 0.87625 0.025
vt 0.87625 0.225
vt 0.87625 0.225
vt 0.87625 0.025
vt 0.87625 0.025
vt 0.87625 0.225
vt 0.87625 0.025
vt 0.87625 0.225
vt 0.87625 0.225
vt 0.87625 0.025
vt 0.87625 0.025
vt 0.87625 0.225
vt 0.87625 0.025
vt 0.87625 0.225
vt 0.87625 0.225
vt 0.87625 0.025
vt 0.87625 0.025
vt 0.87625 0.225
vt 0.87625 0.225
vt 0.87625 0.025
vt 0.87625 0.025
vt 0.87625 0.225
vt 0.87625 0.025
vt 0.87625 0.225
vt 0.87625 0.225
vt 0.87625 0.025
vt 0.87625 0.025
vt 0.87625 0.225
vt 0.87625 0.025
vt 0.87625 0.225
vt 0.87625 0.225
vt 0.87625 0.025
vt 0.87625 0.025
vt 0.87625 0.225
vt 0.87625 0.025
vt 0.87625 0.225
vt 0.87625 0.025
vt 0.87625 0.225
vt 0.87625 0.225
vt 0.87625 0.025
vt 0.87625 0.025
vt 0.87625 0.225
vt 0.87625 0.025
vt 0.87625 0.225
vt 0.87625 0.225
vt 0.87625 0.025
vt 0.87625 0.025
vt 0.87625 0.225
vt 0.87625 0.025
vt 0.87625 0.225
vt 0.87625 0.225
vt 0.87625 0.025
vt 0.87625 0.025
vt 0.87625 0.225
vt 0.87625 0.225
vt 0.87625 0.025
vt 0.87625 0.025
vt 0.87625 0.225
vt 0.87625 0.025
vt 0.87625 0.225
vt 0.87625 0.225
vt 0.87625 0.025
vt 0.87625 0.025
vt 0.87625 0.225
vt 0.87625 0.025
vt 0.87625 0.225
vt 0.87625 0.225
vt 0.87625 0.025
vt 0.87625 0.025
vt 0.87625 0.225
vt 0.87625 0.025
vt 0.87625 0.225
vt 0.87625 0.025
vt 0.87625 0.225
vt 0.87625 0.225
vt 0.87625 0.025
vt 0.87625 0.025
vt 0.87625 0.225
vt 0.87625 0.025
vt 0.87625 0.225
vt 0.87625 0.225
vt 0.87625 0.025
vt 0.87625 0.025
vt 0.87625 0.225
vt 0.87625 0.025
vt 0.87625 0.225
vt 0.87625 0.225
vt 0.87625 0.025
vt 0.87625 0.025
vt 0.87625 0.225
vt 0.87625 0.225
vt 0.87625 0.025
vt 0.87625 0.025
vt 0.87625 0.225
vt 0.87625 0.025
vt 0.87625 0.225
vt 0.87625 0.225
vt 0.87625 0.025
vt 0.87625 0.025
vt 0.87625 0.225
vt 0.87625 0.025
vt 0.87625 0.225
vt 0.87625 0.225
vt 0.87625 0.025
vt 0.87625 0.025
vt 0.87625 0.225
vt 0.87625 0.025
vt 0.87625 0.225
vt 0.87625 0.025
vt 0.87625 0.225
vt 0.87625 0.225
vt 0.87625 0.025
vt 0.87625 0.025
vt 0.87625 0.225
vt 0.87625 0.025
vt 0.87625 0.225
vt 0.87625 0.225
vt 0.87625 0.025
vt 0.87625 0.025
vt 0.87625 0.225
vt 0.87625 0.025
vt 0.87625 0.225
vt 0.87625 0.225
vt 0.87625 0.025
vt 0.87625 0.025
vt 0.87625 0.225
vt 0.87625 0.225
vt 0.87625 0.025
vt 0.87625 0.025
vt 0.87625 0.225
vt 0.87625 0.025
vt 0.87625 0.225
vt 0.87625 0.225
vt 0.87625 0.025
vt 0.87625 0.025
vt 0.87625 0.225
vt 0.87625 0.025
vt 0.87625 0.225
vt 0.87625 0.225
vt 0.87625 0.025
vt 0.87625 0.025
vt 0.87625 0.225
vt 0.87625 0.025
vt 0.87625 0.225
vt 0.87625 0.025
vt 0.87625 0.225
vt 0.87625 0.225
vt 0.87625 0.025
vt 0.87625 0.025
vt 0.87625 0.225
vt 0.87625 0.025
vt 0.87625 0.225
vt 0.87625 0.225
vt 0.87625 0.025
vt 0.87625 0.025
vt 0.87625 0.225
vt 0.87625 0.025
vt 0.87625 0.225
vt 0.87625 0.225
vt 0.87625 0.025
vt 0.87625 0.025
vt 0.87625 0.225
vt 0.87625 0.225
vt 0.87625 0.025
vt 0.87625 0.025
vt 0.87625 0.225
vt 0.87625 0.025
vt 0.87625 0.225
vt 0.87625 0.225
vt 0.87625 0.025
vt 0.87625 0.025
vt 0.87625 0.225
vt 0.87625 0.025
vt 0.87625 0.225
vt 0.87625 0.225
vt 0.87625 0.025
vt 0.87625 0.025
vt 0.87625 0.225
vt 0.87625 0.025
vt 0.87625 0.225
vt 0.87625 0.025
vt 0.87625 0.225
vt 0.87625 0.225
vt 0.87625 0.025
vt 0.87625 0.025
vt 0.87625 0.225
vt 0.87625 0.025
vt 0.87625 0.225
vt 0.87625 0.225
vt 0.87625 0.025
vt 0.87625 0.025
vt 0.87625 0.225
vt 0.87625 0.025
vt 0.87625 0.225
vt 0.87625 0.225
vt 0.87625 0.025
vt 0.87625 0.025
vt 0.87625 0.225
vt 0.87625 0.225
vt 0.87625 0.025
vt 0.87625 0.025
vt 0.87625 0.225
vt 0.87625 0.025
vt 0.87625 0.225
vt 0.87625 0.225
vt 0.87625 0.025
vt 0.87625 0.025
vt 0.87625 0.225
vt 0.87625 0.025
vt 0.87625 0.225
vt 0.87625 0.225
vt 0.87625 0.025
vt 0.87625 0.025
vt 0.87625 0.225
vt 0.87625 0.025
vt 0.87625 0.225
vt 0.87625 0.025
vt 0.87625 0.225
vt 0.87625 0.225
vt 0.87625 0.025
vt 0.87625 0.025
vt 0.87625 0.225
vt 0.87625 0.025
vt 0.87625 0.225
vt 0.87625 0.225
vt 0.87625 0.025
vt 0.87625 0.025
vt 0.87625 0.225
vt 0.87625 0.025
vt 0.87625 0.225
vt 0.87625 0.225
vt 0.87625 0.025
vt 0.87625 0.025
vt 0.87625 0.225
vt 0.87625 0.225
vt 0.87625 0.025
vt 0.87625 0.025
vt 0.87625 0.225
vt 0.87625 0.025
vt 0.87625 0.225
vt 0.87625 0.225
vt 0.87625 0.025
vt 0.87625 0.025
vt 0.87625 0.225
vt 0.87625 0.025
vt 0.87625 0.225
vt 0.87625 0.225
vt 0.87625 0.025
vt 0.87625 0.025
vt 0.87625 0.225
vt 0.87625 0.025
vt 0.87625 0.225
vt 0.87625 0.025
vt 0.87625 0.225
vt 0.87625 0.225
vt 0.87625 0.025
vt 0.87625 0.025
vt 0.87625 0.225
vt 0.87625 0.025
vt 0.87625 0.225
vt 0.87625 0.225
vt 0.87625 0.025
vt 0.87625 0.025
vt 0.87625 0.225
vt 0.87625 0.025
vt 0.87625 0.225
vt 0.87625 0.225
vt 0.87625 0.025
vt 0.87625 0.025
vt 0.87625 0.225
vt 0.87625 0.225
vt 0.87625 0.025
vt 0.87625 0.025
vt 0.87625 0.225
vt 0.87625 0.025
vt 0.87625 0.225
vt 0.87625 0.225
vt 0.87625 0.025
vt 0.87625 0.025
vt 0.87625 0.225
vt 0.87625 0.025
vt 0.87625 0.225
vt 0.87625 0.225
vt 0.87625 0.025
vt 0.87625 0.025
vt 0.87625 0.225
vt 0.87625 0.025
vt 0.87625 0.225
vt 0.87625 0.025
vt 0.87625 0.225
vt 0.87625 0.225
vt 0.87625 0.025
vt 0.87625 0.025
vt 0.87625 0.225
vt 0.87625 0.025
vt 0.87625 0.225
vt 0.87625 0.225
vt 0.87625 0.025
vt 0.87625 0.025
vt 0.87625 0.225
vt 0.87625 0.025
vt 0.87625 0.225
vt 0.87625 0.225
vt 0.87625 0.025
vt 0.87625 0.025
vt 0.87625 0.225
vt 0.87625 0.225
vt 0.87625 0.025
vt 0.87625 0.025
vt 0.87625 0.225
vt 0.87625 0.025
vt 0.87625 0.225
vt 0.87625 0.225
vt 0.87625 0.025
vt 0.87625 0.025
vt 0.87625 0.225
vt 0.87625 0.025
vt 0.87625 0.225
vt 0.87625 0.225
vt 0.87625 0.025
vt 0.87625 0.025
vt 0.87625 0.225
vt 0.87625 0.025
vt 0.87625 0.225
vt 0.87625 0.025
vt 0.87625 0.225
vt 0.87625 0.225
vt 0.87625 0.025
vt 0.87625 0.025
vt 0.87625 0.225
vt 0.87625 0.025
vt 0.87625 0.225
vt 0.87625 0.225
vt 0.87625 0.025
vt 0.87625 0.025
vt 0.87625 0.225
vt 0.87625 0.025
vt 0.87625 0.225
vt 0.87625 0.225
vt 0.87625 0.025
vt 0.5625 0.775
vt 0.5625 0.975
vt 0.5825 0.975
vt 0.5825 0.775
vt 0.5625 0.775
vt 0.5825 0.975
vt 0.5825 0.775
vt 0.5825 0.975
vt 0.6025 0.975
vt 0.6025 0.775
vt 0.5825 0.775
vt 0.6025 0.975
vt 0.6025 0.775
vt 0.6025 0.975
vt 0.6225 0.975
vt 0.6225 0.775
vt 0.6025 0.775
vt 0.6225 0.975
vt 0.5225 0.775
vt 0.5225 0.975
vt 0.5425 0.975
vt 0.5425 0.775
vt 0.5225 0.775
vt 0.5425 0.975
vt 0.5425 0.775
vt 0.5425 0.975
vt 0.5625 0.975
vt 0.5625 0.775
vt 0.5425 0.775
vt 0.5625 0.975
vt 0.5625 0.775
vt 0.5625 0.975
vt 0.5825 0.775
vt 0.5625 0.975
vt 0.5825 0.975
vt 0.5825 0.775
vt 0.5825 0.775
vt 0.5825 0.975
vt 0.6025 0.775
vt 0.5825 0.975
vt 0.6025 0.975
vt 0.6025 0.775
vt 0.6025 0.775
vt 0.6025 0.975
vt 0.6225 0.775
vt 0.6025 0.975
vt 0.6225 0.975
vt 0.6225 0.775
vt 0.5225 0.775
vt 0.5225 0.975
vt 0.5425 0.775
vt 0.5225 0.975
vt 0.5425 0.975
vt 0.5425 0.775
vt 0.5425 0.775
vt 0.5425 0.975
vt 0.5625 0.775
vt 0.5425 0.975
vt 0.5625 0.975
vt 0.5625 0.775
vt 0.87625 0.025
vt 0.87625 0.225
vt 0.87625 0.225
vt 0.87625 0.025
vt 0.87625 0.025
vt 0.87625 0.225
vt 0.87625 0.025
vt 0.87625 0.225
vt 0.87625 0.225
vt 0.87625 0.025
vt 0.87625 0.025
vt 0.87625 0.225
vt 0.87625 0.025
vt 0.87625 0.225
vt 0.87625 0.225
vt 0.87625 0.025
vt 0.87625 0.025
vt 0.87625 0.225
vt 0.87625 0.025
vt 0.87625 0.225
vt 0.87625 0.225
vt 0.87625 0.025
vt 0.87625 0.025
vt 0.87625 0.225
vt 0.87625 0.025
vt 0.87625 0.225
vt 0.87625 0.225
vt 0.87625 0.025
vt 0.87625 0.025
vt 0.87625 0.225
vt 0.87625 0.025
vt 0.87625 0.225
vt 0.87625 0.025
vt 0.87625 0.225
vt 0.87625 0.225
vt 0.87625 0.025
vt 0.87625 0.025
vt 0.87625 0.225
vt 0.87625 0.025
vt 0.87625 0.225
vt 0.87625 0.225
vt 0.87625 0.025
vt 0.87625 0.025
vt 0.87625 0.225
vt 0.87625 0.025
vt 0.87625 0.225
vt 0.87625 0.225
vt 0.87625 0.025
vt 0.87625 0.025
vt 0.87625 0.225
vt 0.87625 0.025
vt 0.87625 0.225
vt 0.87625 0.225
vt 0.87625 0.025
vt 0.87625 0.025
vt 0.87625 0.225
vt 0.87625 0.025
vt 0.87625 0.225
vt 0.87625 0.225
vt 0.87625 0.025
vt 0.1875 0.275
vt 0.1875 0.475
vt 0.2075 0.475
vt 0.2075 0.275
vt 0.1875 0.275
vt 0.2075 0.475
vt 0.2075 0.275
vt 0.2075 0.475
vt 0.2275 0.475
vt 0.2275 0.275
vt 0.2075 0.275
vt 0.2275 0.475
vt 0.2275 0.275
vt 0.2275 0.475
vt 0.2475 0.475
vt 0.2475 0.275
vt 0.2275 0.275
vt 0.2475 0.475
vt 0.1475 0.275
vt 0.1475 0.475
vt 0.1675 0.475
vt 0.1675 0.275
vt 0.1475 0.275
vt 0.1675 0.475
vt 0.1675 0.275
vt 0.1675 0.475
vt 0.1875 0.475
vt 0.1875 0.275
vt 0.1675 0.275
vt 0.1875 0.475
vt 0.1875 0.275
vt 0.1875 0.475
vt 0.2075 0.275
vt 0.1875 0.475
vt 0.2075 0.475
vt 0.2075 0.275
vt 0.2075 0.275
vt 0.2075 0.475
vt 0.2275 0.275
vt 0.2075 0.475
vt 0.2275 0.475
vt 0.2275 0.275
vt 0.2275 0.275
vt 0.2275 0.475
vt 0.2475 0.275
vt 0.2275 0.475
vt 0.2475 0.475
vt 0.2475 0.275
vt 0.1475 0.275
vt 0.1475 0.475
vt 0.1675 0.275
vt 0.1475 0.475
vt 0.1675 0.475
vt 0.1675 0.275
vt 0.1675 0.275
vt 0.1675 0.475
vt 0.1875 0.275
vt 0.1675 0.475
vt 0.1875 0.475
vt 0.1875 0.275
vt 0.5625 0.775
vt 0.5625 0.975
vt 0.5825 0.975
vt 0.5825 0.775
vt 0.5625 0.775
vt 0.5825 0.975
vt 0.5825 0.775
vt 0.5825 0.975
vt 0.6025 0.975
vt 0.6025 0.775
vt 0.5825 0.775
vt 0.6025 0.975
vt 0.6025 0.775
vt 0.6025 0.975
vt 0.6225 0.975
vt 0.6225 0.775
vt 0.6025 0.775
vt 0.6225 0.975
vt 0.5225 0.775
vt 0.5225 0.975
vt 0.5425 0.975
vt 0.5425 0.775
vt 0.5225 0.775
vt 0.5425 0.975
vt 0.5425 0.775
vt 0.5425 0.975
vt 0.5625 0.975
vt 0.5625 0.775
vt 0.5425 0.775
vt 0.5625 0.975
vt 0.5625 0.775
vt 0.5625 0.975
vt 0.5825 0.775
vt 0.5625 0.975
vt 0.5825 0.975
vt 0.5825 0.775
vt 0.5825 0.775
vt 0.5825 0.975
vt 0.6025 0.775
vt 0.5825 0.975
vt 0.6025 0.975
vt 0.6025 0.775
vt 0.6025 0.775
vt 0.6025 0.975
vt 0.6225 0.775
vt 0.6025 0.975
vt 0.6225 0.975
vt 0.6225 0.775
vt 0.5225 0.775
vt 0.5225 0.975
vt 0.5425 0.775
vt 0.5225 0.975
vt 0.5425 0.975
vt 0.5425 0.775
vt 0.5425 0.775
vt 0.5425 0.975
vt 0.5625 0.775
vt 0.5425 0.975
vt 0.5625 0.975
vt 0.5625 0.775
vt 0.3125 0.275
vt 0.3125 0.475
vt 0.3325 0.475
vt 0.3325 0.275
vt 0.3125 0.275
vt 0.3325 0.475
vt 0.3325 0.275
vt 0.3325 0.475
vt 0.3525 0.475
vt 0.3525 0.275
vt 0.3325 0.275
vt 0.3525 0.475
vt 0.3525 0.275
vt 0.3525 0.475
vt 0.3725 0.475
vt 0.3725 0.275
vt 0.3525 0.275
vt 0.3725 0.475
vt 0.2725 0.275
vt 0.2725 0.475
vt 0.2925 0.475
vt 0.2925 0.275
vt 0.2725 0.275
vt 0.2925 0.475
vt 0.2925 0.275
vt 0.2925 0.475
vt 0.3125 0.475
vt 0.3125 0.275
vt 0.2925 0.275
vt 0.3125 0.475
vt 0.3125 0.275
vt 0.3125 0.475
vt 0.3325 0.275
vt 0.3125 0.475
vt 0.3325 0.475
vt 0.3325 0.275
vt 0.3325 0.275
vt 0.3325 0.475
vt 0.3525 0.275
vt 0.3325 0.475
vt 0.3525 0.475
vt 0.3525 0.275
vt 0.3525 0.275
vt 0.3525 0.475
vt 0.3725 0.275
vt 0.3525 0.475
vt 0.3725 0.475
vt 0.3725 0.275
vt 0.2725 0.275
vt 0.2725 0.475
vt 0.2925 0.275
vt 0.2725 0.475
vt 0.2925 0.475
vt 0.2925 0.275
vt 0.2925 0.275
vt 0.2925 0.475
vt 0.3125 0.275
vt 0.2925 0.475
vt 0.3125 0.475
vt 0.3125 0.275
vt 0.5125 0.775
vt 0.5125 0.955
vt 0.6125 0.775
vt 0.6125 0.775
vt 0.5125 0.955
vt 0.6125 0.955
vt 0.5125 0.955
vt 0.5125 0.975
vt 0.6125 0.955
vt 0.6125 0.955
vt 0.5125 0.975
vt 0.6125 0.975
vt 0.5125 0.775
vt 0.6125 0.775
vt 0.5125 0.955
vt 0.6125 0.775
vt 0.6125 0.955
vt 0.5125 0.955
vt 0.5125 0.955
vt 0.6125 0.955
vt 0.5125 0.975
vt 0.6125 0.955
vt 0.6125 0.975
vt 0.5125 0.975
vt 0.3125 0.525
vt 0.3125 0.705
vt 0.4125 0.525
vt 0.4125 0.525
vt 0.3125 0.705
vt 0.4125 0.705
vt 0.3125 0.705
vt 0.3125 0.725
vt 0.4125 0.705
vt 0.4125 0.705
vt 0.3125 0.725
vt 0.4125 0.725
vt 0.3125 0.525
vt 0.4125 0.525
vt 0.3125 0.705
vt 0.4125 0.525
vt 0.4125 0.705
vt 0.3125 0.705
vt 0.3125 0.705
vt 0.4125 0.705
vt 0.3125 0.725
vt 0.4125 0.705
vt 0.4125 0.725
vt 0.3125 0.725
vt 0.2625 0.525
vt 0.2625 0.705
vt 0.3625 0.525
vt 0.3625 0.525
vt 0.2625 0.705
vt 0.3625 0.705
vt 0.2625 0.705
vt 0.2625 0.725
vt 0.3625 0.705
vt 0.3625 0.705
vt 0.2625 0.725
vt 0.3625 0.725
vt 0.2625 0.525
vt 0.3625 0.525
vt 0.2625 0.705
vt 0.3625 0.525
vt 0.3625 0.705
vt 0.2625 0.705
vt 0.2625 0.705
vt 0.3625 0.705
vt 0.2625 0.725
vt 0.3625 0.705
vt 0.3625 0.725
vt 0.2625 0.725
vt 0.3875 0.525
vt 0.3875 0.705
vt 0.4875 0.525
vt 0.4875 0.525
vt 0.3875 0.705
vt 0.4875 0.705
vt 0.3875 0.705
vt 0.3875 0.725
vt 0.4875 0.705
vt 0.4875 0.705
vt 0.3875 0.725
vt 0.4875 0.725
vt 0.3875 0.525
vt 0.4875 0.525
vt 0.3875 0.705
vt 0.4875 0.525
vt 0.4875 0.705
vt 0.3875 0.705
vt 0.3875 0.705
vt 0.4875 0.705
vt 0.3875 0.725
vt 0.4875 0.705
vt 0.4875 0.725
vt 0.3875 0.725
vt 0.5125 0.775
vt 0.5125 0.955
vt 0.6125 0.775
vt 0.6125 0.775
vt 0.5125 0.955
vt 0.6125 0.955
vt 0.5125 0.955
vt 0.5125 0.975
vt 0.6125 0.955
vt 0.6125 0.955
vt 0.5125 0.975
vt 0.6125 0.975
vt 0.5125 0.775
vt 0.6125 0.775
vt 0.5125 0.955
vt 0.6125 0.775
vt 0.6125 0.955
vt 0.5125 0.955
vt 0.5125 0.955
vt 0.6125 0.955
vt 0.5125 0.975
vt 0.6125 0.955
vt 0.6125 0.975
vt 0.5125 0.975
vt 0.1375 0.275
vt 0.1375 0.455
vt 0.2375 0.275
vt 0.2375 0.275
vt 0.1375 0.455
vt 0.2375 0.455
vt 0.1375 0.455
vt 0.1375 0.475
vt 0.2375 0.455
vt 0.2375 0.455
vt 0.1375 0.475
vt 0.2375 0.475
vt 0.1375 0.275
vt 0.2375 0.275
vt 0.1375 0.455
vt 0.2375 0.275
vt 0.2375 0.455
vt 0.1375 0.455
vt 0.1375 0.455
vt 0.2375 0.455
vt 0.1375 0.475
vt 0.2375 0.455
vt 0.2375 0.475
vt 0.1375 0.475
vt 0.87625 0.025
vt 0.87625 0.205
vt 0.87625 0.025
vt 0.87625 0.025
vt 0.87625 0.205
vt 0.87625 0.225
vt 0.87625 0.205
vt 0.87625 0.225
vt 0.87625 0.225
vt 0.87625 0.025
vt 0.87625 0.025
vt 0.87625 0.205
vt 0.87625 0.025
vt 0.87625 0.225
vt 0.87625 0.205
vt 0.87625 0.205
vt 0.87625 0.225
vt 0.87625 0.225
vt 0.5125 0.955
vt 0.5125 0.775
vt 0.6125 0.775
vt 0.5125 0.955
vt 0.6125 0.775
vt 0.6125 0.955
vt 0.5125 0.975
vt 0.5125 0.955
vt 0.6125 0.955
vt 0.5125 0.975
vt 0.6125 0.955
vt 0.6125 0.975
vt 0.5125 0.955
vt 0.6125 0.775
vt 0.5125 0.775
vt 0.5125 0.955
vt 0.6125 0.955
vt 0.6125 0.775
vt 0.5125 0.975
vt 0.6125 0.955
vt 0.5125 0.955
vt 0.5125 0.975
vt 0.6125 0.975
vt 0.6125 0.955
vt 0.3125 0.705
vt 0.3125 0.525
vt 0.4125 0.525
vt 0.3125 0.705
vt 0.4125 0.525
vt 0.4125 0.705
vt 0.3125 0.725
vt 0.3125 0.705
vt 0.4125 0.705
vt 0.3125 0.725
vt 0.4125 0.705
vt 0.4125 0.725
vt 0.3125 0.705
vt 0.4125 0.525
vt 0.3125 0.525
vt 0.3125 0.705
vt 0.4125 0.705
vt 0.4125 0.525
vt 0.3125 0.725
vt 0.4125 0.705
vt 0.3125 0.705
vt 0.3125 0.725
vt 0.4125 0.725
vt 0.4125 0.705
vt 0.2625 0.705
vt 0.2625 0.525
vt 0.3625 0.525
vt 0.2625 0.705
vt 0.3625 0.525
vt 0.3625 0.705
vt 0.2625 0.725
vt 0.2625 0.705
vt 0.3625 0.705
vt 0.2625 0.725
vt 0.3625 0.705
vt 0.3625 0.725
vt 0.2625 0.705
vt 0.3625 0.525
vt 0.2625 0.525
vt 0.2625 0.705
vt 0.3625 0.705
vt 0.3625 0.525
vt 0.2625 0.725
vt 0.3625 0.705
vt 0.2625 0.705
vt 0.2625 0.725
vt 0.3625 0.725
vt 0.3625 0.705
vt 0.3875 0.705
vt 0.3875 0.525
vt 0.4875 0.525
vt 0.3875 0.705
vt 0.4875 0.525
vt 0.4875 0.705
vt 0.3875 0.725
vt 0.3875 0.705
vt 0.4875 0.705
vt 0.3875 0.725
vt 0.4875 0.705
vt 0.4875 0.725
vt 0.3875 0.705
vt 0.4875 0.525
vt 0.3875 0.525
vt 0.3875 0.705
vt 0.4875 0.705
vt 0.4875 0.525
vt 0.3875 0.725
vt 0.4875 0.705
vt 0.3875 0.705
vt 0.3875 0.725
vt 0.4875 0.725
vt 0.4875 0.705
vt 0.5125 0.955
vt 0.5125 0.775
vt 0.6125 0.775
vt 0.5125 0.955
vt 0.6125 0.775
vt 0.6125 0.955
vt 0.5125 0.975
vt 0.5125 0.955
vt 0.6125 0.955
vt 0.5125 0.975
vt 0.6125 0.955
vt 0.6125 0.975
vt 0.5125 0.955
vt 0.6125 0.775
vt 0.5125 0.775
vt 0.5125 0.955
vt 0.6125 0.955
vt 0.6125 0.775
vt 0.5125 0.975
vt 0.6125 0.955
vt 0.5125 0.955
vt 0.5125 0.975
vt 0.6125 0.975
vt 0.6125 0.955
vt 0.1375 0.455
vt 0.1375 0.275
vt 0.2375 0.275
vt 0.1375 0.455
vt 0.2375 0.275
vt 0.2375 0.455
vt 0.1375 0.475
vt 0.1375 0.455
vt 0.2375 0.455
vt 0.1375 0.475
vt 0.2375 0.455
vt 0.2375 0.475
vt 0.1375 0.455
vt 0.2375 0.275
vt 0.1375 0.275
vt 0.1375 0.455
vt 0.2375 0.455
vt 0.2375 0.275
vt 0.1375 0.475
vt 0.2375 0.455
vt 0.1375 0.455
vt 0.1375 0.475
vt 0.2375 0.475
vt 0.2375 0.455
vt 0.87625 0.205
vt 0.87625 0.025
vt 0.87625 0.025
vt 0.87625 0.205
vt 0.87625 0.025
vt 0.87625 0.225
vt 0.87625 0.225
vt 0.87625 0.205
vt 0.87625 0.225
vt 0.87625 0.205
vt 0.87625 0.025
vt 0.87625 0.025
vt 0.87625 0.205
vt 0.87625 0.225
vt 0.87625 0.025
vt 0.87625 0.225
vt 0.87625 0.225
vt 0.87625 0.205
vt 0.5125 0.775
vt 0.5125 0.935
vt 0.6125 0.775
vt 0.6125 0.775
vt 0.5125 0.935
vt 0.6125 0.935
vt 0.5125 0.935
vt 0.5125 0.975
vt 0.6125 0.935
vt 0.6125 0.935
vt 0.5125 0.975
vt 0.6125 0.975
vt 0.5125 0.775
vt 0.6125 0.775
vt 0.5125 0.935
vt 0.6125 0.775
vt 0.6125 0.935
vt 0.5125 0.935
vt 0.5125 0.935
vt 0.6125 0.935
vt 0.5125 0.975
vt 0.6125 0.935
vt 0.6125 0.975
vt 0.5125 0.975
vt 0.5125 0.775
vt 0.5125 0.935
vt 0.6125 0.775
vt 0.6125 0.775
vt 0.5125 0.935
vt 0.6125 0.935
vt 0.5125 0.935
vt 0.5125 0.975
vt 0.6125 0.935
vt 0.6125 0.935
vt 0.5125 0.975
vt 0.6125 0.975
vt 0.5125 0.775
vt 0.6125 0.775
vt 0.5125 0.935
vt 0.6125 0.775
vt 0.6125 0.935
vt 0.5125 0.935
vt 0.5125 0.935
vt 0.6125 0.935
vt 0.5125 0.975
vt 0.6125 0.935
vt 0.6125 0.975
vt 0.5125 0.975
vt 0.1375 0.275
vt 0.1375 0.435
vt 0.2375 0.275
vt 0.2375 0.275
vt 0.1375 0.435
vt 0.2375 0.435
vt 0.1375 0.435
vt 0.1375 0.475
vt 0.2375 0.435
vt 0.2375 0.435
vt 0.1375 0.475
vt 0.2375 0.475
vt 0.1375 0.275
vt 0.2375 0.275
vt 0.1375 0.435
vt 0.2375 0.275
vt 0.2375 0.435
vt 0.1375 0.435
vt 0.1375 0.435
vt 0.2375 0.435
vt 0.1375 0.475
vt 0.2375 0.435
vt 0.2375 0.475
vt 0.1375 0.475
vt 0.87625 0.025
vt 0.87625 0.185
vt 0.87625 0.025
vt 0.87625 0.025
vt 0.87625 0.185
vt 0.87625 0.225
vt 0.87625 0.185
vt 0.87625 0.225
vt 0.87625 0.225
vt 0.87625 0.025
vt 0.87625 0.025
vt 0.87625 0.185
vt 0.87625 0.025
vt 0.87625 0.225
vt 0.87625 0.185
vt 0.87625 0.185
vt 0.87625 0.225
vt 0.87625 0.225
vt 0.5125 0.935
vt 0.5125 0.775
vt 0.6125 0.775
vt 0.5125 0.935
vt 0.6125 0.775
vt 0.6125 0.935
vt 0.5125 0.975
vt 0.5125 0.935
vt 0.6125 0.935
vt 0.5125 0.975
vt 0.6125 0.935
vt 0.6125 0.975
vt 0.5125 0.935
vt 0.6125 0.775
vt 0.5125 0.775
vt 0.5125 0.935
vt 0.6125 0.935
vt 0.6125 0.775
vt 0.5125 0.975
vt 0.6125 0.935
vt 0.5125 0.935
vt 0.5125 0.975
vt 0.6125 0.975
vt 0.6125 0.935
vt 0.5125 0.935
vt 0.5125 0.775
vt 0.6125 0.775
vt 0.5125 0.935
vt 0.6125 0.775
vt 0.6125 0.935
vt 0.5125 0.975
vt 0.5125 0.935
vt 0.6125 0.935
vt 0.5125 0.975
vt 0.6125 0.935
vt 0.6125 0.975
vt 0.5125 0.935
vt 0.6125 0.775
vt 0.5125 0.775
vt 0.5125 0.935
vt 0.6125 0.935
vt 0.6125 0.775
vt 0.5125 0.975
vt 0.6125 0.935
vt 0.5125 0.935
vt 0.5125 0.975
vt 0.6125 0.975
vt 0.6125 0.935
vt 0.1375 0.435
vt 0.1375 0.275
vt 0.2375 0.275
vt 0.1375 0.435
vt 0.2375 0.275
vt 0.2375 0.435
vt 0.1375 0.475
vt 0.1375 0.435
vt 0.2375 0.435
vt 0.1375 0.475
vt 0.2375 0.435
vt 0.2375 0.475
vt 0.1375 0.435
vt 0.2375 0.275
vt 0.1375 0.275
vt 0.1375 0.435
vt 0.2375 0.435
vt 0.2375 0.275
vt 0.1375 0.475
vt 0.2375 0.435
vt 0.1375 0.435
vt 0.1375 0.475
vt 0.2375 0.475
vt 0.2375 0.435
vt 0.87625 0.185
vt 0.87625 0.025
vt 0.87625 0.025
vt 0.87625 0.185
vt 0.87625 0.025
vt 0.87625 0.225
vt 0.87625 0.225
vt 0.87625 0.185
vt 0.87625 0.225
vt 0.87625 0.185
vt 0.87625 0.025
vt 0.87625 0.025
vt 0.87625 0.185
vt 0.87625 0.225
vt 0.87625 0.025
vt 0.87625 0.225
vt 0.87625 0.225
vt 0.87625 0.185
vt 0.5125 0.775
vt 0.5125 0.975
vt 0.6125 0.775
vt 0.6125 0.775
vt 0.5125 0.975
vt 0.6125 0.975
vt 0.5125 0.975
vt 0.5125 0.975
vt 0.6125 0.975
vt 0.6125 0.975
vt 0.5125 0.975
vt 0.6125 0.975
vt 0.5125 0.775
vt 0.6125 0.775
vt 0.5125 0.975
vt 0.6125 0.775
vt 0.6125 0.975
vt 0.5125 0.975
vt 0.5125 0.975
vt 0.6125 0.975
vt 0.5125 0.975
vt 0.6125 0.975
vt 0.6125 0.975
vt 0.5125 0.975
vt 0.5125 0.775
vt 0.5125 0.975
vt 0.6125 0.775
vt 0.6125 0.775
vt 0.5125 0.975
vt 0.6125 0.975
vt 0.5125 0.975
vt 0.5125 0.975
vt 0.6125 0.975
vt 0.6125 0.975
vt 0.5125 0.975
vt 0.6125 0.975
vt 0.5125 0.775
vt 0.6125 0.775
vt 0.5125 0.975
vt 0.6125 0.775
vt 0.6125 0.975
vt 0.5125 0.975
vt 0.5125 0.975
vt 0.6125 0.975
vt 0.5125 0.975
vt 0.6125 0.975
vt 0.6125 0.975
vt 0.5125 0.975
vt 0.87625 0.025
vt 0.87625 0.225
vt 0.87625 0.025
vt 0.87625 0.025
vt 0.87625 0.225
vt 0.87625 0.225
vt 0.87625 0.225
vt 0.87625 0.225
vt 0.87625 0.225
vt 0.87625 0.025
vt 0.87625 0.025
vt 0.87625 0.225
vt 0.87625 0.025
vt 0.87625 0.225
vt 0.87625 0.225
vt 0.87625 0.225
vt 0.87625 0.225
vt 0.87625 0.225
vt 0.5125 0.975
vt 0.5125 0.775
vt 0.6125 0.775
vt 0.5125 0.975
vt 0.6125 0.775
vt 0.6125 0.975
vt 0.5125 0.975
vt 0.5125 0.975
vt 0.6125 0.975
vt 0.5125 0.975
vt 0.6125 0.975
vt 0.6125 0.975
vt 0.5125 0.975
vt 0.6125 0.775
vt 0.5125 0.775
vt 0.5125 0.975
vt 0.6125 0.975
vt 0.6125 0.775
vt 0.5125 0.975
vt 0.6125 0.975
vt 0.5125 0.975
vt 0.5125 0.975
vt 0.6125 0.975
vt 0.6125 0.975
vt 0.5125 0.975
vt 0.5125 0.775
vt 0.6125 0.775
vt 0.5125 0.975
vt 0.6125 0.775
vt 0.6125 0.975
vt 0.5125 0.975
vt 0.5125 0.975
vt 0.6125 0.975
vt 0.5125 0.975
vt 0.6125 0.975
vt 0.6125 0.975
vt 0.5125 0.975
vt 0.6125 0.775
vt 0.5125 0.775
vt 0.5125 0.975
vt 0.6125 0.975
vt 0.6125 0.775
vt 0.5125 0.975
vt 0.6125 0.975
vt 0.5125 0.975
vt 0.5125 0.975
vt 0.6125 0.975
vt 0.6125 0.975
vt 0.87625 0.225
vt 0.87625 0.025
vt 0.87625 0.025
vt 0.87625 0.225
vt 0.87625 0.025
vt 0.87625 0.225
vt 0.87625 0.225
vt 0.87625 0.225
vt 0.87625 0.225
vt 0.87625 0.225
vt 0.87625 0.025
vt 0.87625 0.025
vt 0.87625 0.225
vt 0.87625 0.225
vt 0.87625 0.025
vt 0.87625 0.225
vt 0.87625 0.225
vt 0.87625 0.225
vt 0.5125 0.775
vt 0.5125 0.915
vt 0.6125 0.775
vt 0.6125 0.775
vt 0.5125 0.915
vt 0.6125 0.915
vt 0.5125 0.915
vt 0.5125 0.975
vt 0.6125 0.915
vt 0.6125 0.915
vt 0.5125 0.975
vt 0.6125 0.975
vt 0.5125 0.775
vt 0.6125 0.775
vt 0.5125 0.915
vt 0.6125 0.775
vt 0.6125 0.915
vt 0.5125 0.915
vt 0.5125 0.915
vt 0.6125 0.915
vt 0.5125 0.975
vt 0.6125 0.915
vt 0.6125 0.975
vt 0.5125 0.975
vt 0.5125 0.775
vt 0.5125 0.915
vt 0.6125 0.775
vt 0.6125 0.775
vt 0.5125 0.915
vt 0.6125 0.915
vt 0.5125 0.915
vt 0.5125 0.975
vt 0.6125 0.915
vt 0.6125 0.915
vt 0.5125 0.975
vt 0.6125 0.975
vt 0.5125 0.775
vt 0.6125 0.775
vt 0.5125 0.915
vt 0.6125 0.775
vt 0.6125 0.915
vt 0.5125 0.915
vt 0.5125 0.915
vt 0.6125 0.915
vt 0.5125 0.975
vt 0.6125 0.915
vt 0.6125 0.975
vt 0.5125 0.975
vt 0.5125 0.775
vt 0.5125 0.915
vt 0.6125 0.775
vt 0.6125 0.775
vt 0.5125 0.915
vt 0.6125 0.915
vt 0.5125 0.915
vt 0.5125 0.975
vt 0.6125 0.915
vt 0.6125 0.915
vt 0.5125 0.975
vt 0.6125 0.975
vt 0.5125 0.775
vt 0.6125 0.775
vt 0.5125 0.915
vt 0.6125 0.775
vt 0.6125 0.915
vt 0.5125 0.915
vt 0.5125 0.915
vt 0.6125 0.915
vt 0.5125 0.975
vt 0.6125 0.915
vt 0.6125 0.975
vt 0.5125 0.975
vt 0.1375 0.275
vt 0.1375 0.415
vt 0.2375 0.275
vt 0.2375 0.275
vt 0.1375 0.415
vt 0.2375 0.415
vt 0.1375 0.415
vt 0.1375 0.475
vt 0.2375 0.415
vt 0.2375 0.415
vt 0.1375 0.475
vt 0.2375 0.475
vt 0.1375 0.275
vt 0.2375 0.275
vt 0.1375 0.415
vt 0.2375 0.275
vt 0.2375 0.415
vt 0.1375 0.415
vt 0.1375 0.415
vt 0.2375 0.415
vt 0.1375 0.475
vt 0.2375 0.415
vt 0.2375 0.475
vt 0.1375 0.475
vt 0.1375 0.275
vt 0.1375 0.415
vt 0.2375 0.275
vt 0.2375 0.275
vt 0.1375 0.415
vt 0.2375 0.475
vt 0.1375 0.415
vt 0.1375 0.475
vt 0.2375 0.475
vt 0.1375 0.275
vt 0.2375 0.275
vt 0.1375 0.415
vt 0.2375 0.275
vt 0.2375 0.475
vt 0.1375 0.415
vt 0.1375 0.415
vt 0.2375 0.475
vt 0.1375 0.475
vt 0.5125 0.915
vt 0.5125 0.775
vt 0.6125 0.775
vt 0.5125 0.915
vt 0.6125 0.775
vt 0.6125 0.915
vt 0.5125 0.975
vt 0.5125 0.915
vt 0.6125 0.915
vt 0.5125 0.975
vt 0.6125 0.915
vt 0.6125 0.975
vt 0.5125 0.915
vt 0.6125 0.775
vt 0.5125 0.775
vt 0.5125 0.915
vt 0.6125 0.915
vt 0.6125 0.775
vt 0.5125 0.975
vt 0.6125 0.915
vt 0.5125 0.915
vt 0.5125 0.975
vt 0.6125 0.975
vt 0.6125 0.915
vt 0.5125 0.915
vt 0.5125 0.775
vt 0.6125 0.775
vt 0.5125 0.915
vt 0.6125 0.775
vt 0.6125 0.915
vt 0.5125 0.975
vt 0.5125 0.915
vt 0.6125 0.915
vt 0.5125 0.975
vt 0.6125 0.915
vt 0.6125 0.975
vt 0.5125 0.915
vt 0.6125 0.775
vt 0.5125 0.775
vt 0.5125 0.915
vt 0.6125 0.915
vt 0.6125 0.775
vt 0.5125 0.975
vt 0.6125 0.915
vt 0.5125 0.915
vt 0.5125 0.975
vt 0.6125 0.975
vt 0.6125 0.915
vt 0.5125 0.915
vt 0.5125 0.775
vt 0.6125 0.775
vt 0.5125 0.915
vt 0.6125 0.775
vt 0.6125 0.915
vt 0.5125 0.975
vt 0.5125 0.915
vt 0.6125 0.915
vt 0.5125 0.975
vt 0.6125 0.915
vt 0.6125 0.975
vt 0.5125 0.915
vt 0.6125 0.775
vt 0.5125 0.775
vt 0.5125 0.915
vt 0.6125 0.915
vt 0.6125 0.775
vt 0.5125 0.975
vt 0.6125 0.915
vt 0.5125 0.915
vt 0.5125 0.975
vt 0.6125 0.975
vt 0.6125 0.915
vt 0.1375 0.415
vt 0.1375 0.275
vt 0.2375 0.275
vt 0.1375 0.415
vt 0.2375 0.275
vt 0.2375 0.415
vt 0.1375 0.475
vt 0.1375 0.415
vt 0.2375 0.415
vt 0.1375 0.475
vt 0.2375 0.415
vt 0.2375 0.475
vt 0.1375 0.415
vt 0.2375 0.275
vt 0.1375 0.275
vt 0.1375 0.415
vt 0.2375 0.415
vt 0.2375 0.275
vt 0.1375 0.475
vt 0.2375 0.415
vt 0.1375 0.415
vt 0.1375 0.475
vt 0.2375 0.475
vt 0.2375 0.415
vt 0.1375 0.415
vt 0.1375 0.275
vt 0.2375 0.275
vt 0.1375 0.415
vt 0.2375 0.275
vt 0.2375 0.475
vt 0.1375 0.475
vt 0.1375 0.415
vt 0.2375 0.475
vt 0.1375 0.415
vt 0.2375 0.275
vt 0.1375 0.275
vt 0.1375 0.415
vt 0.2375 0.475
vt 0.2375 0.275
vt 0.1375 0.475
vt 0.2375 0.475
vt 0.1375 0.415
vt 0.5125 0.775
vt 0.5125 0.895
vt 0.6125 0.775
vt 0.6125 0.775
vt 0.5125 0.895
vt 0.6125 0.895
vt 0.5125 0.895
vt 0.5125 0.975
vt 0.6125 0.895
vt 0.6125 0.895
vt 0.5125 0.975
vt 0.6125 0.975
vt 0.5125 0.775
vt 0.6125 0.775
vt 0.5125 0.895
vt 0.6125 0.775
vt 0.6125 0.895
vt 0.5125 0.895
vt 0.5125 0.895
vt 0.6125 0.895
vt 0.5125 0.975
vt 0.6125 0.895
vt 0.6125 0.975
vt 0.5125 0.975
vt 0.0125 0.525
vt 0.0125 0.645
vt 0.1125 0.525
vt 0.1125 0.525
vt 0.0125 0.645
vt 0.1125 0.645
vt 0.0125 0.645
vt 0.0125 0.725
vt 0.1125 0.645
vt 0.1125 0.645
vt 0.0125 0.725
vt 0.1125 0.725
vt 0.0125 0.525
vt 0.1125 0.525
vt 0.0125 0.645
vt 0.1125 0.525
vt 0.1125 0.645
vt 0.0125 0.645
vt 0.0125 0.645
vt 0.1125 0.645
vt 0.0125 0.725
vt 0.1125 0.645
vt 0.1125 0.725
vt 0.0125 0.725
vt 0.2625 0.275
vt 0.2625 0.395
vt 0.3625 0.275
vt 0.3625 0.275
vt 0.2625 0.395
vt 0.3625 0.395
vt 0.2625 0.395
vt 0.2625 0.475
vt 0.3625 0.395
vt 0.3625 0.395
vt 0.2625 0.475
vt 0.3625 0.475
vt 0.2625 0.275
vt 0.3625 0.275
vt 0.2625 0.395
vt 0.3625 0.275
vt 0.3625 0.395
vt 0.2625 0.395
vt 0.2625 0.395
vt 0.3625 0.395
vt 0.2625 0.475
vt 0.3625 0.395
vt 0.3625 0.475
vt 0.2625 0.475
vt 0.5125 0.775
vt 0.5125 0.895
vt 0.6125 0.775
vt 0.6125 0.775
vt 0.5125 0.895
vt 0.6125 0.895
vt 0.5125 0.895
vt 0.5125 0.975
vt 0.6125 0.895
vt 0.6125 0.895
vt 0.5125 0.975
vt 0.6125 0.975
vt 0.5125 0.775
vt 0.6125 0.775
vt 0.5125 0.895
vt 0.6125 0.775
vt 0.6125 0.895
vt 0.5125 0.895
vt 0.5125 0.895
vt 0.6125 0.895
vt 0.5125 0.975
vt 0.6125 0.895
vt 0.6125 0.975
vt 0.5125 0.975
vt 0.87625 0.025
vt 0.87625 0.145
vt 0.87625 0.025
vt 0.87625 0.025
vt 0.87625 0.145
vt 0.87625 0.225
vt 0.87625 0.145
vt 0.87625 0.225
vt 0.87625 0.225
vt 0.87625 0.025
vt 0.87625 0.025
vt 0.87625 0.145
vt 0.87625 0.025
vt 0.87625 0.225
vt 0.87625 0.145
vt 0.87625 0.145
vt 0.87625 0.225
vt 0.87625 0.225
vt 0.5125 0.895
vt 0.5125 0.775
vt 0.6125 0.775
vt 0.5125 0.895
vt 0.6125 0.775
vt 0.6125 0.895
vt 0.5125 0.975
vt 0.5125 0.895
vt 0.6125 0.895
vt 0.5125 0.975
vt 0.6125 0.895
vt 0.6125 0.975
vt 0.5125 0.895
vt 0.6125 0.775
vt 0.5125 0.775
vt 0.5125 0.895
vt 0.6125 0.895
vt 0.6125 0.775
vt 0.5125 0.975
vt 0.6125 0.895
vt 0.5125 0.895
vt 0.5125 0.975
vt 0.6125 0.975
vt 0.6125 0.895
vt 0.0125 0.645
vt 0.0125 0.525
vt 0.1125 0.525
vt 0.0125 0.645
vt 0.1125 0.525
vt 0.1125 0.645
vt 0.0125 0.725
vt 0.0125 0.645
vt 0.1125 0.645
vt 0.0125 0.725
vt 0.1125 0.645
vt 0.1125 0.725
vt 0.0125 0.645
vt 0.1125 0.525
vt 0.0125 0.525
vt 0.0125 0.645
vt 0.1125 0.645
vt 0.1125 0.525
vt 0.0125 0.725
vt 0.1125 0.645
vt 0.0125 0.645
vt 0.0125 0.725
vt 0.1125 0.725
vt 0.1125 0.645
vt 0.2625 0.395
vt 0.2625 0.275
vt 0.3625 0.275
vt 0.2625 0.395
vt 0.3625 0.275
vt 0.3625 0.395
vt 0.2625 0.475
vt 0.2625 0.395
vt 0.3625 0.395
vt 0.2625 0.475
vt 0.3625 0.395
vt 0.3625 0.475
vt 0.2625 0.395
vt 0.3625 0.275
vt 0.2625 0.275
vt 0.2625 0.395
vt 0.3625 0.395
vt 0.3625 0.275
vt 0.2625 0.475
vt 0.3625 0.395
vt 0.2625 0.395
vt 0.2625 0.475
vt 0.3625 0.475
vt 0.3625 0.395
vt 0.5125 0.895
vt 0.5125 0.775
vt 0.6125 0.775
vt 0.5125 0.895
vt 0.6125 0.775
vt 0.6125 0.895
vt 0.5125 0.975
vt 0.5125 0.895
vt 0.6125 0.895
vt 0.5125 0.975
vt 0.6125 0.895
vt 0.6125 0.975
vt 0.5125 0.895
vt 0.6125 0.775
vt 0.5125 0.775
vt 0.5125 0.895
vt 0.6125 0.895
vt 0.6125 0.775
vt 0.5125 0.975
vt 0.6125 0.895
vt 0.5125 0.895
vt 0.5125 0.975
vt 0.6125 0.975
vt 0.6125 0.895
vt 0.87625 0.145
vt 0.87625 0.025
vt 0.87625 0.025
vt 0.87625 0.145
vt 0.87625 0.025
vt 0.87625 0.225
vt 0.87625 0.225
vt 0.87625 0.145
vt 0.87625 0.225
vt 0.87625 0.145
vt 0.87625 0.025
vt 0.87625 0.025
vt 0.87625 0.145
vt 0.87625 0.225
vt 0.87625 0.025
vt 0.87625 0.225
vt 0.87625 0.225
vt 0.87625 0.145
vt 0.5125 0.775
vt 0.5125 0.915
vt 0.6125 0.775
vt 0.6125 0.775
vt 0.5125 0.915
vt 0.6125 0.915
vt 0.5125 0.915
vt 0.5125 0.975
vt 0.6125 0.915
vt 0.6125 0.915
vt 0.5125 0.975
vt 0.6125 0.975
vt 0.5125 0.775
vt 0.6125 0.775
vt 0.5125 0.915
vt 0.6125 0.775
vt 0.6125 0.915
vt 0.5125 0.915
vt 0.5125 0.915
vt 0.6125 0.915
vt 0.5125 0.975
vt 0.6125 0.915
vt 0.6125 0.975
vt 0.5125 0.975
vt 0.5125 0.775
vt 0.5125 0.915
vt 0.6125 0.775
vt 0.6125 0.775
vt 0.5125 0.915
vt 0.6125 0.915
vt 0.5125 0.915
vt 0.5125 0.975
vt 0.6125 0.915
vt 0.6125 0.915
vt 0.5125 0.975
vt 0.6125 0.975
vt 0.5125 0.775
vt 0.6125 0.775
vt 0.5125 0.915
vt 0.6125 0.775
vt 0.6125 0.915
vt 0.5125 0.915
vt 0.5125 0.915
vt 0.6125 0.915
vt 0.5125 0.975
vt 0.6125 0.915
vt 0.6125 0.975
vt 0.5125 0.975
vt 0.87625 0.025
vt 0.87625 0.165
vt 0.87625 0.025
vt 0.87625 0.025
vt 0.87625 0.165
vt 0.87625 0.165
vt 0.87625 0.165
vt 0.87625 0.225
vt 0.87625 0.165
vt 0.87625 0.165
vt 0.87625 0.225
vt 0.87625 0.225
vt 0.87625 0.025
vt 0.87625 0.025
vt 0.87625 0.165
vt 0.87625 0.025
vt 0.87625 0.165
vt 0.87625 0.165
vt 0.87625 0.165
vt 0.87625 0.165
vt 0.87625 0.225
vt 0.87625 0.165
vt 0.87625 0.225
vt 0.87625 0.225
vt 0.5125 0.775
vt 0.5125 0.915
vt 0.6125 0.775
vt 0.6125 0.775
vt 0.5125 0.915
vt 0.6125 0.915
vt 0.5125 0.915
vt 0.5125 0.975
vt 0.6125 0.915
vt 0.6125 0.915
vt 0.5125 0.975
vt 0.6125 0.975
vt 0.5125 0.775
vt 0.6125 0.775
vt 0.5125 0.915
vt 0.6125 0.775
vt 0.6125 0.915
vt 0.5125 0.915
vt 0.5125 0.915
vt 0.6125 0.915
vt 0.5125 0.975
vt 0.6125 0.915
vt 0.6125 0.975
vt 0.5125 0.975
vt 0.5125 0.775
vt 0.5125 0.915
vt 0.6125 0.775
vt 0.6125 0.775
vt 0.5125 0.915
vt 0.6125 0.975
vt 0.5125 0.915
vt 0.5125 0.975
vt 0.6125 0.975
vt 0.5125 0.775
vt 0.6125 0.775
vt 0.5125 0.915
vt 0.6125 0.775
vt 0.6125 0.975
vt 0.5125 0.915
vt 0.5125 0.915
vt 0.6125 0.975
vt 0.5125 0.975
vt 0.5125 0.915
vt 0.5125 0.775
vt 0.6125 0.775
vt 0.5125 0.915
vt 0.6125 0.775
vt 0.6125 0.915
vt 0.5125 0.975
vt 0.5125 0.915
vt 0.6125 0.915
vt 0.5125 0.975
vt 0.6125 0.915
vt 0.6125 0.975
vt 0.5125 0.915
vt 0.6125 0.775
vt 0.5125 0.775
vt 0.5125 0.915
vt 0.6125 0.915
vt 0.6125 0.775
vt 0.5125 0.975
vt 0.6125 0.915
vt 0.5125 0.915
vt 0.5125 0.975
vt 0.6125 0.975
vt 0.6125 0.915
vt 0.5125 0.915
vt 0.5125 0.775
vt 0.6125 0.775
vt 0.5125 0.915
vt 0.6125 0.775
vt 0.6125 0.915
vt 0.5125 0.975
vt 0.5125 0.915
vt 0.6125 0.915
vt 0.5125 0.975
vt 0.6125 0.915
vt 0.6125 0.975
vt 0.5125 0.915
vt 0.6125 0.775
vt 0.5125 0.775
vt 0.5125 0.915
vt 0.6125 0.915
vt 0.6125 0.775
vt 0.5125 0.975
vt 0.6125 0.915
vt 0.5125 0.915
vt 0.5125 0.975
vt 0.6125 0.975
vt 0.6125 0.915
vt 0.87625 0.165
vt 0.87625 0.025
vt 0.87625 0.025
vt 0.87625 0.165
vt 0.87625 0.025
vt 0.87625 0.165
vt 0.87625 0.225
vt 0.87625 0.165
vt 0.87625 0.165
vt 0.87625 0.225
vt 0.87625 0.165
vt 0.87625 0.225
vt 0.87625 0.165
vt 0.87625 0.025
vt 0.87625 0.025
vt 0.87625 0.165
vt 0.87625 0.165
vt 0.87625 0.025
vt 0.87625 0.225
vt 0.87625 0.165
vt 0.87625 0.165
vt 0.87625 0.225
vt 0.87625 0.225
vt 0.87625 0.165
vt 0.5125 0.915
vt 0.5125 0.775
vt 0.6125 0.775
vt 0.5125 0.915
vt 0.6125 0.775
vt 0.6125 0.915
vt 0.5125 0.975
vt 0.5125 0.915
vt 0.6125 0.915
vt 0.5125 0.975
vt 0.6125 0.915
vt 0.6125 0.975
vt 0.5125 0.915
vt 0.6125 0.775
vt 0.5125 0.775
vt 0.5125 0.915
vt 0.6125 0.915
vt 0.6125 0.775
vt 0.5125 0.975
vt 0.6125 0.915
vt 0.5125 0.915
vt 0.5125 0.975
vt 0.6125 0.975
vt 0.6125 0.915
vt 0.5125 0.915
vt 0.5125 0.775
vt 0.6125 0.775
vt 0.5125 0.915
vt 0.6125 0.775
vt 0.6125 0.975
vt 0.5125 0.975
vt 0.5125 0.915
vt 0.6125 0.975
vt 0.5125 0.915
vt 0.6125 0.775
vt 0.5125 0.775
vt 0.5125 0.915
vt 0.6125 0.975
vt 0.6125 0.775
vt 0.5125 0.975
vt 0.6125 0.975
vt 0.5125 0.915
vt 0.5125 0.775
vt 0.5125 0.915
vt 0.6125 0.775
vt 0.6125 0.775
vt 0.5125 0.915
vt 0.6125 0.915
vt 0.5125 0.915
vt 0.5125 0.975
vt 0.6125 0.915
vt 0.6125 0.915
vt 0.5125 0.975
vt 0.6125 0.975
vt 0.5125 0.775
vt 0.6125 0.775
vt 0.5125 0.915
vt 0.6125 0.775
vt 0.6125 0.915
vt 0.5125 0.915
vt 0.5125 0.915
vt 0.6125 0.915
vt 0.5125 0.975
vt 0.6125 0.915
vt 0.6125 0.975
vt 0.5125 0.975
vt 0.5125 0.775
vt 0.5125 0.915
vt 0.6125 0.775
vt 0.6125 0.775
vt 0.5125 0.915
vt 0.6125 0.915
vt 0.5125 0.915
vt 0.5125 0.975
vt 0.6125 0.915
vt 0.6125 0.915
vt 0.5125 0.975
vt 0.6125 0.975
vt 0.5125 0.775
vt 0.6125 0.775
vt 0.5125 0.915
vt 0.6125 0.775
vt 0.6125 0.915
vt 0.5125 0.915
vt 0.5125 0.915
vt 0.6125 0.915
vt 0.5125 0.975
vt 0.6125 0.915
vt 0.6125 0.975
vt 0.5125 0.975
vt 0.1375 0.275
vt 0.1375 0.415
vt 0.2375 0.275
vt 0.2375 0.275
vt 0.1375 0.415
vt 0.2375 0.415
vt 0.1375 0.415
vt 0.1375 0.475
vt 0.2375 0.415
vt 0.2375 0.415
vt 0.1375 0.475
vt 0.2375 0.475
vt 0.1375 0.275
vt 0.2375 0.275
vt 0.1375 0.415
vt 0.2375 0.275
vt 0.2375 0.415
vt 0.1375 0.415
vt 0.1375 0.415
vt 0.2375 0.415
vt 0.1375 0.475
vt 0.2375 0.415
vt 0.2375 0.475
vt 0.1375 0.475
vt 0.5125 0.775
vt 0.5125 0.915
vt 0.6125 0.775
vt 0.6125 0.775
vt 0.5125 0.915
vt 0.6125 0.915
vt 0.5125 0.915
vt 0.5125 0.975
vt 0.6125 0.915
vt 0.6125 0.915
vt 0.5125 0.975
vt 0.6125 0.975
vt 0.5125 0.775
vt 0.6125 0.775
vt 0.5125 0.915
vt 0.6125 0.775
vt 0.6125 0.915
vt 0.5125 0.915
vt 0.5125 0.915
vt 0.6125 0.915
vt 0.5125 0.975
vt 0.6125 0.915
vt 0.6125 0.975
vt 0.5125 0.975
vt 0.5125 0.775
vt 0.5125 0.915
vt 0.6125 0.775
vt 0.6125 0.775
vt 0.5125 0.915
vt 0.6125 0.975
vt 0.5125 0.915
vt 0.5125 0.975
vt 0.6125 0.975
vt 0.5125 0.775
vt 0.6125 0.775
vt 0.5125 0.915
vt 0.6125 0.775
vt 0.6125 0.975
vt 0.5125 0.915
vt 0.5125 0.915
vt 0.6125 0.975
vt 0.5125 0.975
vt 0.5125 0.915
vt 0.5125 0.775
vt 0.6125 0.775
vt 0.5125 0.915
vt 0.6125 0.775
vt 0.6125 0.915
vt 0.5125 0.975
vt 0.5125 0.915
vt 0.6125 0.915
vt 0.5125 0.975
vt 0.6125 0.915
vt 0.6125 0.975
vt 0.5125 0.915
vt 0.6125 0.775
vt 0.5125 0.775
vt 0.5125 0.915
vt 0.6125 0.915
vt 0.6125 0.775
vt 0.5125 0.975
vt 0.6125 0.915
vt 0.5125 0.915
vt 0.5125 0.975
vt 0.6125 0.975
vt 0.6125 0.915
vt 0.5125 0.915
vt 0.5125 0.775
vt 0.6125 0.775
vt 0.5125 0.915
vt 0.6125 0.775
vt 0.6125 0.915
vt 0.5125 0.975
vt 0.5125 0.915
vt 0.6125 0.915
vt 0.5125 0.975
vt 0.6125 0.915
vt 0.6125 0.975
vt 0.5125 0.915
vt 0.6125 0.775
vt 0.5125 0.775
vt 0.5125 0.915
vt 0.6125 0.915
vt 0.6125 0.775
vt 0.5125 0.975
vt 0.6125 0.915
vt 0.5125 0.915
vt 0.5125 0.975
vt 0.6125 0.975
vt 0.6125 0.915
vt 0.1375 0.415
vt 0.1375 0.275
vt 0.2375 0.275
vt 0.1375 0.415
vt 0.2375 0.275
vt 0.2375 0.415
vt 0.1375 0.475
vt 0.1375 0.415
vt 0.2375 0.415
vt 0.1375 0.475
vt 0.2375 0.415
vt 0.2375 0.475
vt 0.1375 0.415
vt 0.2375 0.275
vt 0.1375 0.275
vt 0.1375 0.415
vt 0.2375 0.415
vt 0.2375 0.275
vt 0.1375 0.475
vt 0.2375 0.415
vt 0.1375 0.415
vt 0.1375 0.475
vt 0.2375 0.475
vt 0.2375 0.415
vt 0.5125 0.915
vt 0.5125 0.775
vt 0.6125 0.775
vt 0.5125 0.915
vt 0.6125 0.775
vt 0.6125 0.915
vt 0.5125 0.975
vt 0.5125 0.915
vt 0.6125 0.915
vt 0.5125 0.975
vt 0.6125 0.915
vt 0.6125 0.975
vt 0.5125 0.915
vt 0.6125 0.775
vt 0.5125 0.775
vt 0.5125 0.915
vt 0.6125 0.915
vt 0.6125 0.775
vt 0.5125 0.975
vt 0.6125 0.915
vt 0.5125 0.915
vt 0.5125 0.975
vt 0.6125 0.975
vt 0.6125 0.915
vt 0.5125 0.915
vt 0.5125 0.775
vt 0.6125 0.775
vt 0.5125 0.915
vt 0.6125 0.775
vt 0.6125 0.975
vt 0.5125 0.975
vt 0.5125 0.915
vt 0.6125 0.975
vt 0.5125 0.915
vt 0.6125 0.775
vt 0.5125 0.775
vt 0.5125 0.915
vt 0.6125 0.975
vt 0.6125 0.775
vt 0.5125 0.975
vt 0.6125 0.975
vt 0.5125 0.915
vt 0.6375 0.525
vt 0.6375 0.725
vt 0.7375 0.525
vt 0.7375 0.525
vt 0.6375 0.725
vt 0.7375 0.725
vt 0.6375 0.725
vt 0.6375 0.725
vt 0.7375 0.725
vt 0.7375 0.725
vt 0.6375 0.725
vt 0.7375 0.725
vt 0.6375 0.525
vt 0.7375 0.525
vt 0.6375 0.725
vt 0.7375 0.525
vt 0.7375 0.725
vt 0.6375 0.725
vt 0.6375 0.725
vt 0.7375 0.725
vt 0.6375 0.725
vt 0.7375 0.725
vt 0.7375 0.725
vt 0.6375 0.725
vt 0.5125 0.775
vt 0.5125 0.975
vt 0.6125 0.775
vt 0.6125 0.775
vt 0.5125 0.975
vt 0.6125 0.975
vt 0.5125 0.975
vt 0.5125 0.975
vt 0.6125 0.975
vt 0.6125 0.975
vt 0.5125 0.975
vt 0.6125 0.975
vt 0.5125 0.775
vt 0.6125 0.775
vt 0.5125 0.975
vt 0.6125 0.775
vt 0.6125 0.975
vt 0.5125 0.975
vt 0.5125 0.975
vt 0.6125 0.975
vt 0.5125 0.975
vt 0.6125 0.975
vt 0.6125 0.975
vt 0.5125 0.975
vt 0.87625 0.025
vt 0.87625 0.225
vt 0.87625 0.025
vt 0.87625 0.025
vt 0.87625 0.225
vt 0.87625 0.225
vt 0.87625 0.225
vt 0.87625 0.225
vt 0.87625 0.225
vt 0.87625 0.025
vt 0.87625 0.025
vt 0.87625 0.225
vt 0.87625 0.025
vt 0.87625 0.225
vt 0.87625 0.225
vt 0.87625 0.225
vt 0.87625 0.225
vt 0.87625 0.225
vt 0.6375 0.725
vt 0.6375 0.525
vt 0.7375 0.525
vt 0.6375 0.725
vt 0.7375 0.525
vt 0.7375 0.725
vt 0.6375 0.725
vt 0.6375 0.725
vt 0.7375 0.725
vt 0.6375 0.725
vt 0.7375 0.725
vt 0.7375 0.725
vt 0.6375 0.725
vt 0.7375 0.525
vt 0.6375 0.525
vt 0.6375 0.725
vt 0.7375 0.725
vt 0.7375 0.525
vt 0.6375 0.725
vt 0.7375 0.725
vt 0.6375 0.725
vt 0.6375 0.725
vt 0.7375 0.725
vt 0.7375 0.725
vt 0.5125 0.975
vt 0.5125 0.775
vt 0.6125 0.775
vt 0.5125 0.975
vt 0.6125 0.775
vt 0.6125 0.975
vt 0.5125 0.975
vt 0.5125 0.975
vt 0.6125 0.975
vt 0.5125 0.975
vt 0.6125 0.975
vt 0.6125 0.975
vt 0.5125 0.975
vt 0.6125 0.775
vt 0.5125 0.775
vt 0.5125 0.975
vt 0.6125 0.975
vt 0.6125 0.775
vt 0.5125 0.975
vt 0.6125 0.975
vt 0.5125 0.975
vt 0.5125 0.975
vt 0.6125 0.975
vt 0.6125 0.975
vt 0.87625 0.225
vt 0.87625 0.025
vt 0.87625 0.025
vt 0.87625 0.225
vt 0.87625 0.025
vt 0.87625 0.225
vt 0.87625 0.225
vt 0.87625 0.225
vt 0.87625 0.225
vt 0.87625 0.225
vt 0.87625 0.025
vt 0.87625 0.025
vt 0.87625 0.225
vt 0.87625 0.225
vt 0.87625 0.025
vt 0.87625 0.225
vt 0.87625 0.225
vt 0.87625 0.225
vt 0.5125 0.775
vt 0.5125 0.915
vt 0.6125 0.775
vt 0.6125 0.775
vt 0.5125 0.915
vt 0.6125 0.915
vt 0.5125 0.915
vt 0.5125 0.975
vt 0.6125 0.915
vt 0.6125 0.915
vt 0.5125 0.975
vt 0.6125 0.975
vt 0.5125 0.775
vt 0.6125 0.775
vt 0.5125 0.915
vt 0.6125 0.775
vt 0.6125 0.915
vt 0.5125 0.915
vt 0.5125 0.915
vt 0.6125 0.915
vt 0.5125 0.975
vt 0.6125 0.915
vt 0.6125 0.975
vt 0.5125 0.975
vt 0.5125 0.775
vt 0.5125 0.915
vt 0.6125 0.775
vt 0.6125 0.775
vt 0.5125 0.915
vt 0.6125 0.915
vt 0.5125 0.915
vt 0.5125 0.975
vt 0.6125 0.915
vt 0.6125 0.915
vt 0.5125 0.975
vt 0.6125 0.975
vt 0.5125 0.775
vt 0.6125 0.775
vt 0.5125 0.915
vt 0.6125 0.775
vt 0.6125 0.915
vt 0.5125 0.915
vt 0.5125 0.915
vt 0.6125 0.915
vt 0.5125 0.975
vt 0.6125 0.915
vt 0.6125 0.975
vt 0.5125 0.975
vt 0.2625 0.275
vt 0.2625 0.415
vt 0.3625 0.275
vt 0.3625 0.275
vt 0.2625 0.415
vt 0.3625 0.415
vt 0.2625 0.415
vt 0.2625 0.475
vt 0.3625 0.415
vt 0.3625 0.415
vt 0.2625 0.475
vt 0.3625 0.475
vt 0.2625 0.275
vt 0.3625 0.275
vt 0.2625 0.415
vt 0.3625 0.275
vt 0.3625 0.415
vt 0.2625 0.415
vt 0.2625 0.415
vt 0.3625 0.415
vt 0.2625 0.475
vt 0.3625 0.415
vt 0.3625 0.475
vt 0.2625 0.475
vt 0.5125 0.775
vt 0.5125 0.915
vt 0.6125 0.775
vt 0.6125 0.775
vt 0.5125 0.915
vt 0.6125 0.915
vt 0.5125 0.915
vt 0.5125 0.975
vt 0.6125 0.915
vt 0.6125 0.915
vt 0.5125 0.975
vt 0.6125 0.975
vt 0.5125 0.775
vt 0.6125 0.775
vt 0.5125 0.915
vt 0.6125 0.775
vt 0.6125 0.915
vt 0.5125 0.915
vt 0.5125 0.915
vt 0.6125 0.915
vt 0.5125 0.975
vt 0.6125 0.915
vt 0.6125 0.975
vt 0.5125 0.975
vt 0.5125 0.775
vt 0.5125 0.915
vt 0.6125 0.775
vt 0.6125 0.775
vt 0.5125 0.915
vt 0.6125 0.975
vt 0.5125 0.915
vt 0.5125 0.975
vt 0.6125 0.975
vt 0.5125 0.775
vt 0.6125 0.775
vt 0.5125 0.915
vt 0.6125 0.775
vt 0.6125 0.975
vt 0.5125 0.915
vt 0.5125 0.915
vt 0.6125 0.975
vt 0.5125 0.975
vt 0.5125 0.915
vt 0.5125 0.775
vt 0.6125 0.775
vt 0.5125 0.915
vt 0.6125 0.775
vt 0.6125 0.915
vt 0.5125 0.975
vt 0.5125 0.915
vt 0.6125 0.915
vt 0.5125 0.975
vt 0.6125 0.915
vt 0.6125 0.975
vt 0.5125 0.915
vt 0.6125 0.775
vt 0.5125 0.775
vt 0.5125 0.915
vt 0.6125 0.915
vt 0.6125 0.775
vt 0.5125 0.975
vt 0.6125 0.915
vt 0.5125 0.915
vt 0.5125 0.975
vt 0.6125 0.975
vt 0.6125 0.915
vt 0.5125 0.915
vt 0.5125 0.775
vt 0.6125 0.775
vt 0.5125 0.915
vt 0.6125 0.775
vt 0.6125 0.915
vt 0.5125 0.975
vt 0.5125 0.915
vt 0.6125 0.915
vt 0.5125 0.975
vt 0.6125 0.915
vt 0.6125 0.975
vt 0.5125 0.915
vt 0.6125 0.775
vt 0.5125 0.775
vt 0.5125 0.915
vt 0.6125 0.915
vt 0.6125 0.775
vt 0.5125 0.975
vt 0.6125 0.915
vt 0.5125 0.915
vt 0.5125 0.975
vt 0.6125 0.975
vt 0.6125 0.915
vt 0.2625 0.415
vt 0.2625 0.275
vt 0.3625 0.275
vt 0.2625 0.415
vt 0.3625 0.275
vt 0.3625 0.415
vt 0.2625 0.475
vt 0.2625 0.415
vt 0.3625 0.415
vt 0.2625 0.475
vt 0.3625 0.415
vt 0.3625 0.475
vt 0.2625 0.415
vt 0.3625 0.275
vt 0.2625 0.275
vt 0.2625 0.415
vt 0.3625 0.415
vt 0.3625 0.275
vt 0.2625 0.475
vt 0.3625 0.415
vt 0.2625 0.415
vt 0.2625 0.475
vt 0.3625 0.475
vt 0.3625 0.415
vt 0.5125 0.915
vt 0.5125 0.775
vt 0.6125 0.775
vt 0.5125 0.915
vt 0.6125 0.775
vt 0.6125 0.915
vt 0.5125 0.975
vt 0.5125 0.915
vt 0.6125 0.915
vt 0.5125 0.975
vt 0.6125 0.915
vt 0.6125 0.975
vt 0.5125 0.915
vt 0.6125 0.775
vt 0.5125 0.775
vt 0.5125 0.915
vt 0.6125 0.915
vt 0.6125 0.775
vt 0.5125 0.975
vt 0.6125 0.915
vt 0.5125 0.915
vt 0.5125 0.975
vt 0.6125 0.975
vt 0.6125 0.915
vt 0.5125 0.915
vt 0.5125 0.775
vt 0.6125 0.775
vt 0.5125 0.915
vt 0.6125 0.775
vt 0.6125 0.975
vt 0.5125 0.975
vt 0.5125 0.915
vt 0.6125 0.975
vt 0.5125 0.915
vt 0.6125 0.775
vt 0.5125 0.775
vt 0.5125 0.915
vt 0.6125 0.975
vt 0.6125 0.775
vt 0.5125 0.975
vt 0.6125 0.975
vt 0.5125 0.915

f 7/1 1/2 2/3
f 8/4 7/5 2/6
f 8/7 2/8 3/9
f 9/10 8/11 3/12
f 9/13 3/14 4/15
f 10/16 9/17 4/18
f 10/19 4/20 11/21
f 4/22 5/23 11/24
f 11/25 5/26 12/27
f 5/28 6/29 12/30
f 12/31 6/32 7/33
f 6/34 1/35 7/36
f 13/37 7/38 8/39
f 14/40 13/41 8/42
f 14/43 8/44 9/45
f 15/46 14/47 9/48
f 15/49 9/50 10/51
f 16/52 15/53 10/54
f 16/55 10/56 17/57
f 10/58 11/59 17/60
f 17/61 11/62 18/63
f 11/64 12/65 18/66
f 18/67 12/68 13/69
f 12/70 7/71 13/72
f 19/73 13/74 14/75
f 20/76 19/77 14/78
f 20/79 14/80 15/81
f 21/82 20/83 15/84
f 21/85 15/86 16/87
f 22/88 21/89 16/90
f 22/91 16/92 23/93
f 16/94 17/95 23/96
f 23/97 17/98 24/99
f 17/100 18/101 24/102
f 24/103 18/104 19/105
f 18/106 13/107 19/108
f 25/109 19/110 20/111
f 26/112 25/113 20/114
f 26/115 20/116 21/117
f 27/118 26/119 21/120
f 27/121 21/122 22/123
f 28/124 27/125 22/126
f 28/127 22/128 29/129
f 22/130 23/131 29/132
f 29/133 23/134 30/135
f 23/136 24/137 30/138
f 30/139 24/140 25/141
f 24/142 19/143 25/144
f 31/145 25/146 26/147
f 32/148 31/149 26/150
f 32/151 26/152 27/153
f 33/154 32/155 27/156
f 33/157 27/158 28/159
f 34/160 33/161 28/162
f 34/163 28/164 35/165
f 28/166 29/167 35/168
f 35/169 29/170 36/171
f 29/172 30/173 36/174
f 36/175 30/176 31/177
f 30/178 25/179 31/180
f 37/181 31/182 32/183
f 38/184 37/185 32/186
f 38/187 32/188 33/189
f 39/190 38/191 33/192
f 39/193 33/194 34/195
f 40/196 39/197 34/198
f 40/199 34/200 41/201
f 34/202 35/203 41/204
f 41/205 35/206 42/207
f 35/208 36/209 42/210
f 42/211 36/212 37/213
f 36/214 31/215 37/216
f 43/217 37/218 38/219
f 44/220 43/221 38/222
f 44/223 38/224 39/225
f 45/226 44/227 39/228
f 45/229 39/230 40/231
f 46/232 45/233 40/234
f 46/235 40/236 47/237
f 40/238 41/239 47/240
f 47/241 41/242 48/243
f 41/244 42/245 48/246
f 48/247 42/248 43/249
f 42/250 37/251 43/252
f 49/253 43/254 44/255
f 50/256 49/257 44/258
f 50/259 44/260 45/261
f 51/262 50/263 45/264
f 51/265 45/266 46/267
f 52/268 51/269 46/270
f 52/271 46/272 53/273
f 46/274 47/275 53/276
f 53/277 47/278 54/279
f 47/280 48/281 54/282
f 54/283 48/284 49/285
f 48/286 43/287 49/288
f 55/289 49/290 50/291
f 56/292 55/293 50/294
f 56/295 50/296 51/297
f 57/298 56/299 51/300
f 57/301 51/302 52/303
f 58/304 57/305 52/306
f 58/307 52/308 59/309
f 52/310 53/311 59/312
f 59/313 53/314 60/315
f 53/316 54/317 60/318
f 60/319 54/320 55/321
f 54/322 49/323 55/324
f 61/325 55/326 56/327
f 62/328 61/329 56/330
f 62/331 56/332 57/333
f 63/334 62/335 57/336
f 63/337 57/338 58/339
f 64/340 63/341 58/342
f 64/343 58/344 65/345
f 58/346 59/347 65/348
f 65/349 59/350 66/351
f 59/352 60/353 66/354
f 66/355 60/356 61/357
f 60/358 55/359 61/360
f 87/361 67/362 68/363
f 88/364 87/365 68/366
f 88/367 68/368 69/369
f 89/370 88/371 69/372
f 89/373 69/374 70/375
f 90/376 89/377 70/378
f 90/379 70/380 71/381
f 91/382 90/383 71/384
f 91/385 71/386 72/387
f 92/388 91/389 72/390
f 92/391 72/392 73/393
f 93/394 92/395 73/396
f 93/397 73/398 74/399
f 94/400 93/401 74/402
f 94/403 74/404 75/405
f 95/406 94/407 75/408
f 95/409 75/410 76/411
f 96/412 95/413 76/414
f 96/415 76/416 77/417
f 97/418 96/419 77/420
f 97/421 77/422 98/423
f 77/424 78/425 98/426
f 98/427 78/428 99/429
f 78/430 79/431 99/432
f 99/433 79/434 100/435
f 79/436 80/437 100/438
f 100/439 80/440 101/441
f 80/442 81/443 101/444
f 101/445 81/446 102/447
f 81/448 82/449 102/450
f 102/451 82/452 103/453
f 82/454 83/455 103/456
f 103/457 83/458 104/459
f 83/460 84/461 104/462
f 104/463 84/464 105/465
f 84/466 85/467 105/468
f 105/469 85/470 106/471
f 85/472 86/473 106/474
f 106/475 86/476 87/477
f 86/478 67/479 87/480
f 107/481 87/482 88/483
f 108/484 107/485 88/486
f 108/487 88/488 89/489
f 109/490 108/491 89/492
f 109/493 89/494 90/495
f 110/496 109/497 90/498
f 110/499 90/500 91/501
f 111/502 110/503 91/504
f 111/505 91/506 92/507
f 112/508 111/509 92/510
f 112/511 92/512 93/513
f 113/514 112/515 93/516
f 113/517 93/518 94/519
f 114/520 113/521 94/522
f 114/523 94/524 95/525
f 115/526 114/527 95/528
f 115/529 95/530 96/531
f 116/532 115/533 96/534
f 116/535 96/536 97/537
f 117/538 116/539 97/540
f 117/541 97/542 118/543
f 97/544 98/545 118/546
f 118/547 98/548 119/549
f 98/550 99/551 119/552
f 119/553 99/554 120/555
f 99/556 100/557 120/558
f 120/559 100/560 121/561
f 100/562 101/563 121/564
f 121/565 101/566 122/567
f 101/568 102/569 122/570
f 122/571 102/572 123/573
f 102/574 103/575 123/576
f 123/577 103/578 124/579
f 103/580 104/581 124/582
f 124/583 104/584 125/585
f 104/586 105/587 125/588
f 125/589 105/590 126/591
f 105/592 106/593 126/594
f 126/595 106/596 107/597
f 106/598 87/599 107/600
f 127/601 107/602 108/603
f 128/604 127/605 108/606
f 128/607 108/608 109/609
f 129/610 128/611 109/612
f 129/613 109/614 110/615
f 130/616 129/617 110/618
f 130/619 110/620 111/621
f 131/622 130/623 111/624
f 131/625 111/626 112/627
f 132/628 131/629 112/630
f 132/631 112/632 113/633
f 133/634 132/635 113/636
f 133/637 113/638 114/639
f 134/640 133/641 114/642
f 134/643 114/644 115/645
f 135/646 134/647 115/648
f 135/649 115/650 116/651
f 136/652 135/653 116/654
f 136/655 116/656 117/657
f 137/658 136/659 117/660
f 137/661 117/662 138/663
f 117/664 118/665 138/666
f 138/667 118/668 139/669
f 118/670 119/671 139/672
f 139/673 119/674 140/675
f 119/676 120/677 140/678
f 140/679 120/680 141/681
f 120/682 121/683 141/684
f 141/685 121/686 142/687
f 121/688 122/689 142/690
f 142/691 122/692 143/693
f 122/694 123/695 143/696
f 143/697 123/698 144/699
f 123/700 124/701 144/702
f 144/703 124/704 145/705
f 124/706 125/707 145/708
f 145/709 125/710 146/711
f 125/712 126/713 146/714
f 146/715 126/716 127/717
f 126/718 107/719 127/720
f 147/721 127/722 128/723
f 148/724 147/725 128/726
f 148/727 128/728 129/729
f 149/730 148/731 129/732
f 149/733 129/734 130/735
f 150/736 149/737 130/738
f 150/739 130/740 131/741
f 151/742 150/743 131/744
f 151/745 131/746 132/747
f 152/748 151/749 132/750
f 152/751 132/752 133/753
f 153/754 152/755 133/756
f 153/757 133/758 134/759
f 154/760 153/761 134/762
f 154/763 134/764 135/765
f 155/766 154/767 135/768
f 155/769 135/770 136/771
f 156/772 155/773 136/774
f 156/775 136/776 137/777
f 157/778 156/779 137/780
f 157/781 137/782 158/783
f 137/784 138/785 158/786
f 158/787 138/788 159/789
f 138/790 139/791 159/792
f 159/793 139/794 160/795
f 139/796 140/797 160/798
f 160/799 140/800 161/801
f 140/802 141/803 161/804
f 161/805 141/806 162/807
f 141/808 142/809 162/810
f 162/811 142/812 163/813
f 142/814 143/815 163/816
f 163/817 143/818 164/819
f 143/820 144/821 164/822
f 164/823 144/824 165/825
f 144/826 145/827 165/828
f 165/829 145/830 166/831
f 145/832 146/833 166/834
f 166/835 146/836 147/837
f 146/838 127/839 147/840
f 167/841 147/842 148/843
f 168/844 167/845 148/846
f 168/847 148/848 149/849
f 169/850 168/851 149/852
f 169/853 149/854 150/855
f 170/856 169/857 150/858
f 170/859 150/860 151/861
f 171/862 170/863 151/864
f 171/865 151/866 152/867
f 172/868 171/869 152/870
f 172/871 152/872 153/873
f 173/874 172/875 153/876
f 173/877 153/878 154/879
f 174/880 173/881 154/882
f 174/883 154/884 155/885
f 175/886 174/887 155/888
f 175/889 155/890 156/891
f 176/892 175/893 156/894
f 176/895 156/896 157/897
f 177/898 176/899 157/900
f 177/901 157/902 178/903
f 157/904 158/905 178/906
f 178/907 158/908 179/909
f 158/910 159/911 179/912
f 179/913 159/914 180/915
f 159/916 160/917 180/918
f 180/919 160/920 181/921
f 160/922 161/923 181/924
f 181/925 161/926 182/927
f 161/928 162/929 182/930
f 182/931 162/932 183/933
f 162/934 163/935 183/936
f 183/937 163/938 184/939
f 163/940 164/941 184/942
f 184/943 164/944 185/945
f 164/946 165/947 185/948
f 185/949 165/950 186/951
f 165/952 166/953 186/954
f 186/955 166/956 167/957
f 166/958 147/959 167/960
f 193/961 187/962 188/963
f 194/964 193/965 188/966
f 194/967 188/968 189/969
f 195/970 194/971 189/972
f 195/973 189/974 190/975
f 196/976 195/977 190/978
f 196/979 190/980 197/981
f 190/982 191/983 197/984
f 197/985 191/986 198/987
f 191/988 192/989 198/990
f 198/991 192/992 193/993
f 192/994 187/995 193/996
f 199/997 193/998 194/999
f 200/1000 199/1001 194/1002
f 200/1003 194/1004 195/1005
f 201/1006 200/1007 195/1008
f 201/1009 195/1010 196/1011
f 202/1012 201/1013 196/1014
f 202/1015 196/1016 203/1017
f 196/1018 197/1019 203/1020
f 203/1021 197/1022 204/1023
f 197/1024 198/1025 204/1026
f 204/1027 198/1028 199/1029
f 198/1030 193/1031 199/1032
f 205/1033 199/1034 200/1035
f 206/1036 205/1037 200/1038
f 206/1039 200/1040 201/1041
f 207/1042 206/1043 201/1044
f 207/1045 201/1046 202/1047
f 208/1048 207/1049 202/1050
f 208/1051 202/1052 209/1053
f 202/1054 203/1055 209/1056
f 209/1057 203/1058 210/1059
f 203/1060 204/1061 210/1062
f 210/1063 204/1064 205/1065
f 204/1066 199/1067 205/1068
f 211/1069 205/1070 206/1071
f 212/1072 211/1073 206/1074
f 212/1075 206/1076 207/1077
f 213/1078 212/1079 207/1080
f 213/1081 207/1082 208/1083
f 214/1084 213/1085 208/1086
f 214/1087 208/1088 215/1089
f 208/1090 209/1091 215/1092
f 215/1093 209/1094 216/1095
f 209/1096 210/1097 216/1098
f 216/1099 210/1100 211/1101
f 210/1102 205/1103 211/1104
f 217/1105 211/1106 212/1107
f 218/1108 217/1109 212/1110
f 218/1111 212/1112 213/1113
f 219/1114 218/1115 213/1116
f 219/1117 213/1118 214/1119
f 220/1120 219/1121 214/1122
f 220/1123 214/1124 221/1125
f 214/1126 215/1127 221/1128
f 221/1129 215/1130 222/1131
f 215/1132 216/1133 222/1134
f 222/1135 216/1136 217/1137
f 216/1138 211/1139 217/1140
f 223/1141 217/1142 218/1143
f 224/1144 223/1145 218/1146
f 224/1147 218/1148 219/1149
f 225/1150 224/1151 219/1152
f 225/1153 219/1154 220/1155
f 226/1156 225/1157 220/1158
f 226/1159 220/1160 227/1161
f 220/1162 221/1163 227/1164
f 227/1165 221/1166 228/1167
f 221/1168 222/1169 228/1170
f 228/1171 222/1172 223/1173
f 222/1174 217/1175 223/1176
f 235/1177 229/1178 230/1179
f 236/1180 235/1181 230/1182
f 236/1183 230/1184 231/1185
f 237/1186 236/1187 231/1188
f 237/1189 231/1190 232/1191
f 238/1192 237/1193 232/1194
f 238/1195 232/1196 239/1197
f 232/1198 233/1199 239/1200
f 239/1201 233/1202 240/1203
f 233/1204 234/1205 240/1206
f 240/1207 234/1208 235/1209
f 234/1210 229/1211 235/1212
f 241/1213 235/1214 236/1215
f 242/1216 241/1217 236/1218
f 242/1219 236/1220 237/1221
f 243/1222 242/1223 237/1224
f 243/1225 237/1226 238/1227
f 244/1228 243/1229 238/1230
f 244/1231 238/1232 245/1233
f 238/1234 239/1235 245/1236
f 245/1237 239/1238 246/1239
f 239/1240 240/1241 246/1242
f 246/1243 240/1244 241/1245
f 240/1246 235/1247 241/1248
f 247/1249 241/1250 242/1251
f 248/1252 247/1253 242/1254
f 248/1255 242/1256 243/1257
f 249/1258 248/1259 243/1260
f 249/1261 243/1262 244/1263
f 250/1264 249/1265 244/1266
f 250/1267 244/1268 251/1269
f 244/1270 245/1271 251/1272
f 251/1273 245/1274 252/1275
f 245/1276 246/1277 252/1278
f 252/1279 246/1280 247/1281
f 246/1282 241/1283 247/1284
f 253/1285 247/1286 248/1287
f 254/1288 253/1289 248/1290
f 254/1291 248/1292 249/1293
f 255/1294 254/1295 249/1296
f 255/1297 249/1298 250/1299
f 256/1300 255/1301 250/1302
f 256/1303 250/1304 257/1305
f 250/1306 251/1307 257/1308
f 257/1309 251/1310 258/1311
f 251/1312 252/1313 258/1314
f 258/1315 252/1316 253/1317
f 252/1318 247/1319 253/1320
f 259/1321 253/1322 254/1323
f 260/1324 259/1325 254/1326
f 260/1327 254/1328 255/1329
f 261/1330 260/1331 255/1332
f 261/1333 255/1334 256/1335
f 262/1336 261/1337 256/1338
f 262/1339 256/1340 263/1341
f 256/1342 257/1343 263/1344
f 263/1345 257/1346 264/1347
f 257/1348 258/1349 264/1350
f 264/1351 258/1352 259/1353
f 258/1354 253/1355 259/1356
f 265/1357 259/1358 260/1359
f 266/1360 265/1361 260/1362
f 266/1363 260/1364 261/1365
f 267/1366 266/1367 261/1368
f 267/1369 261/1370 262/1371
f 268/1372 267/1373 262/1374
f 268/1375 262/1376 269/1377
f 262/1378 263/1379 269/1380
f 269/1381 263/1382 270/1383
f 263/1384 264/1385 270/1386
f 270/1387 264/1388 265/1389
f 264/1390 259/1391 265/1392
f 277/1393 271/1394 272/1395
f 278/1396 277/1397 272/1398
f 278/1399 272/1400 273/1401
f 279/1402 278/1403 273/1404
f 279/1405 273/1406 274/1407
f 280/1408 279/1409 274/1410
f 280/1411 274/1412 281/1413
f 274/1414 275/1415 281/1416
f 281/1417 275/1418 282/1419
f 275/1420 276/1421 282/1422
f 282/1423 276/1424 277/1425
f 276/1426 271/1427 277/1428
f 283/1429 277/1430 278/1431
f 284/1432 283/1433 278/1434
f 284/1435 278/1436 279/1437
f 285/1438 284/1439 279/1440
f 285/1441 279/1442 280/1443
f 286/1444 285/1445 280/1446
f 286/1447 280/1448 287/1449
f 280/1450 281/1451 287/1452
f 287/1453 281/1454 288/1455
f 281/1456 282/1457 288/1458
f 288/1459 282/1460 283/1461
f 282/1462 277/1463 283/1464
f 289/1465 283/1466 284/1467
f 290/1468 289/1469 284/1470
f 290/1471 284/1472 285/1473
f 291/1474 290/1475 285/1476
f 291/1477 285/1478 286/1479
f 292/1480 291/1481 286/1482
f 292/1483 286/1484 293/1485
f 286/1486 287/1487 293/1488
f 293/1489 287/1490 294/1491
f 287/1492 288/1493 294/1494
f 294/1495 288/1496 289/1497
f 288/1498 283/1499 289/1500
f 295/1501 289/1502 290/1503
f 296/1504 295/1505 290/1506
f 296/1507 290/1508 291/1509
f 297/1510 296/1511 291/1512
f 297/1513 291/1514 292/1515
f 298/1516 297/1517 292/1518
f 298/1519 292/1520 299/1521
f 292/1522 293/1523 299/1524
f 299/1525 293/1526 300/1527
f 293/1528 294/1529 300/1530
f 300/1531 294/1532 295/1533
f 294/1534 289/1535 295/1536
f 301/1537 295/1538 296/1539
f 302/1540 301/1541 296/1542
f 302/1543 296/1544 297/1545
f 303/1546 302/1547 297/1548
f 303/1549 297/1550 298/1551
f 304/1552 303/1553 298/1554
f 304/1555 298/1556 305/1557
f 298/1558 299/1559 305/1560
f 305/1561 299/1562 306/1563
f 299/1564 300/1565 306/1566
f 306/1567 300/1568 301/1569
f 300/1570 295/1571 301/1572
f 307/1573 301/1574 302/1575
f 308/1576 307/1577 302/1578
f 308/1579 302/1580 303/1581
f 309/1582 308/1583 303/1584
f 309/1585 303/1586 304/1587
f 310/1588 309/1589 304/1590
f 310/1591 304/1592 311/1593
f 304/1594 305/1595 311/1596
f 311/1597 305/1598 312/1599
f 305/1600 306/1601 312/1602
f 312/1603 306/1604 307/1605
f 306/1606 301/1607 307/1608
f 331/1609 313/1610 314/1611
f 332/1612 331/1613 314/1614
f 332/1615 314/1616 315/1617
f 333/1618 332/1619 315/1620
f 333/1621 315/1622 316/1623
f 334/1624 333/1625 316/1626
f 334/1627 316/1628 317/1629
f 335/1630 334/1631 317/1632
f 335/1633 317/1634 318/1635
f 336/1636 335/1637 318/1638
f 336/1639 318/1640 319/1641
f 337/1642 336/1643 319/1644
f 337/1645 319/1646 320/1647
f 338/1648 337/1649 320/1650
f 338/1651 320/1652 321/1653
f 339/1654 338/1655 321/1656
f 339/1657 321/1658 322/1659
f 340/1660 339/1661 322/1662
f 340/1663 322/1664 341/1665
f 322/1666 323/1667 341/1668
f 341/1669 323/1670 342/1671
f 323/1672 324/1673 342/1674
f 342/1675 324/1676 343/1677
f 324/1678 325/1679 343/1680
f 343/1681 325/1682 344/1683
f 325/1684 326/1685 344/1686
f 344/1687 326/1688 345/1689
f 326/1690 327/1691 345/1692
f 345/1693 327/1694 346/1695
f 327/1696 328/1697 346/1698
f 346/1699 328/1700 347/1701
f 328/1702 329/1703 347/1704
f 347/1705 329/1706 348/1707
f 329/1708 330/1709 348/1710
f 348/1711 330/1712 331/1713
f 330/1714 313/1715 331/1716
f 349/1717 331/1718 332/1719
f 350/1720 349/1721 332/1722
f 350/1723 332/1724 333/1725
f 351/1726 350/1727 333/1728
f 351/1729 333/1730 334/1731
f 352/1732 351/1733 334/1734
f 352/1735 334/1736 335/1737
f 353/1738 352/1739 335/1740
f 353/1741 335/1742 336/1743
f 354/1744 353/1745 336/1746
f 354/1747 336/1748 337/1749
f 355/1750 354/1751 337/1752
f 355/1753 337/1754 338/1755
f 356/1756 355/1757 338/1758
f 356/1759 338/1760 339/1761
f 357/1762 356/1763 339/1764
f 357/1765 339/1766 340/1767
f 358/1768 357/1769 340/1770
f 358/1771 340/1772 359/1773
f 340/1774 341/1775 359/1776
f 359/1777 341/1778 360/1779
f 341/1780 342/1781 360/1782
f 360/1783 342/1784 361/1785
f 342/1786 343/1787 361/1788
f 361/1789 343/1790 362/1791
f 343/1792 344/1793 362/1794
f 362/1795 344/1796 363/1797
f 344/1798 345/1799 363/1800
f 363/1801 345/1802 364/1803
f 345/1804 346/1805 364/1806
f 364/1807 346/1808 365/1809
f 346/1810 347/1811 365/1812
f 365/1813 347/1814 366/1815
f 347/1816 348/1817 366/1818
f 366/1819 348/1820 349/1821
f 348/1822 331/1823 349/1824
f 367/1825 349/1826 350/1827
f 368/1828 367/1829 350/1830
f 368/1831 350/1832 351/1833
f 369/1834 368/1835 351/1836
f 369/1837 351/1838 352/1839
f 370/1840 369/1841 352/1842
f 370/1843 352/1844 353/1845
f 371/1846 370/1847 353/1848
f 371/1849 353/1850 354/1851
f 372/1852 371/1853 354/1854
f 372/1855 354/1856 355/1857
f 373/1858 372/1859 355/1860
f 373/1861 355/1862 356/1863
f 374/1864 373/1865 356/1866
f 374/1867 356/1868 357/1869
f 375/1870 374/1871 357/1872
f 375/1873 357/1874 358/1875
f 376/1876 375/1877 358/1878
f 376/1879 358/1880 377/1881
f 358/1882 359/1883 377/1884
f 377/1885 359/1886 378/1887
f 359/1888 360/1889 378/1890
f 378/1891 360/1892 379/1893
f 360/1894 361/1895 379/1896
f 379/1897 361/1898 380/1899
f 361/1900 362/1901 380/1902
f 380/1903 362/1904 381/1905
f 362/1906 363/1907 381/1908
f 381/1909 363/1910 382/1911
f 363/1912 364/1913 382/1914
f 382/1915 364/1916 383/1917
f 364/1918 365/1919 383/1920
f 383/1921 365/1922 384/1923
f 365/1924 366/1925 384/1926
f 384/1927 366/1928 367/1929
f 366/1930 349/1931 367/1932
f 385/1933 367/1934 368/1935
f 386/1936 385/1937 368/1938
f 386/1939 368/1940 369/1941
f 387/1942 386/1943 369/1944
f 387/1945 369/1946 370/1947
f 388/1948 387/1949 370/1950
f 388/1951 370/1952 371/1953
f 389/1954 388/1955 371/1956
f 389/1957 371/1958 372/1959
f 390/1960 389/1961 372/1962
f 390/1963 372/1964 373/1965
f 391/1966 390/1967 373/1968
f 391/1969 373/1970 374/1971
f 392/1972 391/1973 374/1974
f 392/1975 374/1976 375/1977
f 393/1978 392/1979 375/1980
f 393/1981 375/1982 376/1983
f 394/1984 393/1985 376/1986
f 394/1987 376/1988 395/1989
f 376/1990 377/1991 395/1992
f 395/1993 377/1994 396/1995
f 377/1996 378/1997 396/1998
f 396/1999 378/2000 397/2001
f 378/2002 379/2003 397/2004
f 397/2005 379/2006 398/2007
f 379/2008 380/2009 398/2010
f 398/2011 380/2012 399/2013
f 380/2014 381/2015 399/2016
f 399/2017 381/2018 400/2019
f 381/2020 382/2021 400/2022
f 400/2023 382/2024 401/2025
f 382/2026 383/2027 401/2028
f 401/2029 383/2030 402/2031
f 383/2032 384/2033 402/2034
f 402/2035 384/2036 385/2037
f 384/2038 367/2039 385/2040
f 409/2041 403/2042 404/2043
f 410/2044 409/2045 404/2046
f 410/2047 404/2048 405/2049
f 411/2050 410/2051 405/2052
f 411/2053 405/2054 406/2055
f 412/2056 411/2057 406/2058
f 412/2059 406/2060 413/2061
f 406/2062 407/2063 413/2064
f 413/2065 407/2066 414/2067
f 407/2068 408/2069 414/2070
f 414/2071 408/2072 409/2073
f 408/2074 403/2075 409/2076
f 415/2077 409/2078 410/2079
f 416/2080 415/2081 410/2082
f 416/2083 410/2084 411/2085
f 417/2086 416/2087 411/2088
f 417/2089 411/2090 412/2091
f 418/2092 417/2093 412/2094
f 418/2095 412/2096 419/2097
f 412/2098 413/2099 419/2100
f 419/2101 413/2102 420/2103
f 413/2104 414/2105 420/2106
f 420/2107 414/2108 415/2109
f 414/2110 409/2111 415/2112
f 421/2113 415/2114 416/2115
f 422/2116 421/2117 416/2118
f 422/2119 416/2120 417/2121
f 423/2122 422/2123 417/2124
f 423/2125 417/2126 418/2127
f 424/2128 423/2129 418/2130
f 424/2131 418/2132 425/2133
f 418/2134 419/2135 425/2136
f 425/2137 419/2138 426/2139
f 419/2140 420/2141 426/2142
f 426/2143 420/2144 421/2145
f 420/2146 415/2147 421/2148
f 427/2149 421/2150 422/2151
f 428/2152 427/2153 422/2154
f 428/2155 422/2156 423/2157
f 429/2158 428/2159 423/2160
f 429/2161 423/2162 424/2163
f 430/2164 429/2165 424/2166
f 430/2167 424/2168 431/2169
f 424/2170 425/2171 431/2172
f 431/2173 425/2174 432/2175
f 425/2176 426/2177 432/2178
f 432/2179 426/2180 427/2181
f 426/2182 421/2183 427/2184
f 433/2185 427/2186 428/2187
f 434/2188 433/2189 428/2190
f 434/2191 428/2192 429/2193
f 435/2194 434/2195 429/2196
f 435/2197 429/2198 430/2199
f 436/2200 435/2201 430/2202
f 436/2203 430/2204 437/2205
f 430/2206 431/2207 437/2208
f 437/2209 431/2210 438/2211
f 431/2212 432/2213 438/2214
f 438/2215 432/2216 433/2217
f 432/2218 427/2219 433/2220
f 439/2221 433/2222 434/2223
f 440/2224 439/2225 434/2226
f 440/2227 434/2228 435/2229
f 441/2230 440/2231 435/2232
f 441/2233 435/2234 436/2235
f 442/2236 441/2237 436/2238
f 442/2239 436/2240 443/2241
f 436/2242 437/2243 443/2244
f 443/2245 437/2246 444/2247
f 437/2248 438/2249 444/2250
f 444/2251 438/2252 439/2253
f 438/2254 433/2255 439/2256
f 445/2257 439/2258 440/2259
f 446/2260 445/2261 440/2262
f 446/2263 440/2264 441/2265
f 447/2266 446/2267 441/2268
f 447/2269 441/2270 442/2271
f 448/2272 447/2273 442/2274
f 448/2275 442/2276 449/2277
f 442/2278 443/2279 449/2280
f 449/2281 443/2282 450/2283
f 443/2284 444/2285 450/2286
f 450/2287 444/2288 445/2289
f 444/2290 439/2291 445/2292
f 451/2293 445/2294 446/2295
f 452/2296 451/2297 446/2298
f 452/2299 446/2300 447/2301
f 453/2302 452/2303 447/2304
f 453/2305 447/2306 448/2307
f 454/2308 453/2309 448/2310
f 454/2311 448/2312 455/2313
f 448/2314 449/2315 455/2316
f 455/2317 449/2318 456/2319
f 449/2320 450/2321 456/2322
f 456/2323 450/2324 451/2325
f 450/2326 445/2327 451/2328
f 457/2329 451/2330 452/2331
f 458/2332 457/2333 452/2334
f 458/2335 452/2336 453/2337
f 459/2338 458/2339 453/2340
f 459/2341 453/2342 454/2343
f 460/2344 459/2345 454/2346
f 460/2347 454/2348 461/2349
f 454/2350 455/2351 461/2352
f 461/2353 455/2354 462/2355
f 455/2356 456/2357 462/2358
f 462/2359 456/2360 457/2361
f 456/2362 451/2363 457/2364
f 463/2365 457/2366 458/2367
f 464/2368 463/2369 458/2370
f 464/2371 458/2372 459/2373
f 465/2374 464/2375 459/2376
f 465/2377 459/2378 460/2379
f 466/2380 465/2381 460/2382
f 466/2383 460/2384 467/2385
f 460/2386 461/2387 467/2388
f 467/2389 461/2390 468/2391
f 461/2392 462/2393 468/2394
f 468/2395 462/2396 463/2397
f 462/2398 457/2399 463/2400
f 469/2401 463/2402 464/2403
f 470/2404 469/2405 464/2406
f 470/2407 464/2408 465/2409
f 471/2410 470/2411 465/2412
f 471/2413 465/2414 466/2415
f 472/2416 471/2417 466/2418
f 472/2419 466/2420 473/2421
f 466/2422 467/2423 473/2424
f 473/2425 467/2426 474/2427
f 467/2428 468/2429 474/2430
f 474/2431 468/2432 469/2433
f 468/2434 463/2435 469/2436
f 475/2437 469/2438 470/2439
f 476/2440 475/2441 470/2442
f 476/2443 470/2444 471/2445
f 477/2446 476/2447 471/2448
f 477/2449 471/2450 472/2451
f 478/2452 477/2453 472/2454
f 478/2455 472/2456 479/2457
f 472/2458 473/2459 479/2460
f 479/2461 473/2462 480/2463
f 473/2464 474/2465 480/2466
f 480/2467 474/2468 475/2469
f 474/2470 469/2471 475/2472
f 487/2473 481/2474 482/2475
f 488/2476 487/2477 482/2478
f 488/2479 482/2480 483/2481
f 489/2482 488/2483 483/2484
f 489/2485 483/2486 484/2487
f 490/2488 489/2489 484/2490
f 490/2491 484/2492 491/2493
f 484/2494 485/2495 491/2496
f 491/2497 485/2498 492/2499
f 485/2500 486/2501 492/2502
f 492/2503 486/2504 487/2505
f 486/2506 481/2507 487/2508
f 493/2509 487/2510 488/2511
f 494/2512 493/2513 488/2514
f 494/2515 488/2516 489/2517
f 495/2518 494/2519 489/2520
f 495/2521 489/2522 490/2523
f 496/2524 495/2525 490/2526
f 496/2527 490/2528 497/2529
f 490/2530 491/2531 497/2532
f 497/2533 491/2534 498/2535
f 491/2536 492/2537 498/2538
f 498/2539 492/2540 493/2541
f 492/2542 487/2543 493/2544
f 499/2545 493/2546 494/2547
f 500/2548 499/2549 494/2550
f 500/2551 494/2552 495/2553
f 501/2554 500/2555 495/2556
f 501/2557 495/2558 496/2559
f 502/2560 501/2561 496/2562
f 502/2563 496/2564 503/2565
f 496/2566 497/2567 503/2568
f 503/2569 497/2570 504/2571
f 497/2572 498/2573 504/2574
f 504/2575 498/2576 499/2577
f 498/2578 493/2579 499/2580
f 505/2581 499/2582 500/2583
f 506/2584 505/2585 500/2586
f 506/2587 500/2588 501/2589
f 507/2590 506/2591 501/2592
f 507/2593 501/2594 502/2595
f 508/2596 507/2597 502/2598
f 508/2599 502/2600 509/2601
f 502/2602 503/2603 509/2604
f 509/2605 503/2606 510/2607
f 503/2608 504/2609 510/2610
f 510/2611 504/2612 505/2613
f 504/2614 499/2615 505/2616
f 511/2617 505/2618 506/2619
f 512/2620 511/2621 506/2622
f 512/2623 506/2624 507/2625
f 513/2626 512/2627 507/2628
f 513/2629 507/2630 508/2631
f 514/2632 513/2633 508/2634
f 514/2635 508/2636 515/2637
f 508/2638 509/2639 515/2640
f 515/2641 509/2642 516/2643
f 509/2644 510/2645 516/2646
f 516/2647 510/2648 511/2649
f 510/2650 505/2651 511/2652
f 517/2653 511/2654 512/2655
f 518/2656 517/2657 512/2658
f 518/2659 512/2660 513/2661
f 519/2662 518/2663 513/2664
f 519/2665 513/2666 514/2667
f 520/2668 519/2669 514/2670
f 520/2671 514/2672 521/2673
f 514/2674 515/2675 521/2676
f 521/2677 515/2678 522/2679
f 515/2680 516/2681 522/2682
f 522/2683 516/2684 517/2685
f 516/2686 511/2687 517/2688
f 523/2689 517/2690 518/2691
f 524/2692 523/2693 518/2694
f 524/2695 518/2696 519/2697
f 525/2698 524/2699 519/2700
f 525/2701 519/2702 520/2703
f 526/2704 525/2705 520/2706
f 526/2707 520/2708 527/2709
f 520/2710 521/2711 527/2712
f 527/2713 521/2714 528/2715
f 521/2716 522/2717 528/2718
f 528/2719 522/2720 523/2721
f 522/2722 517/2723 523/2724
f 529/2725 523/2726 524/2727
f 530/2728 529/2729 524/2730
f 530/2731 524/2732 525/2733
f 531/2734 530/2735 525/2736
f 531/2737 525/2738 526/2739
f 532/2740 531/2741 526/2742
f 532/2743 526/2744 533/2745
f 526/2746 527/2747 533/2748
f 533/2749 527/2750 534/2751
f 527/2752 528/2753 534/2754
f 534/2755 528/2756 529/2757
f 528/2758 523/2759 529/2760
f 535/2761 529/2762 530/2763
f 536/2764 535/2765 530/2766
f 536/2767 530/2768 531/2769
f 537/2770 536/2771 531/2772
f 537/2773 531/2774 532/2775
f 538/2776 537/2777 532/2778
f 538/2779 532/2780 539/2781
f 532/2782 533/2783 539/2784
f 539/2785 533/2786 540/2787
f 533/2788 534/2789 540/2790
f 540/2791 534/2792 535/2793
f 534/2794 529/2795 535/2796
f 541/2797 535/2798 536/2799
f 542/2800 541/2801 536/2802
f 542/2803 536/2804 537/2805
f 543/2806 542/2807 537/2808
f 543/2809 537/2810 538/2811
f 544/2812 543/2813 538/2814
f 544/2815 538/2816 545/2817
f 538/2818 539/2819 545/2820
f 545/2821 539/2822 546/2823
f 539/2824 540/2825 546/2826
f 546/2827 540/2828 541/2829
f 540/2830 535/2831 541/2832
f 547/2833 541/2834 542/2835
f 548/2836 547/2837 542/2838
f 548/2839 542/2840 543/2841
f 549/2842 548/2843 543/2844
f 549/2845 543/2846 544/2847
f 550/2848 549/2849 544/2850
f 550/2851 544/2852 551/2853
f 544/2854 545/2855 551/2856
f 551/2857 545/2858 552/2859
f 545/2860 546/2861 552/2862
f 552/2863 546/2864 547/2865
f 546/2866 541/2867 547/2868
f 553/2869 547/2870 548/2871
f 554/2872 553/2873 548/2874
f 554/2875 548/2876 549/2877
f 555/2878 554/2879 549/2880
f 555/2881 549/2882 550/2883
f 556/2884 555/2885 550/2886
f 556/2887 550/2888 557/2889
f 550/2890 551/2891 557/2892
f 557/2893 551/2894 558/2895
f 551/2896 552/2897 558/2898
f 558/2899 552/2900 553/2901
f 552/2902 547/2903 553/2904
f 565/2905 559/2906 560/2907
f 566/2908 565/2909 560/2910
f 566/2911 560/2912 561/2913
f 567/2914 566/2915 561/2916
f 567/2917 561/2918 562/2919
f 568/2920 567/2921 562/2922
f 568/2923 562/2924 569/2925
f 562/2926 563/2927 569/2928
f 569/2929 563/2930 570/2931
f 563/2932 564/2933 570/2934
f 570/2935 564/2936 565/2937
f 564/2938 559/2939 565/2940
f 571/2941 565/2942 566/2943
f 572/2944 571/2945 566/2946
f 572/2947 566/2948 567/2949
f 573/2950 572/2951 567/2952
f 573/2953 567/2954 568/2955
f 574/2956 573/2957 568/2958
f 574/2959 568/2960 575/2961
f 568/2962 569/2963 575/2964
f 575/2965 569/2966 576/2967
f 569/2968 570/2969 576/2970
f 576/2971 570/2972 571/2973
f 570/2974 565/2975 571/2976
f 577/2977 571/2978 572/2979
f 578/2980 577/2981 572/2982
f 578/2983 572/2984 573/2985
f 579/2986 578/2987 573/2988
f 579/2989 573/2990 574/2991
f 580/2992 579/2993 574/2994
f 580/2995 574/2996 581/2997
f 574/2998 575/2999 581/3000
f 581/3001 575/3002 582/3003
f 575/3004 576/3005 582/3006
f 582/3007 576/3008 577/3009
f 576/3010 571/3011 577/3012
f 583/3013 577/3014 578/3015
f 584/3016 583/3017 578/3018
f 584/3019 578/3020 579/3021
f 585/3022 584/3023 579/3024
f 585/3025 579/3026 580/3027
f 586/3028 585/3029 580/3030
f 586/3031 580/3032 587/3033
f 580/3034 581/3035 587/3036
f 587/3037 581/3038 588/3039
f 581/3040 582/3041 588/3042
f 588/3043 582/3044 583/3045
f 582/3046 577/3047 583/3048
f 589/3049 583/3050 584/3051
f 590/3052 589/3053 584/3054
f 590/3055 584/3056 585/3057
f 591/3058 590/3059 585/3060
f 591/3061 585/3062 586/3063
f 592/3064 591/3065 586/3066
f 592/3067 586/3068 593/3069
f 586/3070 587/3071 593/3072
f 593/3073 587/3074 594/3075
f 587/3076 588/3077 594/3078
f 594/3079 588/3080 589/3081
f 588/3082 583/3083 589/3084
f 595/3085 589/3086 590/3087
f 596/3088 595/3089 590/3090
f 596/3091 590/3092 591/3093
f 597/3094 596/3095 591/3096
f 597/3097 591/3098 592/3099
f 598/3100 597/3101 592/3102
f 598/3103 592/3104 599/3105
f 592/3106 593/3107 599/3108
f 599/3109 593/3110 600/3111
f 593/3112 594/3113 600/3114
f 600/3115 594/3116 595/3117
f 594/3118 589/3119 595/3120
f 601/3121 595/3122 596/3123
f 602/3124 601/3125 596/3126
f 602/3127 596/3128 597/3129
f 603/3130 602/3131 597/3132
f 603/3133 597/3134 598/3135
f 604/3136 603/3137 598/3138
f 604/3139 598/3140 605/3141
f 598/3142 599/3143 605/3144
f 605/3145 599/3146 606/3147
f 599/3148 600/3149 606/3150
f 606/3151 600/3152 601/3153
f 600/3154 595/3155 601/3156
f 607/3157 601/3158 602/3159
f 608/3160 607/3161 602/3162
f 608/3163 602/3164 603/3165
f 609/3166 608/3167 603/3168
f 609/3169 603/3170 604/3171
f 610/3172 609/3173 604/3174
f 610/3175 604/3176 611/3177
f 604/3178 605/3179 611/3180
f 611/3181 605/3182 612/3183
f 605/3184 606/3185 612/3186
f 612/3187 606/3188 607/3189
f 606/3190 601/3191 607/3192
f 613/3193 607/3194 608/3195
f 614/3196 613/3197 608/3198
f 614/3199 608/3200 609/3201
f 615/3202 614/3203 609/3204
f 615/3205 609/3206 610/3207
f 616/3208 615/3209 610/3210
f 616/3211 610/3212 617/3213
f 610/3214 611/3215 617/3216
f 617/3217 611/3218 618/3219
f 611/3220 612/3221 618/3222
f 618/3223 612/3224 613/3225
f 612/3226 607/3227 613/3228
f 625/3229 619/3230 620/3231
f 626/3232 625/3233 620/3234
f 626/3235 620/3236 621/3237
f 627/3238 626/3239 621/3240
f 627/3241 621/3242 622/3243
f 628/3244 627/3245 622/3246
f 628/3247 622/3248 629/3249
f 622/3250 623/3251 629/3252
f 629/3253 623/3254 630/3255
f 623/3256 624/3257 630/3258
f 630/3259 624/3260 625/3261
f 624/3262 619/3263 625/3264
f 631/3265 625/3266 626/3267
f 632/3268 631/3269 626/3270
f 632/3271 626/3272 627/3273
f 633/3274 632/3275 627/3276
f 633/3277 627/3278 628/3279
f 634/3280 633/3281 628/3282
f 634/3283 628/3284 635/3285
f 628/3286 629/3287 635/3288
f 635/3289 629/3290 636/3291
f 629/3292 630/3293 636/3294
f 636/3295 630/3296 631/3297
f 630/3298 625/3299 631/3300
f 637/3301 631/3302 632/3303
f 638/3304 637/3305 632/3306
f 638/3307 632/3308 633/3309
f 639/3310 638/3311 633/3312
f 639/3313 633/3314 634/3315
f 640/3316 639/3317 634/3318
f 640/3319 634/3320 641/3321
f 634/3322 635/3323 641/3324
f 641/3325 635/3326 642/3327
f 635/3328 636/3329 642/3330
f 642/3331 636/3332 637/3333
f 636/3334 631/3335 637/3336
f 643/3337 637/3338 638/3339
f 644/3340 643/3341 638/3342
f 644/3343 638/3344 639/3345
f 645/3346 644/3347 639/3348
f 645/3349 639/3350 640/3351
f 646/3352 645/3353 640/3354
f 646/3355 640/3356 647/3357
f 640/3358 641/3359 647/3360
f 647/3361 641/3362 648/3363
f 641/3364 642/3365 648/3366
f 648/3367 642/3368 643/3369
f 642/3370 637/3371 643/3372
f 649/3373 643/3374 644/3375
f 650/3376 649/3377 644/3378
f 650/3379 644/3380 645/3381
f 651/3382 650/3383 645/3384
f 651/3385 645/3386 646/3387
f 652/3388 651/3389 646/3390
f 652/3391 646/3392 653/3393
f 646/3394 647/3395 653/3396
f 653/3397 647/3398 654/3399
f 647/3400 648/3401 654/3402
f 654/3403 648/3404 649/3405
f 648/3406 643/3407 649/3408
f 655/3409 649/3410 650/3411
f 656/3412 655/3413 650/3414
f 656/3415 650/3416 651/3417
f 657/3418 656/3419 651/3420
f 657/3421 651/3422 652/3423
f 658/3424 657/3425 652/3426
f 658/3427 652/3428 659/3429
f 652/3430 653/3431 659/3432
f 659/3433 653/3434 660/3435
f 653/3436 654/3437 660/3438
f 660/3439 654/3440 655/3441
f 654/3442 649/3443 655/3444
f 661/3445 655/3446 656/3447
f 662/3448 661/3449 656/3450
f 662/3451 656/3452 657/3453
f 663/3454 662/3455 657/3456
f 663/3457 657/3458 658/3459
f 664/3460 663/3461 658/3462
f 664/3463 658/3464 665/3465
f 658/3466 659/3467 665/3468
f 665/3469 659/3470 666/3471
f 659/3472 660/3473 666/3474
f 666/3475 660/3476 661/3477
f 660/3478 655/3479 661/3480
f 667/3481 661/3482 662/3483
f 668/3484 667/3485 662/3486
f 668/3487 662/3488 663/3489
f 669/3490 668/3491 663/3492
f 669/3493 663/3494 664/3495
f 670/3496 669/3497 664/3498
f 670/3499 664/3500 671/3501
f 664/3502 665/3503 671/3504
f 671/3505 665/3506 672/3507
f 665/3508 666/3509 672/3510
f 672/3511 666/3512 667/3513
f 666/3514 661/3515 667/3516
f 673/3517 667/3518 668/3519
f 674/3520 673/3521 668/3522
f 674/3523 668/3524 669/3525
f 675/3526 674/3527 669/3528
f 675/3529 669/3530 670/3531
f 676/3532 675/3533 670/3534
f 676/3535 670/3536 677/3537
f 670/3538 671/3539 677/3540
f 677/3541 671/3542 678/3543
f 671/3544 672/3545 678/3546
f 678/3547 672/3548 673/3549
f 672/3550 667/3551 673/3552
f 685/3553 679/3554 680/3555
f 686/3556 685/3557 680/3558
f 686/3559 680/3560 681/3561
f 687/3562 686/3563 681/3564
f 687/3565 681/3566 682/3567
f 688/3568 687/3569 682/3570
f 688/3571 682/3572 689/3573
f 682/3574 683/3575 689/3576
f 689/3577 683/3578 690/3579
f 683/3580 684/3581 690/3582
f 690/3583 684/3584 685/3585
f 684/3586 679/3587 685/3588
f 691/3589 685/3590 686/3591
f 692/3592 691/3593 686/3594
f 692/3595 686/3596 687/3597
f 693/3598 692/3599 687/3600
f 693/3601 687/3602 688/3603
f 694/3604 693/3605 688/3606
f 694/3607 688/3608 695/3609
f 688/3610 689/3611 695/3612
f 695/3613 689/3614 696/3615
f 689/3616 690/3617 696/3618
f 696/3619 690/3620 691/3621
f 690/3622 685/3623 691/3624
f 697/3625 691/3626 692/3627
f 698/3628 697/3629 692/3630
f 698/3631 692/3632 693/3633
f 699/3634 698/3635 693/3636
f 699/3637 693/3638 694/3639
f 700/3640 699/3641 694/3642
f 700/3643 694/3644 701/3645
f 694/3646 695/3647 701/3648
f 701/3649 695/3650 702/3651
f 695/3652 696/3653 702/3654
f 702/3655 696/3656 697/3657
f 696/3658 691/3659 697/3660
f 703/3661 697/3662 698/3663
f 704/3664 703/3665 698/3666
f 704/3667 698/3668 699/3669
f 705/3670 704/3671 699/3672
f 705/3673 699/3674 700/3675
f 706/3676 705/3677 700/3678
f 706/3679 700/3680 707/3681
f 700/3682 701/3683 707/3684
f 707/3685 701/3686 708/3687
f 701/3688 702/3689 708/3690
f 708/3691 702/3692 703/3693
f 702/3694 697/3695 703/3696
f 709/3697 703/3698 704/3699
f 710/3700 709/3701 704/3702
f 710/3703 704/3704 705/3705
f 711/3706 710/3707 705/3708
f 711/3709 705/3710 706/3711
f 712/3712 711/3713 706/3714
f 712/3715 706/3716 713/3717
f 706/3718 707/3719 713/3720
f 713/3721 707/3722 714/3723
f 707/3724 708/3725 714/3726
f 714/3727 708/3728 709/3729
f 708/3730 703/3731 709/3732
f 715/3733 709/3734 710/3735
f 716/3736 715/3737 710/3738
f 716/3739 710/3740 711/3741
f 717/3742 716/3743 711/3744
f 717/3745 711/3746 712/3747
f 718/3748 717/3749 712/3750
f 718/3751 712/3752 719/3753
f 712/3754 713/3755 719/3756
f 719/3757 713/3758 720/3759
f 713/3760 714/3761 720/3762
f 720/3763 714/3764 715/3765
f 714/3766 709/3767 715/3768
f 721/3769 715/3770 716/3771
f 722/3772 721/3773 716/3774
f 722/3775 716/3776 717/3777
f 723/3778 722/3779 717/3780
f 723/3781 717/3782 718/3783
f 724/3784 723/3785 718/3786
f 724/3787 718/3788 725/3789
f 718/3790 719/3791 725/3792
f 725/3793 719/3794 726/3795
f 719/3796 720/3797 726/3798
f 726/3799 720/3800 721/3801
f 720/3802 715/3803 721/3804
f 727/3805 721/3806 722/3807
f 728/3808 727/3809 722/3810
f 728/3811 722/3812 723/3813
f 729/3814 728/3815 723/3816
f 729/3817 723/3818 724/3819
f 730/3820 729/3821 724/3822
f 730/3823 724/3824 731/3825
f 724/3826 725/3827 731/3828
f 731/3829 725/3830 732/3831
f 725/3832 726/3833 732/3834
f 732/3835 726/3836 727/3837
f 726/3838 721/3839 727/3840
f 733/3841 727/3842 728/3843
f 734/3844 733/3845 728/3846
f 734/3847 728/3848 729/3849
f 735/3850 734/3851 729/3852
f 735/3853 729/3854 730/3855
f 736/3856 735/3857 730/3858
f 736/3859 730/3860 737/3861
f 730/3862 731/3863 737/3864
f 737/3865 731/3866 738/3867
f 731/3868 732/3869 738/3870
f 738/3871 732/3872 733/3873
f 732/3874 727/3875 733/3876
f 745/3877 739/3878 740/3879
f 746/3880 745/3881 740/3882
f 746/3883 740/3884 741/3885
f 747/3886 746/3887 741/3888
f 747/3889 741/3890 742/3891
f 748/3892 747/3893 742/3894
f 748/3895 742/3896 749/3897
f 742/3898 743/3899 749/3900
f 749/3901 743/3902 750/3903
f 743/3904 744/3905 750/3906
f 750/3907 744/3908 745/3909
f 744/3910 739/3911 745/3912
f 751/3913 745/3914 746/3915
f 752/3916 751/3917 746/3918
f 752/3919 746/3920 747/3921
f 753/3922 752/3923 747/3924
f 753/3925 747/3926 748/3927
f 754/3928 753/3929 748/3930
f 754/3931 748/3932 755/3933
f 748/3934 749/3935 755/3936
f 755/3937 749/3938 756/3939
f 749/3940 750/3941 756/3942
f 756/3943 750/3944 751/3945
f 750/3946 745/3947 751/3948
f 757/3949 751/3950 752/3951
f 758/3952 757/3953 752/3954
f 758/3955 752/3956 753/3957
f 759/3958 758/3959 753/3960
f 759/3961 753/3962 754/3963
f 760/3964 759/3965 754/3966
f 760/3967 754/3968 761/3969
f 754/3970 755/3971 761/3972
f 761/3973 755/3974 762/3975
f 755/3976 756/3977 762/3978
f 762/3979 756/3980 757/3981
f 756/3982 751/3983 757/3984
f 763/3985 757/3986 758/3987
f 764/3988 763/3989 758/3990
f 764/3991 758/3992 759/3993
f 765/3994 764/3995 759/3996
f 765/3997 759/3998 760/3999
f 766/4000 765/4001 760/4002
f 766/4003 760/4004 767/4005
f 760/4006 761/4007 767/4008
f 767/4009 761/4010 768/4011
f 761/4012 762/4013 768/4014
f 768/4015 762/4016 763/4017
f 762/4018 757/4019 763/4020
f 775/4021 769/4022 770/4023
f 776/4024 775/4025 770/4026
f 776/4027 770/4028 771/4029
f 777/4030 776/4031 771/4032
f 777/4033 771/4034 772/4035
f 778/4036 777/4037 772/4038
f 778/4039 772/4040 779/4041
f 772/4042 773/4043 779/4044
f 779/4045 773/4046 780/4047
f 773/4048 774/4049 780/4050
f 780/4051 774/4052 775/4053
f 774/4054 769/4055 775/4056
f 781/4057 775/4058 776/4059
f 782/4060 781/4061 776/4062
f 782/4063 776/4064 777/4065
f 783/4066 782/4067 777/4068
f 783/4069 777/4070 778/4071
f 784/4072 783/4073 778/4074
f 784/4075 778/4076 785/4077
f 778/4078 779/4079 785/4080
f 785/4081 779/4082 786/4083
f 779/4084 780/4085 786/4086
f 786/4087 780/4088 781/4089
f 780/4090 775/4091 781/4092
f 787/4093 781/4094 782/4095
f 788/4096 787/4097 782/4098
f 788/4099 782/4100 783/4101
f 789/4102 788/4103 783/4104
f 789/4105 783/4106 784/4107
f 790/4108 789/4109 784/4110
f 790/4111 784/4112 791/4113
f 784/4114 785/4115 791/4116
f 791/4117 785/4118 792/4119
f 785/4120 786/4121 792/4122
f 792/4123 786/4124 787/4125
f 786/4126 781/4127 787/4128
f 793/4129 787/4130 788/4131
f 794/4132 793/4133 788/4134
f 794/4135 788/4136 789/4137
f 795/4138 794/4139 789/4140
f 795/4141 789/4142 790/4143
f 796/4144 795/4145 790/4146
f 796/4147 790/4148 797/4149
f 790/4150 791/4151 797/4152
f 797/4153 791/4154 798/4155
f 791/4156 792/4157 798/4158
f 798/4159 792/4160 793/4161
f 792/4162 787/4163 793/4164
f 805/4165 799/4166 800/4167
f 806/4168 805/4169 800/4170
f 806/4171 800/4172 801/4173
f 807/4174 806/4175 801/4176
f 807/4177 801/4178 802/4179
f 808/4180 807/4181 802/4182
f 808/4183 802/4184 809/4185
f 802/4186 803/4187 809/4188
f 809/4189 803/4190 810/4191
f 803/4192 804/4193 810/4194
f 810/4195 804/4196 805/4197
f 804/4198 799/4199 805/4200
f 811/4201 805/4202 806/4203
f 812/4204 811/4205 806/4206
f 812/4207 806/4208 807/4209
f 813/4210 812/4211 807/4212
f 813/4213 807/4214 808/4215
f 814/4216 813/4217 808/4218
f 814/4219 808/4220 815/4221
f 808/4222 809/4223 815/4224
f 815/4225 809/4226 816/4227
f 809/4228 810/4229 816/4230
f 816/4231 810/4232 811/4233
f 810/4234 805/4235 811/4236
f 817/4237 811/4238 812/4239
f 818/4240 817/4241 812/4242
f 818/4243 812/4244 813/4245
f 819/4246 818/4247 813/4248
f 819/4249 813/4250 814/4251
f 820/4252 819/4253 814/4254
f 820/4255 814/4256 821/4257
f 814/4258 815/4259 821/4260
f 821/4261 815/4262 822/4263
f 815/4264 816/4265 822/4266
f 822/4267 816/4268 817/4269
f 816/4270 811/4271 817/4272
f 823/4273 817/4274 818/4275
f 824/4276 823/4277 818/4278
f 824/4279 818/4280 819/4281
f 825/4282 824/4283 819/4284
f 825/4285 819/4286 820/4287
f 826/4288 825/4289 820/4290
f 826/4291 820/4292 827/4293
f 820/4294 821/4295 827/4296
f 827/4297 821/4298 828/4299
f 821/4300 822/4301 828/4302
f 828/4303 822/4304 823/4305
f 822/4306 817/4307 823/4308
f 835/4309 829/4310 830/4311
f 836/4312 835/4313 830/4314
f 836/4315 830/4316 831/4317
f 837/4318 836/4319 831/4320
f 837/4321 831/4322 832/4323
f 838/4324 837/4325 832/4326
f 838/4327 832/4328 839/4329
f 832/4330 833/4331 839/4332
f 839/4333 833/4334 840/4335
f 833/4336 834/4337 840/4338
f 840/4339 834/4340 835/4341
f 834/4342 829/4343 835/4344
f 841/4345 835/4346 836/4347
f 842/4348 841/4349 836/4350
f 842/4351 836/4352 837/4353
f 843/4354 842/4355 837/4356
f 843/4357 837/4358 838/4359
f 844/4360 843/4361 838/4362
f 844/4363 838/4364 845/4365
f 838/4366 839/4367 845/4368
f 845/4369 839/4370 846/4371
f 839/4372 840/4373 846/4374
f 846/4375 840/4376 841/4377
f 840/4378 835/4379 841/4380
f 847/4381 841/4382 842/4383
f 848/4384 847/4385 842/4386
f 848/4387 842/4388 843/4389
f 849/4390 848/4391 843/4392
f 849/4393 843/4394 844/4395
f 850/4396 849/4397 844/4398
f 850/4399 844/4400 851/4401
f 844/4402 845/4403 851/4404
f 851/4405 845/4406 852/4407
f 845/4408 846/4409 852/4410
f 852/4411 846/4412 847/4413
f 846/4414 841/4415 847/4416
f 853/4417 847/4418 848/4419
f 854/4420 853/4421 848/4422
f 854/4423 848/4424 849/4425
f 855/4426 854/4427 849/4428
f 855/4429 849/4430 850/4431
f 856/4432 855/4433 850/4434
f 856/4435 850/4436 857/4437
f 850/4438 851/4439 857/4440
f 857/4441 851/4442 858/4443
f 851/4444 852/4445 858/4446
f 858/4447 852/4448 853/4449
f 852/4450 847/4451 853/4452
f 865/4453 859/4454 860/4455
f 866/4456 865/4457 860/4458
f 866/4459 860/4460 861/4461
f 867/4462 866/4463 861/4464
f 867/4465 861/4466 862/4467
f 868/4468 867/4469 862/4470
f 868/4471 862/4472 869/4473
f 862/4474 863/4475 869/4476
f 869/4477 863/4478 870/4479
f 863/4480 864/4481 870/4482
f 870/4483 864/4484 865/4485
f 864/4486 859/4487 865/4488
f 871/4489 865/4490 866/4491
f 872/4492 871/4493 866/4494
f 872/4495 866/4496 867/4497
f 873/4498 872/4499 867/4500
f 873/4501 867/4502 868/4503
f 874/4504 873/4505 868/4506
f 874/4507 868/4508 875/4509
f 868/4510 869/4511 875/4512
f 875/4513 869/4514 876/4515
f 869/4516 870/4517 876/4518
f 876/4519 870/4520 871/4521
f 870/4522 865/4523 871/4524
f 877/4525 871/4526 872/4527
f 878/4528 877/4529 872/4530
f 878/4531 872/4532 873/4533
f 879/4534 878/4535 873/4536
f 879/4537 873/4538 874/4539
f 880/4540 879/4541 874/4542
f 880/4543 874/4544 881/4545
f 874/4546 875/4547 881/4548
f 881/4549 875/4550 882/4551
f 875/4552 876/4553 882/4554
f 882/4555 876/4556 877/4557
f 876/4558 871/4559 877/4560
f 883/4561 877/4562 878/4563
f 884/4564 883/4565 878/4566
f 884/4567 878/4568 879/4569
f 885/4570 884/4571 879/4572
f 885/4573 879/4574 880/4575
f 886/4576 885/4577 880/4578
f 886/4579 880/4580 887/4581
f 880/4582 881/4583 887/4584
f 887/4585 881/4586 888/4587
f 881/4588 882/4589 888/4590
f 888/4591 882/4592 883/4593
f 882/4594 877/4595 883/4596
f 895/4597 889/4598 890/4599
f 896/4600 895/4601 890/4602
f 896/4603 890/4604 891/4605
f 897/4606 896/4607 891/4608
f 897/4609 891/4610 892/4611
f 898/4612 897/4613 892/4614
f 898/4615 892/4616 899/4617
f 892/4618 893/4619 899/4620
f 899/4621 893/4622 900/4623
f 893/4624 894/4625 900/4626
f 900/4627 894/4628 895/4629
f 894/4630 889/4631 895/4632
f 901/4633 895/4634 896/4635
f 902/4636 901/4637 896/4638
f 902/4639 896/4640 897/4641
f 903/4642 902/4643 897/4644
f 903/4645 897/4646 898/4647
f 904/4648 903/4649 898/4650
f 904/4651 898/4652 905/4653
f 898/4654 899/4655 905/4656
f 905/4657 899/4658 906/4659
f 899/4660 900/4661 906/4662
f 906/4663 900/4664 901/4665
f 900/4666 895/4667 901/4668
f 907/4669 901/4670 902/4671
f 908/4672 907/4673 902/4674
f 908/4675 902/4676 903/4677
f 909/4678 908/4679 903/4680
f 909/4681 903/4682 904/4683
f 910/4684 909/4685 904/4686
f 910/4687 904/4688 911/4689
f 904/4690 905/4691 911/4692
f 911/4693 905/4694 912/4695
f 905/4696 906/4697 912/4698
f 912/4699 906/4700 907/4701
f 906/4702 901/4703 907/4704
f 913/4705 907/4706 908/4707
f 914/4708 913/4709 908/4710
f 914/4711 908/4712 909/4713
f 915/4714 914/4715 909/4716
f 915/4717 909/4718 910/4719
f 916/4720 915/4721 910/4722
f 916/4723 910/4724 917/4725
f 910/4726 911/4727 917/4728
f 917/4729 911/4730 918/4731
f 911/4732 912/4733 918/4734
f 918/4735 912/4736 913/4737
f 912/4738 907/4739 913/4740
f 929/4741 919/4742 920/4743
f 930/4744 929/4745 920/4746
f 930/4747 920/4748 921/4749
f 931/4750 930/4751 921/4752
f 931/4753 921/4754 922/4755
f 932/4756 931/4757 922/4758
f 932/4759 922/4760 923/4761
f 933/4762 932/4763 923/4764
f 933/4765 923/4766 924/4767
f 934/4768 933/4769 924/4770
f 934/4771 924/4772 935/4773
f 924/4774 925/4775 935/4776
f 935/4777 925/4778 936/4779
f 925/4780 926/4781 936/4782
f 936/4783 926/4784 937/4785
f 926/4786 927/4787 937/4788
f 937/4789 927/4790 938/4791
f 927/4792 928/4793 938/4794
f 938/4795 928/4796 929/4797
f 928/4798 919/4799 929/4800
f 939/4801 929/4802 930/4803
f 940/4804 939/4805 930/4806
f 940/4807 930/4808 931/4809
f 941/4810 940/4811 931/4812
f 941/4813 931/4814 932/4815
f 942/4816 941/4817 932/4818
f 942/4819 932/4820 933/4821
f 943/4822 942/4823 933/4824
f 943/4825 933/4826 934/4827
f 944/4828 943/4829 934/4830
f 944/4831 934/4832 945/4833
f 934/4834 935/4835 945/4836
f 945/4837 935/4838 946/4839
f 935/4840 936/4841 946/4842
f 946/4843 936/4844 947/4845
f 936/4846 937/4847 947/4848
f 947/4849 937/4850 948/4851
f 937/4852 938/4853 948/4854
f 948/4855 938/4856 939/4857
f 938/4858 929/4859 939/4860
f 949/4861 939/4862 940/4863
f 950/4864 949/4865 940/4866
f 950/4867 940/4868 941/4869
f 951/4870 950/4871 941/4872
f 951/4873 941/4874 942/4875
f 952/4876 951/4877 942/4878
f 952/4879 942/4880 943/4881
f 953/4882 952/4883 943/4884
f 953/4885 943/4886 944/4887
f 954/4888 953/4889 944/4890
f 954/4891 944/4892 955/4893
f 944/4894 945/4895 955/4896
f 955/4897 945/4898 956/4899
f 945/4900 946/4901 956/4902
f 956/4903 946/4904 957/4905
f 946/4906 947/4907 957/4908
f 957/4909 947/4910 958/4911
f 947/4912 948/4913 958/4914
f 958/4915 948/4916 949/4917
f 948/4918 939/4919 949/4920
f 959/4921 949/4922 950/4923
f 960/4924 959/4925 950/4926
f 960/4927 950/4928 951/4929
f 961/4930 960/4931 951/4932
f 961/4933 951/4934 952/4935
f 962/4936 961/4937 952/4938
f 962/4939 952/4940 953/4941
f 963/4942 962/4943 953/4944
f 963/4945 953/4946 954/4947
f 964/4948 963/4949 954/4950
f 964/4951 954/4952 965/4953
f 954/4954 955/4955 965/4956
f 965/4957 955/4958 966/4959
f 955/4960 956/4961 966/4962
f 966/4963 956/4964 967/4965
f 956/4966 957/4967 967/4968
f 967/4969 957/4970 968/4971
f 957/4972 958/4973 968/4974
f 968/4975 958/4976 959/4977
f 958/4978 949/4979 959/4980
f 969/4981 959/4982 960/4983
f 970/4984 969/4985 960/4986
f 970/4987 960/4988 961/4989
f 971/4990 970/4991 961/4992
f 971/4993 961/4994 962/4995
f 972/4996 971/4997 962/4998
f 972/4999 962/5000 963/5001
f 973/5002 972/5003 963/5004
f 973/5005 963/5006 964/5007
f 974/5008 973/5009 964/5010
f 974/5011 964/5012 975/5013
f 964/5014 965/5015 975/5016
f 975/5017 965/5018 976/5019
f 965/5020 966/5021 976/5022
f 976/5023 966/5024 977/5025
f 966/5026 967/5027 977/5028
f 977/5029 967/5030 978/5031
f 967/5032 968/5033 978/5034
f 978/5035 968/5036 969/5037
f 968/5038 959/5039 969/5040
f 979/5041 980/5042 983/5043
f 983/5044 980/5045 984/5046
f 980/5047 982/5048 984/5049
f 984/5050 982/5051 986/5052
f 979/5053 983/5054 981/5055
f 983/5056 985/5057 981/5058
f 981/5059 985/5060 982/5061
f 985/5062 986/5063 982/5064
f 983/5065 984/5066 987/5067
f 987/5068 984/5069 988/5070
f 984/5071 986/5072 988/5073
f 988/5074 986/5075 990/5076
f 983/5077 987/5078 985/5079
f 987/5080 989/5081 985/5082
f 985/5083 989/5084 986/5085
f 989/5086 990/5087 986/5088
f 987/5089 988/5090 991/5091
f 991/5092 988/5093 992/5094
f 988/5095 990/5096 992/5097
f 992/5098 990/5099 994/5100
f 987/5101 991/5102 989/5103
f 991/5104 993/5105 989/5106
f 989/5107 993/5108 990/5109
f 993/5110 994/5111 990/5112
f 991/5113 992/5114 995/5115
f 995/5116 992/5117 996/5118
f 992/5119 994/5120 996/5121
f 996/5122 994/5123 998/5124
f 991/5125 995/5126 993/5127
f 995/5128 997/5129 993/5130
f 993/5131 997/5132 994/5133
f 997/5134 998/5135 994/5136
f 995/5137 996/5138 999/5139
f 999/5140 996/5141 1000/5142
f 996/5143 998/5144 1000/5145
f 1000/5146 998/5147 1002/5148
f 995/5149 999/5150 997/5151
f 999/5152 1001/5153 997/5154
f 997/5155 1001/5156 998/5157
f 1001/5158 1002/5159 998/5160
f 999/5161 1000/5162 1003/5163
f 1003/5164 1000/5165 1004/5166
f 1000/5167 1002/5168 1004/5169
f 1004/5170 1002/5171 1006/5172
f 999/5173 1003/5174 1001/5175
f 1003/5176 1005/5177 1001/5178
f 1001/5179 1005/5180 1002/5181
f 1005/5182 1006/5183 1002/5184
f 1003/5185 1004/5186 1007/5187
f 1007/5188 1004/5189 1008/5190
f 1004/5191 1006/5192 1008/5193
f 1003/5194 1007/5195 1005/5196
f 1007/5197 1008/5198 1005/5199
f 1005/5200 1008/5201 1006/5202
f 1010/5203 1009/5204 1013/5205
f 1010/5206 1013/5207 1014/5208
f 1012/5209 1010/5210 1014/5211
f 1012/5212 1014/5213 1016/5214
f 1011/5215 1013/5216 1009/5217
f 1011/5218 1015/5219 1013/5220
f 1012/5221 1015/5222 1011/5223
f 1012/5224 1016/5225 1015/5226
f 1014/5227 1013/5228 1017/5229
f 1014/5230 1017/5231 1018/5232
f 1016/5233 1014/5234 1018/5235
f 1016/5236 1018/5237 1020/5238
f 1015/5239 1017/5240 1013/5241
f 1015/5242 1019/5243 1017/5244
f 1016/5245 1019/5246 1015/5247
f 1016/5248 1020/5249 1019/5250
f 1018/5251 1017/5252 1021/5253
f 1018/5254 1021/5255 1022/5256
f 1020/5257 1018/5258 1022/5259
f 1020/5260 1022/5261 1024/5262
f 1019/5263 1021/5264 1017/5265
f 1019/5266 1023/5267 1021/5268
f 1020/5269 1023/5270 1019/5271
f 1020/5272 1024/5273 1023/5274
f 1022/5275 1021/5276 1025/5277
f 1022/5278 1025/5279 1026/5280
f 1024/5281 1022/5282 1026/5283
f 1024/5284 1026/5285 1028/5286
f 1023/5287 1025/5288 1021/5289
f 1023/5290 1027/5291 1025/5292
f 1024/5293 1027/5294 1023/5295
f 1024/5296 1028/5297 1027/5298
f 1026/5299 1025/5300 1029/5301
f 1026/5302 1029/5303 1030/5304
f 1028/5305 1026/5306 1030/5307
f 1028/5308 1030/5309 1032/5310
f 1027/5311 1029/5312 1025/5313
f 1027/5314 1031/5315 1029/5316
f 1028/5317 1031/5318 1027/5319
f 1028/5320 1032/5321 1031/5322
f 1030/5323 1029/5324 1033/5325
f 1030/5326 1033/5327 1034/5328
f 1032/5329 1030/5330 1034/5331
f 1032/5332 1034/5333 1036/5334
f 1031/5335 1033/5336 1029/5337
f 1031/5338 1035/5339 1033/5340
f 1032/5341 1035/5342 1031/5343
f 1032/5344 1036/5345 1035/5346
f 1034/5347 1033/5348 1037/5349
f 1034/5350 1037/5351 1038/5352
f 1036/5353 1034/5354 1038/5355
f 1035/5356 1037/5357 1033/5358
f 1035/5359 1038/5360 1037/5361
f 1036/5362 1038/5363 1035/5364
f 1039/5365 1040/5366 1043/5367
f 1043/5368 1040/5369 1044/5370
f 1040/5371 1042/5372 1044/5373
f 1044/5374 1042/5375 1046/5376
f 1039/5377 1043/5378 1041/5379
f 1043/5380 1045/5381 1041/5382
f 1041/5383 1045/5384 1042/5385
f 1045/5386 1046/5387 1042/5388
f 1043/5389 1044/5390 1047/5391
f 1047/5392 1044/5393 1048/5394
f 1044/5395 1046/5396 1048/5397
f 1048/5398 1046/5399 1050/5400
f 1043/5401 1047/5402 1045/5403
f 1047/5404 1049/5405 1045/5406
f 1045/5407 1049/5408 1046/5409
f 1049/5410 1050/5411 1046/5412
f 1047/5413 1048/5414 1051/5415
f 1051/5416 1048/5417 1052/5418
f 1048/5419 1050/5420 1052/5421
f 1052/5422 1050/5423 1054/5424
f 1047/5425 1051/5426 1049/5427
f 1051/5428 1053/5429 1049/5430
f 1049/5431 1053/5432 1050/5433
f 1053/5434 1054/5435 1050/5436
f 1051/5437 1052/5438 1055/5439
f 1055/5440 1052/5441 1056/5442
f 1052/5443 1054/5444 1056/5445
f 1051/5446 1055/5447 1053/5448
f 1055/5449 1056/5450 1053/5451
f 1053/5452 1056/5453 1054/5454
f 1058/5455 1057/5456 1061/5457
f 1058/5458 1061/5459 1062/5460
f 1060/5461 1058/5462 1062/5463
f 1060/5464 1062/5465 1064/5466
f 1059/5467 1061/5468 1057/5469
f 1059/5470 1063/5471 1061/5472
f 1060/5473 1063/5474 1059/5475
f 1060/5476 1064/5477 1063/5478
f 1062/5479 1061/5480 1065/5481
f 1062/5482 1065/5483 1066/5484
f 1064/5485 1062/5486 1066/5487
f 1064/5488 1066/5489 1068/5490
f 1063/5491 1065/5492 1061/5493
f 1063/5494 1067/5495 1065/5496
f 1064/5497 1067/5498 1063/5499
f 1064/5500 1068/5501 1067/5502
f 1066/5503 1065/5504 1069/5505
f 1066/5506 1069/5507 1070/5508
f 1068/5509 1066/5510 1070/5511
f 1068/5512 1070/5513 1072/5514
f 1067/5515 1069/5516 1065/5517
f 1067/5518 1071/5519 1069/5520
f 1068/5521 1071/5522 1067/5523
f 1068/5524 1072/5525 1071/5526
f 1070/5527 1069/5528 1073/5529
f 1070/5530 1073/5531 1074/5532
f 1072/5533 1070/5534 1074/5535
f 1071/5536 1073/5537 1069/5538
f 1071/5539 1074/5540 1073/5541
f 1072/5542 1074/5543 1071/5544
f 1075/5545 1076/5546 1079/5547
f 1079/5548 1076/5549 1080/5550
f 1076/5551 1078/5552 1080/5553
f 1080/5554 1078/5555 1082/5556
f 1075/5557 1079/5558 1077/5559
f 1079/5560 1081/5561 1077/5562
f 1077/5563 1081/5564 1078/5565
f 1081/5566 1082/5567 1078/5568
f 1079/5569 1080/5570 1083/5571
f 1083/5572 1080/5573 1084/5574
f 1080/5575 1082/5576 1084/5577
f 1084/5578 1082/5579 1086/5580
f 1079/5581 1083/5582 1081/5583
f 1083/5584 1085/5585 1081/5586
f 1081/5587 1085/5588 1082/5589
f 1085/5590 1086/5591 1082/5592
f 1083/5593 1084/5594 1087/5595
f 1087/5596 1084/5597 1088/5598
f 1084/5599 1086/5600 1088/5601
f 1083/5602 1087/5603 1085/5604
f 1087/5605 1088/5606 1085/5607
f 1085/5608 1088/5609 1086/5610
f 1090/5611 1089/5612 1093/5613
f 1090/5614 1093/5615 1094/5616
f 1092/5617 1090/5618 1094/5619
f 1092/5620 1094/5621 1096/5622
f 1091/5623 1093/5624 1089/5625
f 1091/5626 1095/5627 1093/5628
f 1092/5629 1095/5630 1091/5631
f 1092/5632 1096/5633 1095/5634
f 1094/5635 1093/5636 1097/5637
f 1094/5638 1097/5639 1098/5640
f 1096/5641 1094/5642 1098/5643
f 1096/5644 1098/5645 1100/5646
f 1095/5647 1097/5648 1093/5649
f 1095/5650 1099/5651 1097/5652
f 1096/5653 1099/5654 1095/5655
f 1096/5656 1100/5657 1099/5658
f 1098/5659 1097/5660 1101/5661
f 1098/5662 1101/5663 1102/5664
f 1100/5665 1098/5666 1102/5667
f 1099/5668 1101/5669 1097/5670
f 1099/5671 1102/5672 1101/5673
f 1100/5674 1102/5675 1099/5676
f 1103/5677 1104/5678 1107/5679
f 1107/5680 1104/5681 1108/5682
f 1104/5683 1106/5684 1108/5685
f 1108/5686 1106/5687 1110/5688
f 1103/5689 1107/5690 1105/5691
f 1107/5692 1109/5693 1105/5694
f 1105/5695 1109/5696 1106/5697
f 1109/5698 1110/5699 1106/5700
f 1107/5701 1108/5702 1111/5703
f 1111/5704 1108/5705 1112/5706
f 1108/5707 1110/5708 1112/5709
f 1112/5710 1110/5711 1114/5712
f 1107/5713 1111/5714 1109/5715
f 1111/5716 1113/5717 1109/5718
f 1109/5719 1113/5720 1110/5721
f 1113/5722 1114/5723 1110/5724
f 1111/5725 1112/5726 1115/5727
f 1115/5728 1112/5729 1116/5730
f 1112/5731 1114/5732 1116/5733
f 1116/5734 1114/5735 1118/5736
f 1111/5737 1115/5738 1113/5739
f 1115/5740 1117/5741 1113/5742
f 1113/5743 1117/5744 1114/5745
f 1117/5746 1118/5747 1114/5748
f 1115/5749 1116/5750 1119/5751
f 1119/5752 1116/5753 1120/5754
f 1116/5755 1118/5756 1120/5757
f 1120/5758 1118/5759 1122/5760
f 1115/5761 1119/5762 1117/5763
f 1119/5764 1121/5765 1117/5766
f 1117/5767 1121/5768 1118/5769
f 1121/5770 1122/5771 1118/5772
f 1119/5773 1120/5774 1123/5775
f 1123/5776 1120/5777 1124/5778
f 1120/5779 1122/5780 1124/5781
f 1119/5782 1123/5783 1121/5784
f 1123/5785 1124/5786 1121/5787
f 1121/5788 1124/5789 1122/5790
f 1126/5791 1125/5792 1129/5793
f 1126/5794 1129/5795 1130/5796
f 1128/5797 1126/5798 1130/5799
f 1128/5800 1130/5801 1132/5802
f 1127/5803 1129/5804 1125/5805
f 1127/5806 1131/5807 1129/5808
f 1128/5809 1131/5810 1127/5811
f 1128/5812 1132/5813 1131/5814
f 1130/5815 1129/5816 1133/5817
f 1130/5818 1133/5819 1134/5820
f 1132/5821 1130/5822 1134/5823
f 1132/5824 1134/5825 1136/5826
f 1131/5827 1133/5828 1129/5829
f 1131/5830 1135/5831 1133/5832
f 1132/5833 1135/5834 1131/5835
f 1132/5836 1136/5837 1135/5838
f 1134/5839 1133/5840 1137/5841
f 1134/5842 1137/5843 1138/5844
f 1136/5845 1134/5846 1138/5847
f 1136/5848 1138/5849 1140/5850
f 1135/5851 1137/5852 1133/5853
f 1135/5854 1139/5855 1137/5856
f 1136/5857 1139/5858 1135/5859
f 1136/5860 1140/5861 1139/5862
f 1138/5863 1137/5864 1141/5865
f 1138/5866 1141/5867 1142/5868
f 1140/5869 1138/5870 1142/5871
f 1140/5872 1142/5873 1144/5874
f 1139/5875 1141/5876 1137/5877
f 1139/5878 1143/5879 1141/5880
f 1140/5881 1143/5882 1139/5883
f 1140/5884 1144/5885 1143/5886
f 1142/5887 1141/5888 1145/5889
f 1142/5890 1145/5891 1146/5892
f 1144/5893 1142/5894 1146/5895
f 1143/5896 1145/5897 1141/5898
f 1143/5899 1146/5900 1145/5901
f 1144/5902 1146/5903 1143/5904
f 1147/5905 1148/5906 1151/5907
f 1151/5908 1148/5909 1152/5910
f 1148/5911 1150/5912 1152/5913
f 1152/5914 1150/5915 1154/5916
f 1147/5917 1151/5918 1149/5919
f 1151/5920 1153/5921 1149/5922
f 1149/5923 1153/5924 1150/5925
f 1153/5926 1154/5927 1150/5928
f 1151/5929 1152/5930 1155/5931
f 1155/5932 1152/5933 1156/5934
f 1152/5935 1154/5936 1156/5937
f 1156/5938 1154/5939 1158/5940
f 1151/5941 1155/5942 1153/5943
f 1155/5944 1157/5945 1153/5946
f 1153/5947 1157/5948 1154/5949
f 1157/5950 1158/5951 1154/5952
f 1155/5953 1156/5954 1159/5955
f 1159/5956 1156/5957 1160/5958
f 1156/5959 1158/5960 1160/5961
f 1160/5962 1158/5963 1162/5964
f 1155/5965 1159/5966 1157/5967
f 1159/5968 1161/5969 1157/5970
f 1157/5971 1161/5972 1158/5973
f 1161/5974 1162/5975 1158/5976
f 1159/5977 1160/5978 1163/5979
f 1163/5980 1160/5981 1164/5982
f 1160/5983 1162/5984 1164/5985
f 1164/5986 1162/5987 1166/5988
f 1159/5989 1163/5990 1161/5991
f 1163/5992 1165/5993 1161/5994
f 1161/5995 1165/5996 1162/5997
f 1165/5998 1166/5999 1162/6000
f 1163/6001 1164/6002 1167/6003
f 1167/6004 1164/6005 1168/6006
f 1164/6007 1166/6008 1168/6009
f 1163/6010 1167/6011 1165/6012
f 1167/6013 1168/6014 1165/6015
f 1165/6016 1168/6017 1166/6018
f 1170/6019 1169/6020 1173/6021
f 1170/6022 1173/6023 1174/6024
f 1172/6025 1170/6026 1174/6027
f 1172/6028 1174/6029 1176/6030
f 1171/6031 1173/6032 1169/6033
f 1171/6034 1175/6035 1173/6036
f 1172/6037 1175/6038 1171/6039
f 1172/6040 1176/6041 1175/6042
f 1174/6043 1173/6044 1177/6045
f 1174/6046 1177/6047 1178/6048
f 1176/6049 1174/6050 1178/6051
f 1176/6052 1178/6053 1180/6054
f 1175/6055 1177/6056 1173/6057
f 1175/6058 1179/6059 1177/6060
f 1176/6061 1179/6062 1175/6063
f 1176/6064 1180/6065 1179/6066
f 1178/6067 1177/6068 1181/6069
f 1178/6070 1181/6071 1182/6072
f 1180/6073 1178/6074 1182/6075
f 1180/6076 1182/6077 1184/6078
f 1179/6079 1181/6080 1177/6081
f 1179/6082 1183/6083 1181/6084
f 1180/6085 1183/6086 1179/6087
f 1180/6088 1184/6089 1183/6090
f 1182/6091 1181/6092 1185/6093
f 1182/6094 1185/6095 1186/6096
f 1184/6097 1182/6098 1186/6099
f 1184/6100 1186/6101 1188/6102
f 1183/6103 1185/6104 1181/6105
f 1183/6106 1187/6107 1185/6108
f 1184/6109 1187/6110 1183/6111
f 1184/6112 1188/6113 1187/6114
f 1186/6115 1185/6116 1189/6117
f 1186/6118 1189/6119 1190/6120
f 1188/6121 1186/6122 1190/6123
f 1187/6124 1189/6125 1185/6126
f 1187/6127 1190/6128 1189/6129
f 1188/6130 1190/6131 1187/6132
f 1191/6133 1192/6134 1195/6135
f 1195/6136 1192/6137 1196/6138
f 1192/6139 1194/6140 1196/6141
f 1196/6142 1194/6143 1198/6144
f 1191/6145 1195/6146 1193/6147
f 1195/6148 1197/6149 1193/6150
f 1193/6151 1197/6152 1194/6153
f 1197/6154 1198/6155 1194/6156
f 1195/6157 1196/6158 1199/6159
f 1199/6160 1196/6161 1200/6162
f 1196/6163 1198/6164 1200/6165
f 1200/6166 1198/6167 1202/6168
f 1195/6169 1199/6170 1197/6171
f 1199/6172 1201/6173 1197/6174
f 1197/6175 1201/6176 1198/6177
f 1201/6178 1202/6179 1198/6180
f 1199/6181 1200/6182 1203/6183
f 1203/6184 1200/6185 1204/6186
f 1200/6187 1202/6188 1204/6189
f 1204/6190 1202/6191 1206/6192
f 1199/6193 1203/6194 1201/6195
f 1203/6196 1205/6197 1201/6198
f 1201/6199 1205/6200 1202/6201
f 1205/6202 1206/6203 1202/6204
f 1203/6205 1204/6206 1207/6207
f 1207/6208 1204/6209 1208/6210
f 1204/6211 1206/6212 1208/6213
f 1208/6214 1206/6215 1210/6216
f 1203/6217 1207/6218 1205/6219
f 1207/6220 1209/6221 1205/6222
f 1205/6223 1209/6224 1206/6225
f 1209/6226 1210/6227 1206/6228
f 1207/6229 1208/6230 1211/6231
f 1211/6232 1208/6233 1212/6234
f 1208/6235 1210/6236 1212/6237
f 1207/6238 1211/6239 1209/6240
f 1211/6241 1212/6242 1209/6243
f 1209/6244 1212/6245 1210/6246
f 1214/6247 1213/6248 1217/6249
f 1214/6250 1217/6251 1218/6252
f 1216/6253 1214/6254 1218/6255
f 1216/6256 1218/6257 1220/6258
f 1215/6259 1217/6260 1213/6261
f 1215/6262 1219/6263 1217/6264
f 1216/6265 1219/6266 1215/6267
f 1216/6268 1220/6269 1219/6270
f 1218/6271 1217/6272 1221/6273
f 1218/6274 1221/6275 1222/6276
f 1220/6277 1218/6278 1222/6279
f 1220/6280 1222/6281 1224/6282
f 1219/6283 1221/6284 1217/6285
f 1219/6286 1223/6287 1221/6288
f 1220/6289 1223/6290 1219/6291
f 1220/6292 1224/6293 1223/6294
f 1222/6295 1221/6296 1225/6297
f 1222/6298 1225/6299 1226/6300
f 1224/6301 1222/6302 1226/6303
f 1224/6304 1226/6305 1228/6306
f 1223/6307 1225/6308 1221/6309
f 1223/6310 1227/6311 1225/6312
f 1224/6313 1227/6314 1223/6315
f 1224/6316 1228/6317 1227/6318
f 1226/6319 1225/6320 1229/6321
f 1226/6322 1229/6323 1230/6324
f 1228/6325 1226/6326 1230/6327
f 1228/6328 1230/6329 1232/6330
f 1227/6331 1229/6332 1225/6333
f 1227/6334 1231/6335 1229/6336
f 1228/6337 1231/6338 1227/6339
f 1228/6340 1232/6341 1231/6342
f 1230/6343 1229/6344 1233/6345
f 1230/6346 1233/6347 1234/6348
f 1232/6349 1230/6350 1234/6351
f 1231/6352 1233/6353 1229/6354
f 1231/6355 1234/6356 1233/6357
f 1232/6358 1234/6359 1231/6360
f 1235/6361 1236/6362 1239/6363
f 1239/6364 1236/6365 1240/6366
f 1236/6367 1238/6368 1240/6369
f 1240/6370 1238/6371 1242/6372
f 1235/6373 1239/6374 1237/6375
f 1239/6376 1241/6377 1237/6378
f 1237/6379 1241/6380 1238/6381
f 1241/6382 1242/6383 1238/6384
f 1239/6385 1240/6386 1243/6387
f 1243/6388 1240/6389 1244/6390
f 1240/6391 1242/6392 1244/6393
f 1244/6394 1242/6395 1246/6396
f 1239/6397 1243/6398 1241/6399
f 1243/6400 1245/6401 1241/6402
f 1241/6403 1245/6404 1242/6405
f 1245/6406 1246/6407 1242/6408
f 1243/6409 1244/6410 1247/6411
f 1247/6412 1244/6413 1248/6414
f 1244/6415 1246/6416 1248/6417
f 1248/6418 1246/6419 1250/6420
f 1243/6421 1247/6422 1245/6423
f 1247/6424 1249/6425 1245/6426
f 1245/6427 1249/6428 1246/6429
f 1249/6430 1250/6431 1246/6432
f 1247/6433 1248/6434 1251/6435
f 1251/6436 1248/6437 1252/6438
f 1248/6439 1250/6440 1252/6441
f 1252/6442 1250/6443 1254/6444
f 1247/6445 1251/6446 1249/6447
f 1251/6448 1253/6449 1249/6450
f 1249/6451 1253/6452 1250/6453
f 1253/6454 1254/6455 1250/6456
f 1251/6457 1252/6458 1255/6459
f 1255/6460 1252/6461 1256/6462
f 1252/6463 1254/6464 1256/6465
f 1251/6466 1255/6467 1253/6468
f 1255/6469 1256/6470 1253/6471
f 1253/6472 1256/6473 1254/6474
f 1258/6475 1257/6476 1261/6477
f 1258/6478 1261/6479 1262/6480
f 1260/6481 1258/6482 1262/6483
f 1260/6484 1262/6485 1264/6486
f 1259/6487 1261/6488 1257/6489
f 1259/6490 1263/6491 1261/6492
f 1260/6493 1263/6494 1259/6495
f 1260/6496 1264/6497 1263/6498
f 1262/6499 1261/6500 1265/6501
f 1262/6502 1265/6503 1266/6504
f 1264/6505 1262/6506 1266/6507
f 1264/6508 1266/6509 1268/6510
f 1263/6511 1265/6512 1261/6513
f 1263/6514 1267/6515 1265/6516
f 1264/6517 1267/6518 1263/6519
f 1264/6520 1268/6521 1267/6522
f 1266/6523 1265/6524 1269/6525
f 1266/6526 1269/6527 1270/6528
f 1268/6529 1266/6530 1270/6531
f 1268/6532 1270/6533 1272/6534
f 1267/6535 1269/6536 1265/6537
f 1267/6538 1271/6539 1269/6540
f 1268/6541 1271/6542 1267/6543
f 1268/6544 1272/6545 1271/6546
f 1270/6547 1269/6548 1273/6549
f 1270/6550 1273/6551 1274/6552
f 1272/6553 1270/6554 1274/6555
f 1272/6556 1274/6557 1276/6558
f 1271/6559 1273/6560 1269/6561
f 1271/6562 1275/6563 1273/6564
f 1272/6565 1275/6566 1271/6567
f 1272/6568 1276/6569 1275/6570
f 1274/6571 1273/6572 1277/6573
f 1274/6574 1277/6575 1278/6576
f 1276/6577 1274/6578 1278/6579
f 1275/6580 1277/6581 1273/6582
f 1275/6583 1278/6584 1277/6585
f 1276/6586 1278/6587 1275/6588
f 1279/6589 1280/6590 1283/6591
f 1283/6592 1280/6593 1284/6594
f 1280/6595 1282/6596 1284/6597
f 1284/6598 1282/6599 1286/6600
f 1279/6601 1283/6602 1281/6603
f 1283/6604 1285/6605 1281/6606
f 1281/6607 1285/6608 1282/6609
f 1285/6610 1286/6611 1282/6612
f 1283/6613 1284/6614 1287/6615
f 1287/6616 1284/6617 1288/6618
f 1284/6619 1286/6620 1288/6621
f 1288/6622 1286/6623 1290/6624
f 1283/6625 1287/6626 1285/6627
f 1287/6628 1289/6629 1285/6630
f 1285/6631 1289/6632 1286/6633
f 1289/6634 1290/6635 1286/6636
f 1287/6637 1288/6638 1291/6639
f 1291/6640 1288/6641 1292/6642
f 1288/6643 1290/6644 1292/6645
f 1287/6646 1291/6647 1289/6648
f 1291/6649 1292/6650 1289/6651
f 1289/6652 1292/6653 1290/6654
f 1294/6655 1293/6656 1297/6657
f 1294/6658 1297/6659 1298/6660
f 1296/6661 1294/6662 1298/6663
f 1296/6664 1298/6665 1300/6666
f 1295/6667 1297/6668 1293/6669
f 1295/6670 1299/6671 1297/6672
f 1296/6673 1299/6674 1295/6675
f 1296/6676 1300/6677 1299/6678
f 1298/6679 1297/6680 1301/6681
f 1298/6682 1301/6683 1302/6684
f 1300/6685 1298/6686 1302/6687
f 1300/6688 1302/6689 1304/6690
f 1299/6691 1301/6692 1297/6693
f 1299/6694 1303/6695 1301/6696
f 1300/6697 1303/6698 1299/6699
f 1300/6700 1304/6701 1303/6702
f 1302/6703 1301/6704 1305/6705
f 1302/6706 1305/6707 1306/6708
f 1304/6709 1302/6710 1306/6711
f 1303/6712 1305/6713 1301/6714
f 1303/6715 1306/6716 1305/6717
f 1304/6718 1306/6719 1303/6720
f 1307/6721 1308/6722 1311/6723
f 1311/6724 1308/6725 1312/6726
f 1308/6727 1310/6728 1312/6729
f 1312/6730 1310/6731 1314/6732
f 1307/6733 1311/6734 1309/6735
f 1311/6736 1313/6737 1309/6738
f 1309/6739 1313/6740 1310/6741
f 1313/6742 1314/6743 1310/6744
f 1311/6745 1312/6746 1315/6747
f 1315/6748 1312/6749 1316/6750
f 1312/6751 1314/6752 1316/6753
f 1316/6754 1314/6755 1318/6756
f 1311/6757 1315/6758 1313/6759
f 1315/6760 1317/6761 1313/6762
f 1313/6763 1317/6764 1314/6765
f 1317/6766 1318/6767 1314/6768
f 1315/6769 1316/6770 1319/6771
f 1319/6772 1316/6773 1320/6774
f 1316/6775 1318/6776 1320/6777
f 1320/6778 1318/6779 1322/6780
f 1315/6781 1319/6782 1317/6783
f 1319/6784 1321/6785 1317/6786
f 1317/6787 1321/6788 1318/6789
f 1321/6790 1322/6791 1318/6792
f 1319/6793 1320/6794 1323/6795
f 1323/6796 1320/6797 1324/6798
f 1320/6799 1322/6800 1324/6801
f 1324/6802 1322/6803 1326/6804
f 1319/6805 1323/6806 1321/6807
f 1323/6808 1325/6809 1321/6810
f 1321/6811 1325/6812 1322/6813
f 1325/6814 1326/6815 1322/6816
f 1323/6817 1324/6818 1327/6819
f 1327/6820 1324/6821 1328/6822
f 1324/6823 1326/6824 1328/6825
f 1323/6826 1327/6827 1325/6828
f 1327/6829 1328/6830 1325/6831
f 1325/6832 1328/6833 1326/6834
f 1330/6835 1329/6836 1333/6837
f 1330/6838 1333/6839 1334/6840
f 1332/6841 1330/6842 1334/6843
f 1332/6844 1334/6845 1336/6846
f 1331/6847 1333/6848 1329/6849
f 1331/6850 1335/6851 1333/6852
f 1332/6853 1335/6854 1331/6855
f 1332/6856 1336/6857 1335/6858
f 1334/6859 1333/6860 1337/6861
f 1334/6862 1337/6863 1338/6864
f 1336/6865 1334/6866 1338/6867
f 1336/6868 1338/6869 1340/6870
f 1335/6871 1337/6872 1333/6873
f 1335/6874 1339/6875 1337/6876
f 1336/6877 1339/6878 1335/6879
f 1336/6880 1340/6881 1339/6882
f 1338/6883 1337/6884 1341/6885
f 1338/6886 1341/6887 1342/6888
f 1340/6889 1338/6890 1342/6891
f 1340/6892 1342/6893 1344/6894
f 1339/6895 1341/6896 1337/6897
f 1339/6898 1343/6899 1341/6900
f 1340/6901 1343/6902 1339/6903
f 1340/6904 1344/6905 1343/6906
f 1342/6907 1341/6908 1345/6909
f 1342/6910 1345/6911 1346/6912
f 1344/6913 1342/6914 1346/6915
f 1344/6916 1346/6917 1348/6918
f 1343/6919 1345/6920 1341/6921
f 1343/6922 1347/6923 1345/6924
f 1344/6925 1347/6926 1343/6927
f 1344/6928 1348/6929 1347/6930
f 1346/6931 1345/6932 1349/6933
f 1346/6934 1349/6935 1350/6936
f 1348/6937 1346/6938 1350/6939
f 1347/6940 1349/6941 1345/6942
f 1347/6943 1350/6944 1349/6945
f 1348/6946 1350/6947 1347/6948
