v -1 0 0.1
v -1 0 0.1
v -1 0 0.1
v -1 0 0.1
v -1 0 0.1
v -1 0 0.1
v -1 0 0.1
v -1 0 0.1
v -1 0 0.1
v -1 0 0.1
v -1 0 0.1
v -1 0 0.1
v -0.75 0 0.2
v -0.75 -0.07 0.1866
v -0.75 -0.12124 0.15
v -0.75 -0.14 0.1
v -0.75 -0.12124 0.05
v -0.75 -0.07 0.0134
v -0.75 0 0
v -0.75 0.07 0.0134
v -0.75 0.12124 0.05
v -0.75 0.14 0.1
v -0.75 0.12124 0.15
v -0.75 0.07 0.1866
v -0.5 0 0.26
v -0.5 -0.08 0.23856
v -0.5 -0.13856 0.18
v -0.5 -0.16 0.1
v -0.5 -0.13856 0.02
v -0.5 -0.08 -0.03856
v -0.5 0 -0.06
v -0.5 0.08 -0.03856
v -0.5 0.13856 0.02
v -0.5 0.16 0.1
v -0.5 0.13856 0.18
v -0.5 0.08 0.23856
v 0.05 0 0.31
v 0.05 -0.11 0.28187
v 0.05 -0.19053 0.205
v 0.05 -0.22 0.1
v 0.05 -0.19053 -0.005
v 0.05 -0.11 -0.08187
v 0.05 0 -0.11
v 0.05 0.11 -0.08187
v 0.05 0.19053 -0.005
v 0.05 0.22 0.1
v 0.05 0.19053 0.205
v 0.05 0.11 0.28187
v 0.3 0 0.3
v 0.3 -0.105 0.27321
v 0.3 -0.18187 0.2
v 0.3 -0.21 0.1
v 0.3 -0.18187 0
v 0.3 -0.105 -0.07321
v 0.3 0 -0.1
v 0.3 0.105 -0.07321
v 0.3 0.18187 0
v 0.3 0.21 0.1
v 0.3 0.18187 0.2
v 0.3 0.105 0.27321
v 0.63 0 0.25
v 0.63 -0.075 0.2299
v 0.63 -0.1299 0.175
v 0.63 -0.15 0.1
v 0.63 -0.1299 0.025
v 0.63 -0.075 -0.0299
v 0.63 0 -0.05
v 0.63 0.075 -0.0299
v 0.63 0.1299 0.025
v 0.63 0.15 0.1
v 0.63 0.1299 0.175
v 0.63 0.075 0.2299
v 0.75 0 0.2
v 0.75 -0.075 0.1866
v 0.75 -0.1299 0.15
v 0.75 -0.15 0.1
v 0.75 -0.1299 0.05
v 0.75 -0.075 0.0134
v 0.75 0 0
v 0.75 0.075 0.0134
v 0.75 0.1299 0.05
v 0.75 0.15 0.1
v 0.75 0.1299 0.15
v 0.75 0.075 0.1866
v 1.11 0 0.2
v 1.11 -0.05 0.1866
v 1.11 -0.0866 0.15
v 1.11 -0.1 0.1
v 1.11 -0.0866 0.05
v 1.11 -0.05 0.0134
v 1.11 0 0
v 1.11 0.05 0.0134
v 1.11 0.0866 0.05
v 1.11 0.1 0.1
v 1.11 0.0866 0.15
v 1.11 0.05 0.1866
v 0.95 0 0.1
v 0.95 0 0.1
v 0.95 0 0.1
v 0.95 0 0.1
v 0.95 0 0.1
v 0.95 0 0.1
v 0.95 0 0.1
v 0.95 0 0.1
v 0.95 0 0.1
v 0.95 0 0.1
v 0.95 0 0.1
v 0.95 0 0.1
v -0.47 0 0.27
v -0.47 -0.01414 0.26414
v -0.47 -0.02 0.25
v -0.47 -0.01414 0.23586
v -0.47 0 0.23
v -0.47 0.01414 0.23586
v -0.47 0.02 0.25
v -0.47 0.01414 0.26414
v -0.38 0 0.3
v -0.38 -0.04243 0.28828
v -0.38 -0.06 0.26
v -0.38 -0.04243 0.23172
v -0.38 0 0.22
v -0.38 0.04243 0.23172
v -0.38 0.06 0.26
v -0.38 0.04243 0.28828
v -0.2 0 0.33
v -0.2 -0.05657 0.31243
v -0.2 -0.08 0.27
v -0.2 -0.05657 0.22757
v -0.2 0 0.21
v -0.2 0.05657 0.22757
v -0.2 0.08 0.27
v -0.2 0.05657 0.31243
v -0.02 0 0.34
v -0.02 -0.05657 0.32243
v -0.02 -0.08 0.28
v -0.02 -0.05657 0.23757
v -0.02 0 0.22
v -0.02 0.05657 0.23757
v -0.02 0.08 0.28
v -0.02 0.05657 0.32243
v 0.15 0 0.33
v 0.15 -0.05657 0.31243
v 0.15 -0.08 0.27
v 0.15 -0.05657 0.22757
v 0.15 0 0.21
v 0.15 0.05657 0.22757
v 0.15 0.08 0.27
v 0.15 0.05657 0.31243
v 0.2 0 0.35
v 0.2 -0.07071 0.32657
v 0.2 -0.1 0.27
v 0.2 -0.07071 0.21343
v 0.2 0 0.19
v 0.2 0.07071 0.21343
v 0.2 0.1 0.27
v 0.2 0.07071 0.32657
v 0.4 0 0.29
v 0.4 -0.0495 0.27536
v 0.4 -0.07 0.24
v 0.4 -0.0495 0.20464
v 0.4 0 0.19
v 0.4 0.0495 0.20464
v 0.4 0.07 0.24
v 0.4 0.0495 0.27536
v -1.1 0.09 0.1
v -1.1 0.09 0.1
v -1.1 0.09 0.1
v -1.1 0.09 0.1
v -1.1 0.09 0.1
v -1.1 0.09 0.1
v -1.1 0.09 0.1
v -1.1 0.09 0.1
v -1.15 0.09 0.13
v -1.15 0.06879 0.12121
v -1.15 0.06 0.1
v -1.15 0.06879 0.07879
v -1.15 0.09 0.07
v -1.15 0.11121 0.07879
v -1.15 0.12 0.1
v -1.15 0.11121 0.12121
v -0.45 0.22 0.13
v -0.45 0.16343 0.10657
v -0.45 0.14 0.05
v -0.45 0.16343 -0.00657
v -0.45 0.22 -0.03
v -0.45 0.27657 -0.00657
v -0.45 0.3 0.05
v -0.45 0.27657 0.10657
v 0.1 0.14 0.1
v 0.1 0.10464 0.08536
v 0.1 0.09 0.05
v 0.1 0.10464 0.01464
v 0.1 0.14 0
v 0.1 0.17536 0.01464
v 0.1 0.19 0.05
v 0.1 0.17536 0.08536
v 0.4 0.19 0.2
v 0.4 0.08393 0.14142
v 0.4 0.04 0
v 0.4 0.08393 -0.14142
v 0.4 0.19 -0.2
v 0.4 0.29607 -0.14142
v 0.4 0.34 0
v 0.4 0.29607 0.14142
v 0.55 0.19 0.2
v 0.55 0.08393 0.14142
v 0.55 0.04 0
v 0.55 0.08393 -0.14142
v 0.55 0.19 -0.2
v 0.55 0.29607 -0.14142
v 0.55 0.34 0
v 0.55 0.29607 0.14142
v 0.7 0.16 0.15
v 0.7 0.06808 0.10607
v 0.7 0.03 0
v 0.7 0.06808 -0.10607
v 0.7 0.16 -0.15
v 0.7 0.25192 -0.10607
v 0.7 0.29 0
v 0.7 0.25192 0.10607
v 0.9 0.17 0.2
v 0.9 0.07808 0.14142
v 0.9 0.04 0
v 0.9 0.07808 -0.14142
v 0.9 0.17 -0.2
v 0.9 0.26192 -0.14142
v 0.9 0.3 0
v 0.9 0.26192 0.14142
v 1.2 0.15 0.15
v 1.2 0.07929 0.10607
v 1.2 0.05 0
v 1.2 0.07929 -0.10607
v 1.2 0.15 -0.15
v 1.2 0.22071 -0.10607
v 1.2 0.25 0
v 1.2 0.22071 0.10607
v 1 0.15 0
v 1 0.15 0
v 1 0.15 0
v 1 0.15 0
v 1 0.15 0
v 1 0.15 0
v 1 0.15 0
v 1 0.15 0
v -1.1 -0.09 0.1
v -1.1 -0.09 0.1
v -1.1 -0.09 0.1
v -1.1 -0.09 0.1
v -1.1 -0.09 0.1
v -1.1 -0.09 0.1
v -1.1 -0.09 0.1
v -1.1 -0.09 0.1
v -1.15 -0.09 0.07
v -1.15 -0.06879 0.07879
v -1.15 -0.06 0.1
v -1.15 -0.06879 0.12121
v -1.15 -0.09 0.13
v -1.15 -0.11121 0.12121
v -1.15 -0.12 0.1
v -1.15 -0.11121 0.07879
v -0.45 -0.22 -0.03
v -0.45 -0.16343 -0.00657
v -0.45 -0.14 0.05
v -0.45 -0.16343 0.10657
v -0.45 -0.22 0.13
v -0.45 -0.27657 0.10657
v -0.45 -0.3 0.05
v -0.45 -0.27657 -0.00657
v 0.1 -0.14 0
v 0.1 -0.10464 0.01464
v 0.1 -0.09 0.05
v 0.1 -0.10464 0.08536
v 0.1 -0.14 0.1
v 0.1 -0.17536 0.08536
v 0.1 -0.19 0.05
v 0.1 -0.17536 0.01464
v 0.4 -0.19 -0.2
v 0.4 -0.08393 -0.14142
v 0.4 -0.04 0
v 0.4 -0.08393 0.14142
v 0.4 -0.19 0.2
v 0.4 -0.29607 0.14142
v 0.4 -0.34 0
v 0.4 -0.29607 -0.14142
v 0.55 -0.19 -0.2
v 0.55 -0.08393 -0.14142
v 0.55 -0.04 0
v 0.55 -0.08393 0.14142
v 0.55 -0.19 0.2
v 0.55 -0.29607 0.14142
v 0.55 -0.34 0
v 0.55 -0.29607 -0.14142
v 0.7 -0.16 -0.15
v 0.7 -0.06808 -0.10607
v 0.7 -0.03 0
v 0.7 -0.06808 0.10607
v 0.7 -0.16 0.15
v 0.7 -0.25192 0.10607
v 0.7 -0.29 0
v 0.7 -0.25192 -0.10607
v 0.9 -0.17 -0.2
v 0.9 -0.07808 -0.14142
v 0.9 -0.04 0
v 0.9 -0.07808 0.14142
v 0.9 -0.17 0.2
v 0.9 -0.26192 0.14142
v 0.9 -0.3 0
v 0.9 -0.26192 -0.14142
v 1.2 -0.15 -0.15
v 1.2 -0.07929 -0.10607
v 1.2 -0.05 0
v 1.2 -0.07929 0.10607
v 1.2 -0.15 0.15
v 1.2 -0.22071 0.10607
v 1.2 -0.25 0
v 1.2 -0.22071 -0.10607
v 1 -0.15 0
v 1 -0.15 0
v 1 -0.15 0
v 1 -0.15 0
v 1 -0.15 0
v 1 -0.15 0
v 1 -0.15 0
v 1 -0.15 0
v -0.88 0.21 0.04
v -0.88 0.21 0.04
v -0.88 0.21 0.04
v -0.88 0.21 0.04
v -0.88 0.21 0.04
v -0.88 0.21 0.04
v -0.88 0.21 0.04
v -0.88 0.21 0.04
v -0.9 0.21 0.06
v -0.9 0.19586 0.05414
v -0.9 0.19 0.04
v -0.9 0.19586 0.02586
v -0.9 0.21 0.02
v -0.9 0.22414 0.02586
v -0.9 0.23 0.04
v -0.9 0.22414 0.05414
v -0.89 0.21 0.07
v -0.89 0.18879 0.06121
v -0.89 0.18 0.04
v -0.89 0.18879 0.01879
v -0.89 0.21 0.01
v -0.89 0.23121 0.01879
v -0.89 0.24 0.04
v -0.89 0.23121 0.06121
v -0.5 0.21 0.11
v -0.5 0.1605 0.0895
v -0.5 0.14 0.04
v -0.5 0.1605 -0.0095
v -0.5 0.21 -0.03
v -0.5 0.2595 -0.0095
v -0.5 0.28 0.04
v -0.5 0.2595 0.0895
v -0.88 -0.21 0.04
v -0.88 -0.21 0.04
v -0.88 -0.21 0.04
v -0.88 -0.21 0.04
v -0.88 -0.21 0.04
v -0.88 -0.21 0.04
v -0.88 -0.21 0.04
v -0.88 -0.21 0.04
v -0.9 -0.21 0.02
v -0.9 -0.19586 0.02586
v -0.9 -0.19 0.04
v -0.9 -0.19586 0.05414
v -0.9 -0.21 0.06
v -0.9 -0.22414 0.05414
v -0.9 -0.23 0.04
v -0.9 -0.22414 0.02586
v -0.89 -0.21 0.01
v -0.89 -0.18879 0.01879
v -0.89 -0.18 0.04
v -0.89 -0.18879 0.06121
v -0.89 -0.21 0.07
v -0.89 -0.23121 0.06121
v -0.89 -0.24 0.04
v -0.89 -0.23121 0.01879
v -0.5 -0.21 -0.03
v -0.5 -0.1605 -0.0095
v -0.5 -0.14 0.04
v -0.5 -0.1605 0.0895
v -0.5 -0.21 0.11
v -0.5 -0.2595 0.0895
v -0.5 -0.28 0.04
v -0.5 -0.2595 -0.0095
v 0.38 0.175 0.19134
v 0.38231 0.15473 0.20305
v 0.38913 0.13523 0.2143
v 0.40022 0.11726 0.22467
v 0.41515 0.10152 0.23377
v 0.43333 0.08859 0.24123
v 0.45408 0.07899 0.24677
v 0.47659 0.07307 0.25019
v 0.5 0.07108 0.25134
v 0.52341 0.07307 0.25019
v 0.54592 0.07899 0.24677
v 0.56667 0.08859 0.24123
v 0.58485 0.10152 0.23377
v 0.59978 0.11726 0.22467
v 0.61087 0.13523 0.2143
v 0.61769 0.15473 0.20305
v 0.62 0.175 0.19134
v 0.61769 0.19527 0.17963
v 0.61087 0.21477 0.16838
v 0.59978 0.23274 0.15801
v 0.58485 0.24848 0.14891
v 0.56667 0.26141 0.14145
v 0.54592 0.27101 0.13591
v 0.52341 0.27693 0.13249
v 0.5 0.27892 0.13134
v 0.47659 0.27693 0.13249
v 0.45408 0.27101 0.13591
v 0.43333 0.26141 0.14145
v 0.41515 0.24848 0.14891
v 0.40022 0.23274 0.15801
v 0.38913 0.21477 0.16838
v 0.38231 0.19527 0.17963
v 0.39 0.19 0.21732
v 0.39211 0.17142 0.22805
v 0.39837 0.15354 0.23837
v 0.40854 0.13707 0.24788
v 0.42222 0.12264 0.25621
v 0.43889 0.11079 0.26305
v 0.4579 0.10199 0.26813
v 0.47854 0.09657 0.27126
v 0.5 0.09474 0.27232
v 0.52146 0.09657 0.27126
v 0.5421 0.10199 0.26813
v 0.56111 0.11079 0.26305
v 0.57778 0.12264 0.25621
v 0.59146 0.13707 0.24788
v 0.60163 0.15354 0.23837
v 0.60789 0.17142 0.22805
v 0.61 0.19 0.21732
v 0.60789 0.20858 0.20659
v 0.60163 0.22646 0.19627
v 0.59146 0.24293 0.18676
v 0.57778 0.25736 0.17843
v 0.56111 0.26921 0.17159
v 0.5421 0.27801 0.16651
v 0.52146 0.28343 0.16338
v 0.5 0.28526 0.16232
v 0.47854 0.28343 0.16338
v 0.4579 0.27801 0.16651
v 0.43889 0.26921 0.17159
v 0.42222 0.25736 0.17843
v 0.40854 0.24293 0.18676
v 0.39837 0.22646 0.19627
v 0.39211 0.20858 0.20659
v 0.4 0.19 0.21732
v 0.40192 0.1731 0.22708
v 0.40761 0.15686 0.23645
v 0.41685 0.14189 0.2451
v 0.42929 0.12876 0.25268
v 0.44444 0.11799 0.25889
v 0.46173 0.10999 0.26351
v 0.48049 0.10506 0.26636
v 0.5 0.1034 0.26732
v 0.51951 0.10506 0.26636
v 0.53827 0.10999 0.26351
v 0.55556 0.11799 0.25889
v 0.57071 0.12876 0.25268
v 0.58315 0.14189 0.2451
v 0.59239 0.15686 0.23645
v 0.59808 0.1731 0.22708
v 0.6 0.19 0.21732
v 0.59808 0.2069 0.20757
v 0.59239 0.22314 0.19819
v 0.58315 0.23811 0.18954
v 0.57071 0.25124 0.18197
v 0.55556 0.26201 0.17575
v 0.53827 0.27001 0.17113
v 0.51951 0.27494 0.16828
v 0.5 0.2766 0.16732
v 0.48049 0.27494 0.16828
v 0.46173 0.27001 0.17113
v 0.44444 0.26201 0.17575
v 0.42929 0.25124 0.18197
v 0.41685 0.23811 0.18954
v 0.40761 0.22314 0.19819
v 0.40192 0.2069 0.20757
v 0.5 0.18 0.2
v 0.5 0.18 0.2
v 0.5 0.18 0.2
v 0.5 0.18 0.2
v 0.5 0.18 0.2
v 0.5 0.18 0.2
v 0.5 0.18 0.2
v 0.5 0.18 0.2
v 0.5 0.18 0.2
v 0.5 0.18 0.2
v 0.5 0.18 0.2
v 0.5 0.18 0.2
v 0.5 0.18 0.2
v 0.5 0.18 0.2
v 0.5 0.18 0.2
v 0.5 0.18 0.2
v 0.5 0.18 0.2
v 0.5 0.18 0.2
v 0.5 0.18 0.2
v 0.5 0.18 0.2
v 0.5 0.18 0.2
v 0.5 0.18 0.2
v 0.5 0.18 0.2
v 0.5 0.18 0.2
v 0.5 0.18 0.2
v 0.5 0.18 0.2
v 0.5 0.18 0.2
v 0.5 0.18 0.2
v 0.5 0.18 0.2
v 0.5 0.18 0.2
v 0.5 0.18 0.2
v 0.5 0.18 0.2
v 0.62 -0.175 0.19134
v 0.61769 -0.15473 0.20305
v 0.61087 -0.13523 0.2143
v 0.59978 -0.11726 0.22467
v 0.58485 -0.10152 0.23377
v 0.56667 -0.08859 0.24123
v 0.54592 -0.07899 0.24677
v 0.52341 -0.07307 0.25019
v 0.5 -0.07108 0.25134
v 0.47659 -0.07307 0.25019
v 0.45408 -0.07899 0.24677
v 0.43333 -0.08859 0.24123
v 0.41515 -0.10152 0.23377
v 0.40022 -0.11726 0.22467
v 0.38913 -0.13523 0.2143
v 0.38231 -0.15473 0.20305
v 0.38 -0.175 0.19134
v 0.38231 -0.19527 0.17963
v 0.38913 -0.21477 0.16838
v 0.40022 -0.23274 0.15801
v 0.41515 -0.24848 0.14891
v 0.43333 -0.26141 0.14145
v 0.45408 -0.27101 0.13591
v 0.47659 -0.27693 0.13249
v 0.5 -0.27892 0.13134
v 0.52341 -0.27693 0.13249
v 0.54592 -0.27101 0.13591
v 0.56667 -0.26141 0.14145
v 0.58485 -0.24848 0.14891
v 0.59978 -0.23274 0.15801
v 0.61087 -0.21477 0.16838
v 0.61769 -0.19527 0.17963
v 0.61 -0.19 0.21732
v 0.60789 -0.17142 0.22805
v 0.60163 -0.15354 0.23837
v 0.59146 -0.13707 0.24788
v 0.57778 -0.12264 0.25621
v 0.56111 -0.11079 0.26305
v 0.5421 -0.10199 0.26813
v 0.52146 -0.09657 0.27126
v 0.5 -0.09474 0.27232
v 0.47854 -0.09657 0.27126
v 0.4579 -0.10199 0.26813
v 0.43889 -0.11079 0.26305
v 0.42222 -0.12264 0.25621
v 0.40854 -0.13707 0.24788
v 0.39837 -0.15354 0.23837
v 0.39211 -0.17142 0.22805
v 0.39 -0.19 0.21732
v 0.39211 -0.20858 0.20659
v 0.39837 -0.22646 0.19627
v 0.40854 -0.24293 0.18676
v 0.42222 -0.25736 0.17843
v 0.43889 -0.26921 0.17159
v 0.4579 -0.27801 0.16651
v 0.47854 -0.28343 0.16338
v 0.5 -0.28526 0.16232
v 0.52146 -0.28343 0.16338
v 0.5421 -0.27801 0.16651
v 0.56111 -0.26921 0.17159
v 0.57778 -0.25736 0.17843
v 0.59146 -0.24293 0.18676
v 0.60163 -0.22646 0.19627
v 0.60789 -0.20858 0.20659
v 0.6 -0.19 0.21732
v 0.59808 -0.1731 0.22708
v 0.59239 -0.15686 0.23645
v 0.58315 -0.14189 0.2451
v 0.57071 -0.12876 0.25268
v 0.55556 -0.11799 0.25889
v 0.53827 -0.10999 0.26351
v 0.51951 -0.10506 0.26636
v 0.5 -0.1034 0.26732
v 0.48049 -0.10506 0.26636
v 0.46173 -0.10999 0.26351
v 0.44444 -0.11799 0.25889
v 0.42929 -0.12876 0.25268
v 0.41685 -0.14189 0.2451
v 0.40761 -0.15686 0.23645
v 0.40192 -0.1731 0.22708
v 0.4 -0.19 0.21732
v 0.40192 -0.2069 0.20757
v 0.40761 -0.22314 0.19819
v 0.41685 -0.23811 0.18954
v 0.42929 -0.25124 0.18197
v 0.44444 -0.26201 0.17575
v 0.46173 -0.27001 0.17113
v 0.48049 -0.27494 0.16828
v 0.5 -0.2766 0.16732
v 0.51951 -0.27494 0.16828
v 0.53827 -0.27001 0.17113
v 0.55556 -0.26201 0.17575
v 0.57071 -0.25124 0.18197
v 0.58315 -0.23811 0.18954
v 0.59239 -0.22314 0.19819
v 0.59808 -0.2069 0.20757
v 0.5 -0.18 0.2
v 0.5 -0.18 0.2
v 0.5 -0.18 0.2
v 0.5 -0.18 0.2
v 0.5 -0.18 0.2
v 0.5 -0.18 0.2
v 0.5 -0.18 0.2
v 0.5 -0.18 0.2
v 0.5 -0.18 0.2
v 0.5 -0.18 0.2
v 0.5 -0.18 0.2
v 0.5 -0.18 0.2
v 0.5 -0.18 0.2
v 0.5 -0.18 0.2
v 0.5 -0.18 0.2
v 0.5 -0.18 0.2
v 0.5 -0.18 0.2
v 0.5 -0.18 0.2
v 0.5 -0.18 0.2
v 0.5 -0.18 0.2
v 0.5 -0.18 0.2
v 0.5 -0.18 0.2
v 0.5 -0.18 0.2
v 0.5 -0.18 0.2
v 0.5 -0.18 0.2
v 0.5 -0.18 0.2
v 0.5 -0.18 0.2
v 0.5 -0.18 0.2
v 0.5 -0.18 0.2
v 0.5 -0.18 0.2
v 0.5 -0.18 0.2
v 0.5 -0.18 0.2
v -0.85 0.15 0.12
v -0.85 0.15 0.12
v -0.85 0.15 0.12
v -0.85 0.15 0.12
v -0.85 0.15 0.12
v -0.85 0.15 0.12
v -0.85 0.15 0.12
v -0.85 0.15 0.12
v -0.85 0.15 0.12
v -0.85 0.15 0.12
v -0.85 0.15 0.12
v -0.85 0.15 0.12
v -0.85 0.15 0.12
v -0.85 0.15 0.12
v -0.85 0.15 0.12
v -0.85 0.15 0.12
v -0.85 0.15 0.12
v -0.85 0.15 0.12
v -0.85 0.15 0.12
v -0.85 0.15 0.12
v -0.85 0.15 0.13
v -0.85 0.14691 0.12951
v -0.85 0.14412 0.12809
v -0.85 0.14191 0.12588
v -0.85 0.14049 0.12309
v -0.85 0.14 0.12
v -0.85 0.14049 0.11691
v -0.85 0.14191 0.11412
v -0.85 0.14412 0.11191
v -0.85 0.14691 0.11049
v -0.85 0.15 0.11
v -0.85 0.15309 0.11049
v -0.85 0.15588 0.11191
v -0.85 0.15809 0.11412
v -0.85 0.15951 0.11691
v -0.85 0.16 0.12
v -0.85 0.15951 0.12309
v -0.85 0.15809 0.12588
v -0.85 0.15588 0.12809
v -0.85 0.15309 0.12951
v -0.58 0.2 0.13
v -0.58 0.19691 0.12951
v -0.58 0.19412 0.12809
v -0.58 0.19191 0.12588
v -0.58 0.19049 0.12309
v -0.58 0.19 0.12
v -0.58 0.19049 0.11691
v -0.58 0.19191 0.11412
v -0.58 0.19412 0.11191
v -0.58 0.19691 0.11049
v -0.58 0.2 0.11
v -0.58 0.20309 0.11049
v -0.58 0.20588 0.11191
v -0.58 0.20809 0.11412
v -0.58 0.20951 0.11691
v -0.58 0.21 0.12
v -0.58 0.20951 0.12309
v -0.58 0.20809 0.12588
v -0.58 0.20588 0.12809
v -0.58 0.20309 0.12951
v -0.58 0.2 0.12
v -0.58 0.2 0.12
v -0.58 0.2 0.12
v -0.58 0.2 0.12
v -0.58 0.2 0.12
v -0.58 0.2 0.12
v -0.58 0.2 0.12
v -0.58 0.2 0.12
v -0.58 0.2 0.12
v -0.58 0.2 0.12
v -0.58 0.2 0.12
v -0.58 0.2 0.12
v -0.58 0.2 0.12
v -0.58 0.2 0.12
v -0.58 0.2 0.12
v -0.58 0.2 0.12
v -0.58 0.2 0.12
v -0.58 0.2 0.12
v -0.58 0.2 0.12
v -0.58 0.2 0.12
v -0.85 -0.15 0.12
v -0.85 -0.15 0.12
v -0.85 -0.15 0.12
v -0.85 -0.15 0.12
v -0.85 -0.15 0.12
v -0.85 -0.15 0.12
v -0.85 -0.15 0.12
v -0.85 -0.15 0.12
v -0.85 -0.15 0.12
v -0.85 -0.15 0.12
v -0.85 -0.15 0.12
v -0.85 -0.15 0.12
v -0.85 -0.15 0.12
v -0.85 -0.15 0.12
v -0.85 -0.15 0.12
v -0.85 -0.15 0.12
v -0.85 -0.15 0.12
v -0.85 -0.15 0.12
v -0.85 -0.15 0.12
v -0.85 -0.15 0.12
v -0.85 -0.15 0.11
v -0.85 -0.14691 0.11049
v -0.85 -0.14412 0.11191
v -0.85 -0.14191 0.11412
v -0.85 -0.14049 0.11691
v -0.85 -0.14 0.12
v -0.85 -0.14049 0.12309
v -0.85 -0.14191 0.12588
v -0.85 -0.14412 0.12809
v -0.85 -0.14691 0.12951
v -0.85 -0.15 0.13
v -0.85 -0.15309 0.12951
v -0.85 -0.15588 0.12809
v -0.85 -0.15809 0.12588
v -0.85 -0.15951 0.12309
v -0.85 -0.16 0.12
v -0.85 -0.15951 0.11691
v -0.85 -0.15809 0.11412
v -0.85 -0.15588 0.11191
v -0.85 -0.15309 0.11049
v -0.58 -0.2 0.11
v -0.58 -0.19691 0.11049
v -0.58 -0.19412 0.11191
v -0.58 -0.19191 0.11412
v -0.58 -0.19049 0.11691
v -0.58 -0.19 0.12
v -0.58 -0.19049 0.12309
v -0.58 -0.19191 0.12588
v -0.58 -0.19412 0.12809
v -0.58 -0.19691 0.12951
v -0.58 -0.2 0.13
v -0.58 -0.20309 0.12951
v -0.58 -0.20588 0.12809
v -0.58 -0.20809 0.12588
v -0.58 -0.20951 0.12309
v -0.58 -0.21 0.12
v -0.58 -0.20951 0.11691
v -0.58 -0.20809 0.11412
v -0.58 -0.20588 0.11191
v -0.58 -0.20309 0.11049
v -0.58 -0.2 0.12
v -0.58 -0.2 0.12
v -0.58 -0.2 0.12
v -0.58 -0.2 0.12
v -0.58 -0.2 0.12
v -0.58 -0.2 0.12
v -0.58 -0.2 0.12
v -0.58 -0.2 0.12
v -0.58 -0.2 0.12
v -0.58 -0.2 0.12
v -0.58 -0.2 0.12
v -0.58 -0.2 0.12
v -0.58 -0.2 0.12
v -0.58 -0.2 0.12
v -0.58 -0.2 0.12
v -0.58 -0.2 0.12
v -0.58 -0.2 0.12
v -0.58 -0.2 0.12
v -0.58 -0.2 0.12
v -0.58 -0.2 0.12
v -0.22 0.37 0.17
v -0.22 0.37 0.17
v -0.22 0.37 0.17
v -0.22 0.37 0.17
v -0.22 0.37 0.17
v -0.22 0.37 0.17
v -0.22 0.37 0.17
v -0.22 0.37 0.17
v -0.25 0.37 0.21
v -0.25 0.34172 0.19828
v -0.25 0.33 0.17
v -0.25 0.34172 0.14172
v -0.25 0.37 0.13
v -0.25 0.39828 0.14172
v -0.25 0.41 0.17
v -0.25 0.39828 0.19828
v 0 0.4 0.24
v 0 0.3505 0.2195
v 0 0.33 0.17
v 0 0.3505 0.1205
v 0 0.4 0.1
v 0 0.4495 0.1205
v 0 0.47 0.17
v 0 0.4495 0.2195
v 0.14 0.37 0.26
v 0.14 0.30636 0.23364
v 0.14 0.28 0.17
v 0.14 0.30636 0.10636
v 0.14 0.37 0.08
v 0.14 0.43364 0.10636
v 0.14 0.46 0.17
v 0.14 0.43364 0.23364
v 0.4 0.38 0.26
v 0.4 0.31636 0.23364
v 0.4 0.29 0.17
v 0.4 0.31636 0.10636
v 0.4 0.38 0.08
v 0.4 0.44364 0.10636
v 0.4 0.47 0.17
v 0.4 0.44364 0.23364
v 0.7 0.36 0.23
v 0.7 0.31757 0.21243
v 0.7 0.3 0.17
v 0.7 0.31757 0.12757
v 0.7 0.36 0.11
v 0.7 0.40243 0.12757
v 0.7 0.42 0.17
v 0.7 0.40243 0.21243
v 0.6 0.36 0.17
v 0.6 0.36 0.17
v 0.6 0.36 0.17
v 0.6 0.36 0.17
v 0.6 0.36 0.17
v 0.6 0.36 0.17
v 0.6 0.36 0.17
v 0.6 0.36 0.17
v -0.22 -0.37 0.17
v -0.22 -0.37 0.17
v -0.22 -0.37 0.17
v -0.22 -0.37 0.17
v -0.22 -0.37 0.17
v -0.22 -0.37 0.17
v -0.22 -0.37 0.17
v -0.22 -0.37 0.17
v -0.25 -0.37 0.13
v -0.25 -0.34172 0.14172
v -0.25 -0.33 0.17
v -0.25 -0.34172 0.19828
v -0.25 -0.37 0.21
v -0.25 -0.39828 0.19828
v -0.25 -0.41 0.17
v -0.25 -0.39828 0.14172
v 0 -0.4 0.1
v 0 -0.3505 0.1205
v 0 -0.33 0.17
v 0 -0.3505 0.2195
v 0 -0.4 0.24
v 0 -0.4495 0.2195
v 0 -0.47 0.17
v 0 -0.4495 0.1205
v 0.14 -0.37 0.08
v 0.14 -0.30636 0.10636
v 0.14 -0.28 0.17
v 0.14 -0.30636 0.23364
v 0.14 -0.37 0.26
v 0.14 -0.43364 0.23364
v 0.14 -0.46 0.17
v 0.14 -0.43364 0.10636
v 0.4 -0.38 0.08
v 0.4 -0.31636 0.10636
v 0.4 -0.29 0.17
v 0.4 -0.31636 0.23364
v 0.4 -0.38 0.26
v 0.4 -0.44364 0.23364
v 0.4 -0.47 0.17
v 0.4 -0.44364 0.10636
v 0.7 -0.36 0.11
v 0.7 -0.31757 0.12757
v 0.7 -0.3 0.17
v 0.7 -0.31757 0.21243
v 0.7 -0.36 0.23
v 0.7 -0.40243 0.21243
v 0.7 -0.42 0.17
v 0.7 -0.40243 0.12757
v 0.6 -0.36 0.17
v 0.6 -0.36 0.17
v 0.6 -0.36 0.17
v 0.6 -0.36 0.17
v 0.6 -0.36 0.17
v 0.6 -0.36 0.17
v 0.6 -0.36 0.17
v 0.6 -0.36 0.17
v -1 0.12 0.1
v -0.98 0.11732 0.1
v -0.96536 0.11 0.1
v -0.96 0.1 0.1
v -0.96536 0.09 0.1
v -0.98 0.08268 0.1
v -1 0.08 0.1
v -1.02 0.08268 0.1
v -1.03464 0.09 0.1
v -1.04 0.1 0.1
v -1.03464 0.11 0.1
v -1.02 0.11732 0.1
v -1 0.11413 0.06292
v -0.98 0.11158 0.06375
v -0.96536 0.10462 0.06601
v -0.96 0.09511 0.0691
v -0.96536 0.0856 0.07219
v -0.98 0.07863 0.07445
v -1 0.07608 0.07528
v -1.02 0.07863 0.07445
v -1.03464 0.0856 0.07219
v -1.04 0.09511 0.0691
v -1.03464 0.10462 0.06601
v -1.02 0.11158 0.06375
v -1 0.09708 0.02947
v -0.98 0.09491 0.03104
v -0.96536 0.08899 0.03534
v -0.96 0.0809 0.04122
v -0.96536 0.07281 0.0471
v -0.98 0.06689 0.0514
v -1 0.06472 0.05298
v -1.02 0.06689 0.0514
v -1.03464 0.07281 0.0471
v -1.04 0.0809 0.04122
v -1.03464 0.08899 0.03534
v -1.02 0.09491 0.03104
v -1 0.07053 0.00292
v -0.98 0.06896 0.00509
v -0.96536 0.06466 0.01101
v -0.96 0.05878 0.0191
v -0.96536 0.0529 0.02719
v -0.98 0.0486 0.03311
v -1 0.04702 0.03528
v -1.02 0.0486 0.03311
v -1.03464 0.0529 0.02719
v -1.04 0.05878 0.0191
v -1.03464 0.06466 0.01101
v -1.02 0.06896 0.00509
v -1 0.03708 -0.01413
v -0.98 0.03625 -0.01158
v -0.96536 0.03399 -0.00462
v -0.96 0.0309 0.00489
v -0.96536 0.02781 0.0144
v -0.98 0.02555 0.02137
v -1 0.02472 0.02392
v -1.02 0.02555 0.02137
v -1.03464 0.02781 0.0144
v -1.04 0.0309 0.00489
v -1.03464 0.03399 -0.00462
v -1.02 0.03625 -0.01158
v -1 0 -0.02
v -0.98 0 -0.01732
v -0.96536 0 -0.01
v -0.96 0 0
v -0.96536 0 0.01
v -0.98 0 0.01732
v -1 0 0.02
v -1.02 0 0.01732
v -1.03464 0 0.01
v -1.04 0 0
v -1.03464 0 -0.01
v -1.02 0 -0.01732
v -1 -0.03708 -0.01413
v -0.98 -0.03625 -0.01158
v -0.96536 -0.03399 -0.00462
v -0.96 -0.0309 0.00489
v -0.96536 -0.02781 0.0144
v -0.98 -0.02555 0.02137
v -1 -0.02472 0.02392
v -1.02 -0.02555 0.02137
v -1.03464 -0.02781 0.0144
v -1.04 -0.0309 0.00489
v -1.03464 -0.03399 -0.00462
v -1.02 -0.03625 -0.01158
v -1 -0.07053 0.00292
v -0.98 -0.06896 0.00509
v -0.96536 -0.06466 0.01101
v -0.96 -0.05878 0.0191
v -0.96536 -0.0529 0.02719
v -0.98 -0.0486 0.03311
v -1 -0.04702 0.03528
v -1.02 -0.0486 0.03311
v -1.03464 -0.0529 0.02719
v -1.04 -0.05878 0.0191
v -1.03464 -0.06466 0.01101
v -1.02 -0.06896 0.00509
v -1 -0.09708 0.02947
v -0.98 -0.09491 0.03104
v -0.96536 -0.08899 0.03534
v -0.96 -0.0809 0.04122
v -0.96536 -0.07281 0.0471
v -0.98 -0.06689 0.0514
v -1 -0.06472 0.05298
v -1.02 -0.06689 0.0514
v -1.03464 -0.07281 0.0471
v -1.04 -0.0809 0.04122
v -1.03464 -0.08899 0.03534
v -1.02 -0.09491 0.03104
v -1 -0.11413 0.06292
v -0.98 -0.11158 0.06375
v -0.96536 -0.10462 0.06601
v -0.96 -0.09511 0.0691
v -0.96536 -0.0856 0.07219
v -0.98 -0.07863 0.07445
v -1 -0.07608 0.07528
v -1.02 -0.07863 0.07445
v -1.03464 -0.0856 0.07219
v -1.04 -0.09511 0.0691
v -1.03464 -0.10462 0.06601
v -1.02 -0.11158 0.06375
v -1 -0.12 0.1
v -0.98 -0.11732 0.1
v -0.96536 -0.11 0.1
v -0.96 -0.1 0.1
v -0.96536 -0.09 0.1
v -0.98 -0.08268 0.1
v -1 -0.08 0.1
v -1.02 -0.08268 0.1
v -1.03464 -0.09 0.1
v -1.04 -0.1 0.1
v -1.03464 -0.11 0.1
v -1.02 -0.11732 0.1
v -1 -0.11413 0.13708
v -0.98 -0.11158 0.13625
v -0.96536 -0.10462 0.13399
v -0.96 -0.09511 0.1309
v -0.96536 -0.0856 0.12781
v -0.98 -0.07863 0.12555
v -1 -0.07608 0.12472
v -1.02 -0.07863 0.12555
v -1.03464 -0.0856 0.12781
v -1.04 -0.09511 0.1309
v -1.03464 -0.10462 0.13399
v -1.02 -0.11158 0.13625
v -1 -0.09708 0.17053
v -0.98 -0.09491 0.16896
v -0.96536 -0.08899 0.16466
v -0.96 -0.0809 0.15878
v -0.96536 -0.07281 0.1529
v -0.98 -0.06689 0.1486
v -1 -0.06472 0.14702
v -1.02 -0.06689 0.1486
v -1.03464 -0.07281 0.1529
v -1.04 -0.0809 0.15878
v -1.03464 -0.08899 0.16466
v -1.02 -0.09491 0.16896
v -1 -0.07053 0.19708
v -0.98 -0.06896 0.19491
v -0.96536 -0.06466 0.18899
v -0.96 -0.05878 0.1809
v -0.96536 -0.0529 0.17281
v -0.98 -0.0486 0.16689
v -1 -0.04702 0.16472
v -1.02 -0.0486 0.16689
v -1.03464 -0.0529 0.17281
v -1.04 -0.05878 0.1809
v -1.03464 -0.06466 0.18899
v -1.02 -0.06896 0.19491
v -1 -0.03708 0.21413
v -0.98 -0.03625 0.21158
v -0.96536 -0.03399 0.20462
v -0.96 -0.0309 0.19511
v -0.96536 -0.02781 0.1856
v -0.98 -0.02555 0.17863
v -1 -0.02472 0.17608
v -1.02 -0.02555 0.17863
v -1.03464 -0.02781 0.1856
v -1.04 -0.0309 0.19511
v -1.03464 -0.03399 0.20462
v -1.02 -0.03625 0.21158
v -1 0 0.22
v -0.98 0 0.21732
v -0.96536 0 0.21
v -0.96 0 0.2
v -0.96536 0 0.19
v -0.98 0 0.18268
v -1 0 0.18
v -1.02 0 0.18268
v -1.03464 0 0.19
v -1.04 0 0.2
v -1.03464 0 0.21
v -1.02 0 0.21732
v -1 0.03708 0.21413
v -0.98 0.03625 0.21158
v -0.96536 0.03399 0.20462
v -0.96 0.0309 0.19511
v -0.96536 0.02781 0.1856
v -0.98 0.02555 0.17863
v -1 0.02472 0.17608
v -1.02 0.02555 0.17863
v -1.03464 0.02781 0.1856
v -1.04 0.0309 0.19511
v -1.03464 0.03399 0.20462
v -1.02 0.03625 0.21158
v -1 0.07053 0.19708
v -0.98 0.06896 0.19491
v -0.96536 0.06466 0.18899
v -0.96 0.05878 0.1809
v -0.96536 0.0529 0.17281
v -0.98 0.0486 0.16689
v -1 0.04702 0.16472
v -1.02 0.0486 0.16689
v -1.03464 0.0529 0.17281
v -1.04 0.05878 0.1809
v -1.03464 0.06466 0.18899
v -1.02 0.06896 0.19491
v -1 0.09708 0.17053
v -0.98 0.09491 0.16896
v -0.96536 0.08899 0.16466
v -0.96 0.0809 0.15878
v -0.96536 0.07281 0.1529
v -0.98 0.06689 0.1486
v -1 0.06472 0.14702
v -1.02 0.06689 0.1486
v -1.03464 0.07281 0.1529
v -1.04 0.0809 0.15878
v -1.03464 0.08899 0.16466
v -1.02 0.09491 0.16896
v -1 0.11413 0.13708
v -0.98 0.11158 0.13625
v -0.96536 0.10462 0.13399
v -0.96 0.09511 0.1309
v -0.96536 0.0856 0.12781
v -0.98 0.07863 0.12555
v -1 0.07608 0.12472
v -1.02 0.07863 0.12555
v -1.03464 0.0856 0.12781
v -1.04 0.09511 0.1309
v -1.03464 0.10462 0.13399
v -1.02 0.11158 0.13625
v -1 0.12 0.1
v -0.98 0.11732 0.1
v -0.96536 0.11 0.1
v -0.96 0.1 0.1
v -0.96536 0.09 0.1
v -0.98 0.08268 0.1
v -1 0.08 0.1
v -1.02 0.08268 0.1
v -1.03464 0.09 0.1
v -1.04 0.1 0.1
v -1.03464 0.11 0.1
v -1.02 0.11732 0.1
v -1 0.11 0.1
v -0.979 0.10866 0.1
v -0.96363 0.105 0.1
v -0.958 0.1 0.1
v -0.96363 0.095 0.1
v -0.979 0.09134 0.1
v -1 0.09 0.1
v -1.021 0.09134 0.1
v -1.03637 0.095 0.1
v -1.042 0.1 0.1
v -1.03637 0.105 0.1
v -1.021 0.10866 0.1
v -1 0.10462 0.06601
v -0.979 0.10334 0.06642
v -0.96363 0.09986 0.06755
v -0.958 0.09511 0.0691
v -0.96363 0.09035 0.07064
v -0.979 0.08687 0.07177
v -1 0.0856 0.07219
v -1.021 0.08687 0.07177
v -1.03637 0.09035 0.07064
v -1.042 0.09511 0.0691
v -1.03637 0.09986 0.06755
v -1.021 0.10334 0.06642
v -1 0.08899 0.03534
v -0.979 0.08791 0.03613
v -0.96363 0.08495 0.03828
v -0.958 0.0809 0.04122
v -0.96363 0.07686 0.04416
v -0.979 0.0739 0.04631
v -1 0.07281 0.0471
v -1.021 0.0739 0.04631
v -1.03637 0.07686 0.04416
v -1.042 0.0809 0.04122
v -1.03637 0.08495 0.03828
v -1.021 0.08791 0.03613
v -1 0.06466 0.01101
v -0.979 0.06387 0.01209
v -0.96363 0.06172 0.01505
v -0.958 0.05878 0.0191
v -0.96363 0.05584 0.02314
v -0.979 0.05369 0.0261
v -1 0.0529 0.02719
v -1.021 0.05369 0.0261
v -1.03637 0.05584 0.02314
v -1.042 0.05878 0.0191
v -1.03637 0.06172 0.01505
v -1.021 0.06387 0.01209
v -1 0.03399 -0.00462
v -0.979 0.03358 -0.00334
v -0.96363 0.03245 0.00014
v -0.958 0.0309 0.00489
v -0.96363 0.02936 0.00965
v -0.979 0.02823 0.01313
v -1 0.02781 0.0144
v -1.021 0.02823 0.01313
v -1.03637 0.02936 0.00965
v -1.042 0.0309 0.00489
v -1.03637 0.03245 0.00014
v -1.021 0.03358 -0.00334
v -1 0 -0.01
v -0.979 0 -0.00866
v -0.96363 0 -0.005
v -0.958 0 0
v -0.96363 0 0.005
v -0.979 0 0.00866
v -1 0 0.01
v -1.021 0 0.00866
v -1.03637 0 0.005
v -1.042 0 0
v -1.03637 0 -0.005
v -1.021 0 -0.00866
v -1 -0.03399 -0.00462
v -0.979 -0.03358 -0.00334
v -0.96363 -0.03245 0.00014
v -0.958 -0.0309 0.00489
v -0.96363 -0.02936 0.00965
v -0.979 -0.02823 0.01313
v -1 -0.02781 0.0144
v -1.021 -0.02823 0.01313
v -1.03637 -0.02936 0.00965
v -1.042 -0.0309 0.00489
v -1.03637 -0.03245 0.00014
v -1.021 -0.03358 -0.00334
v -1 -0.06466 0.01101
v -0.979 -0.06387 0.01209
v -0.96363 -0.06172 0.01505
v -0.958 -0.05878 0.0191
v -0.96363 -0.05584 0.02314
v -0.979 -0.05369 0.0261
v -1 -0.0529 0.02719
v -1.021 -0.05369 0.0261
v -1.03637 -0.05584 0.02314
v -1.042 -0.05878 0.0191
v -1.03637 -0.06172 0.01505
v -1.021 -0.06387 0.01209
v -1 -0.08899 0.03534
v -0.979 -0.08791 0.03613
v -0.96363 -0.08495 0.03828
v -0.958 -0.0809 0.04122
v -0.96363 -0.07686 0.04416
v -0.979 -0.0739 0.04631
v -1 -0.07281 0.0471
v -1.021 -0.0739 0.04631
v -1.03637 -0.07686 0.04416
v -1.042 -0.0809 0.04122
v -1.03637 -0.08495 0.03828
v -1.021 -0.08791 0.03613
v -1 -0.10462 0.06601
v -0.979 -0.10334 0.06642
v -0.96363 -0.09986 0.06755
v -0.958 -0.09511 0.0691
v -0.96363 -0.09035 0.07064
v -0.979 -0.08687 0.07177
v -1 -0.0856 0.07219
v -1.021 -0.08687 0.07177
v -1.03637 -0.09035 0.07064
v -1.042 -0.09511 0.0691
v -1.03637 -0.09986 0.06755
v -1.021 -0.10334 0.06642
v -1 -0.11 0.1
v -0.979 -0.10866 0.1
v -0.96363 -0.105 0.1
v -0.958 -0.1 0.1
v -0.96363 -0.095 0.1
v -0.979 -0.09134 0.1
v -1 -0.09 0.1
v -1.021 -0.09134 0.1
v -1.03637 -0.095 0.1
v -1.042 -0.1 0.1
v -1.03637 -0.105 0.1
v -1.021 -0.10866 0.1
v -1 -0.10462 0.13399
v -0.979 -0.10334 0.13358
v -0.96363 -0.09986 0.13245
v -0.958 -0.09511 0.1309
v -0.96363 -0.09035 0.12936
v -0.979 -0.08687 0.12823
v -1 -0.0856 0.12781
v -1.021 -0.08687 0.12823
v -1.03637 -0.09035 0.12936
v -1.042 -0.09511 0.1309
v -1.03637 -0.09986 0.13245
v -1.021 -0.10334 0.13358
v -1 -0.08899 0.16466
v -0.979 -0.08791 0.16387
v -0.96363 -0.08495 0.16172
v -0.958 -0.0809 0.15878
v -0.96363 -0.07686 0.15584
v -0.979 -0.0739 0.15369
v -1 -0.07281 0.1529
v -1.021 -0.0739 0.15369
v -1.03637 -0.07686 0.15584
v -1.042 -0.0809 0.15878
v -1.03637 -0.08495 0.16172
v -1.021 -0.08791 0.16387
v -1 -0.06466 0.18899
v -0.979 -0.06387 0.18791
v -0.96363 -0.06172 0.18495
v -0.958 -0.05878 0.1809
v -0.96363 -0.05584 0.17686
v -0.979 -0.05369 0.1739
v -1 -0.0529 0.17281
v -1.021 -0.05369 0.1739
v -1.03637 -0.05584 0.17686
v -1.042 -0.05878 0.1809
v -1.03637 -0.06172 0.18495
v -1.021 -0.06387 0.18791
v -1 -0.03399 0.20462
v -0.979 -0.03358 0.20334
v -0.96363 -0.03245 0.19986
v -0.958 -0.0309 0.19511
v -0.96363 -0.02936 0.19035
v -0.979 -0.02823 0.18687
v -1 -0.02781 0.1856
v -1.021 -0.02823 0.18687
v -1.03637 -0.02936 0.19035
v -1.042 -0.0309 0.19511
v -1.03637 -0.03245 0.19986
v -1.021 -0.03358 0.20334
v -1 0 0.21
v -0.979 0 0.20866
v -0.96363 0 0.205
v -0.958 0 0.2
v -0.96363 0 0.195
v -0.979 0 0.19134
v -1 0 0.19
v -1.021 0 0.19134
v -1.03637 0 0.195
v -1.042 0 0.2
v -1.03637 0 0.205
v -1.021 0 0.20866
v -1 0.03399 0.20462
v -0.979 0.03358 0.20334
v -0.96363 0.03245 0.19986
v -0.958 0.0309 0.19511
v -0.96363 0.02936 0.19035
v -0.979 0.02823 0.18687
v -1 0.02781 0.1856
v -1.021 0.02823 0.18687
v -1.03637 0.02936 0.19035
v -1.042 0.0309 0.19511
v -1.03637 0.03245 0.19986
v -1.021 0.03358 0.20334
v -1 0.06466 0.18899
v -0.979 0.06387 0.18791
v -0.96363 0.06172 0.18495
v -0.958 0.05878 0.1809
v -0.96363 0.05584 0.17686
v -0.979 0.05369 0.1739
v -1 0.0529 0.17281
v -1.021 0.05369 0.1739
v -1.03637 0.05584 0.17686
v -1.042 0.05878 0.1809
v -1.03637 0.06172 0.18495
v -1.021 0.06387 0.18791
v -1 0.08899 0.16466
v -0.979 0.08791 0.16387
v -0.96363 0.08495 0.16172
v -0.958 0.0809 0.15878
v -0.96363 0.07686 0.15584
v -0.979 0.0739 0.15369
v -1 0.07281 0.1529
v -1.021 0.0739 0.15369
v -1.03637 0.07686 0.15584
v -1.042 0.0809 0.15878
v -1.03637 0.08495 0.16172
v -1.021 0.08791 0.16387
v -1 0.10462 0.13399
v -0.979 0.10334 0.13358
v -0.96363 0.09986 0.13245
v -0.958 0.09511 0.1309
v -0.96363 0.09035 0.12936
v -0.979 0.08687 0.12823
v -1 0.0856 0.12781
v -1.021 0.08687 0.12823
v -1.03637 0.09035 0.12936
v -1.042 0.09511 0.1309
v -1.03637 0.09986 0.13245
v -1.021 0.10334 0.13358
v -1 0.11 0.1
v -0.979 0.10866 0.1
v -0.96363 0.105 0.1
v -0.958 0.1 0.1
v -0.96363 0.095 0.1
v -0.979 0.09134 0.1
v -1 0.09 0.1
v -1.021 0.09134 0.1
v -1.03637 0.095 0.1
v -1.042 0.1 0.1
v -1.03637 0.105 0.1
v -1.021 0.10866 0.1
v -0.76 0.13 0.1
v 0.402 0.13 0.17
v 0.402 0.13 0.03
v 0.64 0.13 0.1
v -0.05 0.26908 0.04381
v 0.614 0.28276 0.0814
v 0.614 0.2554 0.00622
v 0.75 0.26908 0.04381
v 0 0.41943 -0.01091
v 0.498 0.41166 0.01806
v 0.498 0.42719 -0.03989
v 0.6 0.41943 -0.01091
v -0.1 0.41943 -0.01091
v 0.647 0.40778 0.03255
v 0.647 0.43108 -0.05438
v 0.8 0.41943 -0.01091
v 0.25 0.56432 0.02791
v 0.25 0.56432 0.02791
v -0.76 -0.13 0.1
v 0.402 -0.13 0.17
v 0.402 -0.13 0.03
v 0.64 -0.13 0.1
v -0.05 -0.26908 0.04381
v 0.614 -0.28276 0.0814
v 0.614 -0.2554 0.00622
v 0.75 -0.26908 0.04381
v 0 -0.41943 -0.01091
v 0.498 -0.41166 0.01806
v 0.498 -0.42719 -0.03989
v 0.6 -0.41943 -0.01091
v -0.1 -0.41943 -0.01091
v 0.647 -0.40778 0.03255
v 0.647 -0.43108 -0.05438
v 0.8 -0.41943 -0.01091
v 0.25 -0.56432 0.02791
v 0.25 -0.56432 0.02791
v -0.31 0.1 0.1
v 0.188 0.1 0.13
v 0.188 0.1 0.07
v 0.29 0.1 0.1
v -0.15 0.27321 0.2
v 0.182 0.28005 0.21879
v 0.182 0.26636 0.18121
v 0.25 0.27321 0.2
v 0.1 0.36717 0.1658
v 0.3 0.36717 0.1658
v -0.31 -0.1 0.1
v 0.188 -0.1 0.13
v 0.188 -0.1 0.07
v 0.29 -0.1 0.1
v -0.15 -0.27321 0.2
v 0.182 -0.28005 0.21879
v 0.182 -0.26636 0.18121
v 0.25 -0.27321 0.2
v 0.1 -0.36717 0.1658
v 0.3 -0.36717 0.1658
v -0.7 0.23 0.04
v -0.285 0.23 0.065
v -0.285 0.23 0.015
v -0.2 0.23 0.04
v -0.5 0.34818 0.06084
v -0.3 0.34818 0.06084
v -0.7 -0.23 0.04
v -0.285 -0.23 0.065
v -0.285 -0.23 0.015
v -0.2 -0.23 0.04
v -0.5 -0.34818 0.06084
v -0.3 -0.34818 0.06084
v -0.705 0.23 0.04
v -0.2485 0.23 0.04
v -0.2485 0.23 0.04
v -0.155 0.23 0.04
v -0.505 0.3531 0.06171
v -0.255 0.3531 0.06171
v -0.705 -0.23 0.04
v -0.2485 -0.23 0.04
v -0.2485 -0.23 0.04
v -0.155 -0.23 0.04
v -0.505 -0.3531 0.06171
v -0.255 -0.3531 0.06171
v 0.7 0.23 0
v 1.032 0.23 0.02
v 1.032 0.23 -0.02
v 1.1 0.23 0
v 0.95 0.34818 0.02084
v 1.15 0.34818 0.02084
v 0.7 -0.23 0
v 1.032 -0.23 0.02
v 1.032 -0.23 -0.02
v 1.1 -0.23 0
v 0.95 -0.34818 0.02084
v 1.15 -0.34818 0.02084
v 0.7 0.16 0.15
v 0.9 0.16 0.17
v 0.9 0.16 0.13
v 1.1 0.16 0.15
v 0.7 0.22428 0.2266
v 0.85 0.21464 0.21511
v 0.85 0.23392 0.2381
v 1 0.22428 0.2266
v 0.6 0.06341 0.36159
v 0.8 0.06341 0.36159
v 0.7 -0.16 0.15
v 0.9 -0.16 0.17
v 0.9 -0.16 0.13
v 1.1 -0.16 0.15
v 0.7 -0.22428 0.2266
v 0.85 -0.21464 0.21511
v 0.85 -0.23392 0.2381
v 1 -0.22428 0.2266
v 0.6 -0.06341 0.36159
v 0.8 -0.06341 0.36159

vt 0.4375 0.775
vt 0.4375 0.975
vt 0.45417 0.975
vt 0.45417 0.775
vt 0.4375 0.775
vt 0.45417 0.975
vt 0.45417 0.775
vt 0.45417 0.975
vt 0.47083 0.975
vt 0.47083 0.775
vt 0.45417 0.775
vt 0.47083 0.975
vt 0.47083 0.775
vt 0.47083 0.975
vt 0.4875 0.975
vt 0.4875 0.775
vt 0.47083 0.775
vt 0.4875 0.975
vt 0.3875 0.775
vt 0.3875 0.975
vt 0.40417 0.975
vt 0.40417 0.775
vt 0.3875 0.775
vt 0.40417 0.975
vt 0.40417 0.775
vt 0.40417 0.975
vt 0.42083 0.975
vt 0.42083 0.775
vt 0.40417 0.775
vt 0.42083 0.975
vt 0.42083 0.775
vt 0.42083 0.975
vt 0.4375 0.975
vt 0.4375 0.775
vt 0.42083 0.775
vt 0.4375 0.975
vt 0.4375 0.775
vt 0.4375 0.975
vt 0.45417 0.775
vt 0.4375 0.975
vt 0.45417 0.975
vt 0.45417 0.775
vt 0.45417 0.775
vt 0.45417 0.975
vt 0.47083 0.775
vt 0.45417 0.975
vt 0.47083 0.975
vt 0.47083 0.775
vt 0.47083 0.775
vt 0.47083 0.975
vt 0.4875 0.775
vt 0.47083 0.975
vt 0.4875 0.975
vt 0.4875 0.775
vt 0.3875 0.775
vt 0.3875 0.975
vt 0.40417 0.775
vt 0.3875 0.975
vt 0.40417 0.975
vt 0.40417 0.775
vt 0.40417 0.775
vt 0.40417 0.975
vt 0.42083 0.775
vt 0.40417 0.975
vt 0.42083 0.975
vt 0.42083 0.775
vt 0.42083 0.775
vt 0.42083 0.975
vt 0.4375 0.775
vt 0.42083 0.975
vt 0.4375 0.975
vt 0.4375 0.775
vt 0.87625 0.025
vt 0.87625 0.225
vt 0.87625 0.225
vt 0.87625 0.025
vt 0.87625 0.025
vt 0.87625 0.225
vt 0.87625 0.025
vt 0.87625 0.225
vt 0.87625 0.225
vt 0.87625 0.025
vt 0.87625 0.025
vt 0.87625 0.225
vt 0.87625 0.025
vt 0.87625 0.225
vt 0.87625 0.225
vt 0.87625 0.025
vt 0.87625 0.025
vt 0.87625 0.225
vt 0.87625 0.025
vt 0.87625 0.225
vt 0.87625 0.225
vt 0.87625 0.025
vt 0.87625 0.025
vt 0.87625 0.225
vt 0.87625 0.025
vt 0.87625 0.225
vt 0.87625 0.225
vt 0.87625 0.025
vt 0.87625 0.025
vt 0.87625 0.225
vt 0.87625 0.025
vt 0.87625 0.225
vt 0.87625 0.225
vt 0.87625 0.025
vt 0.87625 0.025
vt 0.87625 0.225
vt 0.87625 0.025
vt 0.87625 0.225
vt 0.87625 0.025
vt 0.87625 0.225
vt 0.87625 0.225
vt 0.87625 0.025
vt 0.87625 0.025
vt 0.87625 0.225
vt 0.87625 0.025
vt 0.87625 0.225
vt 0.87625 0.225
vt 0.87625 0.025
vt 0.87625 0.025
vt 0.87625 0.225
vt 0.87625 0.025
vt 0.87625 0.225
vt 0.87625 0.225
vt 0.87625 0.025
vt 0.87625 0.025
vt 0.87625 0.225
vt 0.87625 0.025
vt 0.87625 0.225
vt 0.87625 0.225
vt 0.87625 0.025
vt 0.87625 0.025
vt 0.87625 0.225
vt 0.87625 0.025
vt 0.87625 0.225
vt 0.87625 0.225
vt 0.87625 0.025
vt 0.87625 0.025
vt 0.87625 0.225
vt 0.87625 0.025
vt 0.87625 0.225
vt 0.87625 0.225
vt 0.87625 0.025
vt 0.2625 0.275
vt 0.2625 0.475
vt 0.29583 0.475
vt 0.29583 0.275
vt 0.2625 0.275
vt 0.29583 0.475
vt 0.29583 0.275
vt 0.29583 0.475
vt 0.32917 0.475
vt 0.32917 0.275
vt 0.29583 0.275
vt 0.32917 0.475
vt 0.32917 0.275
vt 0.32917 0.475
vt 0.3625 0.475
vt 0.3625 0.275
vt 0.32917 0.275
vt 0.3625 0.475
vt 0.2625 0.275
vt 0.2625 0.475
vt 0.29583 0.475
vt 0.29583 0.275
vt 0.2625 0.275
vt 0.29583 0.475
vt 0.29583 0.275
vt 0.29583 0.475
vt 0.32917 0.475
vt 0.32917 0.275
vt 0.29583 0.275
vt 0.32917 0.475
vt 0.32917 0.275
vt 0.32917 0.475
vt 0.3625 0.475
vt 0.3625 0.275
vt 0.32917 0.275
vt 0.3625 0.475
vt 0.2625 0.275
vt 0.2625 0.475
vt 0.29583 0.275
vt 0.2625 0.475
vt 0.29583 0.475
vt 0.29583 0.275
vt 0.29583 0.275
vt 0.29583 0.475
vt 0.32917 0.275
vt 0.29583 0.475
vt 0.32917 0.475
vt 0.32917 0.275
vt 0.32917 0.275
vt 0.32917 0.475
vt 0.3625 0.275
vt 0.32917 0.475
vt 0.3625 0.475
vt 0.3625 0.275
vt 0.2625 0.275
vt 0.2625 0.475
vt 0.29583 0.275
vt 0.2625 0.475
vt 0.29583 0.475
vt 0.29583 0.275
vt 0.29583 0.275
vt 0.29583 0.475
vt 0.32917 0.275
vt 0.29583 0.475
vt 0.32917 0.475
vt 0.32917 0.275
vt 0.32917 0.275
vt 0.32917 0.475
vt 0.3625 0.275
vt 0.32917 0.475
vt 0.3625 0.475
vt 0.3625 0.275
vt 0.3875 0.775
vt 0.3875 0.975
vt 0.42083 0.975
vt 0.42083 0.775
vt 0.3875 0.775
vt 0.42083 0.975
vt 0.42083 0.775
vt 0.42083 0.975
vt 0.45417 0.975
vt 0.45417 0.775
vt 0.42083 0.775
vt 0.45417 0.975
vt 0.45417 0.775
vt 0.45417 0.975
vt 0.4875 0.975
vt 0.4875 0.775
vt 0.45417 0.775
vt 0.4875 0.975
vt 0.3875 0.775
vt 0.3875 0.975
vt 0.42083 0.975
vt 0.42083 0.775
vt 0.3875 0.775
vt 0.42083 0.975
vt 0.42083 0.775
vt 0.42083 0.975
vt 0.45417 0.975
vt 0.45417 0.775
vt 0.42083 0.775
vt 0.45417 0.975
vt 0.45417 0.775
vt 0.45417 0.975
vt 0.4875 0.975
vt 0.4875 0.775
vt 0.45417 0.775
vt 0.4875 0.975
vt 0.3875 0.775
vt 0.3875 0.975
vt 0.42083 0.775
vt 0.3875 0.975
vt 0.42083 0.975
vt 0.42083 0.775
vt 0.42083 0.775
vt 0.42083 0.975
vt 0.45417 0.775
vt 0.42083 0.975
vt 0.45417 0.975
vt 0.45417 0.775
vt 0.45417 0.775
vt 0.45417 0.975
vt 0.4875 0.775
vt 0.45417 0.975
vt 0.4875 0.975
vt 0.4875 0.775
vt 0.3875 0.775
vt 0.3875 0.975
vt 0.42083 0.775
vt 0.3875 0.975
vt 0.42083 0.975
vt 0.42083 0.775
vt 0.42083 0.775
vt 0.42083 0.975
vt 0.45417 0.775
vt 0.42083 0.975
vt 0.45417 0.975
vt 0.45417 0.775
vt 0.45417 0.775
vt 0.45417 0.975
vt 0.4875 0.775
vt 0.45417 0.975
vt 0.4875 0.975
vt 0.4875 0.775
vt 0.5125 0.775
vt 0.5125 0.975
vt 0.54583 0.975
vt 0.54583 0.775
vt 0.5125 0.775
vt 0.54583 0.975
vt 0.54583 0.775
vt 0.54583 0.975
vt 0.57917 0.975
vt 0.57917 0.775
vt 0.54583 0.775
vt 0.57917 0.975
vt 0.57917 0.775
vt 0.57917 0.975
vt 0.6125 0.975
vt 0.6125 0.775
vt 0.57917 0.775
vt 0.6125 0.975
vt 0.5125 0.775
vt 0.5125 0.975
vt 0.54583 0.975
vt 0.54583 0.775
vt 0.5125 0.775
vt 0.54583 0.975
vt 0.54583 0.775
vt 0.54583 0.975
vt 0.57917 0.975
vt 0.57917 0.775
vt 0.54583 0.775
vt 0.57917 0.975
vt 0.57917 0.775
vt 0.57917 0.975
vt 0.6125 0.975
vt 0.6125 0.775
vt 0.57917 0.775
vt 0.6125 0.975
vt 0.5125 0.775
vt 0.5125 0.975
vt 0.54583 0.775
vt 0.5125 0.975
vt 0.54583 0.975
vt 0.54583 0.775
vt 0.54583 0.775
vt 0.54583 0.975
vt 0.57917 0.775
vt 0.54583 0.975
vt 0.57917 0.975
vt 0.57917 0.775
vt 0.57917 0.775
vt 0.57917 0.975
vt 0.6125 0.775
vt 0.57917 0.975
vt 0.6125 0.975
vt 0.6125 0.775
vt 0.5125 0.775
vt 0.5125 0.975
vt 0.54583 0.775
vt 0.5125 0.975
vt 0.54583 0.975
vt 0.54583 0.775
vt 0.54583 0.775
vt 0.54583 0.975
vt 0.57917 0.775
vt 0.54583 0.975
vt 0.57917 0.975
vt 0.57917 0.775
vt 0.57917 0.775
vt 0.57917 0.975
vt 0.6125 0.775
vt 0.57917 0.975
vt 0.6125 0.975
vt 0.6125 0.775
vt 0.87625 0.025
vt 0.87625 0.225
vt 0.87625 0.225
vt 0.87625 0.025
vt 0.87625 0.025
vt 0.87625 0.225
vt 0.87625 0.025
vt 0.87625 0.225
vt 0.87625 0.225
vt 0.87625 0.025
vt 0.87625 0.025
vt 0.87625 0.225
vt 0.87625 0.025
vt 0.87625 0.225
vt 0.87625 0.225
vt 0.87625 0.025
vt 0.87625 0.025
vt 0.87625 0.225
vt 0.87625 0.025
vt 0.87625 0.225
vt 0.87625 0.225
vt 0.87625 0.025
vt 0.87625 0.025
vt 0.87625 0.225
vt 0.87625 0.025
vt 0.87625 0.225
vt 0.87625 0.225
vt 0.87625 0.025
vt 0.87625 0.025
vt 0.87625 0.225
vt 0.87625 0.025
vt 0.87625 0.225
vt 0.87625 0.225
vt 0.87625 0.025
vt 0.87625 0.025
vt 0.87625 0.225
vt 0.87625 0.025
vt 0.87625 0.225
vt 0.87625 0.025
vt 0.87625 0.225
vt 0.87625 0.225
vt 0.87625 0.025
vt 0.87625 0.025
vt 0.87625 0.225
vt 0.87625 0.025
vt 0.87625 0.225
vt 0.87625 0.225
vt 0.87625 0.025
vt 0.87625 0.025
vt 0.87625 0.225
vt 0.87625 0.025
vt 0.87625 0.225
vt 0.87625 0.225
vt 0.87625 0.025
vt 0.87625 0.025
vt 0.87625 0.225
vt 0.87625 0.025
vt 0.87625 0.225
vt 0.87625 0.225
vt 0.87625 0.025
vt 0.87625 0.025
vt 0.87625 0.225
vt 0.87625 0.025
vt 0.87625 0.225
vt 0.87625 0.225
vt 0.87625 0.025
vt 0.87625 0.025
vt 0.87625 0.225
vt 0.87625 0.025
vt 0.87625 0.225
vt 0.87625 0.225
vt 0.87625 0.025
vt 0.6875 0.525
vt 0.6875 0.725
vt 0.70417 0.725
vt 0.70417 0.525
vt 0.6875 0.525
vt 0.70417 0.725
vt 0.70417 0.525
vt 0.70417 0.725
vt 0.72083 0.725
vt 0.72083 0.525
vt 0.70417 0.525
vt 0.72083 0.725
vt 0.72083 0.525
vt 0.72083 0.725
vt 0.7375 0.725
vt 0.7375 0.525
vt 0.72083 0.525
vt 0.7375 0.725
vt 0.6375 0.525
vt 0.6375 0.725
vt 0.65417 0.725
vt 0.65417 0.525
vt 0.6375 0.525
vt 0.65417 0.725
vt 0.65417 0.525
vt 0.65417 0.725
vt 0.67083 0.725
vt 0.67083 0.525
vt 0.65417 0.525
vt 0.67083 0.725
vt 0.67083 0.525
vt 0.67083 0.725
vt 0.6875 0.725
vt 0.6875 0.525
vt 0.67083 0.525
vt 0.6875 0.725
vt 0.6875 0.525
vt 0.6875 0.725
vt 0.70417 0.525
vt 0.6875 0.725
vt 0.70417 0.725
vt 0.70417 0.525
vt 0.70417 0.525
vt 0.70417 0.725
vt 0.72083 0.525
vt 0.70417 0.725
vt 0.72083 0.725
vt 0.72083 0.525
vt 0.72083 0.525
vt 0.72083 0.725
vt 0.7375 0.525
vt 0.72083 0.725
vt 0.7375 0.725
vt 0.7375 0.525
vt 0.6375 0.525
vt 0.6375 0.725
vt 0.65417 0.525
vt 0.6375 0.725
vt 0.65417 0.725
vt 0.65417 0.525
vt 0.65417 0.525
vt 0.65417 0.725
vt 0.67083 0.525
vt 0.65417 0.725
vt 0.67083 0.725
vt 0.67083 0.525
vt 0.67083 0.525
vt 0.67083 0.725
vt 0.6875 0.525
vt 0.67083 0.725
vt 0.6875 0.725
vt 0.6875 0.525
vt 0.1875 0.275
vt 0.1875 0.475
vt 0.20417 0.475
vt 0.20417 0.275
vt 0.1875 0.275
vt 0.20417 0.475
vt 0.20417 0.275
vt 0.20417 0.475
vt 0.22083 0.475
vt 0.22083 0.275
vt 0.20417 0.275
vt 0.22083 0.475
vt 0.22083 0.275
vt 0.22083 0.475
vt 0.2375 0.475
vt 0.2375 0.275
vt 0.22083 0.275
vt 0.2375 0.475
vt 0.1375 0.275
vt 0.1375 0.475
vt 0.15417 0.475
vt 0.15417 0.275
vt 0.1375 0.275
vt 0.15417 0.475
vt 0.15417 0.275
vt 0.15417 0.475
vt 0.17083 0.475
vt 0.17083 0.275
vt 0.15417 0.275
vt 0.17083 0.475
vt 0.17083 0.275
vt 0.17083 0.475
vt 0.1875 0.475
vt 0.1875 0.275
vt 0.17083 0.275
vt 0.1875 0.475
vt 0.1875 0.275
vt 0.1875 0.475
vt 0.20417 0.275
vt 0.1875 0.475
vt 0.20417 0.475
vt 0.20417 0.275
vt 0.20417 0.275
vt 0.20417 0.475
vt 0.22083 0.275
vt 0.20417 0.475
vt 0.22083 0.475
vt 0.22083 0.275
vt 0.22083 0.275
vt 0.22083 0.475
vt 0.2375 0.275
vt 0.22083 0.475
vt 0.2375 0.475
vt 0.2375 0.275
vt 0.1375 0.275
vt 0.1375 0.475
vt 0.15417 0.275
vt 0.1375 0.475
vt 0.15417 0.475
vt 0.15417 0.275
vt 0.15417 0.275
vt 0.15417 0.475
vt 0.17083 0.275
vt 0.15417 0.475
vt 0.17083 0.475
vt 0.17083 0.275
vt 0.17083 0.275
vt 0.17083 0.475
vt 0.1875 0.275
vt 0.17083 0.475
vt 0.1875 0.475
vt 0.1875 0.275
vt 0.5125 0.775
vt 0.5125 0.975
vt 0.5625 0.975
vt 0.5625 0.775
vt 0.5125 0.775
vt 0.5625 0.975
vt 0.5625 0.775
vt 0.5625 0.975
vt 0.6125 0.975
vt 0.6125 0.775
vt 0.5625 0.775
vt 0.6125 0.975
vt 0.5125 0.775
vt 0.5125 0.975
vt 0.5625 0.975
vt 0.5625 0.775
vt 0.5125 0.775
vt 0.5625 0.975
vt 0.5625 0.775
vt 0.5625 0.975
vt 0.6125 0.975
vt 0.6125 0.775
vt 0.5625 0.775
vt 0.6125 0.975
vt 0.5125 0.775
vt 0.5125 0.975
vt 0.5625 0.775
vt 0.5125 0.975
vt 0.5625 0.975
vt 0.5625 0.775
vt 0.5625 0.775
vt 0.5625 0.975
vt 0.6125 0.775
vt 0.5625 0.975
vt 0.6125 0.975
vt 0.6125 0.775
vt 0.5125 0.775
vt 0.5125 0.975
vt 0.5625 0.775
vt 0.5125 0.975
vt 0.5625 0.975
vt 0.5625 0.775
vt 0.5625 0.775
vt 0.5625 0.975
vt 0.6125 0.775
vt 0.5625 0.975
vt 0.6125 0.975
vt 0.6125 0.775
vt 0.1375 0.525
vt 0.1375 0.725
vt 0.1875 0.725
vt 0.1875 0.525
vt 0.1375 0.525
vt 0.1875 0.725
vt 0.1875 0.525
vt 0.1875 0.725
vt 0.2375 0.725
vt 0.2375 0.525
vt 0.1875 0.525
vt 0.2375 0.725
vt 0.1375 0.525
vt 0.1375 0.725
vt 0.1875 0.725
vt 0.1875 0.525
vt 0.1375 0.525
vt 0.1875 0.725
vt 0.1875 0.525
vt 0.1875 0.725
vt 0.2375 0.725
vt 0.2375 0.525
vt 0.1875 0.525
vt 0.2375 0.725
vt 0.1375 0.525
vt 0.1375 0.725
vt 0.1875 0.525
vt 0.1375 0.725
vt 0.1875 0.725
vt 0.1875 0.525
vt 0.1875 0.525
vt 0.1875 0.725
vt 0.2375 0.525
vt 0.1875 0.725
vt 0.2375 0.725
vt 0.2375 0.525
vt 0.1375 0.525
vt 0.1375 0.725
vt 0.1875 0.525
vt 0.1375 0.725
vt 0.1875 0.725
vt 0.1875 0.525
vt 0.1875 0.525
vt 0.1875 0.725
vt 0.2375 0.525
vt 0.1875 0.725
vt 0.2375 0.725
vt 0.2375 0.525
vt 0.1375 0.525
vt 0.1375 0.725
vt 0.1875 0.725
vt 0.1875 0.525
vt 0.1375 0.525
vt 0.1875 0.725
vt 0.1875 0.525
vt 0.1875 0.725
vt 0.2375 0.725
vt 0.2375 0.525
vt 0.1875 0.525
vt 0.2375 0.725
vt 0.1375 0.525
vt 0.1375 0.725
vt 0.1875 0.725
vt 0.1875 0.525
vt 0.1375 0.525
vt 0.1875 0.725
vt 0.1875 0.525
vt 0.1875 0.725
vt 0.2375 0.725
vt 0.2375 0.525
vt 0.1875 0.525
vt 0.2375 0.725
vt 0.1375 0.525
vt 0.1375 0.725
vt 0.1875 0.525
vt 0.1375 0.725
vt 0.1875 0.725
vt 0.1875 0.525
vt 0.1875 0.525
vt 0.1875 0.725
vt 0.2375 0.525
vt 0.1875 0.725
vt 0.2375 0.725
vt 0.2375 0.525
vt 0.1375 0.525
vt 0.1375 0.725
vt 0.1875 0.525
vt 0.1375 0.725
vt 0.1875 0.725
vt 0.1875 0.525
vt 0.1875 0.525
vt 0.1875 0.725
vt 0.2375 0.525
vt 0.1875 0.725
vt 0.2375 0.725
vt 0.2375 0.525
vt 0.0125 0.525
vt 0.0125 0.725
vt 0.0625 0.725
vt 0.0625 0.525
vt 0.0125 0.525
vt 0.0625 0.725
vt 0.0625 0.525
vt 0.0625 0.725
vt 0.1125 0.725
vt 0.1125 0.525
vt 0.0625 0.525
vt 0.1125 0.725
vt 0.0125 0.525
vt 0.0125 0.725
vt 0.0625 0.725
vt 0.0625 0.525
vt 0.0125 0.525
vt 0.0625 0.725
vt 0.0625 0.525
vt 0.0625 0.725
vt 0.1125 0.725
vt 0.1125 0.525
vt 0.0625 0.525
vt 0.1125 0.725
vt 0.0125 0.525
vt 0.0125 0.725
vt 0.0625 0.525
vt 0.0125 0.725
vt 0.0625 0.725
vt 0.0625 0.525
vt 0.0625 0.525
vt 0.0625 0.725
vt 0.1125 0.525
vt 0.0625 0.725
vt 0.1125 0.725
vt 0.1125 0.525
vt 0.0125 0.525
vt 0.0125 0.725
vt 0.0625 0.525
vt 0.0125 0.725
vt 0.0625 0.725
vt 0.0625 0.525
vt 0.0625 0.525
vt 0.0625 0.725
vt 0.1125 0.525
vt 0.0625 0.725
vt 0.1125 0.725
vt 0.1125 0.525
vt 0.87625 0.025
vt 0.87625 0.225
vt 0.87625 0.225
vt 0.87625 0.025
vt 0.87625 0.025
vt 0.87625 0.225
vt 0.87625 0.025
vt 0.87625 0.225
vt 0.87625 0.225
vt 0.87625 0.025
vt 0.87625 0.025
vt 0.87625 0.225
vt 0.87625 0.025
vt 0.87625 0.225
vt 0.87625 0.225
vt 0.87625 0.025
vt 0.87625 0.025
vt 0.87625 0.225
vt 0.87625 0.025
vt 0.87625 0.225
vt 0.87625 0.225
vt 0.87625 0.025
vt 0.87625 0.025
vt 0.87625 0.225
vt 0.87625 0.025
vt 0.87625 0.225
vt 0.87625 0.025
vt 0.87625 0.225
vt 0.87625 0.225
vt 0.87625 0.025
vt 0.87625 0.025
vt 0.87625 0.225
vt 0.87625 0.025
vt 0.87625 0.225
vt 0.87625 0.225
vt 0.87625 0.025
vt 0.87625 0.025
vt 0.87625 0.225
vt 0.87625 0.025
vt 0.87625 0.225
vt 0.87625 0.225
vt 0.87625 0.025
vt 0.87625 0.025
vt 0.87625 0.225
vt 0.87625 0.025
vt 0.87625 0.225
vt 0.87625 0.225
vt 0.87625 0.025
vt 0.2625 0.275
vt 0.2625 0.475
vt 0.3125 0.475
vt 0.3125 0.275
vt 0.2625 0.275
vt 0.3125 0.475
vt 0.3125 0.275
vt 0.3125 0.475
vt 0.3625 0.475
vt 0.3625 0.275
vt 0.3125 0.275
vt 0.3625 0.475
vt 0.2625 0.275
vt 0.2625 0.475
vt 0.3125 0.475
vt 0.3125 0.275
vt 0.2625 0.275
vt 0.3125 0.475
vt 0.3125 0.275
vt 0.3125 0.475
vt 0.3625 0.475
vt 0.3625 0.275
vt 0.3125 0.275
vt 0.3625 0.475
vt 0.2625 0.275
vt 0.2625 0.475
vt 0.3125 0.275
vt 0.2625 0.475
vt 0.3125 0.475
vt 0.3125 0.275
vt 0.3125 0.275
vt 0.3125 0.475
vt 0.3625 0.275
vt 0.3125 0.475
vt 0.3625 0.475
vt 0.3625 0.275
vt 0.2625 0.275
vt 0.2625 0.475
vt 0.3125 0.275
vt 0.2625 0.475
vt 0.3125 0.475
vt 0.3125 0.275
vt 0.3125 0.275
vt 0.3125 0.475
vt 0.3625 0.275
vt 0.3125 0.475
vt 0.3625 0.475
vt 0.3625 0.275
vt 0.1875 0.275
vt 0.1875 0.475
vt 0.2125 0.475
vt 0.2125 0.275
vt 0.1875 0.275
vt 0.2125 0.475
vt 0.2125 0.275
vt 0.2125 0.475
vt 0.2375 0.475
vt 0.2375 0.275
vt 0.2125 0.275
vt 0.2375 0.475
vt 0.1375 0.275
vt 0.1375 0.475
vt 0.1625 0.475
vt 0.1625 0.275
vt 0.1375 0.275
vt 0.1625 0.475
vt 0.1625 0.275
vt 0.1625 0.475
vt 0.1875 0.475
vt 0.1875 0.275
vt 0.1625 0.275
vt 0.1875 0.475
vt 0.1875 0.275
vt 0.1875 0.475
vt 0.2125 0.275
vt 0.1875 0.475
vt 0.2125 0.475
vt 0.2125 0.275
vt 0.2125 0.275
vt 0.2125 0.475
vt 0.2375 0.275
vt 0.2125 0.475
vt 0.2375 0.475
vt 0.2375 0.275
vt 0.1375 0.275
vt 0.1375 0.475
vt 0.1625 0.275
vt 0.1375 0.475
vt 0.1625 0.475
vt 0.1625 0.275
vt 0.1625 0.275
vt 0.1625 0.475
vt 0.1875 0.275
vt 0.1625 0.475
vt 0.1875 0.475
vt 0.1875 0.275
vt 0.5625 0.775
vt 0.5625 0.975
vt 0.5875 0.975
vt 0.5875 0.775
vt 0.5625 0.775
vt 0.5875 0.975
vt 0.5875 0.775
vt 0.5875 0.975
vt 0.6125 0.975
vt 0.6125 0.775
vt 0.5875 0.775
vt 0.6125 0.975
vt 0.5125 0.775
vt 0.5125 0.975
vt 0.5375 0.975
vt 0.5375 0.775
vt 0.5125 0.775
vt 0.5375 0.975
vt 0.5375 0.775
vt 0.5375 0.975
vt 0.5625 0.975
vt 0.5625 0.775
vt 0.5375 0.775
vt 0.5625 0.975
vt 0.5625 0.775
vt 0.5625 0.975
vt 0.5875 0.775
vt 0.5625 0.975
vt 0.5875 0.975
vt 0.5875 0.775
vt 0.5875 0.775
vt 0.5875 0.975
vt 0.6125 0.775
vt 0.5875 0.975
vt 0.6125 0.975
vt 0.6125 0.775
vt 0.5125 0.775
vt 0.5125 0.975
vt 0.5375 0.775
vt 0.5125 0.975
vt 0.5375 0.975
vt 0.5375 0.775
vt 0.5375 0.775
vt 0.5375 0.975
vt 0.5625 0.775
vt 0.5375 0.975
vt 0.5625 0.975
vt 0.5625 0.775
vt 0.6875 0.525
vt 0.6875 0.725
vt 0.7125 0.725
vt 0.7125 0.525
vt 0.6875 0.525
vt 0.7125 0.725
vt 0.7125 0.525
vt 0.7125 0.725
vt 0.7375 0.725
vt 0.7375 0.525
vt 0.7125 0.525
vt 0.7375 0.725
vt 0.6375 0.525
vt 0.6375 0.725
vt 0.6625 0.725
vt 0.6625 0.525
vt 0.6375 0.525
vt 0.6625 0.725
vt 0.6625 0.525
vt 0.6625 0.725
vt 0.6875 0.725
vt 0.6875 0.525
vt 0.6625 0.525
vt 0.6875 0.725
vt 0.6875 0.525
vt 0.6875 0.725
vt 0.7125 0.525
vt 0.6875 0.725
vt 0.7125 0.725
vt 0.7125 0.525
vt 0.7125 0.525
vt 0.7125 0.725
vt 0.7375 0.525
vt 0.7125 0.725
vt 0.7375 0.725
vt 0.7375 0.525
vt 0.6375 0.525
vt 0.6375 0.725
vt 0.6625 0.525
vt 0.6375 0.725
vt 0.6625 0.725
vt 0.6625 0.525
vt 0.6625 0.525
vt 0.6625 0.725
vt 0.6875 0.525
vt 0.6625 0.725
vt 0.6875 0.725
vt 0.6875 0.525
vt 0.87625 0.025
vt 0.87625 0.225
vt 0.87625 0.225
vt 0.87625 0.025
vt 0.87625 0.025
vt 0.87625 0.225
vt 0.87625 0.025
vt 0.87625 0.225
vt 0.87625 0.225
vt 0.87625 0.025
vt 0.87625 0.025
vt 0.87625 0.225
vt 0.87625 0.025
vt 0.87625 0.225
vt 0.87625 0.225
vt 0.87625 0.025
vt 0.87625 0.025
vt 0.87625 0.225
vt 0.87625 0.025
vt 0.87625 0.225
vt 0.87625 0.225
vt 0.87625 0.025
vt 0.87625 0.025
vt 0.87625 0.225
vt 0.87625 0.025
vt 0.87625 0.225
vt 0.87625 0.025
vt 0.87625 0.225
vt 0.87625 0.225
vt 0.87625 0.025
vt 0.87625 0.025
vt 0.87625 0.225
vt 0.87625 0.025
vt 0.87625 0.225
vt 0.87625 0.225
vt 0.87625 0.025
vt 0.87625 0.025
vt 0.87625 0.225
vt 0.87625 0.025
vt 0.87625 0.225
vt 0.87625 0.225
vt 0.87625 0.025
vt 0.87625 0.025
vt 0.87625 0.225
vt 0.87625 0.025
vt 0.87625 0.225
vt 0.87625 0.225
vt 0.87625 0.025
vt 0.3875 0.775
vt 0.3875 0.975
vt 0.4875 0.975
vt 0.4875 0.775
vt 0.3875 0.775
vt 0.4875 0.975
vt 0.3875 0.775
vt 0.3875 0.975
vt 0.4875 0.975
vt 0.4875 0.775
vt 0.3875 0.775
vt 0.4875 0.975
vt 0.3875 0.775
vt 0.3875 0.975
vt 0.4875 0.975
vt 0.4875 0.775
vt 0.3875 0.775
vt 0.4875 0.975
vt 0.3875 0.775
vt 0.3875 0.975
vt 0.4875 0.975
vt 0.4875 0.775
vt 0.3875 0.775
vt 0.4875 0.975
vt 0.3875 0.775
vt 0.3875 0.975
vt 0.4875 0.775
vt 0.3875 0.975
vt 0.4875 0.975
vt 0.4875 0.775
vt 0.3875 0.775
vt 0.3875 0.975
vt 0.4875 0.775
vt 0.3875 0.975
vt 0.4875 0.975
vt 0.4875 0.775
vt 0.3875 0.775
vt 0.3875 0.975
vt 0.4875 0.775
vt 0.3875 0.975
vt 0.4875 0.975
vt 0.4875 0.775
vt 0.3875 0.775
vt 0.3875 0.975
vt 0.4875 0.775
vt 0.3875 0.975
vt 0.4875 0.975
vt 0.4875 0.775
vt 0.6375 0.525
vt 0.6375 0.725
vt 0.7375 0.725
vt 0.7375 0.525
vt 0.6375 0.525
vt 0.7375 0.725
vt 0.6375 0.525
vt 0.6375 0.725
vt 0.7375 0.725
vt 0.7375 0.525
vt 0.6375 0.525
vt 0.7375 0.725
vt 0.6375 0.525
vt 0.6375 0.725
vt 0.7375 0.725
vt 0.7375 0.525
vt 0.6375 0.525
vt 0.7375 0.725
vt 0.6375 0.525
vt 0.6375 0.725
vt 0.7375 0.725
vt 0.7375 0.525
vt 0.6375 0.525
vt 0.7375 0.725
vt 0.6375 0.525
vt 0.6375 0.725
vt 0.7375 0.525
vt 0.6375 0.725
vt 0.7375 0.725
vt 0.7375 0.525
vt 0.6375 0.525
vt 0.6375 0.725
vt 0.7375 0.525
vt 0.6375 0.725
vt 0.7375 0.725
vt 0.7375 0.525
vt 0.6375 0.525
vt 0.6375 0.725
vt 0.7375 0.525
vt 0.6375 0.725
vt 0.7375 0.725
vt 0.7375 0.525
vt 0.6375 0.525
vt 0.6375 0.725
vt 0.7375 0.525
vt 0.6375 0.725
vt 0.7375 0.725
vt 0.7375 0.525
vt 0.5125 0.775
vt 0.5125 0.975
vt 0.6125 0.975
vt 0.6125 0.775
vt 0.5125 0.775
vt 0.6125 0.975
vt 0.5125 0.775
vt 0.5125 0.975
vt 0.6125 0.975
vt 0.6125 0.775
vt 0.5125 0.775
vt 0.6125 0.975
vt 0.5125 0.775
vt 0.5125 0.975
vt 0.6125 0.975
vt 0.6125 0.775
vt 0.5125 0.775
vt 0.6125 0.975
vt 0.5125 0.775
vt 0.5125 0.975
vt 0.6125 0.975
vt 0.6125 0.775
vt 0.5125 0.775
vt 0.6125 0.975
vt 0.5125 0.775
vt 0.5125 0.975
vt 0.6125 0.775
vt 0.5125 0.975
vt 0.6125 0.975
vt 0.6125 0.775
vt 0.5125 0.775
vt 0.5125 0.975
vt 0.6125 0.775
vt 0.5125 0.975
vt 0.6125 0.975
vt 0.6125 0.775
vt 0.5125 0.775
vt 0.5125 0.975
vt 0.6125 0.775
vt 0.5125 0.975
vt 0.6125 0.975
vt 0.6125 0.775
vt 0.5125 0.775
vt 0.5125 0.975
vt 0.6125 0.775
vt 0.5125 0.975
vt 0.6125 0.975
vt 0.6125 0.775
vt 0.0125 0.525
vt 0.0125 0.725
vt 0.0625 0.725
vt 0.0625 0.525
vt 0.0125 0.525
vt 0.0625 0.725
vt 0.0625 0.525
vt 0.0625 0.725
vt 0.1125 0.725
vt 0.1125 0.525
vt 0.0625 0.525
vt 0.1125 0.725
vt 0.0125 0.525
vt 0.0125 0.725
vt 0.0625 0.725
vt 0.0625 0.525
vt 0.0125 0.525
vt 0.0625 0.725
vt 0.0625 0.525
vt 0.0625 0.725
vt 0.1125 0.725
vt 0.1125 0.525
vt 0.0625 0.525
vt 0.1125 0.725
vt 0.0125 0.525
vt 0.0125 0.725
vt 0.0625 0.525
vt 0.0125 0.725
vt 0.0625 0.725
vt 0.0625 0.525
vt 0.0625 0.525
vt 0.0625 0.725
vt 0.1125 0.525
vt 0.0625 0.725
vt 0.1125 0.725
vt 0.1125 0.525
vt 0.0125 0.525
vt 0.0125 0.725
vt 0.0625 0.525
vt 0.0125 0.725
vt 0.0625 0.725
vt 0.0625 0.525
vt 0.0625 0.525
vt 0.0625 0.725
vt 0.1125 0.525
vt 0.0625 0.725
vt 0.1125 0.725
vt 0.1125 0.525
vt 0.1875 0.275
vt 0.1875 0.475
vt 0.2125 0.475
vt 0.2125 0.275
vt 0.1875 0.275
vt 0.2125 0.475
vt 0.2125 0.275
vt 0.2125 0.475
vt 0.2375 0.475
vt 0.2375 0.275
vt 0.2125 0.275
vt 0.2375 0.475
vt 0.1375 0.275
vt 0.1375 0.475
vt 0.1625 0.475
vt 0.1625 0.275
vt 0.1375 0.275
vt 0.1625 0.475
vt 0.1625 0.275
vt 0.1625 0.475
vt 0.1875 0.475
vt 0.1875 0.275
vt 0.1625 0.275
vt 0.1875 0.475
vt 0.1875 0.275
vt 0.1875 0.475
vt 0.2125 0.275
vt 0.1875 0.475
vt 0.2125 0.475
vt 0.2125 0.275
vt 0.2125 0.275
vt 0.2125 0.475
vt 0.2375 0.275
vt 0.2125 0.475
vt 0.2375 0.475
vt 0.2375 0.275
vt 0.1375 0.275
vt 0.1375 0.475
vt 0.1625 0.275
vt 0.1375 0.475
vt 0.1625 0.475
vt 0.1625 0.275
vt 0.1625 0.275
vt 0.1625 0.475
vt 0.1875 0.275
vt 0.1625 0.475
vt 0.1875 0.475
vt 0.1875 0.275
vt 0.1875 0.275
vt 0.1875 0.475
vt 0.2125 0.475
vt 0.2125 0.275
vt 0.1875 0.275
vt 0.2125 0.475
vt 0.2125 0.275
vt 0.2125 0.475
vt 0.2375 0.475
vt 0.2375 0.275
vt 0.2125 0.275
vt 0.2375 0.475
vt 0.1375 0.275
vt 0.1375 0.475
vt 0.1625 0.475
vt 0.1625 0.275
vt 0.1375 0.275
vt 0.1625 0.475
vt 0.1625 0.275
vt 0.1625 0.475
vt 0.1875 0.475
vt 0.1875 0.275
vt 0.1625 0.275
vt 0.1875 0.475
vt 0.1875 0.275
vt 0.1875 0.475
vt 0.2125 0.275
vt 0.1875 0.475
vt 0.2125 0.475
vt 0.2125 0.275
vt 0.2125 0.275
vt 0.2125 0.475
vt 0.2375 0.275
vt 0.2125 0.475
vt 0.2375 0.475
vt 0.2375 0.275
vt 0.1375 0.275
vt 0.1375 0.475
vt 0.1625 0.275
vt 0.1375 0.475
vt 0.1625 0.475
vt 0.1625 0.275
vt 0.1625 0.275
vt 0.1625 0.475
vt 0.1875 0.275
vt 0.1625 0.475
vt 0.1875 0.475
vt 0.1875 0.275
vt 0.5625 0.775
vt 0.5625 0.975
vt 0.5875 0.975
vt 0.5875 0.775
vt 0.5625 0.775
vt 0.5875 0.975
vt 0.5875 0.775
vt 0.5875 0.975
vt 0.6125 0.975
vt 0.6125 0.775
vt 0.5875 0.775
vt 0.6125 0.975
vt 0.5125 0.775
vt 0.5125 0.975
vt 0.5375 0.975
vt 0.5375 0.775
vt 0.5125 0.775
vt 0.5375 0.975
vt 0.5375 0.775
vt 0.5375 0.975
vt 0.5625 0.975
vt 0.5625 0.775
vt 0.5375 0.775
vt 0.5625 0.975
vt 0.5625 0.775
vt 0.5625 0.975
vt 0.5875 0.775
vt 0.5625 0.975
vt 0.5875 0.975
vt 0.5875 0.775
vt 0.5875 0.775
vt 0.5875 0.975
vt 0.6125 0.775
vt 0.5875 0.975
vt 0.6125 0.975
vt 0.6125 0.775
vt 0.5125 0.775
vt 0.5125 0.975
vt 0.5375 0.775
vt 0.5125 0.975
vt 0.5375 0.975
vt 0.5375 0.775
vt 0.5375 0.775
vt 0.5375 0.975
vt 0.5625 0.775
vt 0.5375 0.975
vt 0.5625 0.975
vt 0.5625 0.775
vt 0.6875 0.525
vt 0.6875 0.725
vt 0.7125 0.725
vt 0.7125 0.525
vt 0.6875 0.525
vt 0.7125 0.725
vt 0.7125 0.525
vt 0.7125 0.725
vt 0.7375 0.725
vt 0.7375 0.525
vt 0.7125 0.525
vt 0.7375 0.725
vt 0.6375 0.525
vt 0.6375 0.725
vt 0.6625 0.725
vt 0.6625 0.525
vt 0.6375 0.525
vt 0.6625 0.725
vt 0.6625 0.525
vt 0.6625 0.725
vt 0.6875 0.725
vt 0.6875 0.525
vt 0.6625 0.525
vt 0.6875 0.725
vt 0.6875 0.525
vt 0.6875 0.725
vt 0.7125 0.525
vt 0.6875 0.725
vt 0.7125 0.725
vt 0.7125 0.525
vt 0.7125 0.525
vt 0.7125 0.725
vt 0.7375 0.525
vt 0.7125 0.725
vt 0.7375 0.725
vt 0.7375 0.525
vt 0.6375 0.525
vt 0.6375 0.725
vt 0.6625 0.525
vt 0.6375 0.725
vt 0.6625 0.725
vt 0.6625 0.525
vt 0.6625 0.525
vt 0.6625 0.725
vt 0.6875 0.525
vt 0.6625 0.725
vt 0.6875 0.725
vt 0.6875 0.525
vt 0.87625 0.025
vt 0.87625 0.225
vt 0.87625 0.225
vt 0.87625 0.025
vt 0.87625 0.025
vt 0.87625 0.225
vt 0.87625 0.025
vt 0.87625 0.225
vt 0.87625 0.225
vt 0.87625 0.025
vt 0.87625 0.025
vt 0.87625 0.225
vt 0.87625 0.025
vt 0.87625 0.225
vt 0.87625 0.225
vt 0.87625 0.025
vt 0.87625 0.025
vt 0.87625 0.225
vt 0.87625 0.025
vt 0.87625 0.225
vt 0.87625 0.225
vt 0.87625 0.025
vt 0.87625 0.025
vt 0.87625 0.225
vt 0.87625 0.025
vt 0.87625 0.225
vt 0.87625 0.025
vt 0.87625 0.225
vt 0.87625 0.225
vt 0.87625 0.025
vt 0.87625 0.025
vt 0.87625 0.225
vt 0.87625 0.025
vt 0.87625 0.225
vt 0.87625 0.225
vt 0.87625 0.025
vt 0.87625 0.025
vt 0.87625 0.225
vt 0.87625 0.025
vt 0.87625 0.225
vt 0.87625 0.225
vt 0.87625 0.025
vt 0.87625 0.025
vt 0.87625 0.225
vt 0.87625 0.025
vt 0.87625 0.225
vt 0.87625 0.225
vt 0.87625 0.025
vt 0.3875 0.775
vt 0.3875 0.975
vt 0.4875 0.975
vt 0.4875 0.775
vt 0.3875 0.775
vt 0.4875 0.975
vt 0.3875 0.775
vt 0.3875 0.975
vt 0.4875 0.975
vt 0.4875 0.775
vt 0.3875 0.775
vt 0.4875 0.975
vt 0.3875 0.775
vt 0.3875 0.975
vt 0.4875 0.975
vt 0.4875 0.775
vt 0.3875 0.775
vt 0.4875 0.975
vt 0.3875 0.775
vt 0.3875 0.975
vt 0.4875 0.975
vt 0.4875 0.775
vt 0.3875 0.775
vt 0.4875 0.975
vt 0.3875 0.775
vt 0.3875 0.975
vt 0.4875 0.775
vt 0.3875 0.975
vt 0.4875 0.975
vt 0.4875 0.775
vt 0.3875 0.775
vt 0.3875 0.975
vt 0.4875 0.775
vt 0.3875 0.975
vt 0.4875 0.975
vt 0.4875 0.775
vt 0.3875 0.775
vt 0.3875 0.975
vt 0.4875 0.775
vt 0.3875 0.975
vt 0.4875 0.975
vt 0.4875 0.775
vt 0.3875 0.775
vt 0.3875 0.975
vt 0.4875 0.775
vt 0.3875 0.975
vt 0.4875 0.975
vt 0.4875 0.775
vt 0.6375 0.525
vt 0.6375 0.725
vt 0.7375 0.725
vt 0.7375 0.525
vt 0.6375 0.525
vt 0.7375 0.725
vt 0.6375 0.525
vt 0.6375 0.725
vt 0.7375 0.725
vt 0.7375 0.525
vt 0.6375 0.525
vt 0.7375 0.725
vt 0.6375 0.525
vt 0.6375 0.725
vt 0.7375 0.725
vt 0.7375 0.525
vt 0.6375 0.525
vt 0.7375 0.725
vt 0.6375 0.525
vt 0.6375 0.725
vt 0.7375 0.725
vt 0.7375 0.525
vt 0.6375 0.525
vt 0.7375 0.725
vt 0.6375 0.525
vt 0.6375 0.725
vt 0.7375 0.525
vt 0.6375 0.725
vt 0.7375 0.725
vt 0.7375 0.525
vt 0.6375 0.525
vt 0.6375 0.725
vt 0.7375 0.525
vt 0.6375 0.725
vt 0.7375 0.725
vt 0.7375 0.525
vt 0.6375 0.525
vt 0.6375 0.725
vt 0.7375 0.525
vt 0.6375 0.725
vt 0.7375 0.725
vt 0.7375 0.525
vt 0.6375 0.525
vt 0.6375 0.725
vt 0.7375 0.525
vt 0.6375 0.725
vt 0.7375 0.725
vt 0.7375 0.525
vt 0.5125 0.775
vt 0.5125 0.975
vt 0.6125 0.975
vt 0.6125 0.775
vt 0.5125 0.775
vt 0.6125 0.975
vt 0.5125 0.775
vt 0.5125 0.975
vt 0.6125 0.975
vt 0.6125 0.775
vt 0.5125 0.775
vt 0.6125 0.975
vt 0.5125 0.775
vt 0.5125 0.975
vt 0.6125 0.975
vt 0.6125 0.775
vt 0.5125 0.775
vt 0.6125 0.975
vt 0.5125 0.775
vt 0.5125 0.975
vt 0.6125 0.975
vt 0.6125 0.775
vt 0.5125 0.775
vt 0.6125 0.975
vt 0.5125 0.775
vt 0.5125 0.975
vt 0.6125 0.775
vt 0.5125 0.975
vt 0.6125 0.975
vt 0.6125 0.775
vt 0.5125 0.775
vt 0.5125 0.975
vt 0.6125 0.775
vt 0.5125 0.975
vt 0.6125 0.975
vt 0.6125 0.775
vt 0.5125 0.775
vt 0.5125 0.975
vt 0.6125 0.775
vt 0.5125 0.975
vt 0.6125 0.975
vt 0.6125 0.775
vt 0.5125 0.775
vt 0.5125 0.975
vt 0.6125 0.775
vt 0.5125 0.975
vt 0.6125 0.975
vt 0.6125 0.775
vt 0.0125 0.525
vt 0.0125 0.725
vt 0.0625 0.725
vt 0.0625 0.525
vt 0.0125 0.525
vt 0.0625 0.725
vt 0.0625 0.525
vt 0.0625 0.725
vt 0.1125 0.725
vt 0.1125 0.525
vt 0.0625 0.525
vt 0.1125 0.725
vt 0.0125 0.525
vt 0.0125 0.725
vt 0.0625 0.725
vt 0.0625 0.525
vt 0.0125 0.525
vt 0.0625 0.725
vt 0.0625 0.525
vt 0.0625 0.725
vt 0.1125 0.725
vt 0.1125 0.525
vt 0.0625 0.525
vt 0.1125 0.725
vt 0.0125 0.525
vt 0.0125 0.725
vt 0.0625 0.525
vt 0.0125 0.725
vt 0.0625 0.725
vt 0.0625 0.525
vt 0.0625 0.525
vt 0.0625 0.725
vt 0.1125 0.525
vt 0.0625 0.725
vt 0.1125 0.725
vt 0.1125 0.525
vt 0.0125 0.525
vt 0.0125 0.725
vt 0.0625 0.525
vt 0.0125 0.725
vt 0.0625 0.725
vt 0.0625 0.525
vt 0.0625 0.525
vt 0.0625 0.725
vt 0.1125 0.525
vt 0.0625 0.725
vt 0.1125 0.725
vt 0.1125 0.525
vt 0.1875 0.275
vt 0.1875 0.475
vt 0.2125 0.475
vt 0.2125 0.275
vt 0.1875 0.275
vt 0.2125 0.475
vt 0.2125 0.275
vt 0.2125 0.475
vt 0.2375 0.475
vt 0.2375 0.275
vt 0.2125 0.275
vt 0.2375 0.475
vt 0.1375 0.275
vt 0.1375 0.475
vt 0.1625 0.475
vt 0.1625 0.275
vt 0.1375 0.275
vt 0.1625 0.475
vt 0.1625 0.275
vt 0.1625 0.475
vt 0.1875 0.475
vt 0.1875 0.275
vt 0.1625 0.275
vt 0.1875 0.475
vt 0.1875 0.275
vt 0.1875 0.475
vt 0.2125 0.275
vt 0.1875 0.475
vt 0.2125 0.475
vt 0.2125 0.275
vt 0.2125 0.275
vt 0.2125 0.475
vt 0.2375 0.275
vt 0.2125 0.475
vt 0.2375 0.475
vt 0.2375 0.275
vt 0.1375 0.275
vt 0.1375 0.475
vt 0.1625 0.275
vt 0.1375 0.475
vt 0.1625 0.475
vt 0.1625 0.275
vt 0.1625 0.275
vt 0.1625 0.475
vt 0.1875 0.275
vt 0.1625 0.475
vt 0.1875 0.475
vt 0.1875 0.275
vt 0.1375 0.275
vt 0.1375 0.475
vt 0.1875 0.475
vt 0.1875 0.275
vt 0.1375 0.275
vt 0.1875 0.475
vt 0.1875 0.275
vt 0.1875 0.475
vt 0.2375 0.475
vt 0.2375 0.275
vt 0.1875 0.275
vt 0.2375 0.475
vt 0.1375 0.275
vt 0.1375 0.475
vt 0.1875 0.475
vt 0.1875 0.275
vt 0.1375 0.275
vt 0.1875 0.475
vt 0.1875 0.275
vt 0.1875 0.475
vt 0.2375 0.475
vt 0.2375 0.275
vt 0.1875 0.275
vt 0.2375 0.475
vt 0.1375 0.275
vt 0.1375 0.475
vt 0.1875 0.275
vt 0.1375 0.475
vt 0.1875 0.475
vt 0.1875 0.275
vt 0.1875 0.275
vt 0.1875 0.475
vt 0.2375 0.275
vt 0.1875 0.475
vt 0.2375 0.475
vt 0.2375 0.275
vt 0.1375 0.275
vt 0.1375 0.475
vt 0.1875 0.275
vt 0.1375 0.475
vt 0.1875 0.475
vt 0.1875 0.275
vt 0.1875 0.275
vt 0.1875 0.475
vt 0.2375 0.275
vt 0.1875 0.475
vt 0.2375 0.475
vt 0.2375 0.275
vt 0.1375 0.275
vt 0.1375 0.475
vt 0.2375 0.475
vt 0.2375 0.275
vt 0.1375 0.275
vt 0.2375 0.475
vt 0.1375 0.275
vt 0.1375 0.475
vt 0.2375 0.475
vt 0.2375 0.275
vt 0.1375 0.275
vt 0.2375 0.475
vt 0.1375 0.275
vt 0.1375 0.475
vt 0.2375 0.475
vt 0.2375 0.275
vt 0.1375 0.275
vt 0.2375 0.475
vt 0.1375 0.275
vt 0.1375 0.475
vt 0.2375 0.475
vt 0.2375 0.275
vt 0.1375 0.275
vt 0.2375 0.475
vt 0.1375 0.275
vt 0.1375 0.475
vt 0.2375 0.275
vt 0.1375 0.475
vt 0.2375 0.475
vt 0.2375 0.275
vt 0.1375 0.275
vt 0.1375 0.475
vt 0.2375 0.275
vt 0.1375 0.475
vt 0.2375 0.475
vt 0.2375 0.275
vt 0.1375 0.275
vt 0.1375 0.475
vt 0.2375 0.275
vt 0.1375 0.475
vt 0.2375 0.475
vt 0.2375 0.275
vt 0.1375 0.275
vt 0.1375 0.475
vt 0.2375 0.275
vt 0.1375 0.475
vt 0.2375 0.475
vt 0.2375 0.275
vt 0.6875 0.525
vt 0.6875 0.725
vt 0.7125 0.725
vt 0.7125 0.525
vt 0.6875 0.525
vt 0.7125 0.725
vt 0.7125 0.525
vt 0.7125 0.725
vt 0.7375 0.725
vt 0.7375 0.525
vt 0.7125 0.525
vt 0.7375 0.725
vt 0.6375 0.525
vt 0.6375 0.725
vt 0.6625 0.725
vt 0.6625 0.525
vt 0.6375 0.525
vt 0.6625 0.725
vt 0.6625 0.525
vt 0.6625 0.725
vt 0.6875 0.725
vt 0.6875 0.525
vt 0.6625 0.525
vt 0.6875 0.725
vt 0.6875 0.525
vt 0.6875 0.725
vt 0.7125 0.525
vt 0.6875 0.725
vt 0.7125 0.725
vt 0.7125 0.525
vt 0.7125 0.525
vt 0.7125 0.725
vt 0.7375 0.525
vt 0.7125 0.725
vt 0.7375 0.725
vt 0.7375 0.525
vt 0.6375 0.525
vt 0.6375 0.725
vt 0.6625 0.525
vt 0.6375 0.725
vt 0.6625 0.725
vt 0.6625 0.525
vt 0.6625 0.525
vt 0.6625 0.725
vt 0.6875 0.525
vt 0.6625 0.725
vt 0.6875 0.725
vt 0.6875 0.525
vt 0.1375 0.275
vt 0.1375 0.475
vt 0.1875 0.475
vt 0.1875 0.275
vt 0.1375 0.275
vt 0.1875 0.475
vt 0.1875 0.275
vt 0.1875 0.475
vt 0.2375 0.475
vt 0.2375 0.275
vt 0.1875 0.275
vt 0.2375 0.475
vt 0.1375 0.275
vt 0.1375 0.475
vt 0.1875 0.475
vt 0.1875 0.275
vt 0.1375 0.275
vt 0.1875 0.475
vt 0.1875 0.275
vt 0.1875 0.475
vt 0.2375 0.475
vt 0.2375 0.275
vt 0.1875 0.275
vt 0.2375 0.475
vt 0.1375 0.275
vt 0.1375 0.475
vt 0.1875 0.275
vt 0.1375 0.475
vt 0.1875 0.475
vt 0.1875 0.275
vt 0.1875 0.275
vt 0.1875 0.475
vt 0.2375 0.275
vt 0.1875 0.475
vt 0.2375 0.475
vt 0.2375 0.275
vt 0.1375 0.275
vt 0.1375 0.475
vt 0.1875 0.275
vt 0.1375 0.475
vt 0.1875 0.475
vt 0.1875 0.275
vt 0.1875 0.275
vt 0.1875 0.475
vt 0.2375 0.275
vt 0.1875 0.475
vt 0.2375 0.475
vt 0.2375 0.275
vt 0.1375 0.275
vt 0.1375 0.475
vt 0.2375 0.475
vt 0.2375 0.275
vt 0.1375 0.275
vt 0.2375 0.475
vt 0.1375 0.275
vt 0.1375 0.475
vt 0.2375 0.475
vt 0.2375 0.275
vt 0.1375 0.275
vt 0.2375 0.475
vt 0.1375 0.275
vt 0.1375 0.475
vt 0.2375 0.475
vt 0.2375 0.275
vt 0.1375 0.275
vt 0.2375 0.475
vt 0.1375 0.275
vt 0.1375 0.475
vt 0.2375 0.475
vt 0.2375 0.275
vt 0.1375 0.275
vt 0.2375 0.475
vt 0.1375 0.275
vt 0.1375 0.475
vt 0.2375 0.275
vt 0.1375 0.475
vt 0.2375 0.475
vt 0.2375 0.275
vt 0.1375 0.275
vt 0.1375 0.475
vt 0.2375 0.275
vt 0.1375 0.475
vt 0.2375 0.475
vt 0.2375 0.275
vt 0.1375 0.275
vt 0.1375 0.475
vt 0.2375 0.275
vt 0.1375 0.475
vt 0.2375 0.475
vt 0.2375 0.275
vt 0.1375 0.275
vt 0.1375 0.475
vt 0.2375 0.275
vt 0.1375 0.475
vt 0.2375 0.475
vt 0.2375 0.275
vt 0.6875 0.525
vt 0.6875 0.725
vt 0.7125 0.725
vt 0.7125 0.525
vt 0.6875 0.525
vt 0.7125 0.725
vt 0.7125 0.525
vt 0.7125 0.725
vt 0.7375 0.725
vt 0.7375 0.525
vt 0.7125 0.525
vt 0.7375 0.725
vt 0.6375 0.525
vt 0.6375 0.725
vt 0.6625 0.725
vt 0.6625 0.525
vt 0.6375 0.525
vt 0.6625 0.725
vt 0.6625 0.525
vt 0.6625 0.725
vt 0.6875 0.725
vt 0.6875 0.525
vt 0.6625 0.525
vt 0.6875 0.725
vt 0.6875 0.525
vt 0.6875 0.725
vt 0.7125 0.525
vt 0.6875 0.725
vt 0.7125 0.725
vt 0.7125 0.525
vt 0.7125 0.525
vt 0.7125 0.725
vt 0.7375 0.525
vt 0.7125 0.725
vt 0.7375 0.725
vt 0.7375 0.525
vt 0.6375 0.525
vt 0.6375 0.725
vt 0.6625 0.525
vt 0.6375 0.725
vt 0.6625 0.725
vt 0.6625 0.525
vt 0.6625 0.525
vt 0.6625 0.725
vt 0.6875 0.525
vt 0.6625 0.725
vt 0.6875 0.725
vt 0.6875 0.525
vt 0.87625 0.025
vt 0.87625 0.225
vt 0.87625 0.225
vt 0.87625 0.025
vt 0.87625 0.025
vt 0.87625 0.225
vt 0.87625 0.025
vt 0.87625 0.225
vt 0.87625 0.225
vt 0.87625 0.025
vt 0.87625 0.025
vt 0.87625 0.225
vt 0.87625 0.025
vt 0.87625 0.225
vt 0.87625 0.225
vt 0.87625 0.025
vt 0.87625 0.025
vt 0.87625 0.225
vt 0.87625 0.025
vt 0.87625 0.225
vt 0.87625 0.225
vt 0.87625 0.025
vt 0.87625 0.025
vt 0.87625 0.225
vt 0.87625 0.025
vt 0.87625 0.225
vt 0.87625 0.225
vt 0.87625 0.025
vt 0.87625 0.025
vt 0.87625 0.225
vt 0.87625 0.025
vt 0.87625 0.225
vt 0.87625 0.225
vt 0.87625 0.025
vt 0.87625 0.025
vt 0.87625 0.225
vt 0.87625 0.025
vt 0.87625 0.225
vt 0.87625 0.225
vt 0.87625 0.025
vt 0.87625 0.025
vt 0.87625 0.225
vt 0.87625 0.025
vt 0.87625 0.225
vt 0.87625 0.225
vt 0.87625 0.025
vt 0.87625 0.025
vt 0.87625 0.225
vt 0.87625 0.025
vt 0.87625 0.225
vt 0.87625 0.225
vt 0.87625 0.025
vt 0.87625 0.025
vt 0.87625 0.225
vt 0.87625 0.025
vt 0.87625 0.225
vt 0.87625 0.225
vt 0.87625 0.025
vt 0.87625 0.025
vt 0.87625 0.225
vt 0.87625 0.025
vt 0.87625 0.225
vt 0.87625 0.225
vt 0.87625 0.025
vt 0.87625 0.025
vt 0.87625 0.225
vt 0.87625 0.025
vt 0.87625 0.225
vt 0.87625 0.225
vt 0.87625 0.025
vt 0.87625 0.025
vt 0.87625 0.225
vt 0.87625 0.025
vt 0.87625 0.225
vt 0.87625 0.225
vt 0.87625 0.025
vt 0.87625 0.025
vt 0.87625 0.225
vt 0.87625 0.025
vt 0.87625 0.225
vt 0.87625 0.225
vt 0.87625 0.025
vt 0.87625 0.025
vt 0.87625 0.225
vt 0.87625 0.025
vt 0.87625 0.225
vt 0.87625 0.225
vt 0.87625 0.025
vt 0.87625 0.025
vt 0.87625 0.225
vt 0.87625 0.025
vt 0.87625 0.225
vt 0.87625 0.225
vt 0.87625 0.025
vt 0.87625 0.025
vt 0.87625 0.225
vt 0.87625 0.025
vt 0.87625 0.225
vt 0.87625 0.025
vt 0.87625 0.225
vt 0.87625 0.225
vt 0.87625 0.025
vt 0.87625 0.025
vt 0.87625 0.225
vt 0.87625 0.025
vt 0.87625 0.225
vt 0.87625 0.225
vt 0.87625 0.025
vt 0.87625 0.025
vt 0.87625 0.225
vt 0.87625 0.025
vt 0.87625 0.225
vt 0.87625 0.225
vt 0.87625 0.025
vt 0.87625 0.025
vt 0.87625 0.225
vt 0.87625 0.025
vt 0.87625 0.225
vt 0.87625 0.225
vt 0.87625 0.025
vt 0.87625 0.025
vt 0.87625 0.225
vt 0.87625 0.025
vt 0.87625 0.225
vt 0.87625 0.225
vt 0.87625 0.025
vt 0.87625 0.025
vt 0.87625 0.225
vt 0.87625 0.025
vt 0.87625 0.225
vt 0.87625 0.225
vt 0.87625 0.025
vt 0.87625 0.025
vt 0.87625 0.225
vt 0.87625 0.025
vt 0.87625 0.225
vt 0.87625 0.225
vt 0.87625 0.025
vt 0.87625 0.025
vt 0.87625 0.225
vt 0.87625 0.025
vt 0.87625 0.225
vt 0.87625 0.225
vt 0.87625 0.025
vt 0.87625 0.025
vt 0.87625 0.225
vt 0.87625 0.025
vt 0.87625 0.225
vt 0.87625 0.225
vt 0.87625 0.025
vt 0.87625 0.025
vt 0.87625 0.225
vt 0.87625 0.025
vt 0.87625 0.225
vt 0.87625 0.225
vt 0.87625 0.025
vt 0.87625 0.025
vt 0.87625 0.225
vt 0.87625 0.025
vt 0.87625 0.225
vt 0.87625 0.225
vt 0.87625 0.025
vt 0.87625 0.025
vt 0.87625 0.225
vt 0.87625 0.025
vt 0.87625 0.225
vt 0.87625 0.225
vt 0.87625 0.025
vt 0.87625 0.025
vt 0.87625 0.225
vt 0.87625 0.025
vt 0.87625 0.225
vt 0.87625 0.225
vt 0.87625 0.025
vt 0.87625 0.025
vt 0.87625 0.225
vt 0.87625 0.025
vt 0.87625 0.225
vt 0.87625 0.225
vt 0.87625 0.025
vt 0.87625 0.025
vt 0.87625 0.225
vt 0.87625 0.025
vt 0.87625 0.225
vt 0.87625 0.225
vt 0.87625 0.025
vt 0.87625 0.025
vt 0.87625 0.225
vt 0.87625 0.025
vt 0.87625 0.225
vt 0.87625 0.225
vt 0.87625 0.025
vt 0.1875 0.275
vt 0.1875 0.475
vt 0.19375 0.475
vt 0.19375 0.275
vt 0.1875 0.275
vt 0.19375 0.475
vt 0.19375 0.275
vt 0.19375 0.475
vt 0.2 0.475
vt 0.2 0.275
vt 0.19375 0.275
vt 0.2 0.475
vt 0.2 0.275
vt 0.2 0.475
vt 0.20625 0.475
vt 0.20625 0.275
vt 0.2 0.275
vt 0.20625 0.475
vt 0.20625 0.275
vt 0.20625 0.475
vt 0.2125 0.475
vt 0.2125 0.275
vt 0.20625 0.275
vt 0.2125 0.475
vt 0.2125 0.275
vt 0.2125 0.475
vt 0.21875 0.475
vt 0.21875 0.275
vt 0.2125 0.275
vt 0.21875 0.475
vt 0.21875 0.275
vt 0.21875 0.475
vt 0.225 0.475
vt 0.225 0.275
vt 0.21875 0.275
vt 0.225 0.475
vt 0.225 0.275
vt 0.225 0.475
vt 0.23125 0.475
vt 0.23125 0.275
vt 0.225 0.275
vt 0.23125 0.475
vt 0.23125 0.275
vt 0.23125 0.475
vt 0.2375 0.475
vt 0.2375 0.275
vt 0.23125 0.275
vt 0.2375 0.475
vt 0.1375 0.275
vt 0.1375 0.475
vt 0.14375 0.475
vt 0.14375 0.275
vt 0.1375 0.275
vt 0.14375 0.475
vt 0.14375 0.275
vt 0.14375 0.475
vt 0.15 0.475
vt 0.15 0.275
vt 0.14375 0.275
vt 0.15 0.475
vt 0.15 0.275
vt 0.15 0.475
vt 0.15625 0.475
vt 0.15625 0.275
vt 0.15 0.275
vt 0.15625 0.475
vt 0.15625 0.275
vt 0.15625 0.475
vt 0.1625 0.475
vt 0.1625 0.275
vt 0.15625 0.275
vt 0.1625 0.475
vt 0.1625 0.275
vt 0.1625 0.475
vt 0.16875 0.475
vt 0.16875 0.275
vt 0.1625 0.275
vt 0.16875 0.475
vt 0.16875 0.275
vt 0.16875 0.475
vt 0.175 0.475
vt 0.175 0.275
vt 0.16875 0.275
vt 0.175 0.475
vt 0.175 0.275
vt 0.175 0.475
vt 0.18125 0.475
vt 0.18125 0.275
vt 0.175 0.275
vt 0.18125 0.475
vt 0.18125 0.275
vt 0.18125 0.475
vt 0.1875 0.475
vt 0.1875 0.275
vt 0.18125 0.275
vt 0.1875 0.475
vt 0.1875 0.275
vt 0.1875 0.475
vt 0.19375 0.275
vt 0.1875 0.475
vt 0.19375 0.475
vt 0.19375 0.275
vt 0.19375 0.275
vt 0.19375 0.475
vt 0.2 0.275
vt 0.19375 0.475
vt 0.2 0.475
vt 0.2 0.275
vt 0.2 0.275
vt 0.2 0.475
vt 0.20625 0.275
vt 0.2 0.475
vt 0.20625 0.475
vt 0.20625 0.275
vt 0.20625 0.275
vt 0.20625 0.475
vt 0.2125 0.275
vt 0.20625 0.475
vt 0.2125 0.475
vt 0.2125 0.275
vt 0.2125 0.275
vt 0.2125 0.475
vt 0.21875 0.275
vt 0.2125 0.475
vt 0.21875 0.475
vt 0.21875 0.275
vt 0.21875 0.275
vt 0.21875 0.475
vt 0.225 0.275
vt 0.21875 0.475
vt 0.225 0.475
vt 0.225 0.275
vt 0.225 0.275
vt 0.225 0.475
vt 0.23125 0.275
vt 0.225 0.475
vt 0.23125 0.475
vt 0.23125 0.275
vt 0.23125 0.275
vt 0.23125 0.475
vt 0.2375 0.275
vt 0.23125 0.475
vt 0.2375 0.475
vt 0.2375 0.275
vt 0.1375 0.275
vt 0.1375 0.475
vt 0.14375 0.275
vt 0.1375 0.475
vt 0.14375 0.475
vt 0.14375 0.275
vt 0.14375 0.275
vt 0.14375 0.475
vt 0.15 0.275
vt 0.14375 0.475
vt 0.15 0.475
vt 0.15 0.275
vt 0.15 0.275
vt 0.15 0.475
vt 0.15625 0.275
vt 0.15 0.475
vt 0.15625 0.475
vt 0.15625 0.275
vt 0.15625 0.275
vt 0.15625 0.475
vt 0.1625 0.275
vt 0.15625 0.475
vt 0.1625 0.475
vt 0.1625 0.275
vt 0.1625 0.275
vt 0.1625 0.475
vt 0.16875 0.275
vt 0.1625 0.475
vt 0.16875 0.475
vt 0.16875 0.275
vt 0.16875 0.275
vt 0.16875 0.475
vt 0.175 0.275
vt 0.16875 0.475
vt 0.175 0.475
vt 0.175 0.275
vt 0.175 0.275
vt 0.175 0.475
vt 0.18125 0.275
vt 0.175 0.475
vt 0.18125 0.475
vt 0.18125 0.275
vt 0.18125 0.275
vt 0.18125 0.475
vt 0.1875 0.275
vt 0.18125 0.475
vt 0.1875 0.475
vt 0.1875 0.275
vt 0.6375 0.525
vt 0.6375 0.725
vt 0.6625 0.725
vt 0.6625 0.525
vt 0.6375 0.525
vt 0.6625 0.725
vt 0.6625 0.525
vt 0.6625 0.725
vt 0.6875 0.725
vt 0.6875 0.525
vt 0.6625 0.525
vt 0.6875 0.725
vt 0.6875 0.525
vt 0.6875 0.725
vt 0.7125 0.725
vt 0.7125 0.525
vt 0.6875 0.525
vt 0.7125 0.725
vt 0.7125 0.525
vt 0.7125 0.725
vt 0.7375 0.725
vt 0.7375 0.525
vt 0.7125 0.525
vt 0.7375 0.725
vt 0.6375 0.525
vt 0.6375 0.725
vt 0.6625 0.725
vt 0.6625 0.525
vt 0.6375 0.525
vt 0.6625 0.725
vt 0.6625 0.525
vt 0.6625 0.725
vt 0.6875 0.725
vt 0.6875 0.525
vt 0.6625 0.525
vt 0.6875 0.725
vt 0.6875 0.525
vt 0.6875 0.725
vt 0.7125 0.725
vt 0.7125 0.525
vt 0.6875 0.525
vt 0.7125 0.725
vt 0.7125 0.525
vt 0.7125 0.725
vt 0.7375 0.725
vt 0.7375 0.525
vt 0.7125 0.525
vt 0.7375 0.725
vt 0.6375 0.525
vt 0.6375 0.725
vt 0.6625 0.725
vt 0.6625 0.525
vt 0.6375 0.525
vt 0.6625 0.725
vt 0.6625 0.525
vt 0.6625 0.725
vt 0.6875 0.725
vt 0.6875 0.525
vt 0.6625 0.525
vt 0.6875 0.725
vt 0.6875 0.525
vt 0.6875 0.725
vt 0.7125 0.725
vt 0.7125 0.525
vt 0.6875 0.525
vt 0.7125 0.725
vt 0.7125 0.525
vt 0.7125 0.725
vt 0.7375 0.725
vt 0.7375 0.525
vt 0.7125 0.525
vt 0.7375 0.725
vt 0.6375 0.525
vt 0.6375 0.725
vt 0.6625 0.725
vt 0.6625 0.525
vt 0.6375 0.525
vt 0.6625 0.725
vt 0.6625 0.525
vt 0.6625 0.725
vt 0.6875 0.725
vt 0.6875 0.525
vt 0.6625 0.525
vt 0.6875 0.725
vt 0.6875 0.525
vt 0.6875 0.725
vt 0.7125 0.725
vt 0.7125 0.525
vt 0.6875 0.525
vt 0.7125 0.725
vt 0.7125 0.525
vt 0.7125 0.725
vt 0.7375 0.725
vt 0.7375 0.525
vt 0.7125 0.525
vt 0.7375 0.725
vt 0.6375 0.525
vt 0.6375 0.725
vt 0.6625 0.525
vt 0.6375 0.725
vt 0.6625 0.725
vt 0.6625 0.525
vt 0.6625 0.525
vt 0.6625 0.725
vt 0.6875 0.525
vt 0.6625 0.725
vt 0.6875 0.725
vt 0.6875 0.525
vt 0.6875 0.525
vt 0.6875 0.725
vt 0.7125 0.525
vt 0.6875 0.725
vt 0.7125 0.725
vt 0.7125 0.525
vt 0.7125 0.525
vt 0.7125 0.725
vt 0.7375 0.525
vt 0.7125 0.725
vt 0.7375 0.725
vt 0.7375 0.525
vt 0.6375 0.525
vt 0.6375 0.725
vt 0.6625 0.525
vt 0.6375 0.725
vt 0.6625 0.725
vt 0.6625 0.525
vt 0.6625 0.525
vt 0.6625 0.725
vt 0.6875 0.525
vt 0.6625 0.725
vt 0.6875 0.725
vt 0.6875 0.525
vt 0.6875 0.525
vt 0.6875 0.725
vt 0.7125 0.525
vt 0.6875 0.725
vt 0.7125 0.725
vt 0.7125 0.525
vt 0.7125 0.525
vt 0.7125 0.725
vt 0.7375 0.525
vt 0.7125 0.725
vt 0.7375 0.725
vt 0.7375 0.525
vt 0.6375 0.525
vt 0.6375 0.725
vt 0.6625 0.525
vt 0.6375 0.725
vt 0.6625 0.725
vt 0.6625 0.525
vt 0.6625 0.525
vt 0.6625 0.725
vt 0.6875 0.525
vt 0.6625 0.725
vt 0.6875 0.725
vt 0.6875 0.525
vt 0.6875 0.525
vt 0.6875 0.725
vt 0.7125 0.525
vt 0.6875 0.725
vt 0.7125 0.725
vt 0.7125 0.525
vt 0.7125 0.525
vt 0.7125 0.725
vt 0.7375 0.525
vt 0.7125 0.725
vt 0.7375 0.725
vt 0.7375 0.525
vt 0.6375 0.525
vt 0.6375 0.725
vt 0.6625 0.525
vt 0.6375 0.725
vt 0.6625 0.725
vt 0.6625 0.525
vt 0.6625 0.525
vt 0.6625 0.725
vt 0.6875 0.525
vt 0.6625 0.725
vt 0.6875 0.725
vt 0.6875 0.525
vt 0.6875 0.525
vt 0.6875 0.725
vt 0.7125 0.525
vt 0.6875 0.725
vt 0.7125 0.725
vt 0.7125 0.525
vt 0.7125 0.525
vt 0.7125 0.725
vt 0.7375 0.525
vt 0.7125 0.725
vt 0.7375 0.725
vt 0.7375 0.525
vt 0.87625 0.025
vt 0.87625 0.225
vt 0.87625 0.225
vt 0.87625 0.025
vt 0.87625 0.025
vt 0.87625 0.225
vt 0.87625 0.025
vt 0.87625 0.225
vt 0.87625 0.225
vt 0.87625 0.025
vt 0.87625 0.025
vt 0.87625 0.225
vt 0.87625 0.025
vt 0.87625 0.225
vt 0.87625 0.225
vt 0.87625 0.025
vt 0.87625 0.025
vt 0.87625 0.225
vt 0.87625 0.025
vt 0.87625 0.225
vt 0.87625 0.225
vt 0.87625 0.025
vt 0.87625 0.025
vt 0.87625 0.225
vt 0.87625 0.025
vt 0.87625 0.225
vt 0.87625 0.225
vt 0.87625 0.025
vt 0.87625 0.025
vt 0.87625 0.225
vt 0.87625 0.025
vt 0.87625 0.225
vt 0.87625 0.225
vt 0.87625 0.025
vt 0.87625 0.025
vt 0.87625 0.225
vt 0.87625 0.025
vt 0.87625 0.225
vt 0.87625 0.225
vt 0.87625 0.025
vt 0.87625 0.025
vt 0.87625 0.225
vt 0.87625 0.025
vt 0.87625 0.225
vt 0.87625 0.225
vt 0.87625 0.025
vt 0.87625 0.025
vt 0.87625 0.225
vt 0.87625 0.025
vt 0.87625 0.225
vt 0.87625 0.225
vt 0.87625 0.025
vt 0.87625 0.025
vt 0.87625 0.225
vt 0.87625 0.025
vt 0.87625 0.225
vt 0.87625 0.225
vt 0.87625 0.025
vt 0.87625 0.025
vt 0.87625 0.225
vt 0.87625 0.025
vt 0.87625 0.225
vt 0.87625 0.225
vt 0.87625 0.025
vt 0.87625 0.025
vt 0.87625 0.225
vt 0.87625 0.025
vt 0.87625 0.225
vt 0.87625 0.225
vt 0.87625 0.025
vt 0.87625 0.025
vt 0.87625 0.225
vt 0.87625 0.025
vt 0.87625 0.225
vt 0.87625 0.225
vt 0.87625 0.025
vt 0.87625 0.025
vt 0.87625 0.225
vt 0.87625 0.025
vt 0.87625 0.225
vt 0.87625 0.225
vt 0.87625 0.025
vt 0.87625 0.025
vt 0.87625 0.225
vt 0.87625 0.025
vt 0.87625 0.225
vt 0.87625 0.225
vt 0.87625 0.025
vt 0.87625 0.025
vt 0.87625 0.225
vt 0.87625 0.025
vt 0.87625 0.225
vt 0.87625 0.225
vt 0.87625 0.025
vt 0.87625 0.025
vt 0.87625 0.225
vt 0.87625 0.025
vt 0.87625 0.225
vt 0.87625 0.025
vt 0.87625 0.225
vt 0.87625 0.225
vt 0.87625 0.025
vt 0.87625 0.025
vt 0.87625 0.225
vt 0.87625 0.025
vt 0.87625 0.225
vt 0.87625 0.225
vt 0.87625 0.025
vt 0.87625 0.025
vt 0.87625 0.225
vt 0.87625 0.025
vt 0.87625 0.225
vt 0.87625 0.225
vt 0.87625 0.025
vt 0.87625 0.025
vt 0.87625 0.225
vt 0.87625 0.025
vt 0.87625 0.225
vt 0.87625 0.225
vt 0.87625 0.025
vt 0.87625 0.025
vt 0.87625 0.225
vt 0.87625 0.025
vt 0.87625 0.225
vt 0.87625 0.225
vt 0.87625 0.025
vt 0.87625 0.025
vt 0.87625 0.225
vt 0.87625 0.025
vt 0.87625 0.225
vt 0.87625 0.225
vt 0.87625 0.025
vt 0.87625 0.025
vt 0.87625 0.225
vt 0.87625 0.025
vt 0.87625 0.225
vt 0.87625 0.225
vt 0.87625 0.025
vt 0.87625 0.025
vt 0.87625 0.225
vt 0.87625 0.025
vt 0.87625 0.225
vt 0.87625 0.225
vt 0.87625 0.025
vt 0.87625 0.025
vt 0.87625 0.225
vt 0.87625 0.025
vt 0.87625 0.225
vt 0.87625 0.225
vt 0.87625 0.025
vt 0.87625 0.025
vt 0.87625 0.225
vt 0.87625 0.025
vt 0.87625 0.225
vt 0.87625 0.225
vt 0.87625 0.025
vt 0.87625 0.025
vt 0.87625 0.225
vt 0.87625 0.025
vt 0.87625 0.225
vt 0.87625 0.225
vt 0.87625 0.025
vt 0.87625 0.025
vt 0.87625 0.225
vt 0.87625 0.025
vt 0.87625 0.225
vt 0.87625 0.225
vt 0.87625 0.025
vt 0.87625 0.025
vt 0.87625 0.225
vt 0.87625 0.025
vt 0.87625 0.225
vt 0.87625 0.225
vt 0.87625 0.025
vt 0.87625 0.025
vt 0.87625 0.225
vt 0.87625 0.025
vt 0.87625 0.225
vt 0.87625 0.225
vt 0.87625 0.025
vt 0.87625 0.025
vt 0.87625 0.225
vt 0.87625 0.025
vt 0.87625 0.225
vt 0.87625 0.225
vt 0.87625 0.025
vt 0.87625 0.025
vt 0.87625 0.225
vt 0.87625 0.025
vt 0.87625 0.225
vt 0.87625 0.225
vt 0.87625 0.025
vt 0.1875 0.275
vt 0.1875 0.475
vt 0.19375 0.475
vt 0.19375 0.275
vt 0.1875 0.275
vt 0.19375 0.475
vt 0.19375 0.275
vt 0.19375 0.475
vt 0.2 0.475
vt 0.2 0.275
vt 0.19375 0.275
vt 0.2 0.475
vt 0.2 0.275
vt 0.2 0.475
vt 0.20625 0.475
vt 0.20625 0.275
vt 0.2 0.275
vt 0.20625 0.475
vt 0.20625 0.275
vt 0.20625 0.475
vt 0.2125 0.475
vt 0.2125 0.275
vt 0.20625 0.275
vt 0.2125 0.475
vt 0.2125 0.275
vt 0.2125 0.475
vt 0.21875 0.475
vt 0.21875 0.275
vt 0.2125 0.275
vt 0.21875 0.475
vt 0.21875 0.275
vt 0.21875 0.475
vt 0.225 0.475
vt 0.225 0.275
vt 0.21875 0.275
vt 0.225 0.475
vt 0.225 0.275
vt 0.225 0.475
vt 0.23125 0.475
vt 0.23125 0.275
vt 0.225 0.275
vt 0.23125 0.475
vt 0.23125 0.275
vt 0.23125 0.475
vt 0.2375 0.475
vt 0.2375 0.275
vt 0.23125 0.275
vt 0.2375 0.475
vt 0.1375 0.275
vt 0.1375 0.475
vt 0.14375 0.475
vt 0.14375 0.275
vt 0.1375 0.275
vt 0.14375 0.475
vt 0.14375 0.275
vt 0.14375 0.475
vt 0.15 0.475
vt 0.15 0.275
vt 0.14375 0.275
vt 0.15 0.475
vt 0.15 0.275
vt 0.15 0.475
vt 0.15625 0.475
vt 0.15625 0.275
vt 0.15 0.275
vt 0.15625 0.475
vt 0.15625 0.275
vt 0.15625 0.475
vt 0.1625 0.475
vt 0.1625 0.275
vt 0.15625 0.275
vt 0.1625 0.475
vt 0.1625 0.275
vt 0.1625 0.475
vt 0.16875 0.475
vt 0.16875 0.275
vt 0.1625 0.275
vt 0.16875 0.475
vt 0.16875 0.275
vt 0.16875 0.475
vt 0.175 0.475
vt 0.175 0.275
vt 0.16875 0.275
vt 0.175 0.475
vt 0.175 0.275
vt 0.175 0.475
vt 0.18125 0.475
vt 0.18125 0.275
vt 0.175 0.275
vt 0.18125 0.475
vt 0.18125 0.275
vt 0.18125 0.475
vt 0.1875 0.475
vt 0.1875 0.275
vt 0.18125 0.275
vt 0.1875 0.475
vt 0.1875 0.275
vt 0.1875 0.475
vt 0.19375 0.275
vt 0.1875 0.475
vt 0.19375 0.475
vt 0.19375 0.275
vt 0.19375 0.275
vt 0.19375 0.475
vt 0.2 0.275
vt 0.19375 0.475
vt 0.2 0.475
vt 0.2 0.275
vt 0.2 0.275
vt 0.2 0.475
vt 0.20625 0.275
vt 0.2 0.475
vt 0.20625 0.475
vt 0.20625 0.275
vt 0.20625 0.275
vt 0.20625 0.475
vt 0.2125 0.275
vt 0.20625 0.475
vt 0.2125 0.475
vt 0.2125 0.275
vt 0.2125 0.275
vt 0.2125 0.475
vt 0.21875 0.275
vt 0.2125 0.475
vt 0.21875 0.475
vt 0.21875 0.275
vt 0.21875 0.275
vt 0.21875 0.475
vt 0.225 0.275
vt 0.21875 0.475
vt 0.225 0.475
vt 0.225 0.275
vt 0.225 0.275
vt 0.225 0.475
vt 0.23125 0.275
vt 0.225 0.475
vt 0.23125 0.475
vt 0.23125 0.275
vt 0.23125 0.275
vt 0.23125 0.475
vt 0.2375 0.275
vt 0.23125 0.475
vt 0.2375 0.475
vt 0.2375 0.275
vt 0.1375 0.275
vt 0.1375 0.475
vt 0.14375 0.275
vt 0.1375 0.475
vt 0.14375 0.475
vt 0.14375 0.275
vt 0.14375 0.275
vt 0.14375 0.475
vt 0.15 0.275
vt 0.14375 0.475
vt 0.15 0.475
vt 0.15 0.275
vt 0.15 0.275
vt 0.15 0.475
vt 0.15625 0.275
vt 0.15 0.475
vt 0.15625 0.475
vt 0.15625 0.275
vt 0.15625 0.275
vt 0.15625 0.475
vt 0.1625 0.275
vt 0.15625 0.475
vt 0.1625 0.475
vt 0.1625 0.275
vt 0.1625 0.275
vt 0.1625 0.475
vt 0.16875 0.275
vt 0.1625 0.475
vt 0.16875 0.475
vt 0.16875 0.275
vt 0.16875 0.275
vt 0.16875 0.475
vt 0.175 0.275
vt 0.16875 0.475
vt 0.175 0.475
vt 0.175 0.275
vt 0.175 0.275
vt 0.175 0.475
vt 0.18125 0.275
vt 0.175 0.475
vt 0.18125 0.475
vt 0.18125 0.275
vt 0.18125 0.275
vt 0.18125 0.475
vt 0.1875 0.275
vt 0.18125 0.475
vt 0.1875 0.475
vt 0.1875 0.275
vt 0.6375 0.525
vt 0.6375 0.725
vt 0.6625 0.725
vt 0.6625 0.525
vt 0.6375 0.525
vt 0.6625 0.725
vt 0.6625 0.525
vt 0.6625 0.725
vt 0.6875 0.725
vt 0.6875 0.525
vt 0.6625 0.525
vt 0.6875 0.725
vt 0.6875 0.525
vt 0.6875 0.725
vt 0.7125 0.725
vt 0.7125 0.525
vt 0.6875 0.525
vt 0.7125 0.725
vt 0.7125 0.525
vt 0.7125 0.725
vt 0.7375 0.725
vt 0.7375 0.525
vt 0.7125 0.525
vt 0.7375 0.725
vt 0.6375 0.525
vt 0.6375 0.725
vt 0.6625 0.725
vt 0.6625 0.525
vt 0.6375 0.525
vt 0.6625 0.725
vt 0.6625 0.525
vt 0.6625 0.725
vt 0.6875 0.725
vt 0.6875 0.525
vt 0.6625 0.525
vt 0.6875 0.725
vt 0.6875 0.525
vt 0.6875 0.725
vt 0.7125 0.725
vt 0.7125 0.525
vt 0.6875 0.525
vt 0.7125 0.725
vt 0.7125 0.525
vt 0.7125 0.725
vt 0.7375 0.725
vt 0.7375 0.525
vt 0.7125 0.525
vt 0.7375 0.725
vt 0.6375 0.525
vt 0.6375 0.725
vt 0.6625 0.725
vt 0.6625 0.525
vt 0.6375 0.525
vt 0.6625 0.725
vt 0.6625 0.525
vt 0.6625 0.725
vt 0.6875 0.725
vt 0.6875 0.525
vt 0.6625 0.525
vt 0.6875 0.725
vt 0.6875 0.525
vt 0.6875 0.725
vt 0.7125 0.725
vt 0.7125 0.525
vt 0.6875 0.525
vt 0.7125 0.725
vt 0.7125 0.525
vt 0.7125 0.725
vt 0.7375 0.725
vt 0.7375 0.525
vt 0.7125 0.525
vt 0.7375 0.725
vt 0.6375 0.525
vt 0.6375 0.725
vt 0.6625 0.725
vt 0.6625 0.525
vt 0.6375 0.525
vt 0.6625 0.725
vt 0.6625 0.525
vt 0.6625 0.725
vt 0.6875 0.725
vt 0.6875 0.525
vt 0.6625 0.525
vt 0.6875 0.725
vt 0.6875 0.525
vt 0.6875 0.725
vt 0.7125 0.725
vt 0.7125 0.525
vt 0.6875 0.525
vt 0.7125 0.725
vt 0.7125 0.525
vt 0.7125 0.725
vt 0.7375 0.725
vt 0.7375 0.525
vt 0.7125 0.525
vt 0.7375 0.725
vt 0.6375 0.525
vt 0.6375 0.725
vt 0.6625 0.525
vt 0.6375 0.725
vt 0.6625 0.725
vt 0.6625 0.525
vt 0.6625 0.525
vt 0.6625 0.725
vt 0.6875 0.525
vt 0.6625 0.725
vt 0.6875 0.725
vt 0.6875 0.525
vt 0.6875 0.525
vt 0.6875 0.725
vt 0.7125 0.525
vt 0.6875 0.725
vt 0.7125 0.725
vt 0.7125 0.525
vt 0.7125 0.525
vt 0.7125 0.725
vt 0.7375 0.525
vt 0.7125 0.725
vt 0.7375 0.725
vt 0.7375 0.525
vt 0.6375 0.525
vt 0.6375 0.725
vt 0.6625 0.525
vt 0.6375 0.725
vt 0.6625 0.725
vt 0.6625 0.525
vt 0.6625 0.525
vt 0.6625 0.725
vt 0.6875 0.525
vt 0.6625 0.725
vt 0.6875 0.725
vt 0.6875 0.525
vt 0.6875 0.525
vt 0.6875 0.725
vt 0.7125 0.525
vt 0.6875 0.725
vt 0.7125 0.725
vt 0.7125 0.525
vt 0.7125 0.525
vt 0.7125 0.725
vt 0.7375 0.525
vt 0.7125 0.725
vt 0.7375 0.725
vt 0.7375 0.525
vt 0.6375 0.525
vt 0.6375 0.725
vt 0.6625 0.525
vt 0.6375 0.725
vt 0.6625 0.725
vt 0.6625 0.525
vt 0.6625 0.525
vt 0.6625 0.725
vt 0.6875 0.525
vt 0.6625 0.725
vt 0.6875 0.725
vt 0.6875 0.525
vt 0.6875 0.525
vt 0.6875 0.725
vt 0.7125 0.525
vt 0.6875 0.725
vt 0.7125 0.725
vt 0.7125 0.525
vt 0.7125 0.525
vt 0.7125 0.725
vt 0.7375 0.525
vt 0.7125 0.725
vt 0.7375 0.725
vt 0.7375 0.525
vt 0.6375 0.525
vt 0.6375 0.725
vt 0.6625 0.525
vt 0.6375 0.725
vt 0.6625 0.725
vt 0.6625 0.525
vt 0.6625 0.525
vt 0.6625 0.725
vt 0.6875 0.525
vt 0.6625 0.725
vt 0.6875 0.725
vt 0.6875 0.525
vt 0.6875 0.525
vt 0.6875 0.725
vt 0.7125 0.525
vt 0.6875 0.725
vt 0.7125 0.725
vt 0.7125 0.525
vt 0.7125 0.525
vt 0.7125 0.725
vt 0.7375 0.525
vt 0.7125 0.725
vt 0.7375 0.725
vt 0.7375 0.525
vt 0.1875 0.275
vt 0.1875 0.475
vt 0.1975 0.475
vt 0.1975 0.275
vt 0.1875 0.275
vt 0.1975 0.475
vt 0.1975 0.275
vt 0.1975 0.475
vt 0.2075 0.475
vt 0.2075 0.275
vt 0.1975 0.275
vt 0.2075 0.475
vt 0.2075 0.275
vt 0.2075 0.475
vt 0.2175 0.475
vt 0.2175 0.275
vt 0.2075 0.275
vt 0.2175 0.475
vt 0.2175 0.275
vt 0.2175 0.475
vt 0.2275 0.475
vt 0.2275 0.275
vt 0.2175 0.275
vt 0.2275 0.475
vt 0.2275 0.275
vt 0.2275 0.475
vt 0.2375 0.475
vt 0.2375 0.275
vt 0.2275 0.275
vt 0.2375 0.475
vt 0.1375 0.275
vt 0.1375 0.475
vt 0.1475 0.475
vt 0.1475 0.275
vt 0.1375 0.275
vt 0.1475 0.475
vt 0.1475 0.275
vt 0.1475 0.475
vt 0.1575 0.475
vt 0.1575 0.275
vt 0.1475 0.275
vt 0.1575 0.475
vt 0.1575 0.275
vt 0.1575 0.475
vt 0.1675 0.475
vt 0.1675 0.275
vt 0.1575 0.275
vt 0.1675 0.475
vt 0.1675 0.275
vt 0.1675 0.475
vt 0.1775 0.475
vt 0.1775 0.275
vt 0.1675 0.275
vt 0.1775 0.475
vt 0.1775 0.275
vt 0.1775 0.475
vt 0.1875 0.475
vt 0.1875 0.275
vt 0.1775 0.275
vt 0.1875 0.475
vt 0.1875 0.275
vt 0.1875 0.475
vt 0.1975 0.275
vt 0.1875 0.475
vt 0.1975 0.475
vt 0.1975 0.275
vt 0.1975 0.275
vt 0.1975 0.475
vt 0.2075 0.275
vt 0.1975 0.475
vt 0.2075 0.475
vt 0.2075 0.275
vt 0.2075 0.275
vt 0.2075 0.475
vt 0.2175 0.275
vt 0.2075 0.475
vt 0.2175 0.475
vt 0.2175 0.275
vt 0.2175 0.275
vt 0.2175 0.475
vt 0.2275 0.275
vt 0.2175 0.475
vt 0.2275 0.475
vt 0.2275 0.275
vt 0.2275 0.275
vt 0.2275 0.475
vt 0.2375 0.275
vt 0.2275 0.475
vt 0.2375 0.475
vt 0.2375 0.275
vt 0.1375 0.275
vt 0.1375 0.475
vt 0.1475 0.275
vt 0.1375 0.475
vt 0.1475 0.475
vt 0.1475 0.275
vt 0.1475 0.275
vt 0.1475 0.475
vt 0.1575 0.275
vt 0.1475 0.475
vt 0.1575 0.475
vt 0.1575 0.275
vt 0.1575 0.275
vt 0.1575 0.475
vt 0.1675 0.275
vt 0.1575 0.475
vt 0.1675 0.475
vt 0.1675 0.275
vt 0.1675 0.275
vt 0.1675 0.475
vt 0.1775 0.275
vt 0.1675 0.475
vt 0.1775 0.475
vt 0.1775 0.275
vt 0.1775 0.275
vt 0.1775 0.475
vt 0.1875 0.275
vt 0.1775 0.475
vt 0.1875 0.475
vt 0.1875 0.275
vt 0.1875 0.275
vt 0.1875 0.475
vt 0.1975 0.475
vt 0.1975 0.275
vt 0.1875 0.275
vt 0.1975 0.475
vt 0.1975 0.275
vt 0.1975 0.475
vt 0.2075 0.475
vt 0.2075 0.275
vt 0.1975 0.275
vt 0.2075 0.475
vt 0.2075 0.275
vt 0.2075 0.475
vt 0.2175 0.475
vt 0.2175 0.275
vt 0.2075 0.275
vt 0.2175 0.475
vt 0.2175 0.275
vt 0.2175 0.475
vt 0.2275 0.475
vt 0.2275 0.275
vt 0.2175 0.275
vt 0.2275 0.475
vt 0.2275 0.275
vt 0.2275 0.475
vt 0.2375 0.475
vt 0.2375 0.275
vt 0.2275 0.275
vt 0.2375 0.475
vt 0.1375 0.275
vt 0.1375 0.475
vt 0.1475 0.475
vt 0.1475 0.275
vt 0.1375 0.275
vt 0.1475 0.475
vt 0.1475 0.275
vt 0.1475 0.475
vt 0.1575 0.475
vt 0.1575 0.275
vt 0.1475 0.275
vt 0.1575 0.475
vt 0.1575 0.275
vt 0.1575 0.475
vt 0.1675 0.475
vt 0.1675 0.275
vt 0.1575 0.275
vt 0.1675 0.475
vt 0.1675 0.275
vt 0.1675 0.475
vt 0.1775 0.475
vt 0.1775 0.275
vt 0.1675 0.275
vt 0.1775 0.475
vt 0.1775 0.275
vt 0.1775 0.475
vt 0.1875 0.475
vt 0.1875 0.275
vt 0.1775 0.275
vt 0.1875 0.475
vt 0.1875 0.275
vt 0.1875 0.475
vt 0.1975 0.275
vt 0.1875 0.475
vt 0.1975 0.475
vt 0.1975 0.275
vt 0.1975 0.275
vt 0.1975 0.475
vt 0.2075 0.275
vt 0.1975 0.475
vt 0.2075 0.475
vt 0.2075 0.275
vt 0.2075 0.275
vt 0.2075 0.475
vt 0.2175 0.275
vt 0.2075 0.475
vt 0.2175 0.475
vt 0.2175 0.275
vt 0.2175 0.275
vt 0.2175 0.475
vt 0.2275 0.275
vt 0.2175 0.475
vt 0.2275 0.475
vt 0.2275 0.275
vt 0.2275 0.275
vt 0.2275 0.475
vt 0.2375 0.275
vt 0.2275 0.475
vt 0.2375 0.475
vt 0.2375 0.275
vt 0.1375 0.275
vt 0.1375 0.475
vt 0.1475 0.275
vt 0.1375 0.475
vt 0.1475 0.475
vt 0.1475 0.275
vt 0.1475 0.275
vt 0.1475 0.475
vt 0.1575 0.275
vt 0.1475 0.475
vt 0.1575 0.475
vt 0.1575 0.275
vt 0.1575 0.275
vt 0.1575 0.475
vt 0.1675 0.275
vt 0.1575 0.475
vt 0.1675 0.475
vt 0.1675 0.275
vt 0.1675 0.275
vt 0.1675 0.475
vt 0.1775 0.275
vt 0.1675 0.475
vt 0.1775 0.475
vt 0.1775 0.275
vt 0.1775 0.275
vt 0.1775 0.475
vt 0.1875 0.275
vt 0.1775 0.475
vt 0.1875 0.475
vt 0.1875 0.275
vt 0.1875 0.275
vt 0.1875 0.475
vt 0.1975 0.475
vt 0.1975 0.275
vt 0.1875 0.275
vt 0.1975 0.475
vt 0.1975 0.275
vt 0.1975 0.475
vt 0.2075 0.475
vt 0.2075 0.275
vt 0.1975 0.275
vt 0.2075 0.475
vt 0.2075 0.275
vt 0.2075 0.475
vt 0.2175 0.475
vt 0.2175 0.275
vt 0.2075 0.275
vt 0.2175 0.475
vt 0.2175 0.275
vt 0.2175 0.475
vt 0.2275 0.475
vt 0.2275 0.275
vt 0.2175 0.275
vt 0.2275 0.475
vt 0.2275 0.275
vt 0.2275 0.475
vt 0.2375 0.475
vt 0.2375 0.275
vt 0.2275 0.275
vt 0.2375 0.475
vt 0.1375 0.275
vt 0.1375 0.475
vt 0.1475 0.475
vt 0.1475 0.275
vt 0.1375 0.275
vt 0.1475 0.475
vt 0.1475 0.275
vt 0.1475 0.475
vt 0.1575 0.475
vt 0.1575 0.275
vt 0.1475 0.275
vt 0.1575 0.475
vt 0.1575 0.275
vt 0.1575 0.475
vt 0.1675 0.475
vt 0.1675 0.275
vt 0.1575 0.275
vt 0.1675 0.475
vt 0.1675 0.275
vt 0.1675 0.475
vt 0.1775 0.475
vt 0.1775 0.275
vt 0.1675 0.275
vt 0.1775 0.475
vt 0.1775 0.275
vt 0.1775 0.475
vt 0.1875 0.475
vt 0.1875 0.275
vt 0.1775 0.275
vt 0.1875 0.475
vt 0.1875 0.275
vt 0.1875 0.475
vt 0.1975 0.275
vt 0.1875 0.475
vt 0.1975 0.475
vt 0.1975 0.275
vt 0.1975 0.275
vt 0.1975 0.475
vt 0.2075 0.275
vt 0.1975 0.475
vt 0.2075 0.475
vt 0.2075 0.275
vt 0.2075 0.275
vt 0.2075 0.475
vt 0.2175 0.275
vt 0.2075 0.475
vt 0.2175 0.475
vt 0.2175 0.275
vt 0.2175 0.275
vt 0.2175 0.475
vt 0.2275 0.275
vt 0.2175 0.475
vt 0.2275 0.475
vt 0.2275 0.275
vt 0.2275 0.275
vt 0.2275 0.475
vt 0.2375 0.275
vt 0.2275 0.475
vt 0.2375 0.475
vt 0.2375 0.275
vt 0.1375 0.275
vt 0.1375 0.475
vt 0.1475 0.275
vt 0.1375 0.475
vt 0.1475 0.475
vt 0.1475 0.275
vt 0.1475 0.275
vt 0.1475 0.475
vt 0.1575 0.275
vt 0.1475 0.475
vt 0.1575 0.475
vt 0.1575 0.275
vt 0.1575 0.275
vt 0.1575 0.475
vt 0.1675 0.275
vt 0.1575 0.475
vt 0.1675 0.475
vt 0.1675 0.275
vt 0.1675 0.275
vt 0.1675 0.475
vt 0.1775 0.275
vt 0.1675 0.475
vt 0.1775 0.475
vt 0.1775 0.275
vt 0.1775 0.275
vt 0.1775 0.475
vt 0.1875 0.275
vt 0.1775 0.475
vt 0.1875 0.475
vt 0.1875 0.275
vt 0.1875 0.275
vt 0.1875 0.475
vt 0.1975 0.475
vt 0.1975 0.275
vt 0.1875 0.275
vt 0.1975 0.475
vt 0.1975 0.275
vt 0.1975 0.475
vt 0.2075 0.475
vt 0.2075 0.275
vt 0.1975 0.275
vt 0.2075 0.475
vt 0.2075 0.275
vt 0.2075 0.475
vt 0.2175 0.475
vt 0.2175 0.275
vt 0.2075 0.275
vt 0.2175 0.475
vt 0.2175 0.275
vt 0.2175 0.475
vt 0.2275 0.475
vt 0.2275 0.275
vt 0.2175 0.275
vt 0.2275 0.475
vt 0.2275 0.275
vt 0.2275 0.475
vt 0.2375 0.475
vt 0.2375 0.275
vt 0.2275 0.275
vt 0.2375 0.475
vt 0.1375 0.275
vt 0.1375 0.475
vt 0.1475 0.475
vt 0.1475 0.275
vt 0.1375 0.275
vt 0.1475 0.475
vt 0.1475 0.275
vt 0.1475 0.475
vt 0.1575 0.475
vt 0.1575 0.275
vt 0.1475 0.275
vt 0.1575 0.475
vt 0.1575 0.275
vt 0.1575 0.475
vt 0.1675 0.475
vt 0.1675 0.275
vt 0.1575 0.275
vt 0.1675 0.475
vt 0.1675 0.275
vt 0.1675 0.475
vt 0.1775 0.475
vt 0.1775 0.275
vt 0.1675 0.275
vt 0.1775 0.475
vt 0.1775 0.275
vt 0.1775 0.475
vt 0.1875 0.475
vt 0.1875 0.275
vt 0.1775 0.275
vt 0.1875 0.475
vt 0.1875 0.275
vt 0.1875 0.475
vt 0.1975 0.275
vt 0.1875 0.475
vt 0.1975 0.475
vt 0.1975 0.275
vt 0.1975 0.275
vt 0.1975 0.475
vt 0.2075 0.275
vt 0.1975 0.475
vt 0.2075 0.475
vt 0.2075 0.275
vt 0.2075 0.275
vt 0.2075 0.475
vt 0.2175 0.275
vt 0.2075 0.475
vt 0.2175 0.475
vt 0.2175 0.275
vt 0.2175 0.275
vt 0.2175 0.475
vt 0.2275 0.275
vt 0.2175 0.475
vt 0.2275 0.475
vt 0.2275 0.275
vt 0.2275 0.275
vt 0.2275 0.475
vt 0.2375 0.275
vt 0.2275 0.475
vt 0.2375 0.475
vt 0.2375 0.275
vt 0.1375 0.275
vt 0.1375 0.475
vt 0.1475 0.275
vt 0.1375 0.475
vt 0.1475 0.475
vt 0.1475 0.275
vt 0.1475 0.275
vt 0.1475 0.475
vt 0.1575 0.275
vt 0.1475 0.475
vt 0.1575 0.475
vt 0.1575 0.275
vt 0.1575 0.275
vt 0.1575 0.475
vt 0.1675 0.275
vt 0.1575 0.475
vt 0.1675 0.475
vt 0.1675 0.275
vt 0.1675 0.275
vt 0.1675 0.475
vt 0.1775 0.275
vt 0.1675 0.475
vt 0.1775 0.475
vt 0.1775 0.275
vt 0.1775 0.275
vt 0.1775 0.475
vt 0.1875 0.275
vt 0.1775 0.475
vt 0.1875 0.475
vt 0.1875 0.275
vt 0.1875 0.275
vt 0.1875 0.475
vt 0.1975 0.475
vt 0.1975 0.275
vt 0.1875 0.275
vt 0.1975 0.475
vt 0.1975 0.275
vt 0.1975 0.475
vt 0.2075 0.475
vt 0.2075 0.275
vt 0.1975 0.275
vt 0.2075 0.475
vt 0.2075 0.275
vt 0.2075 0.475
vt 0.2175 0.475
vt 0.2175 0.275
vt 0.2075 0.275
vt 0.2175 0.475
vt 0.2175 0.275
vt 0.2175 0.475
vt 0.2275 0.475
vt 0.2275 0.275
vt 0.2175 0.275
vt 0.2275 0.475
vt 0.2275 0.275
vt 0.2275 0.475
vt 0.2375 0.475
vt 0.2375 0.275
vt 0.2275 0.275
vt 0.2375 0.475
vt 0.1375 0.275
vt 0.1375 0.475
vt 0.1475 0.475
vt 0.1475 0.275
vt 0.1375 0.275
vt 0.1475 0.475
vt 0.1475 0.275
vt 0.1475 0.475
vt 0.1575 0.475
vt 0.1575 0.275
vt 0.1475 0.275
vt 0.1575 0.475
vt 0.1575 0.275
vt 0.1575 0.475
vt 0.1675 0.475
vt 0.1675 0.275
vt 0.1575 0.275
vt 0.1675 0.475
vt 0.1675 0.275
vt 0.1675 0.475
vt 0.1775 0.475
vt 0.1775 0.275
vt 0.1675 0.275
vt 0.1775 0.475
vt 0.1775 0.275
vt 0.1775 0.475
vt 0.1875 0.475
vt 0.1875 0.275
vt 0.1775 0.275
vt 0.1875 0.475
vt 0.1875 0.275
vt 0.1875 0.475
vt 0.1975 0.275
vt 0.1875 0.475
vt 0.1975 0.475
vt 0.1975 0.275
vt 0.1975 0.275
vt 0.1975 0.475
vt 0.2075 0.275
vt 0.1975 0.475
vt 0.2075 0.475
vt 0.2075 0.275
vt 0.2075 0.275
vt 0.2075 0.475
vt 0.2175 0.275
vt 0.2075 0.475
vt 0.2175 0.475
vt 0.2175 0.275
vt 0.2175 0.275
vt 0.2175 0.475
vt 0.2275 0.275
vt 0.2175 0.475
vt 0.2275 0.475
vt 0.2275 0.275
vt 0.2275 0.275
vt 0.2275 0.475
vt 0.2375 0.275
vt 0.2275 0.475
vt 0.2375 0.475
vt 0.2375 0.275
vt 0.1375 0.275
vt 0.1375 0.475
vt 0.1475 0.275
vt 0.1375 0.475
vt 0.1475 0.475
vt 0.1475 0.275
vt 0.1475 0.275
vt 0.1475 0.475
vt 0.1575 0.275
vt 0.1475 0.475
vt 0.1575 0.475
vt 0.1575 0.275
vt 0.1575 0.275
vt 0.1575 0.475
vt 0.1675 0.275
vt 0.1575 0.475
vt 0.1675 0.475
vt 0.1675 0.275
vt 0.1675 0.275
vt 0.1675 0.475
vt 0.1775 0.275
vt 0.1675 0.475
vt 0.1775 0.475
vt 0.1775 0.275
vt 0.1775 0.275
vt 0.1775 0.475
vt 0.1875 0.275
vt 0.1775 0.475
vt 0.1875 0.475
vt 0.1875 0.275
vt 0.1875 0.275
vt 0.1875 0.475
vt 0.1975 0.475
vt 0.1975 0.275
vt 0.1875 0.275
vt 0.1975 0.475
vt 0.1975 0.275
vt 0.1975 0.475
vt 0.2075 0.475
vt 0.2075 0.275
vt 0.1975 0.275
vt 0.2075 0.475
vt 0.2075 0.275
vt 0.2075 0.475
vt 0.2175 0.475
vt 0.2175 0.275
vt 0.2075 0.275
vt 0.2175 0.475
vt 0.2175 0.275
vt 0.2175 0.475
vt 0.2275 0.475
vt 0.2275 0.275
vt 0.2175 0.275
vt 0.2275 0.475
vt 0.2275 0.275
vt 0.2275 0.475
vt 0.2375 0.475
vt 0.2375 0.275
vt 0.2275 0.275
vt 0.2375 0.475
vt 0.1375 0.275
vt 0.1375 0.475
vt 0.1475 0.475
vt 0.1475 0.275
vt 0.1375 0.275
vt 0.1475 0.475
vt 0.1475 0.275
vt 0.1475 0.475
vt 0.1575 0.475
vt 0.1575 0.275
vt 0.1475 0.275
vt 0.1575 0.475
vt 0.1575 0.275
vt 0.1575 0.475
vt 0.1675 0.475
vt 0.1675 0.275
vt 0.1575 0.275
vt 0.1675 0.475
vt 0.1675 0.275
vt 0.1675 0.475
vt 0.1775 0.475
vt 0.1775 0.275
vt 0.1675 0.275
vt 0.1775 0.475
vt 0.1775 0.275
vt 0.1775 0.475
vt 0.1875 0.475
vt 0.1875 0.275
vt 0.1775 0.275
vt 0.1875 0.475
vt 0.1875 0.275
vt 0.1875 0.475
vt 0.1975 0.275
vt 0.1875 0.475
vt 0.1975 0.475
vt 0.1975 0.275
vt 0.1975 0.275
vt 0.1975 0.475
vt 0.2075 0.275
vt 0.1975 0.475
vt 0.2075 0.475
vt 0.2075 0.275
vt 0.2075 0.275
vt 0.2075 0.475
vt 0.2175 0.275
vt 0.2075 0.475
vt 0.2175 0.475
vt 0.2175 0.275
vt 0.2175 0.275
vt 0.2175 0.475
vt 0.2275 0.275
vt 0.2175 0.475
vt 0.2275 0.475
vt 0.2275 0.275
vt 0.2275 0.275
vt 0.2275 0.475
vt 0.2375 0.275
vt 0.2275 0.475
vt 0.2375 0.475
vt 0.2375 0.275
vt 0.1375 0.275
vt 0.1375 0.475
vt 0.1475 0.275
vt 0.1375 0.475
vt 0.1475 0.475
vt 0.1475 0.275
vt 0.1475 0.275
vt 0.1475 0.475
vt 0.1575 0.275
vt 0.1475 0.475
vt 0.1575 0.475
vt 0.1575 0.275
vt 0.1575 0.275
vt 0.1575 0.475
vt 0.1675 0.275
vt 0.1575 0.475
vt 0.1675 0.475
vt 0.1675 0.275
vt 0.1675 0.275
vt 0.1675 0.475
vt 0.1775 0.275
vt 0.1675 0.475
vt 0.1775 0.475
vt 0.1775 0.275
vt 0.1775 0.275
vt 0.1775 0.475
vt 0.1875 0.275
vt 0.1775 0.475
vt 0.1875 0.475
vt 0.1875 0.275
vt 0.1375 0.275
vt 0.1375 0.475
vt 0.2375 0.475
vt 0.2375 0.275
vt 0.1375 0.275
vt 0.2375 0.475
vt 0.1375 0.275
vt 0.1375 0.475
vt 0.2375 0.475
vt 0.2375 0.275
vt 0.1375 0.275
vt 0.2375 0.475
vt 0.1375 0.275
vt 0.1375 0.475
vt 0.2375 0.475
vt 0.2375 0.275
vt 0.1375 0.275
vt 0.2375 0.475
vt 0.1375 0.275
vt 0.1375 0.475
vt 0.2375 0.475
vt 0.2375 0.275
vt 0.1375 0.275
vt 0.2375 0.475
vt 0.1375 0.275
vt 0.1375 0.475
vt 0.2375 0.275
vt 0.1375 0.475
vt 0.2375 0.475
vt 0.2375 0.275
vt 0.1375 0.275
vt 0.1375 0.475
vt 0.2375 0.275
vt 0.1375 0.475
vt 0.2375 0.475
vt 0.2375 0.275
vt 0.1375 0.275
vt 0.1375 0.475
vt 0.2375 0.275
vt 0.1375 0.475
vt 0.2375 0.475
vt 0.2375 0.275
vt 0.1375 0.275
vt 0.1375 0.475
vt 0.2375 0.275
vt 0.1375 0.475
vt 0.2375 0.475
vt 0.2375 0.275
vt 0.0625 0.525
vt 0.0625 0.725
vt 0.0875 0.725
vt 0.0875 0.525
vt 0.0625 0.525
vt 0.0875 0.725
vt 0.0875 0.525
vt 0.0875 0.725
vt 0.1125 0.725
vt 0.1125 0.525
vt 0.0875 0.525
vt 0.1125 0.725
vt 0.0125 0.525
vt 0.0125 0.725
vt 0.0375 0.725
vt 0.0375 0.525
vt 0.0125 0.525
vt 0.0375 0.725
vt 0.0375 0.525
vt 0.0375 0.725
vt 0.0625 0.725
vt 0.0625 0.525
vt 0.0375 0.525
vt 0.0625 0.725
vt 0.0625 0.525
vt 0.0625 0.725
vt 0.0875 0.525
vt 0.0625 0.725
vt 0.0875 0.725
vt 0.0875 0.525
vt 0.0875 0.525
vt 0.0875 0.725
vt 0.1125 0.525
vt 0.0875 0.725
vt 0.1125 0.725
vt 0.1125 0.525
vt 0.0125 0.525
vt 0.0125 0.725
vt 0.0375 0.525
vt 0.0125 0.725
vt 0.0375 0.725
vt 0.0375 0.525
vt 0.0375 0.525
vt 0.0375 0.725
vt 0.0625 0.525
vt 0.0375 0.725
vt 0.0625 0.725
vt 0.0625 0.525
vt 0.5125 0.775
vt 0.5125 0.975
vt 0.5625 0.975
vt 0.5625 0.775
vt 0.5125 0.775
vt 0.5625 0.975
vt 0.5625 0.775
vt 0.5625 0.975
vt 0.6125 0.975
vt 0.6125 0.775
vt 0.5625 0.775
vt 0.6125 0.975
vt 0.5125 0.775
vt 0.5125 0.975
vt 0.5625 0.975
vt 0.5625 0.775
vt 0.5125 0.775
vt 0.5625 0.975
vt 0.5625 0.775
vt 0.5625 0.975
vt 0.6125 0.975
vt 0.6125 0.775
vt 0.5625 0.775
vt 0.6125 0.975
vt 0.5125 0.775
vt 0.5125 0.975
vt 0.5625 0.775
vt 0.5125 0.975
vt 0.5625 0.975
vt 0.5625 0.775
vt 0.5625 0.775
vt 0.5625 0.975
vt 0.6125 0.775
vt 0.5625 0.975
vt 0.6125 0.975
vt 0.6125 0.775
vt 0.5125 0.775
vt 0.5125 0.975
vt 0.5625 0.775
vt 0.5125 0.975
vt 0.5625 0.975
vt 0.5625 0.775
vt 0.5625 0.775
vt 0.5625 0.975
vt 0.6125 0.775
vt 0.5625 0.975
vt 0.6125 0.975
vt 0.6125 0.775
vt 0.2625 0.275
vt 0.2625 0.475
vt 0.3125 0.475
vt 0.3125 0.275
vt 0.2625 0.275
vt 0.3125 0.475
vt 0.3125 0.275
vt 0.3125 0.475
vt 0.3625 0.475
vt 0.3625 0.275
vt 0.3125 0.275
vt 0.3625 0.475
vt 0.2625 0.275
vt 0.2625 0.475
vt 0.3125 0.475
vt 0.3125 0.275
vt 0.2625 0.275
vt 0.3125 0.475
vt 0.3125 0.275
vt 0.3125 0.475
vt 0.3625 0.475
vt 0.3625 0.275
vt 0.3125 0.275
vt 0.3625 0.475
vt 0.2625 0.275
vt 0.2625 0.475
vt 0.3125 0.275
vt 0.2625 0.475
vt 0.3125 0.475
vt 0.3125 0.275
vt 0.3125 0.275
vt 0.3125 0.475
vt 0.3625 0.275
vt 0.3125 0.475
vt 0.3625 0.475
vt 0.3625 0.275
vt 0.2625 0.275
vt 0.2625 0.475
vt 0.3125 0.275
vt 0.2625 0.475
vt 0.3125 0.475
vt 0.3125 0.275
vt 0.3125 0.275
vt 0.3125 0.475
vt 0.3625 0.275
vt 0.3125 0.475
vt 0.3625 0.475
vt 0.3625 0.275
vt 0.6875 0.525
vt 0.6875 0.725
vt 0.7125 0.725
vt 0.7125 0.525
vt 0.6875 0.525
vt 0.7125 0.725
vt 0.7125 0.525
vt 0.7125 0.725
vt 0.7375 0.725
vt 0.7375 0.525
vt 0.7125 0.525
vt 0.7375 0.725
vt 0.6375 0.525
vt 0.6375 0.725
vt 0.6625 0.725
vt 0.6625 0.525
vt 0.6375 0.525
vt 0.6625 0.725
vt 0.6625 0.525
vt 0.6625 0.725
vt 0.6875 0.725
vt 0.6875 0.525
vt 0.6625 0.525
vt 0.6875 0.725
vt 0.6875 0.525
vt 0.6875 0.725
vt 0.7125 0.525
vt 0.6875 0.725
vt 0.7125 0.725
vt 0.7125 0.525
vt 0.7125 0.525
vt 0.7125 0.725
vt 0.7375 0.525
vt 0.7125 0.725
vt 0.7375 0.725
vt 0.7375 0.525
vt 0.6375 0.525
vt 0.6375 0.725
vt 0.6625 0.525
vt 0.6375 0.725
vt 0.6625 0.725
vt 0.6625 0.525
vt 0.6625 0.525
vt 0.6625 0.725
vt 0.6875 0.525
vt 0.6625 0.725
vt 0.6875 0.725
vt 0.6875 0.525
vt 0.1875 0.275
vt 0.1875 0.475
vt 0.2125 0.475
vt 0.2125 0.275
vt 0.1875 0.275
vt 0.2125 0.475
vt 0.2125 0.275
vt 0.2125 0.475
vt 0.2375 0.475
vt 0.2375 0.275
vt 0.2125 0.275
vt 0.2375 0.475
vt 0.1375 0.275
vt 0.1375 0.475
vt 0.1625 0.475
vt 0.1625 0.275
vt 0.1375 0.275
vt 0.1625 0.475
vt 0.1625 0.275
vt 0.1625 0.475
vt 0.1875 0.475
vt 0.1875 0.275
vt 0.1625 0.275
vt 0.1875 0.475
vt 0.1875 0.275
vt 0.1875 0.475
vt 0.2125 0.275
vt 0.1875 0.475
vt 0.2125 0.475
vt 0.2125 0.275
vt 0.2125 0.275
vt 0.2125 0.475
vt 0.2375 0.275
vt 0.2125 0.475
vt 0.2375 0.475
vt 0.2375 0.275
vt 0.1375 0.275
vt 0.1375 0.475
vt 0.1625 0.275
vt 0.1375 0.475
vt 0.1625 0.475
vt 0.1625 0.275
vt 0.1625 0.275
vt 0.1625 0.475
vt 0.1875 0.275
vt 0.1625 0.475
vt 0.1875 0.475
vt 0.1875 0.275
vt 0.1375 0.275
vt 0.1375 0.475
vt 0.2375 0.475
vt 0.2375 0.275
vt 0.1375 0.275
vt 0.2375 0.475
vt 0.1375 0.275
vt 0.1375 0.475
vt 0.2375 0.475
vt 0.2375 0.275
vt 0.1375 0.275
vt 0.2375 0.475
vt 0.1375 0.275
vt 0.1375 0.475
vt 0.2375 0.475
vt 0.2375 0.275
vt 0.1375 0.275
vt 0.2375 0.475
vt 0.1375 0.275
vt 0.1375 0.475
vt 0.2375 0.475
vt 0.2375 0.275
vt 0.1375 0.275
vt 0.2375 0.475
vt 0.1375 0.275
vt 0.1375 0.475
vt 0.2375 0.275
vt 0.1375 0.475
vt 0.2375 0.475
vt 0.2375 0.275
vt 0.1375 0.275
vt 0.1375 0.475
vt 0.2375 0.275
vt 0.1375 0.475
vt 0.2375 0.475
vt 0.2375 0.275
vt 0.1375 0.275
vt 0.1375 0.475
vt 0.2375 0.275
vt 0.1375 0.475
vt 0.2375 0.475
vt 0.2375 0.275
vt 0.1375 0.275
vt 0.1375 0.475
vt 0.2375 0.275
vt 0.1375 0.475
vt 0.2375 0.475
vt 0.2375 0.275
vt 0.0625 0.525
vt 0.0625 0.725
vt 0.0875 0.725
vt 0.0875 0.525
vt 0.0625 0.525
vt 0.0875 0.725
vt 0.0875 0.525
vt 0.0875 0.725
vt 0.1125 0.725
vt 0.1125 0.525
vt 0.0875 0.525
vt 0.1125 0.725
vt 0.0125 0.525
vt 0.0125 0.725
vt 0.0375 0.725
vt 0.0375 0.525
vt 0.0125 0.525
vt 0.0375 0.725
vt 0.0375 0.525
vt 0.0375 0.725
vt 0.0625 0.725
vt 0.0625 0.525
vt 0.0375 0.525
vt 0.0625 0.725
vt 0.0625 0.525
vt 0.0625 0.725
vt 0.0875 0.525
vt 0.0625 0.725
vt 0.0875 0.725
vt 0.0875 0.525
vt 0.0875 0.525
vt 0.0875 0.725
vt 0.1125 0.525
vt 0.0875 0.725
vt 0.1125 0.725
vt 0.1125 0.525
vt 0.0125 0.525
vt 0.0125 0.725
vt 0.0375 0.525
vt 0.0125 0.725
vt 0.0375 0.725
vt 0.0375 0.525
vt 0.0375 0.525
vt 0.0375 0.725
vt 0.0625 0.525
vt 0.0375 0.725
vt 0.0625 0.725
vt 0.0625 0.525
vt 0.5125 0.775
vt 0.5125 0.975
vt 0.5625 0.975
vt 0.5625 0.775
vt 0.5125 0.775
vt 0.5625 0.975
vt 0.5625 0.775
vt 0.5625 0.975
vt 0.6125 0.975
vt 0.6125 0.775
vt 0.5625 0.775
vt 0.6125 0.975
vt 0.5125 0.775
vt 0.5125 0.975
vt 0.5625 0.975
vt 0.5625 0.775
vt 0.5125 0.775
vt 0.5625 0.975
vt 0.5625 0.775
vt 0.5625 0.975
vt 0.6125 0.975
vt 0.6125 0.775
vt 0.5625 0.775
vt 0.6125 0.975
vt 0.5125 0.775
vt 0.5125 0.975
vt 0.5625 0.775
vt 0.5125 0.975
vt 0.5625 0.975
vt 0.5625 0.775
vt 0.5625 0.775
vt 0.5625 0.975
vt 0.6125 0.775
vt 0.5625 0.975
vt 0.6125 0.975
vt 0.6125 0.775
vt 0.5125 0.775
vt 0.5125 0.975
vt 0.5625 0.775
vt 0.5125 0.975
vt 0.5625 0.975
vt 0.5625 0.775
vt 0.5625 0.775
vt 0.5625 0.975
vt 0.6125 0.775
vt 0.5625 0.975
vt 0.6125 0.975
vt 0.6125 0.775
vt 0.2625 0.275
vt 0.2625 0.475
vt 0.3125 0.475
vt 0.3125 0.275
vt 0.2625 0.275
vt 0.3125 0.475
vt 0.3125 0.275
vt 0.3125 0.475
vt 0.3625 0.475
vt 0.3625 0.275
vt 0.3125 0.275
vt 0.3625 0.475
vt 0.2625 0.275
vt 0.2625 0.475
vt 0.3125 0.475
vt 0.3125 0.275
vt 0.2625 0.275
vt 0.3125 0.475
vt 0.3125 0.275
vt 0.3125 0.475
vt 0.3625 0.475
vt 0.3625 0.275
vt 0.3125 0.275
vt 0.3625 0.475
vt 0.2625 0.275
vt 0.2625 0.475
vt 0.3125 0.275
vt 0.2625 0.475
vt 0.3125 0.475
vt 0.3125 0.275
vt 0.3125 0.275
vt 0.3125 0.475
vt 0.3625 0.275
vt 0.3125 0.475
vt 0.3625 0.475
vt 0.3625 0.275
vt 0.2625 0.275
vt 0.2625 0.475
vt 0.3125 0.275
vt 0.2625 0.475
vt 0.3125 0.475
vt 0.3125 0.275
vt 0.3125 0.275
vt 0.3125 0.475
vt 0.3625 0.275
vt 0.3125 0.475
vt 0.3625 0.475
vt 0.3625 0.275
vt 0.6875 0.525
vt 0.6875 0.725
vt 0.7125 0.725
vt 0.7125 0.525
vt 0.6875 0.525
vt 0.7125 0.725
vt 0.7125 0.525
vt 0.7125 0.725
vt 0.7375 0.725
vt 0.7375 0.525
vt 0.7125 0.525
vt 0.7375 0.725
vt 0.6375 0.525
vt 0.6375 0.725
vt 0.6625 0.725
vt 0.6625 0.525
vt 0.6375 0.525
vt 0.6625 0.725
vt 0.6625 0.525
vt 0.6625 0.725
vt 0.6875 0.725
vt 0.6875 0.525
vt 0.6625 0.525
vt 0.6875 0.725
vt 0.6875 0.525
vt 0.6875 0.725
vt 0.7125 0.525
vt 0.6875 0.725
vt 0.7125 0.725
vt 0.7125 0.525
vt 0.7125 0.525
vt 0.7125 0.725
vt 0.7375 0.525
vt 0.7125 0.725
vt 0.7375 0.725
vt 0.7375 0.525
vt 0.6375 0.525
vt 0.6375 0.725
vt 0.6625 0.525
vt 0.6375 0.725
vt 0.6625 0.725
vt 0.6625 0.525
vt 0.6625 0.525
vt 0.6625 0.725
vt 0.6875 0.525
vt 0.6625 0.725
vt 0.6875 0.725
vt 0.6875 0.525
vt 0.1875 0.275
vt 0.1875 0.475
vt 0.2125 0.475
vt 0.2125 0.275
vt 0.1875 0.275
vt 0.2125 0.475
vt 0.2125 0.275
vt 0.2125 0.475
vt 0.2375 0.475
vt 0.2375 0.275
vt 0.2125 0.275
vt 0.2375 0.475
vt 0.1375 0.275
vt 0.1375 0.475
vt 0.1625 0.475
vt 0.1625 0.275
vt 0.1375 0.275
vt 0.1625 0.475
vt 0.1625 0.275
vt 0.1625 0.475
vt 0.1875 0.475
vt 0.1875 0.275
vt 0.1625 0.275
vt 0.1875 0.475
vt 0.1875 0.275
vt 0.1875 0.475
vt 0.2125 0.275
vt 0.1875 0.475
vt 0.2125 0.475
vt 0.2125 0.275
vt 0.2125 0.275
vt 0.2125 0.475
vt 0.2375 0.275
vt 0.2125 0.475
vt 0.2375 0.475
vt 0.2375 0.275
vt 0.1375 0.275
vt 0.1375 0.475
vt 0.1625 0.275
vt 0.1375 0.475
vt 0.1625 0.475
vt 0.1625 0.275
vt 0.1625 0.275
vt 0.1625 0.475
vt 0.1875 0.275
vt 0.1625 0.475
vt 0.1875 0.475
vt 0.1875 0.275
vt 0.51 0.775
vt 0.51 0.975
vt 0.52667 0.975
vt 0.52667 0.775
vt 0.51 0.775
vt 0.52667 0.975
vt 0.52667 0.775
vt 0.52667 0.975
vt 0.54333 0.975
vt 0.54333 0.775
vt 0.52667 0.775
vt 0.54333 0.975
vt 0.54333 0.775
vt 0.54333 0.975
vt 0.56 0.975
vt 0.56 0.775
vt 0.54333 0.775
vt 0.56 0.975
vt 0.56 0.775
vt 0.56 0.975
vt 0.57667 0.975
vt 0.57667 0.775
vt 0.56 0.775
vt 0.57667 0.975
vt 0.57667 0.775
vt 0.57667 0.975
vt 0.59333 0.975
vt 0.59333 0.775
vt 0.57667 0.775
vt 0.59333 0.975
vt 0.59333 0.775
vt 0.59333 0.975
vt 0.61 0.975
vt 0.61 0.775
vt 0.59333 0.775
vt 0.61 0.975
vt 0.51 0.775
vt 0.51 0.975
vt 0.52667 0.975
vt 0.52667 0.775
vt 0.51 0.775
vt 0.52667 0.975
vt 0.52667 0.775
vt 0.52667 0.975
vt 0.54333 0.975
vt 0.54333 0.775
vt 0.52667 0.775
vt 0.54333 0.975
vt 0.54333 0.775
vt 0.54333 0.975
vt 0.56 0.975
vt 0.56 0.775
vt 0.54333 0.775
vt 0.56 0.975
vt 0.56 0.775
vt 0.56 0.975
vt 0.57667 0.975
vt 0.57667 0.775
vt 0.56 0.775
vt 0.57667 0.975
vt 0.57667 0.775
vt 0.57667 0.975
vt 0.59333 0.975
vt 0.59333 0.775
vt 0.57667 0.775
vt 0.59333 0.975
vt 0.59333 0.775
vt 0.59333 0.975
vt 0.61 0.975
vt 0.61 0.775
vt 0.59333 0.775
vt 0.61 0.975
vt 0.51 0.775
vt 0.51 0.975
vt 0.52667 0.975
vt 0.52667 0.775
vt 0.51 0.775
vt 0.52667 0.975
vt 0.52667 0.775
vt 0.52667 0.975
vt 0.54333 0.975
vt 0.54333 0.775
vt 0.52667 0.775
vt 0.54333 0.975
vt 0.54333 0.775
vt 0.54333 0.975
vt 0.56 0.975
vt 0.56 0.775
vt 0.54333 0.775
vt 0.56 0.975
vt 0.56 0.775
vt 0.56 0.975
vt 0.57667 0.975
vt 0.57667 0.775
vt 0.56 0.775
vt 0.57667 0.975
vt 0.57667 0.775
vt 0.57667 0.975
vt 0.59333 0.975
vt 0.59333 0.775
vt 0.57667 0.775
vt 0.59333 0.975
vt 0.59333 0.775
vt 0.59333 0.975
vt 0.61 0.975
vt 0.61 0.775
vt 0.59333 0.775
vt 0.61 0.975
vt 0.51 0.775
vt 0.51 0.975
vt 0.52667 0.975
vt 0.52667 0.775
vt 0.51 0.775
vt 0.52667 0.975
vt 0.52667 0.775
vt 0.52667 0.975
vt 0.54333 0.975
vt 0.54333 0.775
vt 0.52667 0.775
vt 0.54333 0.975
vt 0.54333 0.775
vt 0.54333 0.975
vt 0.56 0.975
vt 0.56 0.775
vt 0.54333 0.775
vt 0.56 0.975
vt 0.56 0.775
vt 0.56 0.975
vt 0.57667 0.975
vt 0.57667 0.775
vt 0.56 0.775
vt 0.57667 0.975
vt 0.57667 0.775
vt 0.57667 0.975
vt 0.59333 0.975
vt 0.59333 0.775
vt 0.57667 0.775
vt 0.59333 0.975
vt 0.59333 0.775
vt 0.59333 0.975
vt 0.61 0.975
vt 0.61 0.775
vt 0.59333 0.775
vt 0.61 0.975
vt 0.51 0.775
vt 0.51 0.975
vt 0.52667 0.975
vt 0.52667 0.775
vt 0.51 0.775
vt 0.52667 0.975
vt 0.52667 0.775
vt 0.52667 0.975
vt 0.54333 0.975
vt 0.54333 0.775
vt 0.52667 0.775
vt 0.54333 0.975
vt 0.54333 0.775
vt 0.54333 0.975
vt 0.56 0.975
vt 0.56 0.775
vt 0.54333 0.775
vt 0.56 0.975
vt 0.56 0.775
vt 0.56 0.975
vt 0.57667 0.975
vt 0.57667 0.775
vt 0.56 0.775
vt 0.57667 0.975
vt 0.57667 0.775
vt 0.57667 0.975
vt 0.59333 0.975
vt 0.59333 0.775
vt 0.57667 0.775
vt 0.59333 0.975
vt 0.59333 0.775
vt 0.59333 0.975
vt 0.61 0.975
vt 0.61 0.775
vt 0.59333 0.775
vt 0.61 0.975
vt 0.51 0.775
vt 0.51 0.975
vt 0.52667 0.975
vt 0.52667 0.775
vt 0.51 0.775
vt 0.52667 0.975
vt 0.52667 0.775
vt 0.52667 0.975
vt 0.54333 0.975
vt 0.54333 0.775
vt 0.52667 0.775
vt 0.54333 0.975
vt 0.54333 0.775
vt 0.54333 0.975
vt 0.56 0.975
vt 0.56 0.775
vt 0.54333 0.775
vt 0.56 0.975
vt 0.56 0.775
vt 0.56 0.975
vt 0.57667 0.975
vt 0.57667 0.775
vt 0.56 0.775
vt 0.57667 0.975
vt 0.57667 0.775
vt 0.57667 0.975
vt 0.59333 0.975
vt 0.59333 0.775
vt 0.57667 0.775
vt 0.59333 0.975
vt 0.59333 0.775
vt 0.59333 0.975
vt 0.61 0.975
vt 0.61 0.775
vt 0.59333 0.775
vt 0.61 0.975
vt 0.51 0.775
vt 0.51 0.975
vt 0.52667 0.975
vt 0.52667 0.775
vt 0.51 0.775
vt 0.52667 0.975
vt 0.52667 0.775
vt 0.52667 0.975
vt 0.54333 0.975
vt 0.54333 0.775
vt 0.52667 0.775
vt 0.54333 0.975
vt 0.54333 0.775
vt 0.54333 0.975
vt 0.56 0.975
vt 0.56 0.775
vt 0.54333 0.775
vt 0.56 0.975
vt 0.56 0.775
vt 0.56 0.975
vt 0.57667 0.975
vt 0.57667 0.775
vt 0.56 0.775
vt 0.57667 0.975
vt 0.57667 0.775
vt 0.57667 0.975
vt 0.59333 0.975
vt 0.59333 0.775
vt 0.57667 0.775
vt 0.59333 0.975
vt 0.59333 0.775
vt 0.59333 0.975
vt 0.61 0.975
vt 0.61 0.775
vt 0.59333 0.775
vt 0.61 0.975
vt 0.51 0.775
vt 0.51 0.975
vt 0.52667 0.975
vt 0.52667 0.775
vt 0.51 0.775
vt 0.52667 0.975
vt 0.52667 0.775
vt 0.52667 0.975
vt 0.54333 0.975
vt 0.54333 0.775
vt 0.52667 0.775
vt 0.54333 0.975
vt 0.54333 0.775
vt 0.54333 0.975
vt 0.56 0.975
vt 0.56 0.775
vt 0.54333 0.775
vt 0.56 0.975
vt 0.56 0.775
vt 0.56 0.975
vt 0.57667 0.975
vt 0.57667 0.775
vt 0.56 0.775
vt 0.57667 0.975
vt 0.57667 0.775
vt 0.57667 0.975
vt 0.59333 0.975
vt 0.59333 0.775
vt 0.57667 0.775
vt 0.59333 0.975
vt 0.59333 0.775
vt 0.59333 0.975
vt 0.61 0.975
vt 0.61 0.775
vt 0.59333 0.775
vt 0.61 0.975
vt 0.51 0.775
vt 0.51 0.975
vt 0.52667 0.975
vt 0.52667 0.775
vt 0.51 0.775
vt 0.52667 0.975
vt 0.52667 0.775
vt 0.52667 0.975
vt 0.54333 0.975
vt 0.54333 0.775
vt 0.52667 0.775
vt 0.54333 0.975
vt 0.54333 0.775
vt 0.54333 0.975
vt 0.56 0.975
vt 0.56 0.775
vt 0.54333 0.775
vt 0.56 0.975
vt 0.56 0.775
vt 0.56 0.975
vt 0.57667 0.975
vt 0.57667 0.775
vt 0.56 0.775
vt 0.57667 0.975
vt 0.57667 0.775
vt 0.57667 0.975
vt 0.59333 0.975
vt 0.59333 0.775
vt 0.57667 0.775
vt 0.59333 0.975
vt 0.59333 0.775
vt 0.59333 0.975
vt 0.61 0.975
vt 0.61 0.775
vt 0.59333 0.775
vt 0.61 0.975
vt 0.51 0.775
vt 0.51 0.975
vt 0.52667 0.975
vt 0.52667 0.775
vt 0.51 0.775
vt 0.52667 0.975
vt 0.52667 0.775
vt 0.52667 0.975
vt 0.54333 0.975
vt 0.54333 0.775
vt 0.52667 0.775
vt 0.54333 0.975
vt 0.54333 0.775
vt 0.54333 0.975
vt 0.56 0.975
vt 0.56 0.775
vt 0.54333 0.775
vt 0.56 0.975
vt 0.56 0.775
vt 0.56 0.975
vt 0.57667 0.975
vt 0.57667 0.775
vt 0.56 0.775
vt 0.57667 0.975
vt 0.57667 0.775
vt 0.57667 0.975
vt 0.59333 0.975
vt 0.59333 0.775
vt 0.57667 0.775
vt 0.59333 0.975
vt 0.59333 0.775
vt 0.59333 0.975
vt 0.61 0.975
vt 0.61 0.775
vt 0.59333 0.775
vt 0.61 0.975
vt 0.51 0.775
vt 0.51 0.975
vt 0.52667 0.975
vt 0.52667 0.775
vt 0.51 0.775
vt 0.52667 0.975
vt 0.52667 0.775
vt 0.52667 0.975
vt 0.54333 0.975
vt 0.54333 0.775
vt 0.52667 0.775
vt 0.54333 0.975
vt 0.54333 0.775
vt 0.54333 0.975
vt 0.56 0.975
vt 0.56 0.775
vt 0.54333 0.775
vt 0.56 0.975
vt 0.56 0.775
vt 0.56 0.975
vt 0.57667 0.975
vt 0.57667 0.775
vt 0.56 0.775
vt 0.57667 0.975
vt 0.57667 0.775
vt 0.57667 0.975
vt 0.59333 0.975
vt 0.59333 0.775
vt 0.57667 0.775
vt 0.59333 0.975
vt 0.59333 0.775
vt 0.59333 0.975
vt 0.61 0.975
vt 0.61 0.775
vt 0.59333 0.775
vt 0.61 0.975
vt 0.51 0.775
vt 0.51 0.975
vt 0.52667 0.975
vt 0.52667 0.775
vt 0.51 0.775
vt 0.52667 0.975
vt 0.52667 0.775
vt 0.52667 0.975
vt 0.54333 0.975
vt 0.54333 0.775
vt 0.52667 0.775
vt 0.54333 0.975
vt 0.54333 0.775
vt 0.54333 0.975
vt 0.56 0.975
vt 0.56 0.775
vt 0.54333 0.775
vt 0.56 0.975
vt 0.56 0.775
vt 0.56 0.975
vt 0.57667 0.975
vt 0.57667 0.775
vt 0.56 0.775
vt 0.57667 0.975
vt 0.57667 0.775
vt 0.57667 0.975
vt 0.59333 0.975
vt 0.59333 0.775
vt 0.57667 0.775
vt 0.59333 0.975
vt 0.59333 0.775
vt 0.59333 0.975
vt 0.61 0.975
vt 0.61 0.775
vt 0.59333 0.775
vt 0.61 0.975
vt 0.51 0.775
vt 0.51 0.975
vt 0.52667 0.975
vt 0.52667 0.775
vt 0.51 0.775
vt 0.52667 0.975
vt 0.52667 0.775
vt 0.52667 0.975
vt 0.54333 0.975
vt 0.54333 0.775
vt 0.52667 0.775
vt 0.54333 0.975
vt 0.54333 0.775
vt 0.54333 0.975
vt 0.56 0.975
vt 0.56 0.775
vt 0.54333 0.775
vt 0.56 0.975
vt 0.56 0.775
vt 0.56 0.975
vt 0.57667 0.975
vt 0.57667 0.775
vt 0.56 0.775
vt 0.57667 0.975
vt 0.57667 0.775
vt 0.57667 0.975
vt 0.59333 0.975
vt 0.59333 0.775
vt 0.57667 0.775
vt 0.59333 0.975
vt 0.59333 0.775
vt 0.59333 0.975
vt 0.61 0.975
vt 0.61 0.775
vt 0.59333 0.775
vt 0.61 0.975
vt 0.51 0.775
vt 0.51 0.975
vt 0.52667 0.975
vt 0.52667 0.775
vt 0.51 0.775
vt 0.52667 0.975
vt 0.52667 0.775
vt 0.52667 0.975
vt 0.54333 0.975
vt 0.54333 0.775
vt 0.52667 0.775
vt 0.54333 0.975
vt 0.54333 0.775
vt 0.54333 0.975
vt 0.56 0.975
vt 0.56 0.775
vt 0.54333 0.775
vt 0.56 0.975
vt 0.56 0.775
vt 0.56 0.975
vt 0.57667 0.975
vt 0.57667 0.775
vt 0.56 0.775
vt 0.57667 0.975
vt 0.57667 0.775
vt 0.57667 0.975
vt 0.59333 0.975
vt 0.59333 0.775
vt 0.57667 0.775
vt 0.59333 0.975
vt 0.59333 0.775
vt 0.59333 0.975
vt 0.61 0.975
vt 0.61 0.775
vt 0.59333 0.775
vt 0.61 0.975
vt 0.51 0.775
vt 0.51 0.975
vt 0.52667 0.975
vt 0.52667 0.775
vt 0.51 0.775
vt 0.52667 0.975
vt 0.52667 0.775
vt 0.52667 0.975
vt 0.54333 0.975
vt 0.54333 0.775
vt 0.52667 0.775
vt 0.54333 0.975
vt 0.54333 0.775
vt 0.54333 0.975
vt 0.56 0.975
vt 0.56 0.775
vt 0.54333 0.775
vt 0.56 0.975
vt 0.56 0.775
vt 0.56 0.975
vt 0.57667 0.975
vt 0.57667 0.775
vt 0.56 0.775
vt 0.57667 0.975
vt 0.57667 0.775
vt 0.57667 0.975
vt 0.59333 0.975
vt 0.59333 0.775
vt 0.57667 0.775
vt 0.59333 0.975
vt 0.59333 0.775
vt 0.59333 0.975
vt 0.61 0.975
vt 0.61 0.775
vt 0.59333 0.775
vt 0.61 0.975
vt 0.51 0.775
vt 0.51 0.975
vt 0.52667 0.975
vt 0.52667 0.775
vt 0.51 0.775
vt 0.52667 0.975
vt 0.52667 0.775
vt 0.52667 0.975
vt 0.54333 0.975
vt 0.54333 0.775
vt 0.52667 0.775
vt 0.54333 0.975
vt 0.54333 0.775
vt 0.54333 0.975
vt 0.56 0.975
vt 0.56 0.775
vt 0.54333 0.775
vt 0.56 0.975
vt 0.56 0.775
vt 0.56 0.975
vt 0.57667 0.975
vt 0.57667 0.775
vt 0.56 0.775
vt 0.57667 0.975
vt 0.57667 0.775
vt 0.57667 0.975
vt 0.59333 0.975
vt 0.59333 0.775
vt 0.57667 0.775
vt 0.59333 0.975
vt 0.59333 0.775
vt 0.59333 0.975
vt 0.61 0.975
vt 0.61 0.775
vt 0.59333 0.775
vt 0.61 0.975
vt 0.51 0.775
vt 0.51 0.975
vt 0.52667 0.975
vt 0.52667 0.775
vt 0.51 0.775
vt 0.52667 0.975
vt 0.52667 0.775
vt 0.52667 0.975
vt 0.54333 0.975
vt 0.54333 0.775
vt 0.52667 0.775
vt 0.54333 0.975
vt 0.54333 0.775
vt 0.54333 0.975
vt 0.56 0.975
vt 0.56 0.775
vt 0.54333 0.775
vt 0.56 0.975
vt 0.56 0.775
vt 0.56 0.975
vt 0.57667 0.975
vt 0.57667 0.775
vt 0.56 0.775
vt 0.57667 0.975
vt 0.57667 0.775
vt 0.57667 0.975
vt 0.59333 0.975
vt 0.59333 0.775
vt 0.57667 0.775
vt 0.59333 0.975
vt 0.59333 0.775
vt 0.59333 0.975
vt 0.61 0.975
vt 0.61 0.775
vt 0.59333 0.775
vt 0.61 0.975
vt 0.51 0.775
vt 0.51 0.975
vt 0.52667 0.975
vt 0.52667 0.775
vt 0.51 0.775
vt 0.52667 0.975
vt 0.52667 0.775
vt 0.52667 0.975
vt 0.54333 0.975
vt 0.54333 0.775
vt 0.52667 0.775
vt 0.54333 0.975
vt 0.54333 0.775
vt 0.54333 0.975
vt 0.56 0.975
vt 0.56 0.775
vt 0.54333 0.775
vt 0.56 0.975
vt 0.56 0.775
vt 0.56 0.975
vt 0.57667 0.975
vt 0.57667 0.775
vt 0.56 0.775
vt 0.57667 0.975
vt 0.57667 0.775
vt 0.57667 0.975
vt 0.59333 0.975
vt 0.59333 0.775
vt 0.57667 0.775
vt 0.59333 0.975
vt 0.59333 0.775
vt 0.59333 0.975
vt 0.61 0.975
vt 0.61 0.775
vt 0.59333 0.775
vt 0.61 0.975
vt 0.51 0.775
vt 0.51 0.975
vt 0.52667 0.975
vt 0.52667 0.775
vt 0.51 0.775
vt 0.52667 0.975
vt 0.52667 0.775
vt 0.52667 0.975
vt 0.54333 0.975
vt 0.54333 0.775
vt 0.52667 0.775
vt 0.54333 0.975
vt 0.54333 0.775
vt 0.54333 0.975
vt 0.56 0.975
vt 0.56 0.775
vt 0.54333 0.775
vt 0.56 0.975
vt 0.56 0.775
vt 0.56 0.975
vt 0.57667 0.975
vt 0.57667 0.775
vt 0.56 0.775
vt 0.57667 0.975
vt 0.57667 0.775
vt 0.57667 0.975
vt 0.59333 0.975
vt 0.59333 0.775
vt 0.57667 0.775
vt 0.59333 0.975
vt 0.59333 0.775
vt 0.59333 0.975
vt 0.61 0.975
vt 0.61 0.775
vt 0.59333 0.775
vt 0.61 0.975
vt 0.51 0.775
vt 0.51 0.975
vt 0.52667 0.975
vt 0.52667 0.775
vt 0.51 0.775
vt 0.52667 0.975
vt 0.52667 0.775
vt 0.52667 0.975
vt 0.54333 0.975
vt 0.54333 0.775
vt 0.52667 0.775
vt 0.54333 0.975
vt 0.54333 0.775
vt 0.54333 0.975
vt 0.56 0.975
vt 0.56 0.775
vt 0.54333 0.775
vt 0.56 0.975
vt 0.56 0.775
vt 0.56 0.975
vt 0.57667 0.975
vt 0.57667 0.775
vt 0.56 0.775
vt 0.57667 0.975
vt 0.57667 0.775
vt 0.57667 0.975
vt 0.59333 0.975
vt 0.59333 0.775
vt 0.57667 0.775
vt 0.59333 0.975
vt 0.59333 0.775
vt 0.59333 0.975
vt 0.61 0.975
vt 0.61 0.775
vt 0.59333 0.775
vt 0.61 0.975
vt 0.51 0.775
vt 0.51 0.975
vt 0.52667 0.975
vt 0.52667 0.775
vt 0.51 0.775
vt 0.52667 0.975
vt 0.52667 0.775
vt 0.52667 0.975
vt 0.54333 0.975
vt 0.54333 0.775
vt 0.52667 0.775
vt 0.54333 0.975
vt 0.54333 0.775
vt 0.54333 0.975
vt 0.56 0.975
vt 0.56 0.775
vt 0.54333 0.775
vt 0.56 0.975
vt 0.56 0.775
vt 0.56 0.975
vt 0.57667 0.975
vt 0.57667 0.775
vt 0.56 0.775
vt 0.57667 0.975
vt 0.57667 0.775
vt 0.57667 0.975
vt 0.59333 0.975
vt 0.59333 0.775
vt 0.57667 0.775
vt 0.59333 0.975
vt 0.59333 0.775
vt 0.59333 0.975
vt 0.61 0.975
vt 0.61 0.775
vt 0.59333 0.775
vt 0.61 0.975
vt 0.51 0.775
vt 0.51 0.975
vt 0.52667 0.975
vt 0.52667 0.775
vt 0.51 0.775
vt 0.52667 0.975
vt 0.52667 0.775
vt 0.52667 0.975
vt 0.54333 0.975
vt 0.54333 0.775
vt 0.52667 0.775
vt 0.54333 0.975
vt 0.54333 0.775
vt 0.54333 0.975
vt 0.56 0.975
vt 0.56 0.775
vt 0.54333 0.775
vt 0.56 0.975
vt 0.56 0.775
vt 0.56 0.975
vt 0.57667 0.975
vt 0.57667 0.775
vt 0.56 0.775
vt 0.57667 0.975
vt 0.57667 0.775
vt 0.57667 0.975
vt 0.59333 0.975
vt 0.59333 0.775
vt 0.57667 0.775
vt 0.59333 0.975
vt 0.59333 0.775
vt 0.59333 0.975
vt 0.61 0.975
vt 0.61 0.775
vt 0.59333 0.775
vt 0.61 0.975
vt 0.51 0.775
vt 0.51 0.975
vt 0.52667 0.975
vt 0.52667 0.775
vt 0.51 0.775
vt 0.52667 0.975
vt 0.52667 0.775
vt 0.52667 0.975
vt 0.54333 0.975
vt 0.54333 0.775
vt 0.52667 0.775
vt 0.54333 0.975
vt 0.54333 0.775
vt 0.54333 0.975
vt 0.56 0.975
vt 0.56 0.775
vt 0.54333 0.775
vt 0.56 0.975
vt 0.56 0.775
vt 0.56 0.975
vt 0.57667 0.975
vt 0.57667 0.775
vt 0.56 0.775
vt 0.57667 0.975
vt 0.57667 0.775
vt 0.57667 0.975
vt 0.59333 0.975
vt 0.59333 0.775
vt 0.57667 0.775
vt 0.59333 0.975
vt 0.59333 0.775
vt 0.59333 0.975
vt 0.61 0.975
vt 0.61 0.775
vt 0.59333 0.775
vt 0.61 0.975
vt 0.51 0.775
vt 0.51 0.975
vt 0.52667 0.975
vt 0.52667 0.775
vt 0.51 0.775
vt 0.52667 0.975
vt 0.52667 0.775
vt 0.52667 0.975
vt 0.54333 0.975
vt 0.54333 0.775
vt 0.52667 0.775
vt 0.54333 0.975
vt 0.54333 0.775
vt 0.54333 0.975
vt 0.56 0.975
vt 0.56 0.775
vt 0.54333 0.775
vt 0.56 0.975
vt 0.56 0.775
vt 0.56 0.975
vt 0.57667 0.975
vt 0.57667 0.775
vt 0.56 0.775
vt 0.57667 0.975
vt 0.57667 0.775
vt 0.57667 0.975
vt 0.59333 0.975
vt 0.59333 0.775
vt 0.57667 0.775
vt 0.59333 0.975
vt 0.59333 0.775
vt 0.59333 0.975
vt 0.61 0.975
vt 0.61 0.775
vt 0.59333 0.775
vt 0.61 0.975
vt 0.51 0.775
vt 0.51 0.975
vt 0.52667 0.975
vt 0.52667 0.775
vt 0.51 0.775
vt 0.52667 0.975
vt 0.52667 0.775
vt 0.52667 0.975
vt 0.54333 0.975
vt 0.54333 0.775
vt 0.52667 0.775
vt 0.54333 0.975
vt 0.54333 0.775
vt 0.54333 0.975
vt 0.56 0.975
vt 0.56 0.775
vt 0.54333 0.775
vt 0.56 0.975
vt 0.56 0.775
vt 0.56 0.975
vt 0.57667 0.975
vt 0.57667 0.775
vt 0.56 0.775
vt 0.57667 0.975
vt 0.57667 0.775
vt 0.57667 0.975
vt 0.59333 0.975
vt 0.59333 0.775
vt 0.57667 0.775
vt 0.59333 0.975
vt 0.59333 0.775
vt 0.59333 0.975
vt 0.61 0.975
vt 0.61 0.775
vt 0.59333 0.775
vt 0.61 0.975
vt 0.51 0.775
vt 0.51 0.975
vt 0.52667 0.975
vt 0.52667 0.775
vt 0.51 0.775
vt 0.52667 0.975
vt 0.52667 0.775
vt 0.52667 0.975
vt 0.54333 0.975
vt 0.54333 0.775
vt 0.52667 0.775
vt 0.54333 0.975
vt 0.54333 0.775
vt 0.54333 0.975
vt 0.56 0.975
vt 0.56 0.775
vt 0.54333 0.775
vt 0.56 0.975
vt 0.56 0.775
vt 0.56 0.975
vt 0.57667 0.975
vt 0.57667 0.775
vt 0.56 0.775
vt 0.57667 0.975
vt 0.57667 0.775
vt 0.57667 0.975
vt 0.59333 0.975
vt 0.59333 0.775
vt 0.57667 0.775
vt 0.59333 0.975
vt 0.59333 0.775
vt 0.59333 0.975
vt 0.61 0.975
vt 0.61 0.775
vt 0.59333 0.775
vt 0.61 0.975
vt 0.51 0.775
vt 0.51 0.975
vt 0.52667 0.975
vt 0.52667 0.775
vt 0.51 0.775
vt 0.52667 0.975
vt 0.52667 0.775
vt 0.52667 0.975
vt 0.54333 0.975
vt 0.54333 0.775
vt 0.52667 0.775
vt 0.54333 0.975
vt 0.54333 0.775
vt 0.54333 0.975
vt 0.56 0.975
vt 0.56 0.775
vt 0.54333 0.775
vt 0.56 0.975
vt 0.56 0.775
vt 0.56 0.975
vt 0.57667 0.975
vt 0.57667 0.775
vt 0.56 0.775
vt 0.57667 0.975
vt 0.57667 0.775
vt 0.57667 0.975
vt 0.59333 0.975
vt 0.59333 0.775
vt 0.57667 0.775
vt 0.59333 0.975
vt 0.59333 0.775
vt 0.59333 0.975
vt 0.61 0.975
vt 0.61 0.775
vt 0.59333 0.775
vt 0.61 0.975
vt 0.51 0.775
vt 0.51 0.975
vt 0.52667 0.975
vt 0.52667 0.775
vt 0.51 0.775
vt 0.52667 0.975
vt 0.52667 0.775
vt 0.52667 0.975
vt 0.54333 0.975
vt 0.54333 0.775
vt 0.52667 0.775
vt 0.54333 0.975
vt 0.54333 0.775
vt 0.54333 0.975
vt 0.56 0.975
vt 0.56 0.775
vt 0.54333 0.775
vt 0.56 0.975
vt 0.56 0.775
vt 0.56 0.975
vt 0.57667 0.975
vt 0.57667 0.775
vt 0.56 0.775
vt 0.57667 0.975
vt 0.57667 0.775
vt 0.57667 0.975
vt 0.59333 0.975
vt 0.59333 0.775
vt 0.57667 0.775
vt 0.59333 0.975
vt 0.59333 0.775
vt 0.59333 0.975
vt 0.61 0.975
vt 0.61 0.775
vt 0.59333 0.775
vt 0.61 0.975
vt 0.51 0.775
vt 0.51 0.975
vt 0.52667 0.975
vt 0.52667 0.775
vt 0.51 0.775
vt 0.52667 0.975
vt 0.52667 0.775
vt 0.52667 0.975
vt 0.54333 0.975
vt 0.54333 0.775
vt 0.52667 0.775
vt 0.54333 0.975
vt 0.54333 0.775
vt 0.54333 0.975
vt 0.56 0.975
vt 0.56 0.775
vt 0.54333 0.775
vt 0.56 0.975
vt 0.56 0.775
vt 0.56 0.975
vt 0.57667 0.975
vt 0.57667 0.775
vt 0.56 0.775
vt 0.57667 0.975
vt 0.57667 0.775
vt 0.57667 0.975
vt 0.59333 0.975
vt 0.59333 0.775
vt 0.57667 0.775
vt 0.59333 0.975
vt 0.59333 0.775
vt 0.59333 0.975
vt 0.61 0.975
vt 0.61 0.775
vt 0.59333 0.775
vt 0.61 0.975
vt 0.51 0.775
vt 0.51 0.975
vt 0.52667 0.975
vt 0.52667 0.775
vt 0.51 0.775
vt 0.52667 0.975
vt 0.52667 0.775
vt 0.52667 0.975
vt 0.54333 0.975
vt 0.54333 0.775
vt 0.52667 0.775
vt 0.54333 0.975
vt 0.54333 0.775
vt 0.54333 0.975
vt 0.56 0.975
vt 0.56 0.775
vt 0.54333 0.775
vt 0.56 0.975
vt 0.56 0.775
vt 0.56 0.975
vt 0.57667 0.975
vt 0.57667 0.775
vt 0.56 0.775
vt 0.57667 0.975
vt 0.57667 0.775
vt 0.57667 0.975
vt 0.59333 0.975
vt 0.59333 0.775
vt 0.57667 0.775
vt 0.59333 0.975
vt 0.59333 0.775
vt 0.59333 0.975
vt 0.61 0.975
vt 0.61 0.775
vt 0.59333 0.775
vt 0.61 0.975
vt 0.51 0.775
vt 0.51 0.975
vt 0.52667 0.975
vt 0.52667 0.775
vt 0.51 0.775
vt 0.52667 0.975
vt 0.52667 0.775
vt 0.52667 0.975
vt 0.54333 0.975
vt 0.54333 0.775
vt 0.52667 0.775
vt 0.54333 0.975
vt 0.54333 0.775
vt 0.54333 0.975
vt 0.56 0.975
vt 0.56 0.775
vt 0.54333 0.775
vt 0.56 0.975
vt 0.56 0.775
vt 0.56 0.975
vt 0.57667 0.975
vt 0.57667 0.775
vt 0.56 0.775
vt 0.57667 0.975
vt 0.57667 0.775
vt 0.57667 0.975
vt 0.59333 0.975
vt 0.59333 0.775
vt 0.57667 0.775
vt 0.59333 0.975
vt 0.59333 0.775
vt 0.59333 0.975
vt 0.61 0.975
vt 0.61 0.775
vt 0.59333 0.775
vt 0.61 0.975
vt 0.51 0.775
vt 0.51 0.975
vt 0.52667 0.975
vt 0.52667 0.775
vt 0.51 0.775
vt 0.52667 0.975
vt 0.52667 0.775
vt 0.52667 0.975
vt 0.54333 0.975
vt 0.54333 0.775
vt 0.52667 0.775
vt 0.54333 0.975
vt 0.54333 0.775
vt 0.54333 0.975
vt 0.56 0.975
vt 0.56 0.775
vt 0.54333 0.775
vt 0.56 0.975
vt 0.56 0.775
vt 0.56 0.975
vt 0.57667 0.975
vt 0.57667 0.775
vt 0.56 0.775
vt 0.57667 0.975
vt 0.57667 0.775
vt 0.57667 0.975
vt 0.59333 0.975
vt 0.59333 0.775
vt 0.57667 0.775
vt 0.59333 0.975
vt 0.59333 0.775
vt 0.59333 0.975
vt 0.61 0.975
vt 0.61 0.775
vt 0.59333 0.775
vt 0.61 0.975
vt 0.51 0.775
vt 0.51 0.975
vt 0.52667 0.975
vt 0.52667 0.775
vt 0.51 0.775
vt 0.52667 0.975
vt 0.52667 0.775
vt 0.52667 0.975
vt 0.54333 0.975
vt 0.54333 0.775
vt 0.52667 0.775
vt 0.54333 0.975
vt 0.54333 0.775
vt 0.54333 0.975
vt 0.56 0.975
vt 0.56 0.775
vt 0.54333 0.775
vt 0.56 0.975
vt 0.56 0.775
vt 0.56 0.975
vt 0.57667 0.975
vt 0.57667 0.775
vt 0.56 0.775
vt 0.57667 0.975
vt 0.57667 0.775
vt 0.57667 0.975
vt 0.59333 0.975
vt 0.59333 0.775
vt 0.57667 0.775
vt 0.59333 0.975
vt 0.59333 0.775
vt 0.59333 0.975
vt 0.61 0.975
vt 0.61 0.775
vt 0.59333 0.775
vt 0.61 0.975
vt 0.51 0.775
vt 0.51 0.975
vt 0.52667 0.975
vt 0.52667 0.775
vt 0.51 0.775
vt 0.52667 0.975
vt 0.52667 0.775
vt 0.52667 0.975
vt 0.54333 0.975
vt 0.54333 0.775
vt 0.52667 0.775
vt 0.54333 0.975
vt 0.54333 0.775
vt 0.54333 0.975
vt 0.56 0.975
vt 0.56 0.775
vt 0.54333 0.775
vt 0.56 0.975
vt 0.56 0.775
vt 0.56 0.975
vt 0.57667 0.975
vt 0.57667 0.775
vt 0.56 0.775
vt 0.57667 0.975
vt 0.57667 0.775
vt 0.57667 0.975
vt 0.59333 0.975
vt 0.59333 0.775
vt 0.57667 0.775
vt 0.59333 0.975
vt 0.59333 0.775
vt 0.59333 0.975
vt 0.61 0.975
vt 0.61 0.775
vt 0.59333 0.775
vt 0.61 0.975
vt 0.51 0.775
vt 0.51 0.975
vt 0.52667 0.975
vt 0.52667 0.775
vt 0.51 0.775
vt 0.52667 0.975
vt 0.52667 0.775
vt 0.52667 0.975
vt 0.54333 0.975
vt 0.54333 0.775
vt 0.52667 0.775
vt 0.54333 0.975
vt 0.54333 0.775
vt 0.54333 0.975
vt 0.56 0.975
vt 0.56 0.775
vt 0.54333 0.775
vt 0.56 0.975
vt 0.56 0.775
vt 0.56 0.975
vt 0.57667 0.975
vt 0.57667 0.775
vt 0.56 0.775
vt 0.57667 0.975
vt 0.57667 0.775
vt 0.57667 0.975
vt 0.59333 0.975
vt 0.59333 0.775
vt 0.57667 0.775
vt 0.59333 0.975
vt 0.59333 0.775
vt 0.59333 0.975
vt 0.61 0.975
vt 0.61 0.775
vt 0.59333 0.775
vt 0.61 0.975
vt 0.51 0.775
vt 0.51 0.975
vt 0.52667 0.975
vt 0.52667 0.775
vt 0.51 0.775
vt 0.52667 0.975
vt 0.52667 0.775
vt 0.52667 0.975
vt 0.54333 0.975
vt 0.54333 0.775
vt 0.52667 0.775
vt 0.54333 0.975
vt 0.54333 0.775
vt 0.54333 0.975
vt 0.56 0.975
vt 0.56 0.775
vt 0.54333 0.775
vt 0.56 0.975
vt 0.56 0.775
vt 0.56 0.975
vt 0.57667 0.975
vt 0.57667 0.775
vt 0.56 0.775
vt 0.57667 0.975
vt 0.57667 0.775
vt 0.57667 0.975
vt 0.59333 0.975
vt 0.59333 0.775
vt 0.57667 0.775
vt 0.59333 0.975
vt 0.59333 0.775
vt 0.59333 0.975
vt 0.61 0.975
vt 0.61 0.775
vt 0.59333 0.775
vt 0.61 0.975
vt 0.51 0.775
vt 0.51 0.975
vt 0.52667 0.975
vt 0.52667 0.775
vt 0.51 0.775
vt 0.52667 0.975
vt 0.52667 0.775
vt 0.52667 0.975
vt 0.54333 0.975
vt 0.54333 0.775
vt 0.52667 0.775
vt 0.54333 0.975
vt 0.54333 0.775
vt 0.54333 0.975
vt 0.56 0.975
vt 0.56 0.775
vt 0.54333 0.775
vt 0.56 0.975
vt 0.56 0.775
vt 0.56 0.975
vt 0.57667 0.975
vt 0.57667 0.775
vt 0.56 0.775
vt 0.57667 0.975
vt 0.57667 0.775
vt 0.57667 0.975
vt 0.59333 0.975
vt 0.59333 0.775
vt 0.57667 0.775
vt 0.59333 0.975
vt 0.59333 0.775
vt 0.59333 0.975
vt 0.61 0.975
vt 0.61 0.775
vt 0.59333 0.775
vt 0.61 0.975
vt 0.51 0.775
vt 0.51 0.975
vt 0.52667 0.975
vt 0.52667 0.775
vt 0.51 0.775
vt 0.52667 0.975
vt 0.52667 0.775
vt 0.52667 0.975
vt 0.54333 0.975
vt 0.54333 0.775
vt 0.52667 0.775
vt 0.54333 0.975
vt 0.54333 0.775
vt 0.54333 0.975
vt 0.56 0.975
vt 0.56 0.775
vt 0.54333 0.775
vt 0.56 0.975
vt 0.56 0.775
vt 0.56 0.975
vt 0.57667 0.975
vt 0.57667 0.775
vt 0.56 0.775
vt 0.57667 0.975
vt 0.57667 0.775
vt 0.57667 0.975
vt 0.59333 0.975
vt 0.59333 0.775
vt 0.57667 0.775
vt 0.59333 0.975
vt 0.59333 0.775
vt 0.59333 0.975
vt 0.61 0.975
vt 0.61 0.775
vt 0.59333 0.775
vt 0.61 0.975
vt 0.51 0.775
vt 0.51 0.975
vt 0.52667 0.975
vt 0.52667 0.775
vt 0.51 0.775
vt 0.52667 0.975
vt 0.52667 0.775
vt 0.52667 0.975
vt 0.54333 0.975
vt 0.54333 0.775
vt 0.52667 0.775
vt 0.54333 0.975
vt 0.54333 0.775
vt 0.54333 0.975
vt 0.56 0.975
vt 0.56 0.775
vt 0.54333 0.775
vt 0.56 0.975
vt 0.56 0.775
vt 0.56 0.975
vt 0.57667 0.975
vt 0.57667 0.775
vt 0.56 0.775
vt 0.57667 0.975
vt 0.57667 0.775
vt 0.57667 0.975
vt 0.59333 0.975
vt 0.59333 0.775
vt 0.57667 0.775
vt 0.59333 0.975
vt 0.59333 0.775
vt 0.59333 0.975
vt 0.61 0.975
vt 0.61 0.775
vt 0.59333 0.775
vt 0.61 0.975
vt 0.51 0.775
vt 0.51 0.975
vt 0.52667 0.975
vt 0.52667 0.775
vt 0.51 0.775
vt 0.52667 0.975
vt 0.52667 0.775
vt 0.52667 0.975
vt 0.54333 0.975
vt 0.54333 0.775
vt 0.52667 0.775
vt 0.54333 0.975
vt 0.54333 0.775
vt 0.54333 0.975
vt 0.56 0.975
vt 0.56 0.775
vt 0.54333 0.775
vt 0.56 0.975
vt 0.56 0.775
vt 0.56 0.975
vt 0.57667 0.975
vt 0.57667 0.775
vt 0.56 0.775
vt 0.57667 0.975
vt 0.57667 0.775
vt 0.57667 0.975
vt 0.59333 0.975
vt 0.59333 0.775
vt 0.57667 0.775
vt 0.59333 0.975
vt 0.59333 0.775
vt 0.59333 0.975
vt 0.61 0.975
vt 0.61 0.775
vt 0.59333 0.775
vt 0.61 0.975
vt 0.135 0.275
vt 0.135 0.475
vt 0.15167 0.475
vt 0.15167 0.275
vt 0.135 0.275
vt 0.15167 0.475
vt 0.15167 0.275
vt 0.15167 0.475
vt 0.16833 0.475
vt 0.16833 0.275
vt 0.15167 0.275
vt 0.16833 0.475
vt 0.16833 0.275
vt 0.16833 0.475
vt 0.185 0.475
vt 0.185 0.275
vt 0.16833 0.275
vt 0.185 0.475
vt 0.185 0.275
vt 0.185 0.475
vt 0.20167 0.475
vt 0.20167 0.275
vt 0.185 0.275
vt 0.20167 0.475
vt 0.20167 0.275
vt 0.20167 0.475
vt 0.21833 0.475
vt 0.21833 0.275
vt 0.20167 0.275
vt 0.21833 0.475
vt 0.21833 0.275
vt 0.21833 0.475
vt 0.235 0.475
vt 0.235 0.275
vt 0.21833 0.275
vt 0.235 0.475
vt 0.135 0.275
vt 0.135 0.475
vt 0.15167 0.475
vt 0.15167 0.275
vt 0.135 0.275
vt 0.15167 0.475
vt 0.15167 0.275
vt 0.15167 0.475
vt 0.16833 0.475
vt 0.16833 0.275
vt 0.15167 0.275
vt 0.16833 0.475
vt 0.16833 0.275
vt 0.16833 0.475
vt 0.185 0.475
vt 0.185 0.275
vt 0.16833 0.275
vt 0.185 0.475
vt 0.185 0.275
vt 0.185 0.475
vt 0.20167 0.475
vt 0.20167 0.275
vt 0.185 0.275
vt 0.20167 0.475
vt 0.20167 0.275
vt 0.20167 0.475
vt 0.21833 0.475
vt 0.21833 0.275
vt 0.20167 0.275
vt 0.21833 0.475
vt 0.21833 0.275
vt 0.21833 0.475
vt 0.235 0.475
vt 0.235 0.275
vt 0.21833 0.275
vt 0.235 0.475
vt 0.135 0.275
vt 0.135 0.475
vt 0.15167 0.475
vt 0.15167 0.275
vt 0.135 0.275
vt 0.15167 0.475
vt 0.15167 0.275
vt 0.15167 0.475
vt 0.16833 0.475
vt 0.16833 0.275
vt 0.15167 0.275
vt 0.16833 0.475
vt 0.16833 0.275
vt 0.16833 0.475
vt 0.185 0.475
vt 0.185 0.275
vt 0.16833 0.275
vt 0.185 0.475
vt 0.185 0.275
vt 0.185 0.475
vt 0.20167 0.475
vt 0.20167 0.275
vt 0.185 0.275
vt 0.20167 0.475
vt 0.20167 0.275
vt 0.20167 0.475
vt 0.21833 0.475
vt 0.21833 0.275
vt 0.20167 0.275
vt 0.21833 0.475
vt 0.21833 0.275
vt 0.21833 0.475
vt 0.235 0.475
vt 0.235 0.275
vt 0.21833 0.275
vt 0.235 0.475
vt 0.135 0.275
vt 0.135 0.475
vt 0.15167 0.475
vt 0.15167 0.275
vt 0.135 0.275
vt 0.15167 0.475
vt 0.15167 0.275
vt 0.15167 0.475
vt 0.16833 0.475
vt 0.16833 0.275
vt 0.15167 0.275
vt 0.16833 0.475
vt 0.16833 0.275
vt 0.16833 0.475
vt 0.185 0.475
vt 0.185 0.275
vt 0.16833 0.275
vt 0.185 0.475
vt 0.185 0.275
vt 0.185 0.475
vt 0.20167 0.475
vt 0.20167 0.275
vt 0.185 0.275
vt 0.20167 0.475
vt 0.20167 0.275
vt 0.20167 0.475
vt 0.21833 0.475
vt 0.21833 0.275
vt 0.20167 0.275
vt 0.21833 0.475
vt 0.21833 0.275
vt 0.21833 0.475
vt 0.235 0.475
vt 0.235 0.275
vt 0.21833 0.275
vt 0.235 0.475
vt 0.135 0.275
vt 0.135 0.475
vt 0.15167 0.475
vt 0.15167 0.275
vt 0.135 0.275
vt 0.15167 0.475
vt 0.15167 0.275
vt 0.15167 0.475
vt 0.16833 0.475
vt 0.16833 0.275
vt 0.15167 0.275
vt 0.16833 0.475
vt 0.16833 0.275
vt 0.16833 0.475
vt 0.185 0.475
vt 0.185 0.275
vt 0.16833 0.275
vt 0.185 0.475
vt 0.185 0.275
vt 0.185 0.475
vt 0.20167 0.475
vt 0.20167 0.275
vt 0.185 0.275
vt 0.20167 0.475
vt 0.20167 0.275
vt 0.20167 0.475
vt 0.21833 0.475
vt 0.21833 0.275
vt 0.20167 0.275
vt 0.21833 0.475
vt 0.21833 0.275
vt 0.21833 0.475
vt 0.235 0.475
vt 0.235 0.275
vt 0.21833 0.275
vt 0.235 0.475
vt 0.135 0.275
vt 0.135 0.475
vt 0.15167 0.475
vt 0.15167 0.275
vt 0.135 0.275
vt 0.15167 0.475
vt 0.15167 0.275
vt 0.15167 0.475
vt 0.16833 0.475
vt 0.16833 0.275
vt 0.15167 0.275
vt 0.16833 0.475
vt 0.16833 0.275
vt 0.16833 0.475
vt 0.185 0.475
vt 0.185 0.275
vt 0.16833 0.275
vt 0.185 0.475
vt 0.185 0.275
vt 0.185 0.475
vt 0.20167 0.475
vt 0.20167 0.275
vt 0.185 0.275
vt 0.20167 0.475
vt 0.20167 0.275
vt 0.20167 0.475
vt 0.21833 0.475
vt 0.21833 0.275
vt 0.20167 0.275
vt 0.21833 0.475
vt 0.21833 0.275
vt 0.21833 0.475
vt 0.235 0.475
vt 0.235 0.275
vt 0.21833 0.275
vt 0.235 0.475
vt 0.135 0.275
vt 0.135 0.475
vt 0.15167 0.475
vt 0.15167 0.275
vt 0.135 0.275
vt 0.15167 0.475
vt 0.15167 0.275
vt 0.15167 0.475
vt 0.16833 0.475
vt 0.16833 0.275
vt 0.15167 0.275
vt 0.16833 0.475
vt 0.16833 0.275
vt 0.16833 0.475
vt 0.185 0.475
vt 0.185 0.275
vt 0.16833 0.275
vt 0.185 0.475
vt 0.185 0.275
vt 0.185 0.475
vt 0.20167 0.475
vt 0.20167 0.275
vt 0.185 0.275
vt 0.20167 0.475
vt 0.20167 0.275
vt 0.20167 0.475
vt 0.21833 0.475
vt 0.21833 0.275
vt 0.20167 0.275
vt 0.21833 0.475
vt 0.21833 0.275
vt 0.21833 0.475
vt 0.235 0.475
vt 0.235 0.275
vt 0.21833 0.275
vt 0.235 0.475
vt 0.135 0.275
vt 0.135 0.475
vt 0.15167 0.475
vt 0.15167 0.275
vt 0.135 0.275
vt 0.15167 0.475
vt 0.15167 0.275
vt 0.15167 0.475
vt 0.16833 0.475
vt 0.16833 0.275
vt 0.15167 0.275
vt 0.16833 0.475
vt 0.16833 0.275
vt 0.16833 0.475
vt 0.185 0.475
vt 0.185 0.275
vt 0.16833 0.275
vt 0.185 0.475
vt 0.185 0.275
vt 0.185 0.475
vt 0.20167 0.475
vt 0.20167 0.275
vt 0.185 0.275
vt 0.20167 0.475
vt 0.20167 0.275
vt 0.20167 0.475
vt 0.21833 0.475
vt 0.21833 0.275
vt 0.20167 0.275
vt 0.21833 0.475
vt 0.21833 0.275
vt 0.21833 0.475
vt 0.235 0.475
vt 0.235 0.275
vt 0.21833 0.275
vt 0.235 0.475
vt 0.135 0.275
vt 0.135 0.475
vt 0.15167 0.475
vt 0.15167 0.275
vt 0.135 0.275
vt 0.15167 0.475
vt 0.15167 0.275
vt 0.15167 0.475
vt 0.16833 0.475
vt 0.16833 0.275
vt 0.15167 0.275
vt 0.16833 0.475
vt 0.16833 0.275
vt 0.16833 0.475
vt 0.185 0.475
vt 0.185 0.275
vt 0.16833 0.275
vt 0.185 0.475
vt 0.185 0.275
vt 0.185 0.475
vt 0.20167 0.475
vt 0.20167 0.275
vt 0.185 0.275
vt 0.20167 0.475
vt 0.20167 0.275
vt 0.20167 0.475
vt 0.21833 0.475
vt 0.21833 0.275
vt 0.20167 0.275
vt 0.21833 0.475
vt 0.21833 0.275
vt 0.21833 0.475
vt 0.235 0.475
vt 0.235 0.275
vt 0.21833 0.275
vt 0.235 0.475
vt 0.135 0.275
vt 0.135 0.475
vt 0.15167 0.475
vt 0.15167 0.275
vt 0.135 0.275
vt 0.15167 0.475
vt 0.15167 0.275
vt 0.15167 0.475
vt 0.16833 0.475
vt 0.16833 0.275
vt 0.15167 0.275
vt 0.16833 0.475
vt 0.16833 0.275
vt 0.16833 0.475
vt 0.185 0.475
vt 0.185 0.275
vt 0.16833 0.275
vt 0.185 0.475
vt 0.185 0.275
vt 0.185 0.475
vt 0.20167 0.475
vt 0.20167 0.275
vt 0.185 0.275
vt 0.20167 0.475
vt 0.20167 0.275
vt 0.20167 0.475
vt 0.21833 0.475
vt 0.21833 0.275
vt 0.20167 0.275
vt 0.21833 0.475
vt 0.21833 0.275
vt 0.21833 0.475
vt 0.235 0.475
vt 0.235 0.275
vt 0.21833 0.275
vt 0.235 0.475
vt 0.135 0.275
vt 0.135 0.475
vt 0.15167 0.475
vt 0.15167 0.275
vt 0.135 0.275
vt 0.15167 0.475
vt 0.15167 0.275
vt 0.15167 0.475
vt 0.16833 0.475
vt 0.16833 0.275
vt 0.15167 0.275
vt 0.16833 0.475
vt 0.16833 0.275
vt 0.16833 0.475
vt 0.185 0.475
vt 0.185 0.275
vt 0.16833 0.275
vt 0.185 0.475
vt 0.185 0.275
vt 0.185 0.475
vt 0.20167 0.475
vt 0.20167 0.275
vt 0.185 0.275
vt 0.20167 0.475
vt 0.20167 0.275
vt 0.20167 0.475
vt 0.21833 0.475
vt 0.21833 0.275
vt 0.20167 0.275
vt 0.21833 0.475
vt 0.21833 0.275
vt 0.21833 0.475
vt 0.235 0.475
vt 0.235 0.275
vt 0.21833 0.275
vt 0.235 0.475
vt 0.135 0.275
vt 0.135 0.475
vt 0.15167 0.475
vt 0.15167 0.275
vt 0.135 0.275
vt 0.15167 0.475
vt 0.15167 0.275
vt 0.15167 0.475
vt 0.16833 0.475
vt 0.16833 0.275
vt 0.15167 0.275
vt 0.16833 0.475
vt 0.16833 0.275
vt 0.16833 0.475
vt 0.185 0.475
vt 0.185 0.275
vt 0.16833 0.275
vt 0.185 0.475
vt 0.185 0.275
vt 0.185 0.475
vt 0.20167 0.475
vt 0.20167 0.275
vt 0.185 0.275
vt 0.20167 0.475
vt 0.20167 0.275
vt 0.20167 0.475
vt 0.21833 0.475
vt 0.21833 0.275
vt 0.20167 0.275
vt 0.21833 0.475
vt 0.21833 0.275
vt 0.21833 0.475
vt 0.235 0.475
vt 0.235 0.275
vt 0.21833 0.275
vt 0.235 0.475
vt 0.135 0.275
vt 0.135 0.475
vt 0.15167 0.475
vt 0.15167 0.275
vt 0.135 0.275
vt 0.15167 0.475
vt 0.15167 0.275
vt 0.15167 0.475
vt 0.16833 0.475
vt 0.16833 0.275
vt 0.15167 0.275
vt 0.16833 0.475
vt 0.16833 0.275
vt 0.16833 0.475
vt 0.185 0.475
vt 0.185 0.275
vt 0.16833 0.275
vt 0.185 0.475
vt 0.185 0.275
vt 0.185 0.475
vt 0.20167 0.475
vt 0.20167 0.275
vt 0.185 0.275
vt 0.20167 0.475
vt 0.20167 0.275
vt 0.20167 0.475
vt 0.21833 0.475
vt 0.21833 0.275
vt 0.20167 0.275
vt 0.21833 0.475
vt 0.21833 0.275
vt 0.21833 0.475
vt 0.235 0.475
vt 0.235 0.275
vt 0.21833 0.275
vt 0.235 0.475
vt 0.135 0.275
vt 0.135 0.475
vt 0.15167 0.475
vt 0.15167 0.275
vt 0.135 0.275
vt 0.15167 0.475
vt 0.15167 0.275
vt 0.15167 0.475
vt 0.16833 0.475
vt 0.16833 0.275
vt 0.15167 0.275
vt 0.16833 0.475
vt 0.16833 0.275
vt 0.16833 0.475
vt 0.185 0.475
vt 0.185 0.275
vt 0.16833 0.275
vt 0.185 0.475
vt 0.185 0.275
vt 0.185 0.475
vt 0.20167 0.475
vt 0.20167 0.275
vt 0.185 0.275
vt 0.20167 0.475
vt 0.20167 0.275
vt 0.20167 0.475
vt 0.21833 0.475
vt 0.21833 0.275
vt 0.20167 0.275
vt 0.21833 0.475
vt 0.21833 0.275
vt 0.21833 0.475
vt 0.235 0.475
vt 0.235 0.275
vt 0.21833 0.275
vt 0.235 0.475
vt 0.135 0.275
vt 0.135 0.475
vt 0.15167 0.475
vt 0.15167 0.275
vt 0.135 0.275
vt 0.15167 0.475
vt 0.15167 0.275
vt 0.15167 0.475
vt 0.16833 0.475
vt 0.16833 0.275
vt 0.15167 0.275
vt 0.16833 0.475
vt 0.16833 0.275
vt 0.16833 0.475
vt 0.185 0.475
vt 0.185 0.275
vt 0.16833 0.275
vt 0.185 0.475
vt 0.185 0.275
vt 0.185 0.475
vt 0.20167 0.475
vt 0.20167 0.275
vt 0.185 0.275
vt 0.20167 0.475
vt 0.20167 0.275
vt 0.20167 0.475
vt 0.21833 0.475
vt 0.21833 0.275
vt 0.20167 0.275
vt 0.21833 0.475
vt 0.21833 0.275
vt 0.21833 0.475
vt 0.235 0.475
vt 0.235 0.275
vt 0.21833 0.275
vt 0.235 0.475
vt 0.135 0.275
vt 0.135 0.475
vt 0.15167 0.475
vt 0.15167 0.275
vt 0.135 0.275
vt 0.15167 0.475
vt 0.15167 0.275
vt 0.15167 0.475
vt 0.16833 0.475
vt 0.16833 0.275
vt 0.15167 0.275
vt 0.16833 0.475
vt 0.16833 0.275
vt 0.16833 0.475
vt 0.185 0.475
vt 0.185 0.275
vt 0.16833 0.275
vt 0.185 0.475
vt 0.185 0.275
vt 0.185 0.475
vt 0.20167 0.475
vt 0.20167 0.275
vt 0.185 0.275
vt 0.20167 0.475
vt 0.20167 0.275
vt 0.20167 0.475
vt 0.21833 0.475
vt 0.21833 0.275
vt 0.20167 0.275
vt 0.21833 0.475
vt 0.21833 0.275
vt 0.21833 0.475
vt 0.235 0.475
vt 0.235 0.275
vt 0.21833 0.275
vt 0.235 0.475
vt 0.135 0.275
vt 0.135 0.475
vt 0.15167 0.475
vt 0.15167 0.275
vt 0.135 0.275
vt 0.15167 0.475
vt 0.15167 0.275
vt 0.15167 0.475
vt 0.16833 0.475
vt 0.16833 0.275
vt 0.15167 0.275
vt 0.16833 0.475
vt 0.16833 0.275
vt 0.16833 0.475
vt 0.185 0.475
vt 0.185 0.275
vt 0.16833 0.275
vt 0.185 0.475
vt 0.185 0.275
vt 0.185 0.475
vt 0.20167 0.475
vt 0.20167 0.275
vt 0.185 0.275
vt 0.20167 0.475
vt 0.20167 0.275
vt 0.20167 0.475
vt 0.21833 0.475
vt 0.21833 0.275
vt 0.20167 0.275
vt 0.21833 0.475
vt 0.21833 0.275
vt 0.21833 0.475
vt 0.235 0.475
vt 0.235 0.275
vt 0.21833 0.275
vt 0.235 0.475
vt 0.135 0.275
vt 0.135 0.475
vt 0.15167 0.475
vt 0.15167 0.275
vt 0.135 0.275
vt 0.15167 0.475
vt 0.15167 0.275
vt 0.15167 0.475
vt 0.16833 0.475
vt 0.16833 0.275
vt 0.15167 0.275
vt 0.16833 0.475
vt 0.16833 0.275
vt 0.16833 0.475
vt 0.185 0.475
vt 0.185 0.275
vt 0.16833 0.275
vt 0.185 0.475
vt 0.185 0.275
vt 0.185 0.475
vt 0.20167 0.475
vt 0.20167 0.275
vt 0.185 0.275
vt 0.20167 0.475
vt 0.20167 0.275
vt 0.20167 0.475
vt 0.21833 0.475
vt 0.21833 0.275
vt 0.20167 0.275
vt 0.21833 0.475
vt 0.21833 0.275
vt 0.21833 0.475
vt 0.235 0.475
vt 0.235 0.275
vt 0.21833 0.275
vt 0.235 0.475
vt 0.135 0.275
vt 0.135 0.475
vt 0.15167 0.475
vt 0.15167 0.275
vt 0.135 0.275
vt 0.15167 0.475
vt 0.15167 0.275
vt 0.15167 0.475
vt 0.16833 0.475
vt 0.16833 0.275
vt 0.15167 0.275
vt 0.16833 0.475
vt 0.16833 0.275
vt 0.16833 0.475
vt 0.185 0.475
vt 0.185 0.275
vt 0.16833 0.275
vt 0.185 0.475
vt 0.185 0.275
vt 0.185 0.475
vt 0.20167 0.475
vt 0.20167 0.275
vt 0.185 0.275
vt 0.20167 0.475
vt 0.20167 0.275
vt 0.20167 0.475
vt 0.21833 0.475
vt 0.21833 0.275
vt 0.20167 0.275
vt 0.21833 0.475
vt 0.21833 0.275
vt 0.21833 0.475
vt 0.235 0.475
vt 0.235 0.275
vt 0.21833 0.275
vt 0.235 0.475
vt 0.135 0.275
vt 0.135 0.475
vt 0.15167 0.475
vt 0.15167 0.275
vt 0.135 0.275
vt 0.15167 0.475
vt 0.15167 0.275
vt 0.15167 0.475
vt 0.16833 0.475
vt 0.16833 0.275
vt 0.15167 0.275
vt 0.16833 0.475
vt 0.16833 0.275
vt 0.16833 0.475
vt 0.185 0.475
vt 0.185 0.275
vt 0.16833 0.275
vt 0.185 0.475
vt 0.185 0.275
vt 0.185 0.475
vt 0.20167 0.475
vt 0.20167 0.275
vt 0.185 0.275
vt 0.20167 0.475
vt 0.20167 0.275
vt 0.20167 0.475
vt 0.21833 0.475
vt 0.21833 0.275
vt 0.20167 0.275
vt 0.21833 0.475
vt 0.21833 0.275
vt 0.21833 0.475
vt 0.235 0.475
vt 0.235 0.275
vt 0.21833 0.275
vt 0.235 0.475
vt 0.135 0.275
vt 0.135 0.475
vt 0.15167 0.475
vt 0.15167 0.275
vt 0.135 0.275
vt 0.15167 0.475
vt 0.15167 0.275
vt 0.15167 0.475
vt 0.16833 0.475
vt 0.16833 0.275
vt 0.15167 0.275
vt 0.16833 0.475
vt 0.16833 0.275
vt 0.16833 0.475
vt 0.185 0.475
vt 0.185 0.275
vt 0.16833 0.275
vt 0.185 0.475
vt 0.185 0.275
vt 0.185 0.475
vt 0.20167 0.475
vt 0.20167 0.275
vt 0.185 0.275
vt 0.20167 0.475
vt 0.20167 0.275
vt 0.20167 0.475
vt 0.21833 0.475
vt 0.21833 0.275
vt 0.20167 0.275
vt 0.21833 0.475
vt 0.21833 0.275
vt 0.21833 0.475
vt 0.235 0.475
vt 0.235 0.275
vt 0.21833 0.275
vt 0.235 0.475
vt 0.135 0.275
vt 0.135 0.475
vt 0.15167 0.475
vt 0.15167 0.275
vt 0.135 0.275
vt 0.15167 0.475
vt 0.15167 0.275
vt 0.15167 0.475
vt 0.16833 0.475
vt 0.16833 0.275
vt 0.15167 0.275
vt 0.16833 0.475
vt 0.16833 0.275
vt 0.16833 0.475
vt 0.185 0.475
vt 0.185 0.275
vt 0.16833 0.275
vt 0.185 0.475
vt 0.185 0.275
vt 0.185 0.475
vt 0.20167 0.475
vt 0.20167 0.275
vt 0.185 0.275
vt 0.20167 0.475
vt 0.20167 0.275
vt 0.20167 0.475
vt 0.21833 0.475
vt 0.21833 0.275
vt 0.20167 0.275
vt 0.21833 0.475
vt 0.21833 0.275
vt 0.21833 0.475
vt 0.235 0.475
vt 0.235 0.275
vt 0.21833 0.275
vt 0.235 0.475
vt 0.135 0.275
vt 0.135 0.475
vt 0.15167 0.475
vt 0.15167 0.275
vt 0.135 0.275
vt 0.15167 0.475
vt 0.15167 0.275
vt 0.15167 0.475
vt 0.16833 0.475
vt 0.16833 0.275
vt 0.15167 0.275
vt 0.16833 0.475
vt 0.16833 0.275
vt 0.16833 0.475
vt 0.185 0.475
vt 0.185 0.275
vt 0.16833 0.275
vt 0.185 0.475
vt 0.185 0.275
vt 0.185 0.475
vt 0.20167 0.475
vt 0.20167 0.275
vt 0.185 0.275
vt 0.20167 0.475
vt 0.20167 0.275
vt 0.20167 0.475
vt 0.21833 0.475
vt 0.21833 0.275
vt 0.20167 0.275
vt 0.21833 0.475
vt 0.21833 0.275
vt 0.21833 0.475
vt 0.235 0.475
vt 0.235 0.275
vt 0.21833 0.275
vt 0.235 0.475
vt 0.135 0.275
vt 0.135 0.475
vt 0.15167 0.475
vt 0.15167 0.275
vt 0.135 0.275
vt 0.15167 0.475
vt 0.15167 0.275
vt 0.15167 0.475
vt 0.16833 0.475
vt 0.16833 0.275
vt 0.15167 0.275
vt 0.16833 0.475
vt 0.16833 0.275
vt 0.16833 0.475
vt 0.185 0.475
vt 0.185 0.275
vt 0.16833 0.275
vt 0.185 0.475
vt 0.185 0.275
vt 0.185 0.475
vt 0.20167 0.475
vt 0.20167 0.275
vt 0.185 0.275
vt 0.20167 0.475
vt 0.20167 0.275
vt 0.20167 0.475
vt 0.21833 0.475
vt 0.21833 0.275
vt 0.20167 0.275
vt 0.21833 0.475
vt 0.21833 0.275
vt 0.21833 0.475
vt 0.235 0.475
vt 0.235 0.275
vt 0.21833 0.275
vt 0.235 0.475
vt 0.135 0.275
vt 0.135 0.475
vt 0.15167 0.475
vt 0.15167 0.275
vt 0.135 0.275
vt 0.15167 0.475
vt 0.15167 0.275
vt 0.15167 0.475
vt 0.16833 0.475
vt 0.16833 0.275
vt 0.15167 0.275
vt 0.16833 0.475
vt 0.16833 0.275
vt 0.16833 0.475
vt 0.185 0.475
vt 0.185 0.275
vt 0.16833 0.275
vt 0.185 0.475
vt 0.185 0.275
vt 0.185 0.475
vt 0.20167 0.475
vt 0.20167 0.275
vt 0.185 0.275
vt 0.20167 0.475
vt 0.20167 0.275
vt 0.20167 0.475
vt 0.21833 0.475
vt 0.21833 0.275
vt 0.20167 0.275
vt 0.21833 0.475
vt 0.21833 0.275
vt 0.21833 0.475
vt 0.235 0.475
vt 0.235 0.275
vt 0.21833 0.275
vt 0.235 0.475
vt 0.135 0.275
vt 0.135 0.475
vt 0.15167 0.475
vt 0.15167 0.275
vt 0.135 0.275
vt 0.15167 0.475
vt 0.15167 0.275
vt 0.15167 0.475
vt 0.16833 0.475
vt 0.16833 0.275
vt 0.15167 0.275
vt 0.16833 0.475
vt 0.16833 0.275
vt 0.16833 0.475
vt 0.185 0.475
vt 0.185 0.275
vt 0.16833 0.275
vt 0.185 0.475
vt 0.185 0.275
vt 0.185 0.475
vt 0.20167 0.475
vt 0.20167 0.275
vt 0.185 0.275
vt 0.20167 0.475
vt 0.20167 0.275
vt 0.20167 0.475
vt 0.21833 0.475
vt 0.21833 0.275
vt 0.20167 0.275
vt 0.21833 0.475
vt 0.21833 0.275
vt 0.21833 0.475
vt 0.235 0.475
vt 0.235 0.275
vt 0.21833 0.275
vt 0.235 0.475
vt 0.135 0.275
vt 0.135 0.475
vt 0.15167 0.475
vt 0.15167 0.275
vt 0.135 0.275
vt 0.15167 0.475
vt 0.15167 0.275
vt 0.15167 0.475
vt 0.16833 0.475
vt 0.16833 0.275
vt 0.15167 0.275
vt 0.16833 0.475
vt 0.16833 0.275
vt 0.16833 0.475
vt 0.185 0.475
vt 0.185 0.275
vt 0.16833 0.275
vt 0.185 0.475
vt 0.185 0.275
vt 0.185 0.475
vt 0.20167 0.475
vt 0.20167 0.275
vt 0.185 0.275
vt 0.20167 0.475
vt 0.20167 0.275
vt 0.20167 0.475
vt 0.21833 0.475
vt 0.21833 0.275
vt 0.20167 0.275
vt 0.21833 0.475
vt 0.21833 0.275
vt 0.21833 0.475
vt 0.235 0.475
vt 0.235 0.275
vt 0.21833 0.275
vt 0.235 0.475
vt 0.135 0.275
vt 0.135 0.475
vt 0.15167 0.475
vt 0.15167 0.275
vt 0.135 0.275
vt 0.15167 0.475
vt 0.15167 0.275
vt 0.15167 0.475
vt 0.16833 0.475
vt 0.16833 0.275
vt 0.15167 0.275
vt 0.16833 0.475
vt 0.16833 0.275
vt 0.16833 0.475
vt 0.185 0.475
vt 0.185 0.275
vt 0.16833 0.275
vt 0.185 0.475
vt 0.185 0.275
vt 0.185 0.475
vt 0.20167 0.475
vt 0.20167 0.275
vt 0.185 0.275
vt 0.20167 0.475
vt 0.20167 0.275
vt 0.20167 0.475
vt 0.21833 0.475
vt 0.21833 0.275
vt 0.20167 0.275
vt 0.21833 0.475
vt 0.21833 0.275
vt 0.21833 0.475
vt 0.235 0.475
vt 0.235 0.275
vt 0.21833 0.275
vt 0.235 0.475
vt 0.135 0.275
vt 0.135 0.475
vt 0.15167 0.475
vt 0.15167 0.275
vt 0.135 0.275
vt 0.15167 0.475
vt 0.15167 0.275
vt 0.15167 0.475
vt 0.16833 0.475
vt 0.16833 0.275
vt 0.15167 0.275
vt 0.16833 0.475
vt 0.16833 0.275
vt 0.16833 0.475
vt 0.185 0.475
vt 0.185 0.275
vt 0.16833 0.275
vt 0.185 0.475
vt 0.185 0.275
vt 0.185 0.475
vt 0.20167 0.475
vt 0.20167 0.275
vt 0.185 0.275
vt 0.20167 0.475
vt 0.20167 0.275
vt 0.20167 0.475
vt 0.21833 0.475
vt 0.21833 0.275
vt 0.20167 0.275
vt 0.21833 0.475
vt 0.21833 0.275
vt 0.21833 0.475
vt 0.235 0.475
vt 0.235 0.275
vt 0.21833 0.275
vt 0.235 0.475
vt 0.135 0.275
vt 0.135 0.475
vt 0.15167 0.475
vt 0.15167 0.275
vt 0.135 0.275
vt 0.15167 0.475
vt 0.15167 0.275
vt 0.15167 0.475
vt 0.16833 0.475
vt 0.16833 0.275
vt 0.15167 0.275
vt 0.16833 0.475
vt 0.16833 0.275
vt 0.16833 0.475
vt 0.185 0.475
vt 0.185 0.275
vt 0.16833 0.275
vt 0.185 0.475
vt 0.185 0.275
vt 0.185 0.475
vt 0.20167 0.475
vt 0.20167 0.275
vt 0.185 0.275
vt 0.20167 0.475
vt 0.20167 0.275
vt 0.20167 0.475
vt 0.21833 0.475
vt 0.21833 0.275
vt 0.20167 0.275
vt 0.21833 0.475
vt 0.21833 0.275
vt 0.21833 0.475
vt 0.235 0.475
vt 0.235 0.275
vt 0.21833 0.275
vt 0.235 0.475
vt 0.135 0.275
vt 0.135 0.475
vt 0.15167 0.475
vt 0.15167 0.275
vt 0.135 0.275
vt 0.15167 0.475
vt 0.15167 0.275
vt 0.15167 0.475
vt 0.16833 0.475
vt 0.16833 0.275
vt 0.15167 0.275
vt 0.16833 0.475
vt 0.16833 0.275
vt 0.16833 0.475
vt 0.185 0.475
vt 0.185 0.275
vt 0.16833 0.275
vt 0.185 0.475
vt 0.185 0.275
vt 0.185 0.475
vt 0.20167 0.475
vt 0.20167 0.275
vt 0.185 0.275
vt 0.20167 0.475
vt 0.20167 0.275
vt 0.20167 0.475
vt 0.21833 0.475
vt 0.21833 0.275
vt 0.20167 0.275
vt 0.21833 0.475
vt 0.21833 0.275
vt 0.21833 0.475
vt 0.235 0.475
vt 0.235 0.275
vt 0.21833 0.275
vt 0.235 0.475
vt 0.135 0.275
vt 0.135 0.475
vt 0.15167 0.475
vt 0.15167 0.275
vt 0.135 0.275
vt 0.15167 0.475
vt 0.15167 0.275
vt 0.15167 0.475
vt 0.16833 0.475
vt 0.16833 0.275
vt 0.15167 0.275
vt 0.16833 0.475
vt 0.16833 0.275
vt 0.16833 0.475
vt 0.185 0.475
vt 0.185 0.275
vt 0.16833 0.275
vt 0.185 0.475
vt 0.185 0.275
vt 0.185 0.475
vt 0.20167 0.475
vt 0.20167 0.275
vt 0.185 0.275
vt 0.20167 0.475
vt 0.20167 0.275
vt 0.20167 0.475
vt 0.21833 0.475
vt 0.21833 0.275
vt 0.20167 0.275
vt 0.21833 0.475
vt 0.21833 0.275
vt 0.21833 0.475
vt 0.235 0.475
vt 0.235 0.275
vt 0.21833 0.275
vt 0.235 0.475
vt 0.135 0.275
vt 0.135 0.475
vt 0.15167 0.475
vt 0.15167 0.275
vt 0.135 0.275
vt 0.15167 0.475
vt 0.15167 0.275
vt 0.15167 0.475
vt 0.16833 0.475
vt 0.16833 0.275
vt 0.15167 0.275
vt 0.16833 0.475
vt 0.16833 0.275
vt 0.16833 0.475
vt 0.185 0.475
vt 0.185 0.275
vt 0.16833 0.275
vt 0.185 0.475
vt 0.185 0.275
vt 0.185 0.475
vt 0.20167 0.475
vt 0.20167 0.275
vt 0.185 0.275
vt 0.20167 0.475
vt 0.20167 0.275
vt 0.20167 0.475
vt 0.21833 0.475
vt 0.21833 0.275
vt 0.20167 0.275
vt 0.21833 0.475
vt 0.21833 0.275
vt 0.21833 0.475
vt 0.235 0.475
vt 0.235 0.275
vt 0.21833 0.275
vt 0.235 0.475
vt 0.135 0.275
vt 0.135 0.475
vt 0.15167 0.475
vt 0.15167 0.275
vt 0.135 0.275
vt 0.15167 0.475
vt 0.15167 0.275
vt 0.15167 0.475
vt 0.16833 0.475
vt 0.16833 0.275
vt 0.15167 0.275
vt 0.16833 0.475
vt 0.16833 0.275
vt 0.16833 0.475
vt 0.185 0.475
vt 0.185 0.275
vt 0.16833 0.275
vt 0.185 0.475
vt 0.185 0.275
vt 0.185 0.475
vt 0.20167 0.475
vt 0.20167 0.275
vt 0.185 0.275
vt 0.20167 0.475
vt 0.20167 0.275
vt 0.20167 0.475
vt 0.21833 0.475
vt 0.21833 0.275
vt 0.20167 0.275
vt 0.21833 0.475
vt 0.21833 0.275
vt 0.21833 0.475
vt 0.235 0.475
vt 0.235 0.275
vt 0.21833 0.275
vt 0.235 0.475
vt 0.135 0.275
vt 0.135 0.475
vt 0.15167 0.475
vt 0.15167 0.275
vt 0.135 0.275
vt 0.15167 0.475
vt 0.15167 0.275
vt 0.15167 0.475
vt 0.16833 0.475
vt 0.16833 0.275
vt 0.15167 0.275
vt 0.16833 0.475
vt 0.16833 0.275
vt 0.16833 0.475
vt 0.185 0.475
vt 0.185 0.275
vt 0.16833 0.275
vt 0.185 0.475
vt 0.185 0.275
vt 0.185 0.475
vt 0.20167 0.475
vt 0.20167 0.275
vt 0.185 0.275
vt 0.20167 0.475
vt 0.20167 0.275
vt 0.20167 0.475
vt 0.21833 0.475
vt 0.21833 0.275
vt 0.20167 0.275
vt 0.21833 0.475
vt 0.21833 0.275
vt 0.21833 0.475
vt 0.235 0.475
vt 0.235 0.275
vt 0.21833 0.275
vt 0.235 0.475
vt 0.135 0.275
vt 0.135 0.475
vt 0.15167 0.475
vt 0.15167 0.275
vt 0.135 0.275
vt 0.15167 0.475
vt 0.15167 0.275
vt 0.15167 0.475
vt 0.16833 0.475
vt 0.16833 0.275
vt 0.15167 0.275
vt 0.16833 0.475
vt 0.16833 0.275
vt 0.16833 0.475
vt 0.185 0.475
vt 0.185 0.275
vt 0.16833 0.275
vt 0.185 0.475
vt 0.185 0.275
vt 0.185 0.475
vt 0.20167 0.475
vt 0.20167 0.275
vt 0.185 0.275
vt 0.20167 0.475
vt 0.20167 0.275
vt 0.20167 0.475
vt 0.21833 0.475
vt 0.21833 0.275
vt 0.20167 0.275
vt 0.21833 0.475
vt 0.21833 0.275
vt 0.21833 0.475
vt 0.235 0.475
vt 0.235 0.275
vt 0.21833 0.275
vt 0.235 0.475
vt 0.135 0.275
vt 0.135 0.475
vt 0.15167 0.475
vt 0.15167 0.275
vt 0.135 0.275
vt 0.15167 0.475
vt 0.15167 0.275
vt 0.15167 0.475
vt 0.16833 0.475
vt 0.16833 0.275
vt 0.15167 0.275
vt 0.16833 0.475
vt 0.16833 0.275
vt 0.16833 0.475
vt 0.185 0.475
vt 0.185 0.275
vt 0.16833 0.275
vt 0.185 0.475
vt 0.185 0.275
vt 0.185 0.475
vt 0.20167 0.475
vt 0.20167 0.275
vt 0.185 0.275
vt 0.20167 0.475
vt 0.20167 0.275
vt 0.20167 0.475
vt 0.21833 0.475
vt 0.21833 0.275
vt 0.20167 0.275
vt 0.21833 0.475
vt 0.21833 0.275
vt 0.21833 0.475
vt 0.235 0.475
vt 0.235 0.275
vt 0.21833 0.275
vt 0.235 0.475
vt 0.135 0.275
vt 0.135 0.475
vt 0.15167 0.475
vt 0.15167 0.275
vt 0.135 0.275
vt 0.15167 0.475
vt 0.15167 0.275
vt 0.15167 0.475
vt 0.16833 0.475
vt 0.16833 0.275
vt 0.15167 0.275
vt 0.16833 0.475
vt 0.16833 0.275
vt 0.16833 0.475
vt 0.185 0.475
vt 0.185 0.275
vt 0.16833 0.275
vt 0.185 0.475
vt 0.185 0.275
vt 0.185 0.475
vt 0.20167 0.475
vt 0.20167 0.275
vt 0.185 0.275
vt 0.20167 0.475
vt 0.20167 0.275
vt 0.20167 0.475
vt 0.21833 0.475
vt 0.21833 0.275
vt 0.20167 0.275
vt 0.21833 0.475
vt 0.21833 0.275
vt 0.21833 0.475
vt 0.235 0.475
vt 0.235 0.275
vt 0.21833 0.275
vt 0.235 0.475
vt 0.135 0.275
vt 0.135 0.475
vt 0.15167 0.475
vt 0.15167 0.275
vt 0.135 0.275
vt 0.15167 0.475
vt 0.15167 0.275
vt 0.15167 0.475
vt 0.16833 0.475
vt 0.16833 0.275
vt 0.15167 0.275
vt 0.16833 0.475
vt 0.16833 0.275
vt 0.16833 0.475
vt 0.185 0.475
vt 0.185 0.275
vt 0.16833 0.275
vt 0.185 0.475
vt 0.185 0.275
vt 0.185 0.475
vt 0.20167 0.475
vt 0.20167 0.275
vt 0.185 0.275
vt 0.20167 0.475
vt 0.20167 0.275
vt 0.20167 0.475
vt 0.21833 0.475
vt 0.21833 0.275
vt 0.20167 0.275
vt 0.21833 0.475
vt 0.21833 0.275
vt 0.21833 0.475
vt 0.235 0.475
vt 0.235 0.275
vt 0.21833 0.275
vt 0.235 0.475
vt 0.135 0.275
vt 0.135 0.475
vt 0.15167 0.475
vt 0.15167 0.275
vt 0.135 0.275
vt 0.15167 0.475
vt 0.15167 0.275
vt 0.15167 0.475
vt 0.16833 0.475
vt 0.16833 0.275
vt 0.15167 0.275
vt 0.16833 0.475
vt 0.16833 0.275
vt 0.16833 0.475
vt 0.185 0.475
vt 0.185 0.275
vt 0.16833 0.275
vt 0.185 0.475
vt 0.185 0.275
vt 0.185 0.475
vt 0.20167 0.475
vt 0.20167 0.275
vt 0.185 0.275
vt 0.20167 0.475
vt 0.20167 0.275
vt 0.20167 0.475
vt 0.21833 0.475
vt 0.21833 0.275
vt 0.20167 0.275
vt 0.21833 0.475
vt 0.21833 0.275
vt 0.21833 0.475
vt 0.235 0.475
vt 0.235 0.275
vt 0.21833 0.275
vt 0.235 0.475
vt 0.5125 0.775
vt 0.5125 0.941
vt 0.6125 0.775
vt 0.6125 0.775
vt 0.5125 0.941
vt 0.6125 0.941
vt 0.5125 0.941
vt 0.5125 0.975
vt 0.6125 0.941
vt 0.6125 0.941
vt 0.5125 0.975
vt 0.6125 0.975
vt 0.5125 0.775
vt 0.6125 0.775
vt 0.5125 0.941
vt 0.6125 0.775
vt 0.6125 0.941
vt 0.5125 0.941
vt 0.5125 0.941
vt 0.6125 0.941
vt 0.5125 0.975
vt 0.6125 0.941
vt 0.6125 0.975
vt 0.5125 0.975
vt 0.0125 0.525
vt 0.0125 0.691
vt 0.1125 0.525
vt 0.1125 0.525
vt 0.0125 0.691
vt 0.1125 0.691
vt 0.0125 0.691
vt 0.0125 0.725
vt 0.1125 0.691
vt 0.1125 0.691
vt 0.0125 0.725
vt 0.1125 0.725
vt 0.0125 0.525
vt 0.1125 0.525
vt 0.0125 0.691
vt 0.1125 0.525
vt 0.1125 0.691
vt 0.0125 0.691
vt 0.0125 0.691
vt 0.1125 0.691
vt 0.0125 0.725
vt 0.1125 0.691
vt 0.1125 0.725
vt 0.0125 0.725
vt 0.3875 0.775
vt 0.3875 0.941
vt 0.4875 0.775
vt 0.4875 0.775
vt 0.3875 0.941
vt 0.4875 0.941
vt 0.3875 0.941
vt 0.3875 0.975
vt 0.4875 0.941
vt 0.4875 0.941
vt 0.3875 0.975
vt 0.4875 0.975
vt 0.3875 0.775
vt 0.4875 0.775
vt 0.3875 0.941
vt 0.4875 0.775
vt 0.4875 0.941
vt 0.3875 0.941
vt 0.3875 0.941
vt 0.4875 0.941
vt 0.3875 0.975
vt 0.4875 0.941
vt 0.4875 0.975
vt 0.3875 0.975
vt 0.87625 0.025
vt 0.87625 0.191
vt 0.87625 0.025
vt 0.87625 0.025
vt 0.87625 0.191
vt 0.87625 0.225
vt 0.87625 0.191
vt 0.87625 0.225
vt 0.87625 0.225
vt 0.87625 0.025
vt 0.87625 0.025
vt 0.87625 0.191
vt 0.87625 0.025
vt 0.87625 0.225
vt 0.87625 0.191
vt 0.87625 0.191
vt 0.87625 0.225
vt 0.87625 0.225
vt 0.5125 0.941
vt 0.5125 0.775
vt 0.6125 0.775
vt 0.5125 0.941
vt 0.6125 0.775
vt 0.6125 0.941
vt 0.5125 0.975
vt 0.5125 0.941
vt 0.6125 0.941
vt 0.5125 0.975
vt 0.6125 0.941
vt 0.6125 0.975
vt 0.5125 0.941
vt 0.6125 0.775
vt 0.5125 0.775
vt 0.5125 0.941
vt 0.6125 0.941
vt 0.6125 0.775
vt 0.5125 0.975
vt 0.6125 0.941
vt 0.5125 0.941
vt 0.5125 0.975
vt 0.6125 0.975
vt 0.6125 0.941
vt 0.0125 0.691
vt 0.0125 0.525
vt 0.1125 0.525
vt 0.0125 0.691
vt 0.1125 0.525
vt 0.1125 0.691
vt 0.0125 0.725
vt 0.0125 0.691
vt 0.1125 0.691
vt 0.0125 0.725
vt 0.1125 0.691
vt 0.1125 0.725
vt 0.0125 0.691
vt 0.1125 0.525
vt 0.0125 0.525
vt 0.0125 0.691
vt 0.1125 0.691
vt 0.1125 0.525
vt 0.0125 0.725
vt 0.1125 0.691
vt 0.0125 0.691
vt 0.0125 0.725
vt 0.1125 0.725
vt 0.1125 0.691
vt 0.3875 0.941
vt 0.3875 0.775
vt 0.4875 0.775
vt 0.3875 0.941
vt 0.4875 0.775
vt 0.4875 0.941
vt 0.3875 0.975
vt 0.3875 0.941
vt 0.4875 0.941
vt 0.3875 0.975
vt 0.4875 0.941
vt 0.4875 0.975
vt 0.3875 0.941
vt 0.4875 0.775
vt 0.3875 0.775
vt 0.3875 0.941
vt 0.4875 0.941
vt 0.4875 0.775
vt 0.3875 0.975
vt 0.4875 0.941
vt 0.3875 0.941
vt 0.3875 0.975
vt 0.4875 0.975
vt 0.4875 0.941
vt 0.87625 0.191
vt 0.87625 0.025
vt 0.87625 0.025
vt 0.87625 0.191
vt 0.87625 0.025
vt 0.87625 0.225
vt 0.87625 0.225
vt 0.87625 0.191
vt 0.87625 0.225
vt 0.87625 0.191
vt 0.87625 0.025
vt 0.87625 0.025
vt 0.87625 0.191
vt 0.87625 0.225
vt 0.87625 0.025
vt 0.87625 0.225
vt 0.87625 0.225
vt 0.87625 0.191
vt 0.5125 0.775
vt 0.5125 0.941
vt 0.6125 0.775
vt 0.6125 0.775
vt 0.5125 0.941
vt 0.6125 0.941
vt 0.5125 0.941
vt 0.5125 0.975
vt 0.6125 0.941
vt 0.6125 0.941
vt 0.5125 0.975
vt 0.6125 0.975
vt 0.5125 0.775
vt 0.6125 0.775
vt 0.5125 0.941
vt 0.6125 0.775
vt 0.6125 0.941
vt 0.5125 0.941
vt 0.5125 0.941
vt 0.6125 0.941
vt 0.5125 0.975
vt 0.6125 0.941
vt 0.6125 0.975
vt 0.5125 0.975
vt 0.6375 0.525
vt 0.6375 0.691
vt 0.7375 0.525
vt 0.7375 0.525
vt 0.6375 0.691
vt 0.7375 0.725
vt 0.6375 0.691
vt 0.6375 0.725
vt 0.7375 0.725
vt 0.6375 0.525
vt 0.7375 0.525
vt 0.6375 0.691
vt 0.7375 0.525
vt 0.7375 0.725
vt 0.6375 0.691
vt 0.6375 0.691
vt 0.7375 0.725
vt 0.6375 0.725
vt 0.5125 0.941
vt 0.5125 0.775
vt 0.6125 0.775
vt 0.5125 0.941
vt 0.6125 0.775
vt 0.6125 0.941
vt 0.5125 0.975
vt 0.5125 0.941
vt 0.6125 0.941
vt 0.5125 0.975
vt 0.6125 0.941
vt 0.6125 0.975
vt 0.5125 0.941
vt 0.6125 0.775
vt 0.5125 0.775
vt 0.5125 0.941
vt 0.6125 0.941
vt 0.6125 0.775
vt 0.5125 0.975
vt 0.6125 0.941
vt 0.5125 0.941
vt 0.5125 0.975
vt 0.6125 0.975
vt 0.6125 0.941
vt 0.6375 0.691
vt 0.6375 0.525
vt 0.7375 0.525
vt 0.6375 0.691
vt 0.7375 0.525
vt 0.7375 0.725
vt 0.6375 0.725
vt 0.6375 0.691
vt 0.7375 0.725
vt 0.6375 0.691
vt 0.7375 0.525
vt 0.6375 0.525
vt 0.6375 0.691
vt 0.7375 0.725
vt 0.7375 0.525
vt 0.6375 0.725
vt 0.7375 0.725
vt 0.6375 0.691
vt 0.3875 0.775
vt 0.3875 0.941
vt 0.4875 0.775
vt 0.4875 0.775
vt 0.3875 0.941
vt 0.4875 0.975
vt 0.3875 0.941
vt 0.3875 0.975
vt 0.4875 0.975
vt 0.3875 0.775
vt 0.4875 0.775
vt 0.3875 0.941
vt 0.4875 0.775
vt 0.4875 0.975
vt 0.3875 0.941
vt 0.3875 0.941
vt 0.4875 0.975
vt 0.3875 0.975
vt 0.3875 0.941
vt 0.3875 0.775
vt 0.4875 0.775
vt 0.3875 0.941
vt 0.4875 0.775
vt 0.4875 0.975
vt 0.3875 0.975
vt 0.3875 0.941
vt 0.4875 0.975
vt 0.3875 0.941
vt 0.4875 0.775
vt 0.3875 0.775
vt 0.3875 0.941
vt 0.4875 0.975
vt 0.4875 0.775
vt 0.3875 0.975
vt 0.4875 0.975
vt 0.3875 0.941
vt 0.1375 0.275
vt 0.1375 0.441
vt 0.2375 0.275
vt 0.2375 0.275
vt 0.1375 0.441
vt 0.2375 0.475
vt 0.1375 0.441
vt 0.1375 0.475
vt 0.2375 0.475
vt 0.1375 0.275
vt 0.2375 0.275
vt 0.1375 0.441
vt 0.2375 0.275
vt 0.2375 0.475
vt 0.1375 0.441
vt 0.1375 0.441
vt 0.2375 0.475
vt 0.1375 0.475
vt 0.1375 0.441
vt 0.1375 0.275
vt 0.2375 0.275
vt 0.1375 0.441
vt 0.2375 0.275
vt 0.2375 0.475
vt 0.1375 0.475
vt 0.1375 0.441
vt 0.2375 0.475
vt 0.1375 0.441
vt 0.2375 0.275
vt 0.1375 0.275
vt 0.1375 0.441
vt 0.2375 0.475
vt 0.2375 0.275
vt 0.1375 0.475
vt 0.2375 0.475
vt 0.1375 0.441
vt 0.2625 0.275
vt 0.2625 0.441
vt 0.3625 0.275
vt 0.3625 0.275
vt 0.2625 0.441
vt 0.3625 0.475
vt 0.2625 0.441
vt 0.2625 0.475
vt 0.3625 0.475
vt 0.2625 0.275
vt 0.3625 0.275
vt 0.2625 0.441
vt 0.3625 0.275
vt 0.3625 0.475
vt 0.2625 0.441
vt 0.2625 0.441
vt 0.3625 0.475
vt 0.2625 0.475
vt 0.2625 0.441
vt 0.2625 0.275
vt 0.3625 0.275
vt 0.2625 0.441
vt 0.3625 0.275
vt 0.3625 0.475
vt 0.2625 0.475
vt 0.2625 0.441
vt 0.3625 0.475
vt 0.2625 0.441
vt 0.3625 0.275
vt 0.2625 0.275
vt 0.2625 0.441
vt 0.3625 0.475
vt 0.3625 0.275
vt 0.2625 0.475
vt 0.3625 0.475
vt 0.2625 0.441
vt 0.87625 0.025
vt 0.87625 0.125
vt 0.87625 0.025
vt 0.87625 0.025
vt 0.87625 0.125
vt 0.87625 0.125
vt 0.87625 0.125
vt 0.87625 0.225
vt 0.87625 0.125
vt 0.87625 0.125
vt 0.87625 0.225
vt 0.87625 0.225
vt 0.87625 0.025
vt 0.87625 0.025
vt 0.87625 0.125
vt 0.87625 0.025
vt 0.87625 0.125
vt 0.87625 0.125
vt 0.87625 0.125
vt 0.87625 0.125
vt 0.87625 0.225
vt 0.87625 0.125
vt 0.87625 0.225
vt 0.87625 0.225
vt 0.3875 0.775
vt 0.3875 0.875
vt 0.4875 0.775
vt 0.4875 0.775
vt 0.3875 0.875
vt 0.4875 0.975
vt 0.3875 0.875
vt 0.3875 0.975
vt 0.4875 0.975
vt 0.3875 0.775
vt 0.4875 0.775
vt 0.3875 0.875
vt 0.4875 0.775
vt 0.4875 0.975
vt 0.3875 0.875
vt 0.3875 0.875
vt 0.4875 0.975
vt 0.3875 0.975
vt 0.87625 0.125
vt 0.87625 0.025
vt 0.87625 0.025
vt 0.87625 0.125
vt 0.87625 0.025
vt 0.87625 0.125
vt 0.87625 0.225
vt 0.87625 0.125
vt 0.87625 0.125
vt 0.87625 0.225
vt 0.87625 0.125
vt 0.87625 0.225
vt 0.87625 0.125
vt 0.87625 0.025
vt 0.87625 0.025
vt 0.87625 0.125
vt 0.87625 0.125
vt 0.87625 0.025
vt 0.87625 0.225
vt 0.87625 0.125
vt 0.87625 0.125
vt 0.87625 0.225
vt 0.87625 0.225
vt 0.87625 0.125
vt 0.3875 0.875
vt 0.3875 0.775
vt 0.4875 0.775
vt 0.3875 0.875
vt 0.4875 0.775
vt 0.4875 0.975
vt 0.3875 0.975
vt 0.3875 0.875
vt 0.4875 0.975
vt 0.3875 0.875
vt 0.4875 0.775
vt 0.3875 0.775
vt 0.3875 0.875
vt 0.4875 0.975
vt 0.4875 0.775
vt 0.3875 0.975
vt 0.4875 0.975
vt 0.3875 0.875

f 13/1 1/2 2/3
f 14/4 13/5 2/6
f 14/7 2/8 3/9
f 15/10 14/11 3/12
f 15/13 3/14 4/15
f 16/16 15/17 4/18
f 16/19 4/20 5/21
f 17/22 16/23 5/24
f 17/25 5/26 6/27
f 18/28 17/29 6/30
f 18/31 6/32 7/33
f 19/34 18/35 7/36
f 19/37 7/38 20/39
f 7/40 8/41 20/42
f 20/43 8/44 21/45
f 8/46 9/47 21/48
f 21/49 9/50 22/51
f 9/52 10/53 22/54
f 22/55 10/56 23/57
f 10/58 11/59 23/60
f 23/61 11/62 24/63
f 11/64 12/65 24/66
f 24/67 12/68 13/69
f 12/70 1/71 13/72
f 25/73 13/74 14/75
f 26/76 25/77 14/78
f 26/79 14/80 15/81
f 27/82 26/83 15/84
f 27/85 15/86 16/87
f 28/88 27/89 16/90
f 28/91 16/92 17/93
f 29/94 28/95 17/96
f 29/97 17/98 18/99
f 30/100 29/101 18/102
f 30/103 18/104 19/105
f 31/106 30/107 19/108
f 31/109 19/110 32/111
f 19/112 20/113 32/114
f 32/115 20/116 33/117
f 20/118 21/119 33/120
f 33/121 21/122 34/123
f 21/124 22/125 34/126
f 34/127 22/128 35/129
f 22/130 23/131 35/132
f 35/133 23/134 36/135
f 23/136 24/137 36/138
f 36/139 24/140 25/141
f 24/142 13/143 25/144
f 37/145 25/146 26/147
f 38/148 37/149 26/150
f 38/151 26/152 27/153
f 39/154 38/155 27/156
f 39/157 27/158 28/159
f 40/160 39/161 28/162
f 40/163 28/164 29/165
f 41/166 40/167 29/168
f 41/169 29/170 30/171
f 42/172 41/173 30/174
f 42/175 30/176 31/177
f 43/178 42/179 31/180
f 43/181 31/182 44/183
f 31/184 32/185 44/186
f 44/187 32/188 45/189
f 32/190 33/191 45/192
f 45/193 33/194 46/195
f 33/196 34/197 46/198
f 46/199 34/200 47/201
f 34/202 35/203 47/204
f 47/205 35/206 48/207
f 35/208 36/209 48/210
f 48/211 36/212 37/213
f 36/214 25/215 37/216
f 49/217 37/218 38/219
f 50/220 49/221 38/222
f 50/223 38/224 39/225
f 51/226 50/227 39/228
f 51/229 39/230 40/231
f 52/232 51/233 40/234
f 52/235 40/236 41/237
f 53/238 52/239 41/240
f 53/241 41/242 42/243
f 54/244 53/245 42/246
f 54/247 42/248 43/249
f 55/250 54/251 43/252
f 55/253 43/254 56/255
f 43/256 44/257 56/258
f 56/259 44/260 57/261
f 44/262 45/263 57/264
f 57/265 45/266 58/267
f 45/268 46/269 58/270
f 58/271 46/272 59/273
f 46/274 47/275 59/276
f 59/277 47/278 60/279
f 47/280 48/281 60/282
f 60/283 48/284 49/285
f 48/286 37/287 49/288
f 61/289 49/290 50/291
f 62/292 61/293 50/294
f 62/295 50/296 51/297
f 63/298 62/299 51/300
f 63/301 51/302 52/303
f 64/304 63/305 52/306
f 64/307 52/308 53/309
f 65/310 64/311 53/312
f 65/313 53/314 54/315
f 66/316 65/317 54/318
f 66/319 54/320 55/321
f 67/322 66/323 55/324
f 67/325 55/326 68/327
f 55/328 56/329 68/330
f 68/331 56/332 69/333
f 56/334 57/335 69/336
f 69/337 57/338 70/339
f 57/340 58/341 70/342
f 70/343 58/344 71/345
f 58/346 59/347 71/348
f 71/349 59/350 72/351
f 59/352 60/353 72/354
f 72/355 60/356 61/357
f 60/358 49/359 61/360
f 73/361 61/362 62/363
f 74/364 73/365 62/366
f 74/367 62/368 63/369
f 75/370 74/371 63/372
f 75/373 63/374 64/375
f 76/376 75/377 64/378
f 76/379 64/380 65/381
f 77/382 76/383 65/384
f 77/385 65/386 66/387
f 78/388 77/389 66/390
f 78/391 66/392 67/393
f 79/394 78/395 67/396
f 79/397 67/398 80/399
f 67/400 68/401 80/402
f 80/403 68/404 81/405
f 68/406 69/407 81/408
f 81/409 69/410 82/411
f 69/412 70/413 82/414
f 82/415 70/416 83/417
f 70/418 71/419 83/420
f 83/421 71/422 84/423
f 71/424 72/425 84/426
f 84/427 72/428 73/429
f 72/430 61/431 73/432
f 85/433 73/434 74/435
f 86/436 85/437 74/438
f 86/439 74/440 75/441
f 87/442 86/443 75/444
f 87/445 75/446 76/447
f 88/448 87/449 76/450
f 88/451 76/452 77/453
f 89/454 88/455 77/456
f 89/457 77/458 78/459
f 90/460 89/461 78/462
f 90/463 78/464 79/465
f 91/466 90/467 79/468
f 91/469 79/470 92/471
f 79/472 80/473 92/474
f 92/475 80/476 93/477
f 80/478 81/479 93/480
f 93/481 81/482 94/483
f 81/484 82/485 94/486
f 94/487 82/488 95/489
f 82/490 83/491 95/492
f 95/493 83/494 96/495
f 83/496 84/497 96/498
f 96/499 84/500 85/501
f 84/502 73/503 85/504
f 97/505 85/506 86/507
f 98/508 97/509 86/510
f 98/511 86/512 87/513
f 99/514 98/515 87/516
f 99/517 87/518 88/519
f 100/520 99/521 88/522
f 100/523 88/524 89/525
f 101/526 100/527 89/528
f 101/529 89/530 90/531
f 102/532 101/533 90/534
f 102/535 90/536 91/537
f 103/538 102/539 91/540
f 103/541 91/542 104/543
f 91/544 92/545 104/546
f 104/547 92/548 105/549
f 92/550 93/551 105/552
f 105/553 93/554 106/555
f 93/556 94/557 106/558
f 106/559 94/560 107/561
f 94/562 95/563 107/564
f 107/565 95/566 108/567
f 95/568 96/569 108/570
f 108/571 96/572 97/573
f 96/574 85/575 97/576
f 117/577 109/578 110/579
f 118/580 117/581 110/582
f 118/583 110/584 111/585
f 119/586 118/587 111/588
f 119/589 111/590 112/591
f 120/592 119/593 112/594
f 120/595 112/596 113/597
f 121/598 120/599 113/600
f 121/601 113/602 122/603
f 113/604 114/605 122/606
f 122/607 114/608 123/609
f 114/610 115/611 123/612
f 123/613 115/614 124/615
f 115/616 116/617 124/618
f 124/619 116/620 117/621
f 116/622 109/623 117/624
f 125/625 117/626 118/627
f 126/628 125/629 118/630
f 126/631 118/632 119/633
f 127/634 126/635 119/636
f 127/637 119/638 120/639
f 128/640 127/641 120/642
f 128/643 120/644 121/645
f 129/646 128/647 121/648
f 129/649 121/650 130/651
f 121/652 122/653 130/654
f 130/655 122/656 131/657
f 122/658 123/659 131/660
f 131/661 123/662 132/663
f 123/664 124/665 132/666
f 132/667 124/668 125/669
f 124/670 117/671 125/672
f 133/673 125/674 126/675
f 134/676 133/677 126/678
f 134/679 126/680 127/681
f 135/682 134/683 127/684
f 135/685 127/686 128/687
f 136/688 135/689 128/690
f 136/691 128/692 129/693
f 137/694 136/695 129/696
f 137/697 129/698 138/699
f 129/700 130/701 138/702
f 138/703 130/704 139/705
f 130/706 131/707 139/708
f 139/709 131/710 140/711
f 131/712 132/713 140/714
f 140/715 132/716 133/717
f 132/718 125/719 133/720
f 141/721 133/722 134/723
f 142/724 141/725 134/726
f 142/727 134/728 135/729
f 143/730 142/731 135/732
f 143/733 135/734 136/735
f 144/736 143/737 136/738
f 144/739 136/740 137/741
f 145/742 144/743 137/744
f 145/745 137/746 146/747
f 137/748 138/749 146/750
f 146/751 138/752 147/753
f 138/754 139/755 147/756
f 147/757 139/758 148/759
f 139/760 140/761 148/762
f 148/763 140/764 141/765
f 140/766 133/767 141/768
f 149/769 141/770 142/771
f 150/772 149/773 142/774
f 150/775 142/776 143/777
f 151/778 150/779 143/780
f 151/781 143/782 144/783
f 152/784 151/785 144/786
f 152/787 144/788 145/789
f 153/790 152/791 145/792
f 153/793 145/794 154/795
f 145/796 146/797 154/798
f 154/799 146/800 155/801
f 146/802 147/803 155/804
f 155/805 147/806 156/807
f 147/808 148/809 156/810
f 156/811 148/812 149/813
f 148/814 141/815 149/816
f 157/817 149/818 150/819
f 158/820 157/821 150/822
f 158/823 150/824 151/825
f 159/826 158/827 151/828
f 159/829 151/830 152/831
f 160/832 159/833 152/834
f 160/835 152/836 153/837
f 161/838 160/839 153/840
f 161/841 153/842 162/843
f 153/844 154/845 162/846
f 162/847 154/848 163/849
f 154/850 155/851 163/852
f 163/853 155/854 164/855
f 155/856 156/857 164/858
f 164/859 156/860 157/861
f 156/862 149/863 157/864
f 173/865 165/866 166/867
f 174/868 173/869 166/870
f 174/871 166/872 167/873
f 175/874 174/875 167/876
f 175/877 167/878 168/879
f 176/880 175/881 168/882
f 176/883 168/884 169/885
f 177/886 176/887 169/888
f 177/889 169/890 178/891
f 169/892 170/893 178/894
f 178/895 170/896 179/897
f 170/898 171/899 179/900
f 179/901 171/902 180/903
f 171/904 172/905 180/906
f 180/907 172/908 173/909
f 172/910 165/911 173/912
f 181/913 173/914 174/915
f 182/916 181/917 174/918
f 182/919 174/920 175/921
f 183/922 182/923 175/924
f 183/925 175/926 176/927
f 184/928 183/929 176/930
f 184/931 176/932 177/933
f 185/934 184/935 177/936
f 185/937 177/938 186/939
f 177/940 178/941 186/942
f 186/943 178/944 187/945
f 178/946 179/947 187/948
f 187/949 179/950 188/951
f 179/952 180/953 188/954
f 188/955 180/956 181/957
f 180/958 173/959 181/960
f 189/961 181/962 182/963
f 190/964 189/965 182/966
f 190/967 182/968 183/969
f 191/970 190/971 183/972
f 191/973 183/974 184/975
f 192/976 191/977 184/978
f 192/979 184/980 185/981
f 193/982 192/983 185/984
f 193/985 185/986 194/987
f 185/988 186/989 194/990
f 194/991 186/992 195/993
f 186/994 187/995 195/996
f 195/997 187/998 196/999
f 187/1000 188/1001 196/1002
f 196/1003 188/1004 189/1005
f 188/1006 181/1007 189/1008
f 197/1009 189/1010 190/1011
f 198/1012 197/1013 190/1014
f 198/1015 190/1016 191/1017
f 199/1018 198/1019 191/1020
f 199/1021 191/1022 192/1023
f 200/1024 199/1025 192/1026
f 200/1027 192/1028 193/1029
f 201/1030 200/1031 193/1032
f 201/1033 193/1034 202/1035
f 193/1036 194/1037 202/1038
f 202/1039 194/1040 203/1041
f 194/1042 195/1043 203/1044
f 203/1045 195/1046 204/1047
f 195/1048 196/1049 204/1050
f 204/1051 196/1052 197/1053
f 196/1054 189/1055 197/1056
f 205/1057 197/1058 198/1059
f 206/1060 205/1061 198/1062
f 206/1063 198/1064 199/1065
f 207/1066 206/1067 199/1068
f 207/1069 199/1070 200/1071
f 208/1072 207/1073 200/1074
f 208/1075 200/1076 201/1077
f 209/1078 208/1079 201/1080
f 209/1081 201/1082 210/1083
f 201/1084 202/1085 210/1086
f 210/1087 202/1088 211/1089
f 202/1090 203/1091 211/1092
f 211/1093 203/1094 212/1095
f 203/1096 204/1097 212/1098
f 212/1099 204/1100 205/1101
f 204/1102 197/1103 205/1104
f 213/1105 205/1106 206/1107
f 214/1108 213/1109 206/1110
f 214/1111 206/1112 207/1113
f 215/1114 214/1115 207/1116
f 215/1117 207/1118 208/1119
f 216/1120 215/1121 208/1122
f 216/1123 208/1124 209/1125
f 217/1126 216/1127 209/1128
f 217/1129 209/1130 218/1131
f 209/1132 210/1133 218/1134
f 218/1135 210/1136 219/1137
f 210/1138 211/1139 219/1140
f 219/1141 211/1142 220/1143
f 211/1144 212/1145 220/1146
f 220/1147 212/1148 213/1149
f 212/1150 205/1151 213/1152
f 221/1153 213/1154 214/1155
f 222/1156 221/1157 214/1158
f 222/1159 214/1160 215/1161
f 223/1162 222/1163 215/1164
f 223/1165 215/1166 216/1167
f 224/1168 223/1169 216/1170
f 224/1171 216/1172 217/1173
f 225/1174 224/1175 217/1176
f 225/1177 217/1178 226/1179
f 217/1180 218/1181 226/1182
f 226/1183 218/1184 227/1185
f 218/1186 219/1187 227/1188
f 227/1189 219/1190 228/1191
f 219/1192 220/1193 228/1194
f 228/1195 220/1196 221/1197
f 220/1198 213/1199 221/1200
f 229/1201 221/1202 222/1203
f 230/1204 229/1205 222/1206
f 230/1207 222/1208 223/1209
f 231/1210 230/1211 223/1212
f 231/1213 223/1214 224/1215
f 232/1216 231/1217 224/1218
f 232/1219 224/1220 225/1221
f 233/1222 232/1223 225/1224
f 233/1225 225/1226 234/1227
f 225/1228 226/1229 234/1230
f 234/1231 226/1232 235/1233
f 226/1234 227/1235 235/1236
f 235/1237 227/1238 236/1239
f 227/1240 228/1241 236/1242
f 236/1243 228/1244 229/1245
f 228/1246 221/1247 229/1248
f 237/1249 229/1250 230/1251
f 238/1252 237/1253 230/1254
f 238/1255 230/1256 231/1257
f 239/1258 238/1259 231/1260
f 239/1261 231/1262 232/1263
f 240/1264 239/1265 232/1266
f 240/1267 232/1268 233/1269
f 241/1270 240/1271 233/1272
f 241/1273 233/1274 242/1275
f 233/1276 234/1277 242/1278
f 242/1279 234/1280 243/1281
f 234/1282 235/1283 243/1284
f 243/1285 235/1286 244/1287
f 235/1288 236/1289 244/1290
f 244/1291 236/1292 237/1293
f 236/1294 229/1295 237/1296
f 253/1297 245/1298 246/1299
f 254/1300 253/1301 246/1302
f 254/1303 246/1304 247/1305
f 255/1306 254/1307 247/1308
f 255/1309 247/1310 248/1311
f 256/1312 255/1313 248/1314
f 256/1315 248/1316 249/1317
f 257/1318 256/1319 249/1320
f 257/1321 249/1322 258/1323
f 249/1324 250/1325 258/1326
f 258/1327 250/1328 259/1329
f 250/1330 251/1331 259/1332
f 259/1333 251/1334 260/1335
f 251/1336 252/1337 260/1338
f 260/1339 252/1340 253/1341
f 252/1342 245/1343 253/1344
f 261/1345 253/1346 254/1347
f 262/1348 261/1349 254/1350
f 262/1351 254/1352 255/1353
f 263/1354 262/1355 255/1356
f 263/1357 255/1358 256/1359
f 264/1360 263/1361 256/1362
f 264/1363 256/1364 257/1365
f 265/1366 264/1367 257/1368
f 265/1369 257/1370 266/1371
f 257/1372 258/1373 266/1374
f 266/1375 258/1376 267/1377
f 258/1378 259/1379 267/1380
f 267/1381 259/1382 268/1383
f 259/1384 260/1385 268/1386
f 268/1387 260/1388 261/1389
f 260/1390 253/1391 261/1392
f 269/1393 261/1394 262/1395
f 270/1396 269/1397 262/1398
f 270/1399 262/1400 263/1401
f 271/1402 270/1403 263/1404
f 271/1405 263/1406 264/1407
f 272/1408 271/1409 264/1410
f 272/1411 264/1412 265/1413
f 273/1414 272/1415 265/1416
f 273/1417 265/1418 274/1419
f 265/1420 266/1421 274/1422
f 274/1423 266/1424 275/1425
f 266/1426 267/1427 275/1428
f 275/1429 267/1430 276/1431
f 267/1432 268/1433 276/1434
f 276/1435 268/1436 269/1437
f 268/1438 261/1439 269/1440
f 277/1441 269/1442 270/1443
f 278/1444 277/1445 270/1446
f 278/1447 270/1448 271/1449
f 279/1450 278/1451 271/1452
f 279/1453 271/1454 272/1455
f 280/1456 279/1457 272/1458
f 280/1459 272/1460 273/1461
f 281/1462 280/1463 273/1464
f 281/1465 273/1466 282/1467
f 273/1468 274/1469 282/1470
f 282/1471 274/1472 283/1473
f 274/1474 275/1475 283/1476
f 283/1477 275/1478 284/1479
f 275/1480 276/1481 284/1482
f 284/1483 276/1484 277/1485
f 276/1486 269/1487 277/1488
f 285/1489 277/1490 278/1491
f 286/1492 285/1493 278/1494
f 286/1495 278/1496 279/1497
f 287/1498 286/1499 279/1500
f 287/1501 279/1502 280/1503
f 288/1504 287/1505 280/1506
f 288/1507 280/1508 281/1509
f 289/1510 288/1511 281/1512
f 289/1513 281/1514 290/1515
f 281/1516 282/1517 290/1518
f 290/1519 282/1520 291/1521
f 282/1522 283/1523 291/1524
f 291/1525 283/1526 292/1527
f 283/1528 284/1529 292/1530
f 292/1531 284/1532 285/1533
f 284/1534 277/1535 285/1536
f 293/1537 285/1538 286/1539
f 294/1540 293/1541 286/1542
f 294/1543 286/1544 287/1545
f 295/1546 294/1547 287/1548
f 295/1549 287/1550 288/1551
f 296/1552 295/1553 288/1554
f 296/1555 288/1556 289/1557
f 297/1558 296/1559 289/1560
f 297/1561 289/1562 298/1563
f 289/1564 290/1565 298/1566
f 298/1567 290/1568 299/1569
f 290/1570 291/1571 299/1572
f 299/1573 291/1574 300/1575
f 291/1576 292/1577 300/1578
f 300/1579 292/1580 293/1581
f 292/1582 285/1583 293/1584
f 301/1585 293/1586 294/1587
f 302/1588 301/1589 294/1590
f 302/1591 294/1592 295/1593
f 303/1594 302/1595 295/1596
f 303/1597 295/1598 296/1599
f 304/1600 303/1601 296/1602
f 304/1603 296/1604 297/1605
f 305/1606 304/1607 297/1608
f 305/1609 297/1610 306/1611
f 297/1612 298/1613 306/1614
f 306/1615 298/1616 307/1617
f 298/1618 299/1619 307/1620
f 307/1621 299/1622 308/1623
f 299/1624 300/1625 308/1626
f 308/1627 300/1628 301/1629
f 300/1630 293/1631 301/1632
f 309/1633 301/1634 302/1635
f 310/1636 309/1637 302/1638
f 310/1639 302/1640 303/1641
f 311/1642 310/1643 303/1644
f 311/1645 303/1646 304/1647
f 312/1648 311/1649 304/1650
f 312/1651 304/1652 305/1653
f 313/1654 312/1655 305/1656
f 313/1657 305/1658 314/1659
f 305/1660 306/1661 314/1662
f 314/1663 306/1664 315/1665
f 306/1666 307/1667 315/1668
f 315/1669 307/1670 316/1671
f 307/1672 308/1673 316/1674
f 316/1675 308/1676 309/1677
f 308/1678 301/1679 309/1680
f 317/1681 309/1682 310/1683
f 318/1684 317/1685 310/1686
f 318/1687 310/1688 311/1689
f 319/1690 318/1691 311/1692
f 319/1693 311/1694 312/1695
f 320/1696 319/1697 312/1698
f 320/1699 312/1700 313/1701
f 321/1702 320/1703 313/1704
f 321/1705 313/1706 322/1707
f 313/1708 314/1709 322/1710
f 322/1711 314/1712 323/1713
f 314/1714 315/1715 323/1716
f 323/1717 315/1718 324/1719
f 315/1720 316/1721 324/1722
f 324/1723 316/1724 317/1725
f 316/1726 309/1727 317/1728
f 333/1729 325/1730 326/1731
f 334/1732 333/1733 326/1734
f 334/1735 326/1736 327/1737
f 335/1738 334/1739 327/1740
f 335/1741 327/1742 328/1743
f 336/1744 335/1745 328/1746
f 336/1747 328/1748 329/1749
f 337/1750 336/1751 329/1752
f 337/1753 329/1754 338/1755
f 329/1756 330/1757 338/1758
f 338/1759 330/1760 339/1761
f 330/1762 331/1763 339/1764
f 339/1765 331/1766 340/1767
f 331/1768 332/1769 340/1770
f 340/1771 332/1772 333/1773
f 332/1774 325/1775 333/1776
f 341/1777 333/1778 334/1779
f 342/1780 341/1781 334/1782
f 342/1783 334/1784 335/1785
f 343/1786 342/1787 335/1788
f 343/1789 335/1790 336/1791
f 344/1792 343/1793 336/1794
f 344/1795 336/1796 337/1797
f 345/1798 344/1799 337/1800
f 345/1801 337/1802 346/1803
f 337/1804 338/1805 346/1806
f 346/1807 338/1808 347/1809
f 338/1810 339/1811 347/1812
f 347/1813 339/1814 348/1815
f 339/1816 340/1817 348/1818
f 348/1819 340/1820 341/1821
f 340/1822 333/1823 341/1824
f 349/1825 341/1826 342/1827
f 350/1828 349/1829 342/1830
f 350/1831 342/1832 343/1833
f 351/1834 350/1835 343/1836
f 351/1837 343/1838 344/1839
f 352/1840 351/1841 344/1842
f 352/1843 344/1844 345/1845
f 353/1846 352/1847 345/1848
f 353/1849 345/1850 354/1851
f 345/1852 346/1853 354/1854
f 354/1855 346/1856 355/1857
f 346/1858 347/1859 355/1860
f 355/1861 347/1862 356/1863
f 347/1864 348/1865 356/1866
f 356/1867 348/1868 349/1869
f 348/1870 341/1871 349/1872
f 365/1873 357/1874 358/1875
f 366/1876 365/1877 358/1878
f 366/1879 358/1880 359/1881
f 367/1882 366/1883 359/1884
f 367/1885 359/1886 360/1887
f 368/1888 367/1889 360/1890
f 368/1891 360/1892 361/1893
f 369/1894 368/1895 361/1896
f 369/1897 361/1898 370/1899
f 361/1900 362/1901 370/1902
f 370/1903 362/1904 371/1905
f 362/1906 363/1907 371/1908
f 371/1909 363/1910 372/1911
f 363/1912 364/1913 372/1914
f 372/1915 364/1916 365/1917
f 364/1918 357/1919 365/1920
f 373/1921 365/1922 366/1923
f 374/1924 373/1925 366/1926
f 374/1927 366/1928 367/1929
f 375/1930 374/1931 367/1932
f 375/1933 367/1934 368/1935
f 376/1936 375/1937 368/1938
f 376/1939 368/1940 369/1941
f 377/1942 376/1943 369/1944
f 377/1945 369/1946 378/1947
f 369/1948 370/1949 378/1950
f 378/1951 370/1952 379/1953
f 370/1954 371/1955 379/1956
f 379/1957 371/1958 380/1959
f 371/1960 372/1961 380/1962
f 380/1963 372/1964 373/1965
f 372/1966 365/1967 373/1968
f 381/1969 373/1970 374/1971
f 382/1972 381/1973 374/1974
f 382/1975 374/1976 375/1977
f 383/1978 382/1979 375/1980
f 383/1981 375/1982 376/1983
f 384/1984 383/1985 376/1986
f 384/1987 376/1988 377/1989
f 385/1990 384/1991 377/1992
f 385/1993 377/1994 386/1995
f 377/1996 378/1997 386/1998
f 386/1999 378/2000 387/2001
f 378/2002 379/2003 387/2004
f 387/2005 379/2006 388/2007
f 379/2008 380/2009 388/2010
f 388/2011 380/2012 381/2013
f 380/2014 373/2015 381/2016
f 421/2017 389/2018 390/2019
f 422/2020 421/2021 390/2022
f 422/2023 390/2024 391/2025
f 423/2026 422/2027 391/2028
f 423/2029 391/2030 392/2031
f 424/2032 423/2033 392/2034
f 424/2035 392/2036 393/2037
f 425/2038 424/2039 393/2040
f 425/2041 393/2042 394/2043
f 426/2044 425/2045 394/2046
f 426/2047 394/2048 395/2049
f 427/2050 426/2051 395/2052
f 427/2053 395/2054 396/2055
f 428/2056 427/2057 396/2058
f 428/2059 396/2060 397/2061
f 429/2062 428/2063 397/2064
f 429/2065 397/2066 398/2067
f 430/2068 429/2069 398/2070
f 430/2071 398/2072 399/2073
f 431/2074 430/2075 399/2076
f 431/2077 399/2078 400/2079
f 432/2080 431/2081 400/2082
f 432/2083 400/2084 401/2085
f 433/2086 432/2087 401/2088
f 433/2089 401/2090 402/2091
f 434/2092 433/2093 402/2094
f 434/2095 402/2096 403/2097
f 435/2098 434/2099 403/2100
f 435/2101 403/2102 404/2103
f 436/2104 435/2105 404/2106
f 436/2107 404/2108 405/2109
f 437/2110 436/2111 405/2112
f 437/2113 405/2114 438/2115
f 405/2116 406/2117 438/2118
f 438/2119 406/2120 439/2121
f 406/2122 407/2123 439/2124
f 439/2125 407/2126 440/2127
f 407/2128 408/2129 440/2130
f 440/2131 408/2132 441/2133
f 408/2134 409/2135 441/2136
f 441/2137 409/2138 442/2139
f 409/2140 410/2141 442/2142
f 442/2143 410/2144 443/2145
f 410/2146 411/2147 443/2148
f 443/2149 411/2150 444/2151
f 411/2152 412/2153 444/2154
f 444/2155 412/2156 445/2157
f 412/2158 413/2159 445/2160
f 445/2161 413/2162 446/2163
f 413/2164 414/2165 446/2166
f 446/2167 414/2168 447/2169
f 414/2170 415/2171 447/2172
f 447/2173 415/2174 448/2175
f 415/2176 416/2177 448/2178
f 448/2179 416/2180 449/2181
f 416/2182 417/2183 449/2184
f 449/2185 417/2186 450/2187
f 417/2188 418/2189 450/2190
f 450/2191 418/2192 451/2193
f 418/2194 419/2195 451/2196
f 451/2197 419/2198 452/2199
f 419/2200 420/2201 452/2202
f 452/2203 420/2204 421/2205
f 420/2206 389/2207 421/2208
f 453/2209 421/2210 422/2211
f 454/2212 453/2213 422/2214
f 454/2215 422/2216 423/2217
f 455/2218 454/2219 423/2220
f 455/2221 423/2222 424/2223
f 456/2224 455/2225 424/2226
f 456/2227 424/2228 425/2229
f 457/2230 456/2231 425/2232
f 457/2233 425/2234 426/2235
f 458/2236 457/2237 426/2238
f 458/2239 426/2240 427/2241
f 459/2242 458/2243 427/2244
f 459/2245 427/2246 428/2247
f 460/2248 459/2249 428/2250
f 460/2251 428/2252 429/2253
f 461/2254 460/2255 429/2256
f 461/2257 429/2258 430/2259
f 462/2260 461/2261 430/2262
f 462/2263 430/2264 431/2265
f 463/2266 462/2267 431/2268
f 463/2269 431/2270 432/2271
f 464/2272 463/2273 432/2274
f 464/2275 432/2276 433/2277
f 465/2278 464/2279 433/2280
f 465/2281 433/2282 434/2283
f 466/2284 465/2285 434/2286
f 466/2287 434/2288 435/2289
f 467/2290 466/2291 435/2292
f 467/2293 435/2294 436/2295
f 468/2296 467/2297 436/2298
f 468/2299 436/2300 437/2301
f 469/2302 468/2303 437/2304
f 469/2305 437/2306 470/2307
f 437/2308 438/2309 470/2310
f 470/2311 438/2312 471/2313
f 438/2314 439/2315 471/2316
f 471/2317 439/2318 472/2319
f 439/2320 440/2321 472/2322
f 472/2323 440/2324 473/2325
f 440/2326 441/2327 473/2328
f 473/2329 441/2330 474/2331
f 441/2332 442/2333 474/2334
f 474/2335 442/2336 475/2337
f 442/2338 443/2339 475/2340
f 475/2341 443/2342 476/2343
f 443/2344 444/2345 476/2346
f 476/2347 444/2348 477/2349
f 444/2350 445/2351 477/2352
f 477/2353 445/2354 478/2355
f 445/2356 446/2357 478/2358
f 478/2359 446/2360 479/2361
f 446/2362 447/2363 479/2364
f 479/2365 447/2366 480/2367
f 447/2368 448/2369 480/2370
f 480/2371 448/2372 481/2373
f 448/2374 449/2375 481/2376
f 481/2377 449/2378 482/2379
f 449/2380 450/2381 482/2382
f 482/2383 450/2384 483/2385
f 450/2386 451/2387 483/2388
f 483/2389 451/2390 484/2391
f 451/2392 452/2393 484/2394
f 484/2395 452/2396 453/2397
f 452/2398 421/2399 453/2400
f 485/2401 453/2402 454/2403
f 486/2404 485/2405 454/2406
f 486/2407 454/2408 455/2409
f 487/2410 486/2411 455/2412
f 487/2413 455/2414 456/2415
f 488/2416 487/2417 456/2418
f 488/2419 456/2420 457/2421
f 489/2422 488/2423 457/2424
f 489/2425 457/2426 458/2427
f 490/2428 489/2429 458/2430
f 490/2431 458/2432 459/2433
f 491/2434 490/2435 459/2436
f 491/2437 459/2438 460/2439
f 492/2440 491/2441 460/2442
f 492/2443 460/2444 461/2445
f 493/2446 492/2447 461/2448
f 493/2449 461/2450 462/2451
f 494/2452 493/2453 462/2454
f 494/2455 462/2456 463/2457
f 495/2458 494/2459 463/2460
f 495/2461 463/2462 464/2463
f 496/2464 495/2465 464/2466
f 496/2467 464/2468 465/2469
f 497/2470 496/2471 465/2472
f 497/2473 465/2474 466/2475
f 498/2476 497/2477 466/2478
f 498/2479 466/2480 467/2481
f 499/2482 498/2483 467/2484
f 499/2485 467/2486 468/2487
f 500/2488 499/2489 468/2490
f 500/2491 468/2492 469/2493
f 501/2494 500/2495 469/2496
f 501/2497 469/2498 502/2499
f 469/2500 470/2501 502/2502
f 502/2503 470/2504 503/2505
f 470/2506 471/2507 503/2508
f 503/2509 471/2510 504/2511
f 471/2512 472/2513 504/2514
f 504/2515 472/2516 505/2517
f 472/2518 473/2519 505/2520
f 505/2521 473/2522 506/2523
f 473/2524 474/2525 506/2526
f 506/2527 474/2528 507/2529
f 474/2530 475/2531 507/2532
f 507/2533 475/2534 508/2535
f 475/2536 476/2537 508/2538
f 508/2539 476/2540 509/2541
f 476/2542 477/2543 509/2544
f 509/2545 477/2546 510/2547
f 477/2548 478/2549 510/2550
f 510/2551 478/2552 511/2553
f 478/2554 479/2555 511/2556
f 511/2557 479/2558 512/2559
f 479/2560 480/2561 512/2562
f 512/2563 480/2564 513/2565
f 480/2566 481/2567 513/2568
f 513/2569 481/2570 514/2571
f 481/2572 482/2573 514/2574
f 514/2575 482/2576 515/2577
f 482/2578 483/2579 515/2580
f 515/2581 483/2582 516/2583
f 483/2584 484/2585 516/2586
f 516/2587 484/2588 485/2589
f 484/2590 453/2591 485/2592
f 549/2593 517/2594 518/2595
f 550/2596 549/2597 518/2598
f 550/2599 518/2600 519/2601
f 551/2602 550/2603 519/2604
f 551/2605 519/2606 520/2607
f 552/2608 551/2609 520/2610
f 552/2611 520/2612 521/2613
f 553/2614 552/2615 521/2616
f 553/2617 521/2618 522/2619
f 554/2620 553/2621 522/2622
f 554/2623 522/2624 523/2625
f 555/2626 554/2627 523/2628
f 555/2629 523/2630 524/2631
f 556/2632 555/2633 524/2634
f 556/2635 524/2636 525/2637
f 557/2638 556/2639 525/2640
f 557/2641 525/2642 526/2643
f 558/2644 557/2645 526/2646
f 558/2647 526/2648 527/2649
f 559/2650 558/2651 527/2652
f 559/2653 527/2654 528/2655
f 560/2656 559/2657 528/2658
f 560/2659 528/2660 529/2661
f 561/2662 560/2663 529/2664
f 561/2665 529/2666 530/2667
f 562/2668 561/2669 530/2670
f 562/2671 530/2672 531/2673
f 563/2674 562/2675 531/2676
f 563/2677 531/2678 532/2679
f 564/2680 563/2681 532/2682
f 564/2683 532/2684 533/2685
f 565/2686 564/2687 533/2688
f 565/2689 533/2690 566/2691
f 533/2692 534/2693 566/2694
f 566/2695 534/2696 567/2697
f 534/2698 535/2699 567/2700
f 567/2701 535/2702 568/2703
f 535/2704 536/2705 568/2706
f 568/2707 536/2708 569/2709
f 536/2710 537/2711 569/2712
f 569/2713 537/2714 570/2715
f 537/2716 538/2717 570/2718
f 570/2719 538/2720 571/2721
f 538/2722 539/2723 571/2724
f 571/2725 539/2726 572/2727
f 539/2728 540/2729 572/2730
f 572/2731 540/2732 573/2733
f 540/2734 541/2735 573/2736
f 573/2737 541/2738 574/2739
f 541/2740 542/2741 574/2742
f 574/2743 542/2744 575/2745
f 542/2746 543/2747 575/2748
f 575/2749 543/2750 576/2751
f 543/2752 544/2753 576/2754
f 576/2755 544/2756 577/2757
f 544/2758 545/2759 577/2760
f 577/2761 545/2762 578/2763
f 545/2764 546/2765 578/2766
f 578/2767 546/2768 579/2769
f 546/2770 547/2771 579/2772
f 579/2773 547/2774 580/2775
f 547/2776 548/2777 580/2778
f 580/2779 548/2780 549/2781
f 548/2782 517/2783 549/2784
f 581/2785 549/2786 550/2787
f 582/2788 581/2789 550/2790
f 582/2791 550/2792 551/2793
f 583/2794 582/2795 551/2796
f 583/2797 551/2798 552/2799
f 584/2800 583/2801 552/2802
f 584/2803 552/2804 553/2805
f 585/2806 584/2807 553/2808
f 585/2809 553/2810 554/2811
f 586/2812 585/2813 554/2814
f 586/2815 554/2816 555/2817
f 587/2818 586/2819 555/2820
f 587/2821 555/2822 556/2823
f 588/2824 587/2825 556/2826
f 588/2827 556/2828 557/2829
f 589/2830 588/2831 557/2832
f 589/2833 557/2834 558/2835
f 590/2836 589/2837 558/2838
f 590/2839 558/2840 559/2841
f 591/2842 590/2843 559/2844
f 591/2845 559/2846 560/2847
f 592/2848 591/2849 560/2850
f 592/2851 560/2852 561/2853
f 593/2854 592/2855 561/2856
f 593/2857 561/2858 562/2859
f 594/2860 593/2861 562/2862
f 594/2863 562/2864 563/2865
f 595/2866 594/2867 563/2868
f 595/2869 563/2870 564/2871
f 596/2872 595/2873 564/2874
f 596/2875 564/2876 565/2877
f 597/2878 596/2879 565/2880
f 597/2881 565/2882 598/2883
f 565/2884 566/2885 598/2886
f 598/2887 566/2888 599/2889
f 566/2890 567/2891 599/2892
f 599/2893 567/2894 600/2895
f 567/2896 568/2897 600/2898
f 600/2899 568/2900 601/2901
f 568/2902 569/2903 601/2904
f 601/2905 569/2906 602/2907
f 569/2908 570/2909 602/2910
f 602/2911 570/2912 603/2913
f 570/2914 571/2915 603/2916
f 603/2917 571/2918 604/2919
f 571/2920 572/2921 604/2922
f 604/2923 572/2924 605/2925
f 572/2926 573/2927 605/2928
f 605/2929 573/2930 606/2931
f 573/2932 574/2933 606/2934
f 606/2935 574/2936 607/2937
f 574/2938 575/2939 607/2940
f 607/2941 575/2942 608/2943
f 575/2944 576/2945 608/2946
f 608/2947 576/2948 609/2949
f 576/2950 577/2951 609/2952
f 609/2953 577/2954 610/2955
f 577/2956 578/2957 610/2958
f 610/2959 578/2960 611/2961
f 578/2962 579/2963 611/2964
f 611/2965 579/2966 612/2967
f 579/2968 580/2969 612/2970
f 612/2971 580/2972 581/2973
f 580/2974 549/2975 581/2976
f 613/2977 581/2978 582/2979
f 614/2980 613/2981 582/2982
f 614/2983 582/2984 583/2985
f 615/2986 614/2987 583/2988
f 615/2989 583/2990 584/2991
f 616/2992 615/2993 584/2994
f 616/2995 584/2996 585/2997
f 617/2998 616/2999 585/3000
f 617/3001 585/3002 586/3003
f 618/3004 617/3005 586/3006
f 618/3007 586/3008 587/3009
f 619/3010 618/3011 587/3012
f 619/3013 587/3014 588/3015
f 620/3016 619/3017 588/3018
f 620/3019 588/3020 589/3021
f 621/3022 620/3023 589/3024
f 621/3025 589/3026 590/3027
f 622/3028 621/3029 590/3030
f 622/3031 590/3032 591/3033
f 623/3034 622/3035 591/3036
f 623/3037 591/3038 592/3039
f 624/3040 623/3041 592/3042
f 624/3043 592/3044 593/3045
f 625/3046 624/3047 593/3048
f 625/3049 593/3050 594/3051
f 626/3052 625/3053 594/3054
f 626/3055 594/3056 595/3057
f 627/3058 626/3059 595/3060
f 627/3061 595/3062 596/3063
f 628/3064 627/3065 596/3066
f 628/3067 596/3068 597/3069
f 629/3070 628/3071 597/3072
f 629/3073 597/3074 630/3075
f 597/3076 598/3077 630/3078
f 630/3079 598/3080 631/3081
f 598/3082 599/3083 631/3084
f 631/3085 599/3086 632/3087
f 599/3088 600/3089 632/3090
f 632/3091 600/3092 633/3093
f 600/3094 601/3095 633/3096
f 633/3097 601/3098 634/3099
f 601/3100 602/3101 634/3102
f 634/3103 602/3104 635/3105
f 602/3106 603/3107 635/3108
f 635/3109 603/3110 636/3111
f 603/3112 604/3113 636/3114
f 636/3115 604/3116 637/3117
f 604/3118 605/3119 637/3120
f 637/3121 605/3122 638/3123
f 605/3124 606/3125 638/3126
f 638/3127 606/3128 639/3129
f 606/3130 607/3131 639/3132
f 639/3133 607/3134 640/3135
f 607/3136 608/3137 640/3138
f 640/3139 608/3140 641/3141
f 608/3142 609/3143 641/3144
f 641/3145 609/3146 642/3147
f 609/3148 610/3149 642/3150
f 642/3151 610/3152 643/3153
f 610/3154 611/3155 643/3156
f 643/3157 611/3158 644/3159
f 611/3160 612/3161 644/3162
f 644/3163 612/3164 613/3165
f 612/3166 581/3167 613/3168
f 665/3169 645/3170 646/3171
f 666/3172 665/3173 646/3174
f 666/3175 646/3176 647/3177
f 667/3178 666/3179 647/3180
f 667/3181 647/3182 648/3183
f 668/3184 667/3185 648/3186
f 668/3187 648/3188 649/3189
f 669/3190 668/3191 649/3192
f 669/3193 649/3194 650/3195
f 670/3196 669/3197 650/3198
f 670/3199 650/3200 651/3201
f 671/3202 670/3203 651/3204
f 671/3205 651/3206 652/3207
f 672/3208 671/3209 652/3210
f 672/3211 652/3212 653/3213
f 673/3214 672/3215 653/3216
f 673/3217 653/3218 654/3219
f 674/3220 673/3221 654/3222
f 674/3223 654/3224 655/3225
f 675/3226 674/3227 655/3228
f 675/3229 655/3230 676/3231
f 655/3232 656/3233 676/3234
f 676/3235 656/3236 677/3237
f 656/3238 657/3239 677/3240
f 677/3241 657/3242 678/3243
f 657/3244 658/3245 678/3246
f 678/3247 658/3248 679/3249
f 658/3250 659/3251 679/3252
f 679/3253 659/3254 680/3255
f 659/3256 660/3257 680/3258
f 680/3259 660/3260 681/3261
f 660/3262 661/3263 681/3264
f 681/3265 661/3266 682/3267
f 661/3268 662/3269 682/3270
f 682/3271 662/3272 683/3273
f 662/3274 663/3275 683/3276
f 683/3277 663/3278 684/3279
f 663/3280 664/3281 684/3282
f 684/3283 664/3284 665/3285
f 664/3286 645/3287 665/3288
f 685/3289 665/3290 666/3291
f 686/3292 685/3293 666/3294
f 686/3295 666/3296 667/3297
f 687/3298 686/3299 667/3300
f 687/3301 667/3302 668/3303
f 688/3304 687/3305 668/3306
f 688/3307 668/3308 669/3309
f 689/3310 688/3311 669/3312
f 689/3313 669/3314 670/3315
f 690/3316 689/3317 670/3318
f 690/3319 670/3320 671/3321
f 691/3322 690/3323 671/3324
f 691/3325 671/3326 672/3327
f 692/3328 691/3329 672/3330
f 692/3331 672/3332 673/3333
f 693/3334 692/3335 673/3336
f 693/3337 673/3338 674/3339
f 694/3340 693/3341 674/3342
f 694/3343 674/3344 675/3345
f 695/3346 694/3347 675/3348
f 695/3349 675/3350 696/3351
f 675/3352 676/3353 696/3354
f 696/3355 676/3356 697/3357
f 676/3358 677/3359 697/3360
f 697/3361 677/3362 698/3363
f 677/3364 678/3365 698/3366
f 698/3367 678/3368 699/3369
f 678/3370 679/3371 699/3372
f 699/3373 679/3374 700/3375
f 679/3376 680/3377 700/3378
f 700/3379 680/3380 701/3381
f 680/3382 681/3383 701/3384
f 701/3385 681/3386 702/3387
f 681/3388 682/3389 702/3390
f 702/3391 682/3392 703/3393
f 682/3394 683/3395 703/3396
f 703/3397 683/3398 704/3399
f 683/3400 684/3401 704/3402
f 704/3403 684/3404 685/3405
f 684/3406 665/3407 685/3408
f 705/3409 685/3410 686/3411
f 706/3412 705/3413 686/3414
f 706/3415 686/3416 687/3417
f 707/3418 706/3419 687/3420
f 707/3421 687/3422 688/3423
f 708/3424 707/3425 688/3426
f 708/3427 688/3428 689/3429
f 709/3430 708/3431 689/3432
f 709/3433 689/3434 690/3435
f 710/3436 709/3437 690/3438
f 710/3439 690/3440 691/3441
f 711/3442 710/3443 691/3444
f 711/3445 691/3446 692/3447
f 712/3448 711/3449 692/3450
f 712/3451 692/3452 693/3453
f 713/3454 712/3455 693/3456
f 713/3457 693/3458 694/3459
f 714/3460 713/3461 694/3462
f 714/3463 694/3464 695/3465
f 715/3466 714/3467 695/3468
f 715/3469 695/3470 716/3471
f 695/3472 696/3473 716/3474
f 716/3475 696/3476 717/3477
f 696/3478 697/3479 717/3480
f 717/3481 697/3482 718/3483
f 697/3484 698/3485 718/3486
f 718/3487 698/3488 719/3489
f 698/3490 699/3491 719/3492
f 719/3493 699/3494 720/3495
f 699/3496 700/3497 720/3498
f 720/3499 700/3500 721/3501
f 700/3502 701/3503 721/3504
f 721/3505 701/3506 722/3507
f 701/3508 702/3509 722/3510
f 722/3511 702/3512 723/3513
f 702/3514 703/3515 723/3516
f 723/3517 703/3518 724/3519
f 703/3520 704/3521 724/3522
f 724/3523 704/3524 705/3525
f 704/3526 685/3527 705/3528
f 745/3529 725/3530 726/3531
f 746/3532 745/3533 726/3534
f 746/3535 726/3536 727/3537
f 747/3538 746/3539 727/3540
f 747/3541 727/3542 728/3543
f 748/3544 747/3545 728/3546
f 748/3547 728/3548 729/3549
f 749/3550 748/3551 729/3552
f 749/3553 729/3554 730/3555
f 750/3556 749/3557 730/3558
f 750/3559 730/3560 731/3561
f 751/3562 750/3563 731/3564
f 751/3565 731/3566 732/3567
f 752/3568 751/3569 732/3570
f 752/3571 732/3572 733/3573
f 753/3574 752/3575 733/3576
f 753/3577 733/3578 734/3579
f 754/3580 753/3581 734/3582
f 754/3583 734/3584 735/3585
f 755/3586 754/3587 735/3588
f 755/3589 735/3590 756/3591
f 735/3592 736/3593 756/3594
f 756/3595 736/3596 757/3597
f 736/3598 737/3599 757/3600
f 757/3601 737/3602 758/3603
f 737/3604 738/3605 758/3606
f 758/3607 738/3608 759/3609
f 738/3610 739/3611 759/3612
f 759/3613 739/3614 760/3615
f 739/3616 740/3617 760/3618
f 760/3619 740/3620 761/3621
f 740/3622 741/3623 761/3624
f 761/3625 741/3626 762/3627
f 741/3628 742/3629 762/3630
f 762/3631 742/3632 763/3633
f 742/3634 743/3635 763/3636
f 763/3637 743/3638 764/3639
f 743/3640 744/3641 764/3642
f 764/3643 744/3644 745/3645
f 744/3646 725/3647 745/3648
f 765/3649 745/3650 746/3651
f 766/3652 765/3653 746/3654
f 766/3655 746/3656 747/3657
f 767/3658 766/3659 747/3660
f 767/3661 747/3662 748/3663
f 768/3664 767/3665 748/3666
f 768/3667 748/3668 749/3669
f 769/3670 768/3671 749/3672
f 769/3673 749/3674 750/3675
f 770/3676 769/3677 750/3678
f 770/3679 750/3680 751/3681
f 771/3682 770/3683 751/3684
f 771/3685 751/3686 752/3687
f 772/3688 771/3689 752/3690
f 772/3691 752/3692 753/3693
f 773/3694 772/3695 753/3696
f 773/3697 753/3698 754/3699
f 774/3700 773/3701 754/3702
f 774/3703 754/3704 755/3705
f 775/3706 774/3707 755/3708
f 775/3709 755/3710 776/3711
f 755/3712 756/3713 776/3714
f 776/3715 756/3716 777/3717
f 756/3718 757/3719 777/3720
f 777/3721 757/3722 778/3723
f 757/3724 758/3725 778/3726
f 778/3727 758/3728 779/3729
f 758/3730 759/3731 779/3732
f 779/3733 759/3734 780/3735
f 759/3736 760/3737 780/3738
f 780/3739 760/3740 781/3741
f 760/3742 761/3743 781/3744
f 781/3745 761/3746 782/3747
f 761/3748 762/3749 782/3750
f 782/3751 762/3752 783/3753
f 762/3754 763/3755 783/3756
f 783/3757 763/3758 784/3759
f 763/3760 764/3761 784/3762
f 784/3763 764/3764 765/3765
f 764/3766 745/3767 765/3768
f 785/3769 765/3770 766/3771
f 786/3772 785/3773 766/3774
f 786/3775 766/3776 767/3777
f 787/3778 786/3779 767/3780
f 787/3781 767/3782 768/3783
f 788/3784 787/3785 768/3786
f 788/3787 768/3788 769/3789
f 789/3790 788/3791 769/3792
f 789/3793 769/3794 770/3795
f 790/3796 789/3797 770/3798
f 790/3799 770/3800 771/3801
f 791/3802 790/3803 771/3804
f 791/3805 771/3806 772/3807
f 792/3808 791/3809 772/3810
f 792/3811 772/3812 773/3813
f 793/3814 792/3815 773/3816
f 793/3817 773/3818 774/3819
f 794/3820 793/3821 774/3822
f 794/3823 774/3824 775/3825
f 795/3826 794/3827 775/3828
f 795/3829 775/3830 796/3831
f 775/3832 776/3833 796/3834
f 796/3835 776/3836 797/3837
f 776/3838 777/3839 797/3840
f 797/3841 777/3842 798/3843
f 777/3844 778/3845 798/3846
f 798/3847 778/3848 799/3849
f 778/3850 779/3851 799/3852
f 799/3853 779/3854 800/3855
f 779/3856 780/3857 800/3858
f 800/3859 780/3860 801/3861
f 780/3862 781/3863 801/3864
f 801/3865 781/3866 802/3867
f 781/3868 782/3869 802/3870
f 802/3871 782/3872 803/3873
f 782/3874 783/3875 803/3876
f 803/3877 783/3878 804/3879
f 783/3880 784/3881 804/3882
f 804/3883 784/3884 785/3885
f 784/3886 765/3887 785/3888
f 813/3889 805/3890 806/3891
f 814/3892 813/3893 806/3894
f 814/3895 806/3896 807/3897
f 815/3898 814/3899 807/3900
f 815/3901 807/3902 808/3903
f 816/3904 815/3905 808/3906
f 816/3907 808/3908 809/3909
f 817/3910 816/3911 809/3912
f 817/3913 809/3914 818/3915
f 809/3916 810/3917 818/3918
f 818/3919 810/3920 819/3921
f 810/3922 811/3923 819/3924
f 819/3925 811/3926 820/3927
f 811/3928 812/3929 820/3930
f 820/3931 812/3932 813/3933
f 812/3934 805/3935 813/3936
f 821/3937 813/3938 814/3939
f 822/3940 821/3941 814/3942
f 822/3943 814/3944 815/3945
f 823/3946 822/3947 815/3948
f 823/3949 815/3950 816/3951
f 824/3952 823/3953 816/3954
f 824/3955 816/3956 817/3957
f 825/3958 824/3959 817/3960
f 825/3961 817/3962 826/3963
f 817/3964 818/3965 826/3966
f 826/3967 818/3968 827/3969
f 818/3970 819/3971 827/3972
f 827/3973 819/3974 828/3975
f 819/3976 820/3977 828/3978
f 828/3979 820/3980 821/3981
f 820/3982 813/3983 821/3984
f 829/3985 821/3986 822/3987
f 830/3988 829/3989 822/3990
f 830/3991 822/3992 823/3993
f 831/3994 830/3995 823/3996
f 831/3997 823/3998 824/3999
f 832/4000 831/4001 824/4002
f 832/4003 824/4004 825/4005
f 833/4006 832/4007 825/4008
f 833/4009 825/4010 834/4011
f 825/4012 826/4013 834/4014
f 834/4015 826/4016 835/4017
f 826/4018 827/4019 835/4020
f 835/4021 827/4022 836/4023
f 827/4024 828/4025 836/4026
f 836/4027 828/4028 829/4029
f 828/4030 821/4031 829/4032
f 837/4033 829/4034 830/4035
f 838/4036 837/4037 830/4038
f 838/4039 830/4040 831/4041
f 839/4042 838/4043 831/4044
f 839/4045 831/4046 832/4047
f 840/4048 839/4049 832/4050
f 840/4051 832/4052 833/4053
f 841/4054 840/4055 833/4056
f 841/4057 833/4058 842/4059
f 833/4060 834/4061 842/4062
f 842/4063 834/4064 843/4065
f 834/4066 835/4067 843/4068
f 843/4069 835/4070 844/4071
f 835/4072 836/4073 844/4074
f 844/4075 836/4076 837/4077
f 836/4078 829/4079 837/4080
f 845/4081 837/4082 838/4083
f 846/4084 845/4085 838/4086
f 846/4087 838/4088 839/4089
f 847/4090 846/4091 839/4092
f 847/4093 839/4094 840/4095
f 848/4096 847/4097 840/4098
f 848/4099 840/4100 841/4101
f 849/4102 848/4103 841/4104
f 849/4105 841/4106 850/4107
f 841/4108 842/4109 850/4110
f 850/4111 842/4112 851/4113
f 842/4114 843/4115 851/4116
f 851/4117 843/4118 852/4119
f 843/4120 844/4121 852/4122
f 852/4123 844/4124 845/4125
f 844/4126 837/4127 845/4128
f 853/4129 845/4130 846/4131
f 854/4132 853/4133 846/4134
f 854/4135 846/4136 847/4137
f 855/4138 854/4139 847/4140
f 855/4141 847/4142 848/4143
f 856/4144 855/4145 848/4146
f 856/4147 848/4148 849/4149
f 857/4150 856/4151 849/4152
f 857/4153 849/4154 858/4155
f 849/4156 850/4157 858/4158
f 858/4159 850/4160 859/4161
f 850/4162 851/4163 859/4164
f 859/4165 851/4166 860/4167
f 851/4168 852/4169 860/4170
f 860/4171 852/4172 853/4173
f 852/4174 845/4175 853/4176
f 869/4177 861/4178 862/4179
f 870/4180 869/4181 862/4182
f 870/4183 862/4184 863/4185
f 871/4186 870/4187 863/4188
f 871/4189 863/4190 864/4191
f 872/4192 871/4193 864/4194
f 872/4195 864/4196 865/4197
f 873/4198 872/4199 865/4200
f 873/4201 865/4202 874/4203
f 865/4204 866/4205 874/4206
f 874/4207 866/4208 875/4209
f 866/4210 867/4211 875/4212
f 875/4213 867/4214 876/4215
f 867/4216 868/4217 876/4218
f 876/4219 868/4220 869/4221
f 868/4222 861/4223 869/4224
f 877/4225 869/4226 870/4227
f 878/4228 877/4229 870/4230
f 878/4231 870/4232 871/4233
f 879/4234 878/4235 871/4236
f 879/4237 871/4238 872/4239
f 880/4240 879/4241 872/4242
f 880/4243 872/4244 873/4245
f 881/4246 880/4247 873/4248
f 881/4249 873/4250 882/4251
f 873/4252 874/4253 882/4254
f 882/4255 874/4256 883/4257
f 874/4258 875/4259 883/4260
f 883/4261 875/4262 884/4263
f 875/4264 876/4265 884/4266
f 884/4267 876/4268 877/4269
f 876/4270 869/4271 877/4272
f 885/4273 877/4274 878/4275
f 886/4276 885/4277 878/4278
f 886/4279 878/4280 879/4281
f 887/4282 886/4283 879/4284
f 887/4285 879/4286 880/4287
f 888/4288 887/4289 880/4290
f 888/4291 880/4292 881/4293
f 889/4294 888/4295 881/4296
f 889/4297 881/4298 890/4299
f 881/4300 882/4301 890/4302
f 890/4303 882/4304 891/4305
f 882/4306 883/4307 891/4308
f 891/4309 883/4310 892/4311
f 883/4312 884/4313 892/4314
f 892/4315 884/4316 885/4317
f 884/4318 877/4319 885/4320
f 893/4321 885/4322 886/4323
f 894/4324 893/4325 886/4326
f 894/4327 886/4328 887/4329
f 895/4330 894/4331 887/4332
f 895/4333 887/4334 888/4335
f 896/4336 895/4337 888/4338
f 896/4339 888/4340 889/4341
f 897/4342 896/4343 889/4344
f 897/4345 889/4346 898/4347
f 889/4348 890/4349 898/4350
f 898/4351 890/4352 899/4353
f 890/4354 891/4355 899/4356
f 899/4357 891/4358 900/4359
f 891/4360 892/4361 900/4362
f 900/4363 892/4364 893/4365
f 892/4366 885/4367 893/4368
f 901/4369 893/4370 894/4371
f 902/4372 901/4373 894/4374
f 902/4375 894/4376 895/4377
f 903/4378 902/4379 895/4380
f 903/4381 895/4382 896/4383
f 904/4384 903/4385 896/4386
f 904/4387 896/4388 897/4389
f 905/4390 904/4391 897/4392
f 905/4393 897/4394 906/4395
f 897/4396 898/4397 906/4398
f 906/4399 898/4400 907/4401
f 898/4402 899/4403 907/4404
f 907/4405 899/4406 908/4407
f 899/4408 900/4409 908/4410
f 908/4411 900/4412 901/4413
f 900/4414 893/4415 901/4416
f 909/4417 901/4418 902/4419
f 910/4420 909/4421 902/4422
f 910/4423 902/4424 903/4425
f 911/4426 910/4427 903/4428
f 911/4429 903/4430 904/4431
f 912/4432 911/4433 904/4434
f 912/4435 904/4436 905/4437
f 913/4438 912/4439 905/4440
f 913/4441 905/4442 914/4443
f 905/4444 906/4445 914/4446
f 914/4447 906/4448 915/4449
f 906/4450 907/4451 915/4452
f 915/4453 907/4454 916/4455
f 907/4456 908/4457 916/4458
f 916/4459 908/4460 909/4461
f 908/4462 901/4463 909/4464
f 929/4465 917/4466 918/4467
f 930/4468 929/4469 918/4470
f 930/4471 918/4472 919/4473
f 931/4474 930/4475 919/4476
f 931/4477 919/4478 920/4479
f 932/4480 931/4481 920/4482
f 932/4483 920/4484 921/4485
f 933/4486 932/4487 921/4488
f 933/4489 921/4490 922/4491
f 934/4492 933/4493 922/4494
f 934/4495 922/4496 923/4497
f 935/4498 934/4499 923/4500
f 935/4501 923/4502 924/4503
f 936/4504 935/4505 924/4506
f 936/4507 924/4508 925/4509
f 937/4510 936/4511 925/4512
f 937/4513 925/4514 926/4515
f 938/4516 937/4517 926/4518
f 938/4519 926/4520 927/4521
f 939/4522 938/4523 927/4524
f 939/4525 927/4526 928/4527
f 940/4528 939/4529 928/4530
f 940/4531 928/4532 917/4533
f 929/4534 940/4535 917/4536
f 941/4537 929/4538 930/4539
f 942/4540 941/4541 930/4542
f 942/4543 930/4544 931/4545
f 943/4546 942/4547 931/4548
f 943/4549 931/4550 932/4551
f 944/4552 943/4553 932/4554
f 944/4555 932/4556 933/4557
f 945/4558 944/4559 933/4560
f 945/4561 933/4562 934/4563
f 946/4564 945/4565 934/4566
f 946/4567 934/4568 935/4569
f 947/4570 946/4571 935/4572
f 947/4573 935/4574 936/4575
f 948/4576 947/4577 936/4578
f 948/4579 936/4580 937/4581
f 949/4582 948/4583 937/4584
f 949/4585 937/4586 938/4587
f 950/4588 949/4589 938/4590
f 950/4591 938/4592 939/4593
f 951/4594 950/4595 939/4596
f 951/4597 939/4598 940/4599
f 952/4600 951/4601 940/4602
f 952/4603 940/4604 929/4605
f 941/4606 952/4607 929/4608
f 953/4609 941/4610 942/4611
f 954/4612 953/4613 942/4614
f 954/4615 942/4616 943/4617
f 955/4618 954/4619 943/4620
f 955/4621 943/4622 944/4623
f 956/4624 955/4625 944/4626
f 956/4627 944/4628 945/4629
f 957/4630 956/4631 945/4632
f 957/4633 945/4634 946/4635
f 958/4636 957/4637 946/4638
f 958/4639 946/4640 947/4641
f 959/4642 958/4643 947/4644
f 959/4645 947/4646 948/4647
f 960/4648 959/4649 948/4650
f 960/4651 948/4652 949/4653
f 961/4654 960/4655 949/4656
f 961/4657 949/4658 950/4659
f 962/4660 961/4661 950/4662
f 962/4663 950/4664 951/4665
f 963/4666 962/4667 951/4668
f 963/4669 951/4670 952/4671
f 964/4672 963/4673 952/4674
f 964/4675 952/4676 941/4677
f 953/4678 964/4679 941/4680
f 965/4681 953/4682 954/4683
f 966/4684 965/4685 954/4686
f 966/4687 954/4688 955/4689
f 967/4690 966/4691 955/4692
f 967/4693 955/4694 956/4695
f 968/4696 967/4697 956/4698
f 968/4699 956/4700 957/4701
f 969/4702 968/4703 957/4704
f 969/4705 957/4706 958/4707
f 970/4708 969/4709 958/4710
f 970/4711 958/4712 959/4713
f 971/4714 970/4715 959/4716
f 971/4717 959/4718 960/4719
f 972/4720 971/4721 960/4722
f 972/4723 960/4724 961/4725
f 973/4726 972/4727 961/4728
f 973/4729 961/4730 962/4731
f 974/4732 973/4733 962/4734
f 974/4735 962/4736 963/4737
f 975/4738 974/4739 963/4740
f 975/4741 963/4742 964/4743
f 976/4744 975/4745 964/4746
f 976/4747 964/4748 953/4749
f 965/4750 976/4751 953/4752
f 977/4753 965/4754 966/4755
f 978/4756 977/4757 966/4758
f 978/4759 966/4760 967/4761
f 979/4762 978/4763 967/4764
f 979/4765 967/4766 968/4767
f 980/4768 979/4769 968/4770
f 980/4771 968/4772 969/4773
f 981/4774 980/4775 969/4776
f 981/4777 969/4778 970/4779
f 982/4780 981/4781 970/4782
f 982/4783 970/4784 971/4785
f 983/4786 982/4787 971/4788
f 983/4789 971/4790 972/4791
f 984/4792 983/4793 972/4794
f 984/4795 972/4796 973/4797
f 985/4798 984/4799 973/4800
f 985/4801 973/4802 974/4803
f 986/4804 985/4805 974/4806
f 986/4807 974/4808 975/4809
f 987/4810 986/4811 975/4812
f 987/4813 975/4814 976/4815
f 988/4816 987/4817 976/4818
f 988/4819 976/4820 965/4821
f 977/4822 988/4823 965/4824
f 989/4825 977/4826 978/4827
f 990/4828 989/4829 978/4830
f 990/4831 978/4832 979/4833
f 991/4834 990/4835 979/4836
f 991/4837 979/4838 980/4839
f 992/4840 991/4841 980/4842
f 992/4843 980/4844 981/4845
f 993/4846 992/4847 981/4848
f 993/4849 981/4850 982/4851
f 994/4852 993/4853 982/4854
f 994/4855 982/4856 983/4857
f 995/4858 994/4859 983/4860
f 995/4861 983/4862 984/4863
f 996/4864 995/4865 984/4866
f 996/4867 984/4868 985/4869
f 997/4870 996/4871 985/4872
f 997/4873 985/4874 986/4875
f 998/4876 997/4877 986/4878
f 998/4879 986/4880 987/4881
f 999/4882 998/4883 987/4884
f 999/4885 987/4886 988/4887
f 1000/4888 999/4889 988/4890
f 1000/4891 988/4892 977/4893
f 989/4894 1000/4895 977/4896
f 1001/4897 989/4898 990/4899
f 1002/4900 1001/4901 990/4902
f 1002/4903 990/4904 991/4905
f 1003/4906 1002/4907 991/4908
f 1003/4909 991/4910 992/4911
f 1004/4912 1003/4913 992/4914
f 1004/4915 992/4916 993/4917
f 1005/4918 1004/4919 993/4920
f 1005/4921 993/4922 994/4923
f 1006/4924 1005/4925 994/4926
f 1006/4927 994/4928 995/4929
f 1007/4930 1006/4931 995/4932
f 1007/4933 995/4934 996/4935
f 1008/4936 1007/4937 996/4938
f 1008/4939 996/4940 997/4941
f 1009/4942 1008/4943 997/4944
f 1009/4945 997/4946 998/4947
f 1010/4948 1009/4949 998/4950
f 1010/4951 998/4952 999/4953
f 1011/4954 1010/4955 999/4956
f 1011/4957 999/4958 1000/4959
f 1012/4960 1011/4961 1000/4962
f 1012/4963 1000/4964 989/4965
f 1001/4966 1012/4967 989/4968
f 1013/4969 1001/4970 1002/4971
f 1014/4972 1013/4973 1002/4974
f 1014/4975 1002/4976 1003/4977
f 1015/4978 1014/4979 1003/4980
f 1015/4981 1003/4982 1004/4983
f 1016/4984 1015/4985 1004/4986
f 1016/4987 1004/4988 1005/4989
f 1017/4990 1016/4991 1005/4992
f 1017/4993 1005/4994 1006/4995
f 1018/4996 1017/4997 1006/4998
f 1018/4999 1006/5000 1007/5001
f 1019/5002 1018/5003 1007/5004
f 1019/5005 1007/5006 1008/5007
f 1020/5008 1019/5009 1008/5010
f 1020/5011 1008/5012 1009/5013
f 1021/5014 1020/5015 1009/5016
f 1021/5017 1009/5018 1010/5019
f 1022/5020 1021/5021 1010/5022
f 1022/5023 1010/5024 1011/5025
f 1023/5026 1022/5027 1011/5028
f 1023/5029 1011/5030 1012/5031
f 1024/5032 1023/5033 1012/5034
f 1024/5035 1012/5036 1001/5037
f 1013/5038 1024/5039 1001/5040
f 1025/5041 1013/5042 1014/5043
f 1026/5044 1025/5045 1014/5046
f 1026/5047 1014/5048 1015/5049
f 1027/5050 1026/5051 1015/5052
f 1027/5053 1015/5054 1016/5055
f 1028/5056 1027/5057 1016/5058
f 1028/5059 1016/5060 1017/5061
f 1029/5062 1028/5063 1017/5064
f 1029/5065 1017/5066 1018/5067
f 1030/5068 1029/5069 1018/5070
f 1030/5071 1018/5072 1019/5073
f 1031/5074 1030/5075 1019/5076
f 1031/5077 1019/5078 1020/5079
f 1032/5080 1031/5081 1020/5082
f 1032/5083 1020/5084 1021/5085
f 1033/5086 1032/5087 1021/5088
f 1033/5089 1021/5090 1022/5091
f 1034/5092 1033/5093 1022/5094
f 1034/5095 1022/5096 1023/5097
f 1035/5098 1034/5099 1023/5100
f 1035/5101 1023/5102 1024/5103
f 1036/5104 1035/5105 1024/5106
f 1036/5107 1024/5108 1013/5109
f 1025/5110 1036/5111 1013/5112
f 1037/5113 1025/5114 1026/5115
f 1038/5116 1037/5117 1026/5118
f 1038/5119 1026/5120 1027/5121
f 1039/5122 1038/5123 1027/5124
f 1039/5125 1027/5126 1028/5127
f 1040/5128 1039/5129 1028/5130
f 1040/5131 1028/5132 1029/5133
f 1041/5134 1040/5135 1029/5136
f 1041/5137 1029/5138 1030/5139
f 1042/5140 1041/5141 1030/5142
f 1042/5143 1030/5144 1031/5145
f 1043/5146 1042/5147 1031/5148
f 1043/5149 1031/5150 1032/5151
f 1044/5152 1043/5153 1032/5154
f 1044/5155 1032/5156 1033/5157
f 1045/5158 1044/5159 1033/5160
f 1045/5161 1033/5162 1034/5163
f 1046/5164 1045/5165 1034/5166
f 1046/5167 1034/5168 1035/5169
f 1047/5170 1046/5171 1035/5172
f 1047/5173 1035/5174 1036/5175
f 1048/5176 1047/5177 1036/5178
f 1048/5179 1036/5180 1025/5181
f 1037/5182 1048/5183 1025/5184
f 1049/5185 1037/5186 1038/5187
f 1050/5188 1049/5189 1038/5190
f 1050/5191 1038/5192 1039/5193
f 1051/5194 1050/5195 1039/5196
f 1051/5197 1039/5198 1040/5199
f 1052/5200 1051/5201 1040/5202
f 1052/5203 1040/5204 1041/5205
f 1053/5206 1052/5207 1041/5208
f 1053/5209 1041/5210 1042/5211
f 1054/5212 1053/5213 1042/5214
f 1054/5215 1042/5216 1043/5217
f 1055/5218 1054/5219 1043/5220
f 1055/5221 1043/5222 1044/5223
f 1056/5224 1055/5225 1044/5226
f 1056/5227 1044/5228 1045/5229
f 1057/5230 1056/5231 1045/5232
f 1057/5233 1045/5234 1046/5235
f 1058/5236 1057/5237 1046/5238
f 1058/5239 1046/5240 1047/5241
f 1059/5242 1058/5243 1047/5244
f 1059/5245 1047/5246 1048/5247
f 1060/5248 1059/5249 1048/5250
f 1060/5251 1048/5252 1037/5253
f 1049/5254 1060/5255 1037/5256
f 1061/5257 1049/5258 1050/5259
f 1062/5260 1061/5261 1050/5262
f 1062/5263 1050/5264 1051/5265
f 1063/5266 1062/5267 1051/5268
f 1063/5269 1051/5270 1052/5271
f 1064/5272 1063/5273 1052/5274
f 1064/5275 1052/5276 1053/5277
f 1065/5278 1064/5279 1053/5280
f 1065/5281 1053/5282 1054/5283
f 1066/5284 1065/5285 1054/5286
f 1066/5287 1054/5288 1055/5289
f 1067/5290 1066/5291 1055/5292
f 1067/5293 1055/5294 1056/5295
f 1068/5296 1067/5297 1056/5298
f 1068/5299 1056/5300 1057/5301
f 1069/5302 1068/5303 1057/5304
f 1069/5305 1057/5306 1058/5307
f 1070/5308 1069/5309 1058/5310
f 1070/5311 1058/5312 1059/5313
f 1071/5314 1070/5315 1059/5316
f 1071/5317 1059/5318 1060/5319
f 1072/5320 1071/5321 1060/5322
f 1072/5323 1060/5324 1049/5325
f 1061/5326 1072/5327 1049/5328
f 1073/5329 1061/5330 1062/5331
f 1074/5332 1073/5333 1062/5334
f 1074/5335 1062/5336 1063/5337
f 1075/5338 1074/5339 1063/5340
f 1075/5341 1063/5342 1064/5343
f 1076/5344 1075/5345 1064/5346
f 1076/5347 1064/5348 1065/5349
f 1077/5350 1076/5351 1065/5352
f 1077/5353 1065/5354 1066/5355
f 1078/5356 1077/5357 1066/5358
f 1078/5359 1066/5360 1067/5361
f 1079/5362 1078/5363 1067/5364
f 1079/5365 1067/5366 1068/5367
f 1080/5368 1079/5369 1068/5370
f 1080/5371 1068/5372 1069/5373
f 1081/5374 1080/5375 1069/5376
f 1081/5377 1069/5378 1070/5379
f 1082/5380 1081/5381 1070/5382
f 1082/5383 1070/5384 1071/5385
f 1083/5386 1082/5387 1071/5388
f 1083/5389 1071/5390 1072/5391
f 1084/5392 1083/5393 1072/5394
f 1084/5395 1072/5396 1061/5397
f 1073/5398 1084/5399 1061/5400
f 1085/5401 1073/5402 1074/5403
f 1086/5404 1085/5405 1074/5406
f 1086/5407 1074/5408 1075/5409
f 1087/5410 1086/5411 1075/5412
f 1087/5413 1075/5414 1076/5415
f 1088/5416 1087/5417 1076/5418
f 1088/5419 1076/5420 1077/5421
f 1089/5422 1088/5423 1077/5424
f 1089/5425 1077/5426 1078/5427
f 1090/5428 1089/5429 1078/5430
f 1090/5431 1078/5432 1079/5433
f 1091/5434 1090/5435 1079/5436
f 1091/5437 1079/5438 1080/5439
f 1092/5440 1091/5441 1080/5442
f 1092/5443 1080/5444 1081/5445
f 1093/5446 1092/5447 1081/5448
f 1093/5449 1081/5450 1082/5451
f 1094/5452 1093/5453 1082/5454
f 1094/5455 1082/5456 1083/5457
f 1095/5458 1094/5459 1083/5460
f 1095/5461 1083/5462 1084/5463
f 1096/5464 1095/5465 1084/5466
f 1096/5467 1084/5468 1073/5469
f 1085/5470 1096/5471 1073/5472
f 1097/5473 1085/5474 1086/5475
f 1098/5476 1097/5477 1086/5478
f 1098/5479 1086/5480 1087/5481
f 1099/5482 1098/5483 1087/5484
f 1099/5485 1087/5486 1088/5487
f 1100/5488 1099/5489 1088/5490
f 1100/5491 1088/5492 1089/5493
f 1101/5494 1100/5495 1089/5496
f 1101/5497 1089/5498 1090/5499
f 1102/5500 1101/5501 1090/5502
f 1102/5503 1090/5504 1091/5505
f 1103/5506 1102/5507 1091/5508
f 1103/5509 1091/5510 1092/5511
f 1104/5512 1103/5513 1092/5514
f 1104/5515 1092/5516 1093/5517
f 1105/5518 1104/5519 1093/5520
f 1105/5521 1093/5522 1094/5523
f 1106/5524 1105/5525 1094/5526
f 1106/5527 1094/5528 1095/5529
f 1107/5530 1106/5531 1095/5532
f 1107/5533 1095/5534 1096/5535
f 1108/5536 1107/5537 1096/5538
f 1108/5539 1096/5540 1085/5541
f 1097/5542 1108/5543 1085/5544
f 1109/5545 1097/5546 1098/5547
f 1110/5548 1109/5549 1098/5550
f 1110/5551 1098/5552 1099/5553
f 1111/5554 1110/5555 1099/5556
f 1111/5557 1099/5558 1100/5559
f 1112/5560 1111/5561 1100/5562
f 1112/5563 1100/5564 1101/5565
f 1113/5566 1112/5567 1101/5568
f 1113/5569 1101/5570 1102/5571
f 1114/5572 1113/5573 1102/5574
f 1114/5575 1102/5576 1103/5577
f 1115/5578 1114/5579 1103/5580
f 1115/5581 1103/5582 1104/5583
f 1116/5584 1115/5585 1104/5586
f 1116/5587 1104/5588 1105/5589
f 1117/5590 1116/5591 1105/5592
f 1117/5593 1105/5594 1106/5595
f 1118/5596 1117/5597 1106/5598
f 1118/5599 1106/5600 1107/5601
f 1119/5602 1118/5603 1107/5604
f 1119/5605 1107/5606 1108/5607
f 1120/5608 1119/5609 1108/5610
f 1120/5611 1108/5612 1097/5613
f 1109/5614 1120/5615 1097/5616
f 1121/5617 1109/5618 1110/5619
f 1122/5620 1121/5621 1110/5622
f 1122/5623 1110/5624 1111/5625
f 1123/5626 1122/5627 1111/5628
f 1123/5629 1111/5630 1112/5631
f 1124/5632 1123/5633 1112/5634
f 1124/5635 1112/5636 1113/5637
f 1125/5638 1124/5639 1113/5640
f 1125/5641 1113/5642 1114/5643
f 1126/5644 1125/5645 1114/5646
f 1126/5647 1114/5648 1115/5649
f 1127/5650 1126/5651 1115/5652
f 1127/5653 1115/5654 1116/5655
f 1128/5656 1127/5657 1116/5658
f 1128/5659 1116/5660 1117/5661
f 1129/5662 1128/5663 1117/5664
f 1129/5665 1117/5666 1118/5667
f 1130/5668 1129/5669 1118/5670
f 1130/5671 1118/5672 1119/5673
f 1131/5674 1130/5675 1119/5676
f 1131/5677 1119/5678 1120/5679
f 1132/5680 1131/5681 1120/5682
f 1132/5683 1120/5684 1109/5685
f 1121/5686 1132/5687 1109/5688
f 1133/5689 1121/5690 1122/5691
f 1134/5692 1133/5693 1122/5694
f 1134/5695 1122/5696 1123/5697
f 1135/5698 1134/5699 1123/5700
f 1135/5701 1123/5702 1124/5703
f 1136/5704 1135/5705 1124/5706
f 1136/5707 1124/5708 1125/5709
f 1137/5710 1136/5711 1125/5712
f 1137/5713 1125/5714 1126/5715
f 1138/5716 1137/5717 1126/5718
f 1138/5719 1126/5720 1127/5721
f 1139/5722 1138/5723 1127/5724
f 1139/5725 1127/5726 1128/5727
f 1140/5728 1139/5729 1128/5730
f 1140/5731 1128/5732 1129/5733
f 1141/5734 1140/5735 1129/5736
f 1141/5737 1129/5738 1130/5739
f 1142/5740 1141/5741 1130/5742
f 1142/5743 1130/5744 1131/5745
f 1143/5746 1142/5747 1131/5748
f 1143/5749 1131/5750 1132/5751
f 1144/5752 1143/5753 1132/5754
f 1144/5755 1132/5756 1121/5757
f 1133/5758 1144/5759 1121/5760
f 1145/5761 1133/5762 1134/5763
f 1146/5764 1145/5765 1134/5766
f 1146/5767 1134/5768 1135/5769
f 1147/5770 1146/5771 1135/5772
f 1147/5773 1135/5774 1136/5775
f 1148/5776 1147/5777 1136/5778
f 1148/5779 1136/5780 1137/5781
f 1149/5782 1148/5783 1137/5784
f 1149/5785 1137/5786 1138/5787
f 1150/5788 1149/5789 1138/5790
f 1150/5791 1138/5792 1139/5793
f 1151/5794 1150/5795 1139/5796
f 1151/5797 1139/5798 1140/5799
f 1152/5800 1151/5801 1140/5802
f 1152/5803 1140/5804 1141/5805
f 1153/5806 1152/5807 1141/5808
f 1153/5809 1141/5810 1142/5811
f 1154/5812 1153/5813 1142/5814
f 1154/5815 1142/5816 1143/5817
f 1155/5818 1154/5819 1143/5820
f 1155/5821 1143/5822 1144/5823
f 1156/5824 1155/5825 1144/5826
f 1156/5827 1144/5828 1133/5829
f 1145/5830 1156/5831 1133/5832
f 1157/5833 1145/5834 1146/5835
f 1158/5836 1157/5837 1146/5838
f 1158/5839 1146/5840 1147/5841
f 1159/5842 1158/5843 1147/5844
f 1159/5845 1147/5846 1148/5847
f 1160/5848 1159/5849 1148/5850
f 1160/5851 1148/5852 1149/5853
f 1161/5854 1160/5855 1149/5856
f 1161/5857 1149/5858 1150/5859
f 1162/5860 1161/5861 1150/5862
f 1162/5863 1150/5864 1151/5865
f 1163/5866 1162/5867 1151/5868
f 1163/5869 1151/5870 1152/5871
f 1164/5872 1163/5873 1152/5874
f 1164/5875 1152/5876 1153/5877
f 1165/5878 1164/5879 1153/5880
f 1165/5881 1153/5882 1154/5883
f 1166/5884 1165/5885 1154/5886
f 1166/5887 1154/5888 1155/5889
f 1167/5890 1166/5891 1155/5892
f 1167/5893 1155/5894 1156/5895
f 1168/5896 1167/5897 1156/5898
f 1168/5899 1156/5900 1145/5901
f 1157/5902 1168/5903 1145/5904
f 1181/5905 1169/5906 1170/5907
f 1182/5908 1181/5909 1170/5910
f 1182/5911 1170/5912 1171/5913
f 1183/5914 1182/5915 1171/5916
f 1183/5917 1171/5918 1172/5919
f 1184/5920 1183/5921 1172/5922
f 1184/5923 1172/5924 1173/5925
f 1185/5926 1184/5927 1173/5928
f 1185/5929 1173/5930 1174/5931
f 1186/5932 1185/5933 1174/5934
f 1186/5935 1174/5936 1175/5937
f 1187/5938 1186/5939 1175/5940
f 1187/5941 1175/5942 1176/5943
f 1188/5944 1187/5945 1176/5946
f 1188/5947 1176/5948 1177/5949
f 1189/5950 1188/5951 1177/5952
f 1189/5953 1177/5954 1178/5955
f 1190/5956 1189/5957 1178/5958
f 1190/5959 1178/5960 1179/5961
f 1191/5962 1190/5963 1179/5964
f 1191/5965 1179/5966 1180/5967
f 1192/5968 1191/5969 1180/5970
f 1192/5971 1180/5972 1169/5973
f 1181/5974 1192/5975 1169/5976
f 1193/5977 1181/5978 1182/5979
f 1194/5980 1193/5981 1182/5982
f 1194/5983 1182/5984 1183/5985
f 1195/5986 1194/5987 1183/5988
f 1195/5989 1183/5990 1184/5991
f 1196/5992 1195/5993 1184/5994
f 1196/5995 1184/5996 1185/5997
f 1197/5998 1196/5999 1185/6000
f 1197/6001 1185/6002 1186/6003
f 1198/6004 1197/6005 1186/6006
f 1198/6007 1186/6008 1187/6009
f 1199/6010 1198/6011 1187/6012
f 1199/6013 1187/6014 1188/6015
f 1200/6016 1199/6017 1188/6018
f 1200/6019 1188/6020 1189/6021
f 1201/6022 1200/6023 1189/6024
f 1201/6025 1189/6026 1190/6027
f 1202/6028 1201/6029 1190/6030
f 1202/6031 1190/6032 1191/6033
f 1203/6034 1202/6035 1191/6036
f 1203/6037 1191/6038 1192/6039
f 1204/6040 1203/6041 1192/6042
f 1204/6043 1192/6044 1181/6045
f 1193/6046 1204/6047 1181/6048
f 1205/6049 1193/6050 1194/6051
f 1206/6052 1205/6053 1194/6054
f 1206/6055 1194/6056 1195/6057
f 1207/6058 1206/6059 1195/6060
f 1207/6061 1195/6062 1196/6063
f 1208/6064 1207/6065 1196/6066
f 1208/6067 1196/6068 1197/6069
f 1209/6070 1208/6071 1197/6072
f 1209/6073 1197/6074 1198/6075
f 1210/6076 1209/6077 1198/6078
f 1210/6079 1198/6080 1199/6081
f 1211/6082 1210/6083 1199/6084
f 1211/6085 1199/6086 1200/6087
f 1212/6088 1211/6089 1200/6090
f 1212/6091 1200/6092 1201/6093
f 1213/6094 1212/6095 1201/6096
f 1213/6097 1201/6098 1202/6099
f 1214/6100 1213/6101 1202/6102
f 1214/6103 1202/6104 1203/6105
f 1215/6106 1214/6107 1203/6108
f 1215/6109 1203/6110 1204/6111
f 1216/6112 1215/6113 1204/6114
f 1216/6115 1204/6116 1193/6117
f 1205/6118 1216/6119 1193/6120
f 1217/6121 1205/6122 1206/6123
f 1218/6124 1217/6125 1206/6126
f 1218/6127 1206/6128 1207/6129
f 1219/6130 1218/6131 1207/6132
f 1219/6133 1207/6134 1208/6135
f 1220/6136 1219/6137 1208/6138
f 1220/6139 1208/6140 1209/6141
f 1221/6142 1220/6143 1209/6144
f 1221/6145 1209/6146 1210/6147
f 1222/6148 1221/6149 1210/6150
f 1222/6151 1210/6152 1211/6153
f 1223/6154 1222/6155 1211/6156
f 1223/6157 1211/6158 1212/6159
f 1224/6160 1223/6161 1212/6162
f 1224/6163 1212/6164 1213/6165
f 1225/6166 1224/6167 1213/6168
f 1225/6169 1213/6170 1214/6171
f 1226/6172 1225/6173 1214/6174
f 1226/6175 1214/6176 1215/6177
f 1227/6178 1226/6179 1215/6180
f 1227/6181 1215/6182 1216/6183
f 1228/6184 1227/6185 1216/6186
f 1228/6187 1216/6188 1205/6189
f 1217/6190 1228/6191 1205/6192
f 1229/6193 1217/6194 1218/6195
f 1230/6196 1229/6197 1218/6198
f 1230/6199 1218/6200 1219/6201
f 1231/6202 1230/6203 1219/6204
f 1231/6205 1219/6206 1220/6207
f 1232/6208 1231/6209 1220/6210
f 1232/6211 1220/6212 1221/6213
f 1233/6214 1232/6215 1221/6216
f 1233/6217 1221/6218 1222/6219
f 1234/6220 1233/6221 1222/6222
f 1234/6223 1222/6224 1223/6225
f 1235/6226 1234/6227 1223/6228
f 1235/6229 1223/6230 1224/6231
f 1236/6232 1235/6233 1224/6234
f 1236/6235 1224/6236 1225/6237
f 1237/6238 1236/6239 1225/6240
f 1237/6241 1225/6242 1226/6243
f 1238/6244 1237/6245 1226/6246
f 1238/6247 1226/6248 1227/6249
f 1239/6250 1238/6251 1227/6252
f 1239/6253 1227/6254 1228/6255
f 1240/6256 1239/6257 1228/6258
f 1240/6259 1228/6260 1217/6261
f 1229/6262 1240/6263 1217/6264
f 1241/6265 1229/6266 1230/6267
f 1242/6268 1241/6269 1230/6270
f 1242/6271 1230/6272 1231/6273
f 1243/6274 1242/6275 1231/6276
f 1243/6277 1231/6278 1232/6279
f 1244/6280 1243/6281 1232/6282
f 1244/6283 1232/6284 1233/6285
f 1245/6286 1244/6287 1233/6288
f 1245/6289 1233/6290 1234/6291
f 1246/6292 1245/6293 1234/6294
f 1246/6295 1234/6296 1235/6297
f 1247/6298 1246/6299 1235/6300
f 1247/6301 1235/6302 1236/6303
f 1248/6304 1247/6305 1236/6306
f 1248/6307 1236/6308 1237/6309
f 1249/6310 1248/6311 1237/6312
f 1249/6313 1237/6314 1238/6315
f 1250/6316 1249/6317 1238/6318
f 1250/6319 1238/6320 1239/6321
f 1251/6322 1250/6323 1239/6324
f 1251/6325 1239/6326 1240/6327
f 1252/6328 1251/6329 1240/6330
f 1252/6331 1240/6332 1229/6333
f 1241/6334 1252/6335 1229/6336
f 1253/6337 1241/6338 1242/6339
f 1254/6340 1253/6341 1242/6342
f 1254/6343 1242/6344 1243/6345
f 1255/6346 1254/6347 1243/6348
f 1255/6349 1243/6350 1244/6351
f 1256/6352 1255/6353 1244/6354
f 1256/6355 1244/6356 1245/6357
f 1257/6358 1256/6359 1245/6360
f 1257/6361 1245/6362 1246/6363
f 1258/6364 1257/6365 1246/6366
f 1258/6367 1246/6368 1247/6369
f 1259/6370 1258/6371 1247/6372
f 1259/6373 1247/6374 1248/6375
f 1260/6376 1259/6377 1248/6378
f 1260/6379 1248/6380 1249/6381
f 1261/6382 1260/6383 1249/6384
f 1261/6385 1249/6386 1250/6387
f 1262/6388 1261/6389 1250/6390
f 1262/6391 1250/6392 1251/6393
f 1263/6394 1262/6395 1251/6396
f 1263/6397 1251/6398 1252/6399
f 1264/6400 1263/6401 1252/6402
f 1264/6403 1252/6404 1241/6405
f 1253/6406 1264/6407 1241/6408
f 1265/6409 1253/6410 1254/6411
f 1266/6412 1265/6413 1254/6414
f 1266/6415 1254/6416 1255/6417
f 1267/6418 1266/6419 1255/6420
f 1267/6421 1255/6422 1256/6423
f 1268/6424 1267/6425 1256/6426
f 1268/6427 1256/6428 1257/6429
f 1269/6430 1268/6431 1257/6432
f 1269/6433 1257/6434 1258/6435
f 1270/6436 1269/6437 1258/6438
f 1270/6439 1258/6440 1259/6441
f 1271/6442 1270/6443 1259/6444
f 1271/6445 1259/6446 1260/6447
f 1272/6448 1271/6449 1260/6450
f 1272/6451 1260/6452 1261/6453
f 1273/6454 1272/6455 1261/6456
f 1273/6457 1261/6458 1262/6459
f 1274/6460 1273/6461 1262/6462
f 1274/6463 1262/6464 1263/6465
f 1275/6466 1274/6467 1263/6468
f 1275/6469 1263/6470 1264/6471
f 1276/6472 1275/6473 1264/6474
f 1276/6475 1264/6476 1253/6477
f 1265/6478 1276/6479 1253/6480
f 1277/6481 1265/6482 1266/6483
f 1278/6484 1277/6485 1266/6486
f 1278/6487 1266/6488 1267/6489
f 1279/6490 1278/6491 1267/6492
f 1279/6493 1267/6494 1268/6495
f 1280/6496 1279/6497 1268/6498
f 1280/6499 1268/6500 1269/6501
f 1281/6502 1280/6503 1269/6504
f 1281/6505 1269/6506 1270/6507
f 1282/6508 1281/6509 1270/6510
f 1282/6511 1270/6512 1271/6513
f 1283/6514 1282/6515 1271/6516
f 1283/6517 1271/6518 1272/6519
f 1284/6520 1283/6521 1272/6522
f 1284/6523 1272/6524 1273/6525
f 1285/6526 1284/6527 1273/6528
f 1285/6529 1273/6530 1274/6531
f 1286/6532 1285/6533 1274/6534
f 1286/6535 1274/6536 1275/6537
f 1287/6538 1286/6539 1275/6540
f 1287/6541 1275/6542 1276/6543
f 1288/6544 1287/6545 1276/6546
f 1288/6547 1276/6548 1265/6549
f 1277/6550 1288/6551 1265/6552
f 1289/6553 1277/6554 1278/6555
f 1290/6556 1289/6557 1278/6558
f 1290/6559 1278/6560 1279/6561
f 1291/6562 1290/6563 1279/6564
f 1291/6565 1279/6566 1280/6567
f 1292/6568 1291/6569 1280/6570
f 1292/6571 1280/6572 1281/6573
f 1293/6574 1292/6575 1281/6576
f 1293/6577 1281/6578 1282/6579
f 1294/6580 1293/6581 1282/6582
f 1294/6583 1282/6584 1283/6585
f 1295/6586 1294/6587 1283/6588
f 1295/6589 1283/6590 1284/6591
f 1296/6592 1295/6593 1284/6594
f 1296/6595 1284/6596 1285/6597
f 1297/6598 1296/6599 1285/6600
f 1297/6601 1285/6602 1286/6603
f 1298/6604 1297/6605 1286/6606
f 1298/6607 1286/6608 1287/6609
f 1299/6610 1298/6611 1287/6612
f 1299/6613 1287/6614 1288/6615
f 1300/6616 1299/6617 1288/6618
f 1300/6619 1288/6620 1277/6621
f 1289/6622 1300/6623 1277/6624
f 1301/6625 1289/6626 1290/6627
f 1302/6628 1301/6629 1290/6630
f 1302/6631 1290/6632 1291/6633
f 1303/6634 1302/6635 1291/6636
f 1303/6637 1291/6638 1292/6639
f 1304/6640 1303/6641 1292/6642
f 1304/6643 1292/6644 1293/6645
f 1305/6646 1304/6647 1293/6648
f 1305/6649 1293/6650 1294/6651
f 1306/6652 1305/6653 1294/6654
f 1306/6655 1294/6656 1295/6657
f 1307/6658 1306/6659 1295/6660
f 1307/6661 1295/6662 1296/6663
f 1308/6664 1307/6665 1296/6666
f 1308/6667 1296/6668 1297/6669
f 1309/6670 1308/6671 1297/6672
f 1309/6673 1297/6674 1298/6675
f 1310/6676 1309/6677 1298/6678
f 1310/6679 1298/6680 1299/6681
f 1311/6682 1310/6683 1299/6684
f 1311/6685 1299/6686 1300/6687
f 1312/6688 1311/6689 1300/6690
f 1312/6691 1300/6692 1289/6693
f 1301/6694 1312/6695 1289/6696
f 1313/6697 1301/6698 1302/6699
f 1314/6700 1313/6701 1302/6702
f 1314/6703 1302/6704 1303/6705
f 1315/6706 1314/6707 1303/6708
f 1315/6709 1303/6710 1304/6711
f 1316/6712 1315/6713 1304/6714
f 1316/6715 1304/6716 1305/6717
f 1317/6718 1316/6719 1305/6720
f 1317/6721 1305/6722 1306/6723
f 1318/6724 1317/6725 1306/6726
f 1318/6727 1306/6728 1307/6729
f 1319/6730 1318/6731 1307/6732
f 1319/6733 1307/6734 1308/6735
f 1320/6736 1319/6737 1308/6738
f 1320/6739 1308/6740 1309/6741
f 1321/6742 1320/6743 1309/6744
f 1321/6745 1309/6746 1310/6747
f 1322/6748 1321/6749 1310/6750
f 1322/6751 1310/6752 1311/6753
f 1323/6754 1322/6755 1311/6756
f 1323/6757 1311/6758 1312/6759
f 1324/6760 1323/6761 1312/6762
f 1324/6763 1312/6764 1301/6765
f 1313/6766 1324/6767 1301/6768
f 1325/6769 1313/6770 1314/6771
f 1326/6772 1325/6773 1314/6774
f 1326/6775 1314/6776 1315/6777
f 1327/6778 1326/6779 1315/6780
f 1327/6781 1315/6782 1316/6783
f 1328/6784 1327/6785 1316/6786
f 1328/6787 1316/6788 1317/6789
f 1329/6790 1328/6791 1317/6792
f 1329/6793 1317/6794 1318/6795
f 1330/6796 1329/6797 1318/6798
f 1330/6799 1318/6800 1319/6801
f 1331/6802 1330/6803 1319/6804
f 1331/6805 1319/6806 1320/6807
f 1332/6808 1331/6809 1320/6810
f 1332/6811 1320/6812 1321/6813
f 1333/6814 1332/6815 1321/6816
f 1333/6817 1321/6818 1322/6819
f 1334/6820 1333/6821 1322/6822
f 1334/6823 1322/6824 1323/6825
f 1335/6826 1334/6827 1323/6828
f 1335/6829 1323/6830 1324/6831
f 1336/6832 1335/6833 1324/6834
f 1336/6835 1324/6836 1313/6837
f 1325/6838 1336/6839 1313/6840
f 1337/6841 1325/6842 1326/6843
f 1338/6844 1337/6845 1326/6846
f 1338/6847 1326/6848 1327/6849
f 1339/6850 1338/6851 1327/6852
f 1339/6853 1327/6854 1328/6855
f 1340/6856 1339/6857 1328/6858
f 1340/6859 1328/6860 1329/6861
f 1341/6862 1340/6863 1329/6864
f 1341/6865 1329/6866 1330/6867
f 1342/6868 1341/6869 1330/6870
f 1342/6871 1330/6872 1331/6873
f 1343/6874 1342/6875 1331/6876
f 1343/6877 1331/6878 1332/6879
f 1344/6880 1343/6881 1332/6882
f 1344/6883 1332/6884 1333/6885
f 1345/6886 1344/6887 1333/6888
f 1345/6889 1333/6890 1334/6891
f 1346/6892 1345/6893 1334/6894
f 1346/6895 1334/6896 1335/6897
f 1347/6898 1346/6899 1335/6900
f 1347/6901 1335/6902 1336/6903
f 1348/6904 1347/6905 1336/6906
f 1348/6907 1336/6908 1325/6909
f 1337/6910 1348/6911 1325/6912
f 1349/6913 1337/6914 1338/6915
f 1350/6916 1349/6917 1338/6918
f 1350/6919 1338/6920 1339/6921
f 1351/6922 1350/6923 1339/6924
f 1351/6925 1339/6926 1340/6927
f 1352/6928 1351/6929 1340/6930
f 1352/6931 1340/6932 1341/6933
f 1353/6934 1352/6935 1341/6936
f 1353/6937 1341/6938 1342/6939
f 1354/6940 1353/6941 1342/6942
f 1354/6943 1342/6944 1343/6945
f 1355/6946 1354/6947 1343/6948
f 1355/6949 1343/6950 1344/6951
f 1356/6952 1355/6953 1344/6954
f 1356/6955 1344/6956 1345/6957
f 1357/6958 1356/6959 1345/6960
f 1357/6961 1345/6962 1346/6963
f 1358/6964 1357/6965 1346/6966
f 1358/6967 1346/6968 1347/6969
f 1359/6970 1358/6971 1347/6972
f 1359/6973 1347/6974 1348/6975
f 1360/6976 1359/6977 1348/6978
f 1360/6979 1348/6980 1337/6981
f 1349/6982 1360/6983 1337/6984
f 1361/6985 1349/6986 1350/6987
f 1362/6988 1361/6989 1350/6990
f 1362/6991 1350/6992 1351/6993
f 1363/6994 1362/6995 1351/6996
f 1363/6997 1351/6998 1352/6999
f 1364/7000 1363/7001 1352/7002
f 1364/7003 1352/7004 1353/7005
f 1365/7006 1364/7007 1353/7008
f 1365/7009 1353/7010 1354/7011
f 1366/7012 1365/7013 1354/7014
f 1366/7015 1354/7016 1355/7017
f 1367/7018 1366/7019 1355/7020
f 1367/7021 1355/7022 1356/7023
f 1368/7024 1367/7025 1356/7026
f 1368/7027 1356/7028 1357/7029
f 1369/7030 1368/7031 1357/7032
f 1369/7033 1357/7034 1358/7035
f 1370/7036 1369/7037 1358/7038
f 1370/7039 1358/7040 1359/7041
f 1371/7042 1370/7043 1359/7044
f 1371/7045 1359/7046 1360/7047
f 1372/7048 1371/7049 1360/7050
f 1372/7051 1360/7052 1349/7053
f 1361/7054 1372/7055 1349/7056
f 1373/7057 1361/7058 1362/7059
f 1374/7060 1373/7061 1362/7062
f 1374/7063 1362/7064 1363/7065
f 1375/7066 1374/7067 1363/7068
f 1375/7069 1363/7070 1364/7071
f 1376/7072 1375/7073 1364/7074
f 1376/7075 1364/7076 1365/7077
f 1377/7078 1376/7079 1365/7080
f 1377/7081 1365/7082 1366/7083
f 1378/7084 1377/7085 1366/7086
f 1378/7087 1366/7088 1367/7089
f 1379/7090 1378/7091 1367/7092
f 1379/7093 1367/7094 1368/7095
f 1380/7096 1379/7097 1368/7098
f 1380/7099 1368/7100 1369/7101
f 1381/7102 1380/7103 1369/7104
f 1381/7105 1369/7106 1370/7107
f 1382/7108 1381/7109 1370/7110
f 1382/7111 1370/7112 1371/7113
f 1383/7114 1382/7115 1371/7116
f 1383/7117 1371/7118 1372/7119
f 1384/7120 1383/7121 1372/7122
f 1384/7123 1372/7124 1361/7125
f 1373/7126 1384/7127 1361/7128
f 1385/7129 1373/7130 1374/7131
f 1386/7132 1385/7133 1374/7134
f 1386/7135 1374/7136 1375/7137
f 1387/7138 1386/7139 1375/7140
f 1387/7141 1375/7142 1376/7143
f 1388/7144 1387/7145 1376/7146
f 1388/7147 1376/7148 1377/7149
f 1389/7150 1388/7151 1377/7152
f 1389/7153 1377/7154 1378/7155
f 1390/7156 1389/7157 1378/7158
f 1390/7159 1378/7160 1379/7161
f 1391/7162 1390/7163 1379/7164
f 1391/7165 1379/7166 1380/7167
f 1392/7168 1391/7169 1380/7170
f 1392/7171 1380/7172 1381/7173
f 1393/7174 1392/7175 1381/7176
f 1393/7177 1381/7178 1382/7179
f 1394/7180 1393/7181 1382/7182
f 1394/7183 1382/7184 1383/7185
f 1395/7186 1394/7187 1383/7188
f 1395/7189 1383/7190 1384/7191
f 1396/7192 1395/7193 1384/7194
f 1396/7195 1384/7196 1373/7197
f 1385/7198 1396/7199 1373/7200
f 1397/7201 1385/7202 1386/7203
f 1398/7204 1397/7205 1386/7206
f 1398/7207 1386/7208 1387/7209
f 1399/7210 1398/7211 1387/7212
f 1399/7213 1387/7214 1388/7215
f 1400/7216 1399/7217 1388/7218
f 1400/7219 1388/7220 1389/7221
f 1401/7222 1400/7223 1389/7224
f 1401/7225 1389/7226 1390/7227
f 1402/7228 1401/7229 1390/7230
f 1402/7231 1390/7232 1391/7233
f 1403/7234 1402/7235 1391/7236
f 1403/7237 1391/7238 1392/7239
f 1404/7240 1403/7241 1392/7242
f 1404/7243 1392/7244 1393/7245
f 1405/7246 1404/7247 1393/7248
f 1405/7249 1393/7250 1394/7251
f 1406/7252 1405/7253 1394/7254
f 1406/7255 1394/7256 1395/7257
f 1407/7258 1406/7259 1395/7260
f 1407/7261 1395/7262 1396/7263
f 1408/7264 1407/7265 1396/7266
f 1408/7267 1396/7268 1385/7269
f 1397/7270 1408/7271 1385/7272
f 1409/7273 1397/7274 1398/7275
f 1410/7276 1409/7277 1398/7278
f 1410/7279 1398/7280 1399/7281
f 1411/7282 1410/7283 1399/7284
f 1411/7285 1399/7286 1400/7287
f 1412/7288 1411/7289 1400/7290
f 1412/7291 1400/7292 1401/7293
f 1413/7294 1412/7295 1401/7296
f 1413/7297 1401/7298 1402/7299
f 1414/7300 1413/7301 1402/7302
f 1414/7303 1402/7304 1403/7305
f 1415/7306 1414/7307 1403/7308
f 1415/7309 1403/7310 1404/7311
f 1416/7312 1415/7313 1404/7314
f 1416/7315 1404/7316 1405/7317
f 1417/7318 1416/7319 1405/7320
f 1417/7321 1405/7322 1406/7323
f 1418/7324 1417/7325 1406/7326
f 1418/7327 1406/7328 1407/7329
f 1419/7330 1418/7331 1407/7332
f 1419/7333 1407/7334 1408/7335
f 1420/7336 1419/7337 1408/7338
f 1420/7339 1408/7340 1397/7341
f 1409/7342 1420/7343 1397/7344
f 1421/7345 1422/7346 1425/7347
f 1425/7348 1422/7349 1426/7350
f 1422/7351 1424/7352 1426/7353
f 1426/7354 1424/7355 1428/7356
f 1421/7357 1425/7358 1423/7359
f 1425/7360 1427/7361 1423/7362
f 1423/7363 1427/7364 1424/7365
f 1427/7366 1428/7367 1424/7368
f 1425/7369 1426/7370 1429/7371
f 1429/7372 1426/7373 1430/7374
f 1426/7375 1428/7376 1430/7377
f 1430/7378 1428/7379 1432/7380
f 1425/7381 1429/7382 1427/7383
f 1429/7384 1431/7385 1427/7386
f 1427/7387 1431/7388 1428/7389
f 1431/7390 1432/7391 1428/7392
f 1429/7393 1430/7394 1433/7395
f 1433/7396 1430/7397 1434/7398
f 1430/7399 1432/7400 1434/7401
f 1434/7402 1432/7403 1436/7404
f 1429/7405 1433/7406 1431/7407
f 1433/7408 1435/7409 1431/7410
f 1431/7411 1435/7412 1432/7413
f 1435/7414 1436/7415 1432/7416
f 1433/7417 1434/7418 1437/7419
f 1437/7420 1434/7421 1438/7422
f 1434/7423 1436/7424 1438/7425
f 1433/7426 1437/7427 1435/7428
f 1437/7429 1438/7430 1435/7431
f 1435/7432 1438/7433 1436/7434
f 1440/7435 1439/7436 1443/7437
f 1440/7438 1443/7439 1444/7440
f 1442/7441 1440/7442 1444/7443
f 1442/7444 1444/7445 1446/7446
f 1441/7447 1443/7448 1439/7449
f 1441/7450 1445/7451 1443/7452
f 1442/7453 1445/7454 1441/7455
f 1442/7456 1446/7457 1445/7458
f 1444/7459 1443/7460 1447/7461
f 1444/7462 1447/7463 1448/7464
f 1446/7465 1444/7466 1448/7467
f 1446/7468 1448/7469 1450/7470
f 1445/7471 1447/7472 1443/7473
f 1445/7474 1449/7475 1447/7476
f 1446/7477 1449/7478 1445/7479
f 1446/7480 1450/7481 1449/7482
f 1448/7483 1447/7484 1451/7485
f 1448/7486 1451/7487 1452/7488
f 1450/7489 1448/7490 1452/7491
f 1450/7492 1452/7493 1454/7494
f 1449/7495 1451/7496 1447/7497
f 1449/7498 1453/7499 1451/7500
f 1450/7501 1453/7502 1449/7503
f 1450/7504 1454/7505 1453/7506
f 1452/7507 1451/7508 1455/7509
f 1452/7510 1455/7511 1456/7512
f 1454/7513 1452/7514 1456/7515
f 1453/7516 1455/7517 1451/7518
f 1453/7519 1456/7520 1455/7521
f 1454/7522 1456/7523 1453/7524
f 1457/7525 1458/7526 1461/7527
f 1461/7528 1458/7529 1462/7530
f 1458/7531 1460/7532 1462/7533
f 1462/7534 1460/7535 1464/7536
f 1457/7537 1461/7538 1459/7539
f 1461/7540 1463/7541 1459/7542
f 1459/7543 1463/7544 1460/7545
f 1463/7546 1464/7547 1460/7548
f 1461/7549 1462/7550 1465/7551
f 1465/7552 1462/7553 1466/7554
f 1462/7555 1464/7556 1466/7557
f 1461/7558 1465/7559 1463/7560
f 1465/7561 1466/7562 1463/7563
f 1463/7564 1466/7565 1464/7566
f 1468/7567 1467/7568 1471/7569
f 1468/7570 1471/7571 1472/7572
f 1470/7573 1468/7574 1472/7575
f 1470/7576 1472/7577 1474/7578
f 1469/7579 1471/7580 1467/7581
f 1469/7582 1473/7583 1471/7584
f 1470/7585 1473/7586 1469/7587
f 1470/7588 1474/7589 1473/7590
f 1472/7591 1471/7592 1475/7593
f 1472/7594 1475/7595 1476/7596
f 1474/7597 1472/7598 1476/7599
f 1473/7600 1475/7601 1471/7602
f 1473/7603 1476/7604 1475/7605
f 1474/7606 1476/7607 1473/7608
f 1477/7609 1478/7610 1481/7611
f 1481/7612 1478/7613 1482/7614
f 1478/7615 1480/7616 1482/7617
f 1477/7618 1481/7619 1479/7620
f 1481/7621 1482/7622 1479/7623
f 1479/7624 1482/7625 1480/7626
f 1484/7627 1483/7628 1487/7629
f 1484/7630 1487/7631 1488/7632
f 1486/7633 1484/7634 1488/7635
f 1485/7636 1487/7637 1483/7638
f 1485/7639 1488/7640 1487/7641
f 1486/7642 1488/7643 1485/7644
f 1489/7645 1490/7646 1493/7647
f 1493/7648 1490/7649 1494/7650
f 1490/7651 1492/7652 1494/7653
f 1489/7654 1493/7655 1491/7656
f 1493/7657 1494/7658 1491/7659
f 1491/7660 1494/7661 1492/7662
f 1496/7663 1495/7664 1499/7665
f 1496/7666 1499/7667 1500/7668
f 1498/7669 1496/7670 1500/7671
f 1497/7672 1499/7673 1495/7674
f 1497/7675 1500/7676 1499/7677
f 1498/7678 1500/7679 1497/7680
f 1501/7681 1502/7682 1505/7683
f 1505/7684 1502/7685 1506/7686
f 1502/7687 1504/7688 1506/7689
f 1501/7690 1505/7691 1503/7692
f 1505/7693 1506/7694 1503/7695
f 1503/7696 1506/7697 1504/7698
f 1508/7699 1507/7700 1511/7701
f 1508/7702 1511/7703 1512/7704
f 1510/7705 1508/7706 1512/7707
f 1509/7708 1511/7709 1507/7710
f 1509/7711 1512/7712 1511/7713
f 1510/7714 1512/7715 1509/7716
f 1513/7717 1514/7718 1517/7719
f 1517/7720 1514/7721 1518/7722
f 1514/7723 1516/7724 1518/7725
f 1518/7726 1516/7727 1520/7728
f 1513/7729 1517/7730 1515/7731
f 1517/7732 1519/7733 1515/7734
f 1515/7735 1519/7736 1516/7737
f 1519/7738 1520/7739 1516/7740
f 1517/7741 1518/7742 1521/7743
f 1521/7744 1518/7745 1522/7746
f 1518/7747 1520/7748 1522/7749
f 1517/7750 1521/7751 1519/7752
f 1521/7753 1522/7754 1519/7755
f 1519/7756 1522/7757 1520/7758
f 1524/7759 1523/7760 1527/7761
f 1524/7762 1527/7763 1528/7764
f 1526/7765 1524/7766 1528/7767
f 1526/7768 1528/7769 1530/7770
f 1525/7771 1527/7772 1523/7773
f 1525/7774 1529/7775 1527/7776
f 1526/7777 1529/7778 1525/7779
f 1526/7780 1530/7781 1529/7782
f 1528/7783 1527/7784 1531/7785
f 1528/7786 1531/7787 1532/7788
f 1530/7789 1528/7790 1532/7791
f 1529/7792 1531/7793 1527/7794
f 1529/7795 1532/7796 1531/7797
f 1530/7798 1532/7799 1529/7800
