v -0.8 0 0.1
v -0.8 0 0.1
v -0.8 0 0.1
v -0.8 0 0.1
v -0.8 0 0.1
v -0.8 0 0.1
v -0.8 0 0.1
v -0.8 0 0.1
v -0.9 0 0.2
v -0.9 -0.07071 0.17071
v -0.9 -0.1 0.1
v -0.9 -0.07071 0.02929
v -0.9 0 0
v -0.9 0.07071 0.02929
v -0.9 0.1 0.1
v -0.9 0.07071 0.17071
v -0.4 0 0.33
v -0.4 -0.14142 0.26263
v -0.4 -0.2 0.1
v -0.4 -0.14142 -0.06263
v -0.4 0 -0.13
v -0.4 0.14142 -0.06263
v -0.4 0.2 0.1
v -0.4 0.14142 0.26263
v 0.1 0 0.37
v 0.1 -0.17678 0.29092
v 0.1 -0.25 0.1
v 0.1 -0.17678 -0.09092
v 0.1 0 -0.17
v 0.1 0.17678 -0.09092
v 0.1 0.25 0.1
v 0.1 0.17678 0.29092
v 0.7 0 0.35
v 0.7 -0.10607 0.27678
v 0.7 -0.15 0.1
v 0.7 -0.10607 -0.07678
v 0.7 0 -0.15
v 0.7 0.10607 -0.07678
v 0.7 0.15 0.1
v 0.7 0.10607 0.27678
v 0.8 0 0.32
v 0.8 -0.08485 0.25556
v 0.8 -0.12 0.1
v 0.8 -0.08485 -0.05556
v 0.8 0 -0.12
v 0.8 0.08485 -0.05556
v 0.8 0.12 0.1
v 0.8 0.08485 0.25556
v 0.85 0 0.32
v 0.85 -0.08485 0.25556
v 0.85 -0.12 0.1
v 0.85 -0.08485 -0.05556
v 0.85 0 -0.12
v 0.85 0.08485 -0.05556
v 0.85 0.12 0.1
v 0.85 0.08485 0.25556
v 0.8 0 0.1
v 0.8 0 0.1
v 0.8 0 0.1
v 0.8 0 0.1
v 0.8 0 0.1
v 0.8 0 0.1
v 0.8 0 0.1
v 0.8 0 0.1
v -0.6 0 0.28
v -0.6 -0.03536 0.28
v -0.6 -0.05 0.28
v -0.6 -0.03536 0.28
v -0.6 0 0.28
v -0.6 0.03536 0.28
v -0.6 0.05 0.28
v -0.6 0.03536 0.28
v -0.3 0 0.4
v -0.3 -0.07071 0.35607
v -0.3 -0.1 0.25
v -0.3 -0.07071 0.14393
v -0.3 0 0.1
v -0.3 0.07071 0.14393
v -0.3 0.1 0.25
v -0.3 0.07071 0.35607
v 0.1 0 0.46
v 0.1 -0.09899 0.40142
v 0.1 -0.14 0.26
v 0.1 -0.09899 0.11858
v 0.1 0 0.06
v 0.1 0.09899 0.11858
v 0.1 0.14 0.26
v 0.1 0.09899 0.40142
v 0.4 0 0.3
v 0.4 -0.03536 0.3
v 0.4 -0.05 0.3
v 0.4 -0.03536 0.3
v 0.4 0 0.3
v 0.4 0.03536 0.3
v 0.4 0.05 0.3
v 0.4 0.03536 0.3
v -1.7 0 -0.05
v -1.7 0 -0.05
v -1.7 0 -0.05
v -1.7 0 -0.05
v -1.7 0 -0.05
v -1.7 0 -0.05
v -1.7 0 -0.05
v -1.7 0 -0.05
v -1.8 0 0
v -1.8 -0.05657 -0.01464
v -1.8 -0.08 -0.05
v -1.8 -0.05657 -0.08536
v -1.8 0 -0.1
v -1.8 0.05657 -0.08536
v -1.8 0.08 -0.05
v -1.8 0.05657 -0.01464
v -0.4 0 0.1
v -0.4 -0.14142 0.05607
v -0.4 -0.2 -0.05
v -0.4 -0.14142 -0.15607
v -0.4 0 -0.2
v -0.4 0.14142 -0.15607
v -0.4 0.2 -0.05
v -0.4 0.14142 0.05607
v 0.7 0 0.05
v 0.7 -0.14142 0.02071
v 0.7 -0.2 -0.05
v 0.7 -0.14142 -0.12071
v 0.7 0 -0.15
v 0.7 0.14142 -0.12071
v 0.7 0.2 -0.05
v 0.7 0.14142 0.02071
v 0.8 0 -0.05
v 0.8 0 -0.05
v 0.8 0 -0.05
v 0.8 0 -0.05
v 0.8 0 -0.05
v 0.8 0 -0.05
v 0.8 0 -0.05
v 0.8 0 -0.05
v -0.4 -1.1 -0.1
v -0.4 -1.1 -0.1
v -0.4 -1.1 -0.1
v -0.4 -1.1 -0.1
v -0.4 -1.1 -0.1
v -0.5 -1.1 -0.05
v -0.5 -1.17071 -0.06464
v -0.5 -1.2 -0.1
v -0.5 -1.17071 -0.13536
v -0.5 -1.1 -0.15
v 0.9 -1.1 0.1
v 0.9 -1.27678 0.04142
v 0.9 -1.35 -0.1
v 0.9 -1.27678 -0.24142
v 0.9 -1.1 -0.3
v 1.3 -1.1 0.05
v 1.3 -1.24142 0.00607
v 1.3 -1.3 -0.1
v 1.3 -1.24142 -0.20607
v 1.3 -1.1 -0.25
v 1.4 -1.1 -0.1
v 1.4 -1.1 -0.1
v 1.4 -1.1 -0.1
v 1.4 -1.1 -0.1
v 1.4 -1.1 -0.1
v -0.4 1.1 -0.1
v -0.4 1.1 -0.1
v -0.4 1.1 -0.1
v -0.4 1.1 -0.1
v -0.4 1.1 -0.1
v -0.5 1.1 -0.2
v -0.5 1.13536 -0.17071
v -0.5 1.15 -0.1
v -0.5 1.13536 -0.02929
v -0.5 1.1 0
v 0.9 1.1 -0.3
v 0.9 1.24142 -0.24142
v 0.9 1.3 -0.1
v 0.9 1.24142 0.04142
v 0.9 1.1 0.1
v 1.3 1.1 -0.25
v 1.3 1.20607 -0.20607
v 1.3 1.25 -0.1
v 1.3 1.20607 0.00607
v 1.3 1.1 0.05
v 1.4 1.1 -0.1
v 1.4 1.1 -0.1
v 1.4 1.1 -0.1
v 1.4 1.1 -0.1
v 1.4 1.1 -0.1
v -1.6 0 0.1
v -1.6 0 0.1
v -1.6 0 0.1
v -1.6 0 0.1
v -1.6 0 0.1
v -1.6 0 0.1
v -1.6 0 0.1
v -1.6 0 0.1
v -1.6 0 0.1
v -1.6 0 0.1
v -1.6 0 0.1
v -1.6 0 0.1
v -1.7 0 0.15
v -1.7 -0.025 0.1433
v -1.7 -0.0433 0.125
v -1.7 -0.05 0.1
v -1.7 -0.0433 0.075
v -1.7 -0.025 0.0567
v -1.7 0 0.05
v -1.7 0.025 0.0567
v -1.7 0.0433 0.075
v -1.7 0.05 0.1
v -1.7 0.0433 0.125
v -1.7 0.025 0.1433
v -1.67 0 0.15
v -1.67 -0.025 0.1433
v -1.67 -0.0433 0.125
v -1.67 -0.05 0.1
v -1.67 -0.0433 0.075
v -1.67 -0.025 0.0567
v -1.67 0 0.05
v -1.67 0.025 0.0567
v -1.67 0.0433 0.075
v -1.67 0.05 0.1
v -1.67 0.0433 0.125
v -1.67 0.025 0.1433
v -1.2 0 0.15
v -1.2 -0.025 0.1433
v -1.2 -0.0433 0.125
v -1.2 -0.05 0.1
v -1.2 -0.0433 0.075
v -1.2 -0.025 0.0567
v -1.2 0 0.05
v -1.2 0.025 0.0567
v -1.2 0.0433 0.075
v -1.2 0.05 0.1
v -1.2 0.0433 0.125
v -1.2 0.025 0.1433
v -1 0 0.16
v -1 -0.03 0.15196
v -1 -0.05196 0.13
v -1 -0.06 0.1
v -1 -0.05196 0.07
v -1 -0.03 0.04804
v -1 0 0.04
v -1 0.03 0.04804
v -1 0.05196 0.07
v -1 0.06 0.1
v -1 0.05196 0.13
v -1 0.03 0.15196
v -0.8 0 0.19
v -0.8 -0.05 0.18196
v -0.8 -0.0866 0.16
v -0.8 -0.1 0.13
v -0.8 -0.0866 0.1
v -0.8 -0.05 0.07804
v -0.8 0 0.07
v -0.8 0.05 0.07804
v -0.8 0.0866 0.1
v -0.8 0.1 0.13
v -0.8 0.0866 0.16
v -0.8 0.05 0.18196
v -0.6 0 0.18
v -0.6 -0.025 0.1733
v -0.6 -0.0433 0.155
v -0.6 -0.05 0.13
v -0.6 -0.0433 0.105
v -0.6 -0.025 0.0867
v -0.6 0 0.08
v -0.6 0.025 0.0867
v -0.6 0.0433 0.105
v -0.6 0.05 0.13
v -0.6 0.0433 0.155
v -0.6 0.025 0.1733
v -0.65 0 0
v -0.65 0 0
v -0.65 0 0
v -0.65 0 0
v -0.65 0 0
v -0.65 0 0
v -0.65 0 0
v -0.65 0 0
v -0.65 0 0
v -0.65 0 0
v -0.65 0 0
v -0.65 0 0
v -1.1 0.2 0
v -1.1 0.2 0
v -1.1 0.2 0
v -1.1 0.2 0
v -1.1 0.2 0
v -1.1 0.2 0
v -1.1 0.2 0
v -1.1 0.2 0
v -1.1 0.2 0
v -1.1 0.2 0
v -1.1 0.2 0
v -1.1 0.2 0
v -1.2 0.2 0.05
v -1.2 0.175 0.0433
v -1.2 0.1567 0.025
v -1.2 0.15 0
v -1.2 0.1567 -0.025
v -1.2 0.175 -0.0433
v -1.2 0.2 -0.05
v -1.2 0.225 -0.0433
v -1.2 0.2433 -0.025
v -1.2 0.25 0
v -1.2 0.2433 0.025
v -1.2 0.225 0.0433
v -1.17 0.2 0.05
v -1.17 0.175 0.0433
v -1.17 0.1567 0.025
v -1.17 0.15 0
v -1.17 0.1567 -0.025
v -1.17 0.175 -0.0433
v -1.17 0.2 -0.05
v -1.17 0.225 -0.0433
v -1.17 0.2433 -0.025
v -1.17 0.25 0
v -1.17 0.2433 0.025
v -1.17 0.225 0.0433
v -0.7 0.2 0.05
v -0.7 0.175 0.0433
v -0.7 0.1567 0.025
v -0.7 0.15 0
v -0.7 0.1567 -0.025
v -0.7 0.175 -0.0433
v -0.7 0.2 -0.05
v -0.7 0.225 -0.0433
v -0.7 0.2433 -0.025
v -0.7 0.25 0
v -0.7 0.2433 0.025
v -0.7 0.225 0.0433
v -0.5 0.2 0.06
v -0.5 0.17 0.05196
v -0.5 0.14804 0.03
v -0.5 0.14 0
v -0.5 0.14804 -0.03
v -0.5 0.17 -0.05196
v -0.5 0.2 -0.06
v -0.5 0.23 -0.05196
v -0.5 0.25196 -0.03
v -0.5 0.26 0
v -0.5 0.25196 0.03
v -0.5 0.23 0.05196
v -0.3 0.17 0.13
v -0.3 0.12 0.1166
v -0.3 0.0834 0.08
v -0.3 0.07 0.03
v -0.3 0.0834 -0.02
v -0.3 0.12 -0.0566
v -0.3 0.17 -0.07
v -0.3 0.22 -0.0566
v -0.3 0.2566 -0.02
v -0.3 0.27 0.03
v -0.3 0.2566 0.08
v -0.3 0.22 0.1166
v -0.1 0.15 0.08
v -0.1 0.125 0.0733
v -0.1 0.1067 0.055
v -0.1 0.1 0.03
v -0.1 0.1067 0.005
v -0.1 0.125 -0.0133
v -0.1 0.15 -0.02
v -0.1 0.175 -0.0133
v -0.1 0.1933 0.005
v -0.1 0.2 0.03
v -0.1 0.1933 0.055
v -0.1 0.175 0.0733
v -0.15 0.15 0
v -0.15 0.15 0
v -0.15 0.15 0
v -0.15 0.15 0
v -0.15 0.15 0
v -0.15 0.15 0
v -0.15 0.15 0
v -0.15 0.15 0
v -0.15 0.15 0
v -0.15 0.15 0
v -0.15 0.15 0
v -0.15 0.15 0
v -1.1 -0.2 0
v -1.1 -0.2 0
v -1.1 -0.2 0
v -1.1 -0.2 0
v -1.1 -0.2 0
v -1.1 -0.2 0
v -1.1 -0.2 0
v -1.1 -0.2 0
v -1.1 -0.2 0
v -1.1 -0.2 0
v -1.1 -0.2 0
v -1.1 -0.2 0
v -1.2 -0.2 -0.05
v -1.2 -0.175 -0.0433
v -1.2 -0.1567 -0.025
v -1.2 -0.15 0
v -1.2 -0.1567 0.025
v -1.2 -0.175 0.0433
v -1.2 -0.2 0.05
v -1.2 -0.225 0.0433
v -1.2 -0.2433 0.025
v -1.2 -0.25 0
v -1.2 -0.2433 -0.025
v -1.2 -0.225 -0.0433
v -1.17 -0.2 -0.05
v -1.17 -0.175 -0.0433
v -1.17 -0.1567 -0.025
v -1.17 -0.15 0
v -1.17 -0.1567 0.025
v -1.17 -0.175 0.0433
v -1.17 -0.2 0.05
v -1.17 -0.225 0.0433
v -1.17 -0.2433 0.025
v -1.17 -0.25 0
v -1.17 -0.2433 -0.025
v -1.17 -0.225 -0.0433
v -0.7 -0.2 -0.05
v -0.7 -0.175 -0.0433
v -0.7 -0.1567 -0.025
v -0.7 -0.15 0
v -0.7 -0.1567 0.025
v -0.7 -0.175 0.0433
v -0.7 -0.2 0.05
v -0.7 -0.225 0.0433
v -0.7 -0.2433 0.025
v -0.7 -0.25 0
v -0.7 -0.2433 -0.025
v -0.7 -0.225 -0.0433
v -0.5 -0.2 -0.06
v -0.5 -0.17 -0.05196
v -0.5 -0.14804 -0.03
v -0.5 -0.14 0
v -0.5 -0.14804 0.03
v -0.5 -0.17 0.05196
v -0.5 -0.2 0.06
v -0.5 -0.23 0.05196
v -0.5 -0.25196 0.03
v -0.5 -0.26 0
v -0.5 -0.25196 -0.03
v -0.5 -0.23 -0.05196
v -0.3 -0.17 -0.07
v -0.3 -0.12 -0.0566
v -0.3 -0.0834 -0.02
v -0.3 -0.07 0.03
v -0.3 -0.0834 0.08
v -0.3 -0.12 0.1166
v -0.3 -0.17 0.13
v -0.3 -0.22 0.1166
v -0.3 -0.2566 0.08
v -0.3 -0.27 0.03
v -0.3 -0.2566 -0.02
v -0.3 -0.22 -0.0566
v -0.1 -0.15 -0.02
v -0.1 -0.125 -0.0133
v -0.1 -0.1067 0.005
v -0.1 -0.1 0.03
v -0.1 -0.1067 0.055
v -0.1 -0.125 0.0733
v -0.1 -0.15 0.08
v -0.1 -0.175 0.0733
v -0.1 -0.1933 0.055
v -0.1 -0.2 0.03
v -0.1 -0.1933 0.005
v -0.1 -0.175 -0.0133
v -0.15 -0.15 0
v -0.15 -0.15 0
v -0.15 -0.15 0
v -0.15 -0.15 0
v -0.15 -0.15 0
v -0.15 -0.15 0
v -0.15 -0.15 0
v -0.15 -0.15 0
v -0.15 -0.15 0
v -0.15 -0.15 0
v -0.15 -0.15 0
v -0.15 -0.15 0
v -0.3 0.45 0.43
v -0.3 0.45 0.43
v -0.3 0.45 0.43
v -0.3 0.45 0.43
v -0.3 0.45 0.43
v -0.3 0.45 0.43
v -0.3 0.45 0.43
v -0.3 0.45 0.43
v -0.3 0.45 0.43
v -0.3 0.45 0.43
v -0.3 0.45 0.43
v -0.3 0.45 0.43
v -0.4 0.45 0.48
v -0.4 0.425 0.4733
v -0.4 0.4067 0.455
v -0.4 0.4 0.43
v -0.4 0.4067 0.405
v -0.4 0.425 0.3867
v -0.4 0.45 0.38
v -0.4 0.475 0.3867
v -0.4 0.4933 0.405
v -0.4 0.5 0.43
v -0.4 0.4933 0.455
v -0.4 0.475 0.4733
v -0.2 0.45 0.48
v -0.2 0.425 0.4733
v -0.2 0.4067 0.455
v -0.2 0.4 0.43
v -0.2 0.4067 0.405
v -0.2 0.425 0.3867
v -0.2 0.45 0.38
v -0.2 0.475 0.3867
v -0.2 0.4933 0.405
v -0.2 0.5 0.43
v -0.2 0.4933 0.455
v -0.2 0.475 0.4733
v -0.2 0.45 0.47
v -0.2 0.43 0.46464
v -0.2 0.41536 0.45
v -0.2 0.41 0.43
v -0.2 0.41536 0.41
v -0.2 0.43 0.39536
v -0.2 0.45 0.39
v -0.2 0.47 0.39536
v -0.2 0.48464 0.41
v -0.2 0.49 0.43
v -0.2 0.48464 0.45
v -0.2 0.47 0.46464
v 0.3 0.45 0.47
v 0.3 0.43 0.46464
v 0.3 0.41536 0.45
v 0.3 0.41 0.43
v 0.3 0.41536 0.41
v 0.3 0.43 0.39536
v 0.3 0.45 0.39
v 0.3 0.47 0.39536
v 0.3 0.48464 0.41
v 0.3 0.49 0.43
v 0.3 0.48464 0.45
v 0.3 0.47 0.46464
v 0.5 0.45 0.53
v 0.5 0.4 0.5166
v 0.5 0.3634 0.48
v 0.5 0.35 0.43
v 0.5 0.3634 0.38
v 0.5 0.4 0.3434
v 0.5 0.45 0.33
v 0.5 0.5 0.3434
v 0.5 0.5366 0.38
v 0.5 0.55 0.43
v 0.5 0.5366 0.48
v 0.5 0.5 0.5166
v 0.7 0.45 0.48
v 0.7 0.425 0.4733
v 0.7 0.4067 0.455
v 0.7 0.4 0.43
v 0.7 0.4067 0.405
v 0.7 0.425 0.3867
v 0.7 0.45 0.38
v 0.7 0.475 0.3867
v 0.7 0.4933 0.405
v 0.7 0.5 0.43
v 0.7 0.4933 0.455
v 0.7 0.475 0.4733
v 0.75 0.45 0.43
v 0.75 0.45 0.43
v 0.75 0.45 0.43
v 0.75 0.45 0.43
v 0.75 0.45 0.43
v 0.75 0.45 0.43
v 0.75 0.45 0.43
v 0.75 0.45 0.43
v 0.75 0.45 0.43
v 0.75 0.45 0.43
v 0.75 0.45 0.43
v 0.75 0.45 0.43
v -0.3 -0.45 0.43
v -0.3 -0.45 0.43
v -0.3 -0.45 0.43
v -0.3 -0.45 0.43
v -0.3 -0.45 0.43
v -0.3 -0.45 0.43
v -0.3 -0.45 0.43
v -0.3 -0.45 0.43
v -0.3 -0.45 0.43
v -0.3 -0.45 0.43
v -0.3 -0.45 0.43
v -0.3 -0.45 0.43
v -0.4 -0.45 0.38
v -0.4 -0.425 0.3867
v -0.4 -0.4067 0.405
v -0.4 -0.4 0.43
v -0.4 -0.4067 0.455
v -0.4 -0.425 0.4733
v -0.4 -0.45 0.48
v -0.4 -0.475 0.4733
v -0.4 -0.4933 0.455
v -0.4 -0.5 0.43
v -0.4 -0.4933 0.405
v -0.4 -0.475 0.3867
v -0.2 -0.45 0.38
v -0.2 -0.425 0.3867
v -0.2 -0.4067 0.405
v -0.2 -0.4 0.43
v -0.2 -0.4067 0.455
v -0.2 -0.425 0.4733
v -0.2 -0.45 0.48
v -0.2 -0.475 0.4733
v -0.2 -0.4933 0.455
v -0.2 -0.5 0.43
v -0.2 -0.4933 0.405
v -0.2 -0.475 0.3867
v -0.2 -0.45 0.39
v -0.2 -0.43 0.39536
v -0.2 -0.41536 0.41
v -0.2 -0.41 0.43
v -0.2 -0.41536 0.45
v -0.2 -0.43 0.46464
v -0.2 -0.45 0.47
v -0.2 -0.47 0.46464
v -0.2 -0.48464 0.45
v -0.2 -0.49 0.43
v -0.2 -0.48464 0.41
v -0.2 -0.47 0.39536
v 0.3 -0.45 0.39
v 0.3 -0.43 0.39536
v 0.3 -0.41536 0.41
v 0.3 -0.41 0.43
v 0.3 -0.41536 0.45
v 0.3 -0.43 0.46464
v 0.3 -0.45 0.47
v 0.3 -0.47 0.46464
v 0.3 -0.48464 0.45
v 0.3 -0.49 0.43
v 0.3 -0.48464 0.41
v 0.3 -0.47 0.39536
v 0.5 -0.45 0.33
v 0.5 -0.4 0.3434
v 0.5 -0.3634 0.38
v 0.5 -0.35 0.43
v 0.5 -0.3634 0.48
v 0.5 -0.4 0.5166
v 0.5 -0.45 0.53
v 0.5 -0.5 0.5166
v 0.5 -0.5366 0.48
v 0.5 -0.55 0.43
v 0.5 -0.5366 0.38
v 0.5 -0.5 0.3434
v 0.7 -0.45 0.38
v 0.7 -0.425 0.3867
v 0.7 -0.4067 0.405
v 0.7 -0.4 0.43
v 0.7 -0.4067 0.455
v 0.7 -0.425 0.4733
v 0.7 -0.45 0.48
v 0.7 -0.475 0.4733
v 0.7 -0.4933 0.455
v 0.7 -0.5 0.43
v 0.7 -0.4933 0.405
v 0.7 -0.475 0.3867
v 0.75 -0.45 0.43
v 0.75 -0.45 0.43
v 0.75 -0.45 0.43
v 0.75 -0.45 0.43
v 0.75 -0.45 0.43
v 0.75 -0.45 0.43
v 0.75 -0.45 0.43
v 0.75 -0.45 0.43
v 0.75 -0.45 0.43
v 0.75 -0.45 0.43
v 0.75 -0.45 0.43
v 0.75 -0.45 0.43
v -0.3 0.65 0.34
v -0.3 0.65 0.34
v -0.3 0.65 0.34
v -0.3 0.65 0.34
v -0.3 0.65 0.34
v -0.3 0.65 0.34
v -0.3 0.65 0.34
v -0.3 0.65 0.34
v -0.3 0.65 0.34
v -0.3 0.65 0.34
v -0.3 0.65 0.34
v -0.3 0.65 0.34
v -0.4 0.65 0.39
v -0.4 0.625 0.3833
v -0.4 0.6067 0.365
v -0.4 0.6 0.34
v -0.4 0.6067 0.315
v -0.4 0.625 0.2967
v -0.4 0.65 0.29
v -0.4 0.675 0.2967
v -0.4 0.6933 0.315
v -0.4 0.7 0.34
v -0.4 0.6933 0.365
v -0.4 0.675 0.3833
v -0.2 0.65 0.39
v -0.2 0.625 0.3833
v -0.2 0.6067 0.365
v -0.2 0.6 0.34
v -0.2 0.6067 0.315
v -0.2 0.625 0.2967
v -0.2 0.65 0.29
v -0.2 0.675 0.2967
v -0.2 0.6933 0.315
v -0.2 0.7 0.34
v -0.2 0.6933 0.365
v -0.2 0.675 0.3833
v -0.2 0.65 0.38
v -0.2 0.63 0.37464
v -0.2 0.61536 0.36
v -0.2 0.61 0.34
v -0.2 0.61536 0.32
v -0.2 0.63 0.30536
v -0.2 0.65 0.3
v -0.2 0.67 0.30536
v -0.2 0.68464 0.32
v -0.2 0.69 0.34
v -0.2 0.68464 0.36
v -0.2 0.67 0.37464
v 0.3 0.65 0.38
v 0.3 0.63 0.37464
v 0.3 0.61536 0.36
v 0.3 0.61 0.34
v 0.3 0.61536 0.32
v 0.3 0.63 0.30536
v 0.3 0.65 0.3
v 0.3 0.67 0.30536
v 0.3 0.68464 0.32
v 0.3 0.69 0.34
v 0.3 0.68464 0.36
v 0.3 0.67 0.37464
v 0.5 0.65 0.44
v 0.5 0.6 0.4266
v 0.5 0.5634 0.39
v 0.5 0.55 0.34
v 0.5 0.5634 0.29
v 0.5 0.6 0.2534
v 0.5 0.65 0.24
v 0.5 0.7 0.2534
v 0.5 0.7366 0.29
v 0.5 0.75 0.34
v 0.5 0.7366 0.39
v 0.5 0.7 0.4266
v 0.7 0.65 0.39
v 0.7 0.625 0.3833
v 0.7 0.6067 0.365
v 0.7 0.6 0.34
v 0.7 0.6067 0.315
v 0.7 0.625 0.2967
v 0.7 0.65 0.29
v 0.7 0.675 0.2967
v 0.7 0.6933 0.315
v 0.7 0.7 0.34
v 0.7 0.6933 0.365
v 0.7 0.675 0.3833
v 0.75 0.65 0.34
v 0.75 0.65 0.34
v 0.75 0.65 0.34
v 0.75 0.65 0.34
v 0.75 0.65 0.34
v 0.75 0.65 0.34
v 0.75 0.65 0.34
v 0.75 0.65 0.34
v 0.75 0.65 0.34
v 0.75 0.65 0.34
v 0.75 0.65 0.34
v 0.75 0.65 0.34
v -0.3 -0.65 0.34
v -0.3 -0.65 0.34
v -0.3 -0.65 0.34
v -0.3 -0.65 0.34
v -0.3 -0.65 0.34
v -0.3 -0.65 0.34
v -0.3 -0.65 0.34
v -0.3 -0.65 0.34
v -0.3 -0.65 0.34
v -0.3 -0.65 0.34
v -0.3 -0.65 0.34
v -0.3 -0.65 0.34
v -0.4 -0.65 0.29
v -0.4 -0.625 0.2967
v -0.4 -0.6067 0.315
v -0.4 -0.6 0.34
v -0.4 -0.6067 0.365
v -0.4 -0.625 0.3833
v -0.4 -0.65 0.39
v -0.4 -0.675 0.3833
v -0.4 -0.6933 0.365
v -0.4 -0.7 0.34
v -0.4 -0.6933 0.315
v -0.4 -0.675 0.2967
v -0.2 -0.65 0.29
v -0.2 -0.625 0.2967
v -0.2 -0.6067 0.315
v -0.2 -0.6 0.34
v -0.2 -0.6067 0.365
v -0.2 -0.625 0.3833
v -0.2 -0.65 0.39
v -0.2 -0.675 0.3833
v -0.2 -0.6933 0.365
v -0.2 -0.7 0.34
v -0.2 -0.6933 0.315
v -0.2 -0.675 0.2967
v -0.2 -0.65 0.3
v -0.2 -0.63 0.30536
v -0.2 -0.61536 0.32
v -0.2 -0.61 0.34
v -0.2 -0.61536 0.36
v -0.2 -0.63 0.37464
v -0.2 -0.65 0.38
v -0.2 -0.67 0.37464
v -0.2 -0.68464 0.36
v -0.2 -0.69 0.34
v -0.2 -0.68464 0.32
v -0.2 -0.67 0.30536
v 0.3 -0.65 0.3
v 0.3 -0.63 0.30536
v 0.3 -0.61536 0.32
v 0.3 -0.61 0.34
v 0.3 -0.61536 0.36
v 0.3 -0.63 0.37464
v 0.3 -0.65 0.38
v 0.3 -0.67 0.37464
v 0.3 -0.68464 0.36
v 0.3 -0.69 0.34
v 0.3 -0.68464 0.32
v 0.3 -0.67 0.30536
v 0.5 -0.65 0.24
v 0.5 -0.6 0.2534
v 0.5 -0.5634 0.29
v 0.5 -0.55 0.34
v 0.5 -0.5634 0.39
v 0.5 -0.6 0.4266
v 0.5 -0.65 0.44
v 0.5 -0.7 0.4266
v 0.5 -0.7366 0.39
v 0.5 -0.75 0.34
v 0.5 -0.7366 0.29
v 0.5 -0.7 0.2534
v 0.7 -0.65 0.29
v 0.7 -0.625 0.2967
v 0.7 -0.6067 0.315
v 0.7 -0.6 0.34
v 0.7 -0.6067 0.365
v 0.7 -0.625 0.3833
v 0.7 -0.65 0.39
v 0.7 -0.675 0.3833
v 0.7 -0.6933 0.365
v 0.7 -0.7 0.34
v 0.7 -0.6933 0.315
v 0.7 -0.675 0.2967
v 0.75 -0.65 0.34
v 0.75 -0.65 0.34
v 0.75 -0.65 0.34
v 0.75 -0.65 0.34
v 0.75 -0.65 0.34
v 0.75 -0.65 0.34
v 0.75 -0.65 0.34
v 0.75 -0.65 0.34
v 0.75 -0.65 0.34
v 0.75 -0.65 0.34
v 0.75 -0.65 0.34
v 0.75 -0.65 0.34
v 0 1 -0.1
v 0 1 -0.1
v 0 1 -0.1
v 0 1 -0.1
v 0 1 -0.1
v 0 1 -0.1
v 0 1 -0.1
v 0 1 -0.1
v 0 1 -0.1
v 0 1 -0.1
v 0 1 -0.1
v 0 1 -0.1
v -0.1 1 -0.05
v -0.1 0.975 -0.0567
v -0.1 0.9567 -0.075
v -0.1 0.95 -0.1
v -0.1 0.9567 -0.125
v -0.1 0.975 -0.1433
v -0.1 1 -0.15
v -0.1 1.025 -0.1433
v -0.1 1.0433 -0.125
v -0.1 1.05 -0.1
v -0.1 1.0433 -0.075
v -0.1 1.025 -0.0567
v -0.08 1 -0.05
v -0.08 0.975 -0.0567
v -0.08 0.9567 -0.075
v -0.08 0.95 -0.1
v -0.08 0.9567 -0.125
v -0.08 0.975 -0.1433
v -0.08 1 -0.15
v -0.08 1.025 -0.1433
v -0.08 1.0433 -0.125
v -0.08 1.05 -0.1
v -0.08 1.0433 -0.075
v -0.08 1.025 -0.0567
v -0.05 1 -0.05
v -0.05 0.975 -0.0567
v -0.05 0.9567 -0.075
v -0.05 0.95 -0.1
v -0.05 0.9567 -0.125
v -0.05 0.975 -0.1433
v -0.05 1 -0.15
v -0.05 1.025 -0.1433
v -0.05 1.0433 -0.125
v -0.05 1.05 -0.1
v -0.05 1.0433 -0.075
v -0.05 1.025 -0.0567
v 0.1 1 -0.05
v 0.1 0.975 -0.0567
v 0.1 0.9567 -0.075
v 0.1 0.95 -0.1
v 0.1 0.9567 -0.125
v 0.1 0.975 -0.1433
v 0.1 1 -0.15
v 0.1 1.025 -0.1433
v 0.1 1.0433 -0.125
v 0.1 1.05 -0.1
v 0.1 1.0433 -0.075
v 0.1 1.025 -0.0567
v 0.1 1 -0.06
v 0.1 0.98 -0.06536
v 0.1 0.96536 -0.08
v 0.1 0.96 -0.1
v 0.1 0.96536 -0.12
v 0.1 0.98 -0.13464
v 0.1 1 -0.14
v 0.1 1.02 -0.13464
v 0.1 1.03464 -0.12
v 0.1 1.04 -0.1
v 0.1 1.03464 -0.08
v 0.1 1.02 -0.06536
v 0.6 1 -0.06
v 0.6 0.98 -0.06536
v 0.6 0.96536 -0.08
v 0.6 0.96 -0.1
v 0.6 0.96536 -0.12
v 0.6 0.98 -0.13464
v 0.6 1 -0.14
v 0.6 1.02 -0.13464
v 0.6 1.03464 -0.12
v 0.6 1.04 -0.1
v 0.6 1.03464 -0.08
v 0.6 1.02 -0.06536
v 0.7 1.05 0
v 0.7 0.97 -0.0134
v 0.7 0.91144 -0.05
v 0.7 0.89 -0.1
v 0.7 0.91144 -0.15
v 0.7 0.97 -0.1866
v 0.7 1.05 -0.2
v 0.7 1.13 -0.1866
v 0.7 1.18856 -0.15
v 0.7 1.21 -0.1
v 0.7 1.18856 -0.05
v 0.7 1.13 -0.0134
v 1 1.05 0
v 1 0.97 -0.0134
v 1 0.91144 -0.05
v 1 0.89 -0.1
v 1 0.91144 -0.15
v 1 0.97 -0.1866
v 1 1.05 -0.2
v 1 1.13 -0.1866
v 1 1.18856 -0.15
v 1 1.21 -0.1
v 1 1.18856 -0.05
v 1 1.13 -0.0134
v 1.05 1 0
v 1.05 0.95 -0.0134
v 1.05 0.9134 -0.05
v 1.05 0.9 -0.1
v 1.05 0.9134 -0.15
v 1.05 0.95 -0.1866
v 1.05 1 -0.2
v 1.05 1.05 -0.1866
v 1.05 1.0866 -0.15
v 1.05 1.1 -0.1
v 1.05 1.0866 -0.05
v 1.05 1.05 -0.0134
v 1.1 1 -0.02
v 1.1 0.96 -0.03072
v 1.1 0.93072 -0.06
v 1.1 0.92 -0.1
v 1.1 0.93072 -0.14
v 1.1 0.96 -0.16928
v 1.1 1 -0.18
v 1.1 1.04 -0.16928
v 1.1 1.06928 -0.14
v 1.1 1.08 -0.1
v 1.1 1.06928 -0.06
v 1.1 1.04 -0.03072
v 1.1 1 -0.1
v 1.1 1 -0.1
v 1.1 1 -0.1
v 1.1 1 -0.1
v 1.1 1 -0.1
v 1.1 1 -0.1
v 1.1 1 -0.1
v 1.1 1 -0.1
v 1.1 1 -0.1
v 1.1 1 -0.1
v 1.1 1 -0.1
v 1.1 1 -0.1
v 0 -1 -0.1
v 0 -1 -0.1
v 0 -1 -0.1
v 0 -1 -0.1
v 0 -1 -0.1
v 0 -1 -0.1
v 0 -1 -0.1
v 0 -1 -0.1
v 0 -1 -0.1
v 0 -1 -0.1
v 0 -1 -0.1
v 0 -1 -0.1
v -0.1 -1 -0.15
v -0.1 -0.975 -0.1433
v -0.1 -0.9567 -0.125
v -0.1 -0.95 -0.1
v -0.1 -0.9567 -0.075
v -0.1 -0.975 -0.0567
v -0.1 -1 -0.05
v -0.1 -1.025 -0.0567
v -0.1 -1.0433 -0.075
v -0.1 -1.05 -0.1
v -0.1 -1.0433 -0.125
v -0.1 -1.025 -0.1433
v -0.08 -1 -0.15
v -0.08 -0.975 -0.1433
v -0.08 -0.9567 -0.125
v -0.08 -0.95 -0.1
v -0.08 -0.9567 -0.075
v -0.08 -0.975 -0.0567
v -0.08 -1 -0.05
v -0.08 -1.025 -0.0567
v -0.08 -1.0433 -0.075
v -0.08 -1.05 -0.1
v -0.08 -1.0433 -0.125
v -0.08 -1.025 -0.1433
v -0.05 -1 -0.15
v -0.05 -0.975 -0.1433
v -0.05 -0.9567 -0.125
v -0.05 -0.95 -0.1
v -0.05 -0.9567 -0.075
v -0.05 -0.975 -0.0567
v -0.05 -1 -0.05
v -0.05 -1.025 -0.0567
v -0.05 -1.0433 -0.075
v -0.05 -1.05 -0.1
v -0.05 -1.0433 -0.125
v -0.05 -1.025 -0.1433
v 0.1 -1 -0.15
v 0.1 -0.975 -0.1433
v 0.1 -0.9567 -0.125
v 0.1 -0.95 -0.1
v 0.1 -0.9567 -0.075
v 0.1 -0.975 -0.0567
v 0.1 -1 -0.05
v 0.1 -1.025 -0.0567
v 0.1 -1.0433 -0.075
v 0.1 -1.05 -0.1
v 0.1 -1.0433 -0.125
v 0.1 -1.025 -0.1433
v 0.1 -1 -0.14
v 0.1 -0.98 -0.13464
v 0.1 -0.96536 -0.12
v 0.1 -0.96 -0.1
v 0.1 -0.96536 -0.08
v 0.1 -0.98 -0.06536
v 0.1 -1 -0.06
v 0.1 -1.02 -0.06536
v 0.1 -1.03464 -0.08
v 0.1 -1.04 -0.1
v 0.1 -1.03464 -0.12
v 0.1 -1.02 -0.13464
v 0.6 -1 -0.14
v 0.6 -0.98 -0.13464
v 0.6 -0.96536 -0.12
v 0.6 -0.96 -0.1
v 0.6 -0.96536 -0.08
v 0.6 -0.98 -0.06536
v 0.6 -1 -0.06
v 0.6 -1.02 -0.06536
v 0.6 -1.03464 -0.08
v 0.6 -1.04 -0.1
v 0.6 -1.03464 -0.12
v 0.6 -1.02 -0.13464
v 0.7 -1.05 -0.2
v 0.7 -0.97 -0.1866
v 0.7 -0.91144 -0.15
v 0.7 -0.89 -0.1
v 0.7 -0.91144 -0.05
v 0.7 -0.97 -0.0134
v 0.7 -1.05 0
v 0.7 -1.13 -0.0134
v 0.7 -1.18856 -0.05
v 0.7 -1.21 -0.1
v 0.7 -1.18856 -0.15
v 0.7 -1.13 -0.1866
v 1 -1.05 -0.2
v 1 -0.97 -0.1866
v 1 -0.91144 -0.15
v 1 -0.89 -0.1
v 1 -0.91144 -0.05
v 1 -0.97 -0.0134
v 1 -1.05 0
v 1 -1.13 -0.0134
v 1 -1.18856 -0.05
v 1 -1.21 -0.1
v 1 -1.18856 -0.15
v 1 -1.13 -0.1866
v 1.05 -1 -0.2
v 1.05 -0.95 -0.1866
v 1.05 -0.9134 -0.15
v 1.05 -0.9 -0.1
v 1.05 -0.9134 -0.05
v 1.05 -0.95 -0.0134
v 1.05 -1 0
v 1.05 -1.05 -0.0134
v 1.05 -1.0866 -0.05
v 1.05 -1.1 -0.1
v 1.05 -1.0866 -0.15
v 1.05 -1.05 -0.1866
v 1.1 -1 -0.18
v 1.1 -0.96 -0.16928
v 1.1 -0.93072 -0.14
v 1.1 -0.92 -0.1
v 1.1 -0.93072 -0.06
v 1.1 -0.96 -0.03072
v 1.1 -1 -0.02
v 1.1 -1.04 -0.03072
v 1.1 -1.06928 -0.06
v 1.1 -1.08 -0.1
v 1.1 -1.06928 -0.14
v 1.1 -1.04 -0.16928
v 1.1 -1 -0.1
v 1.1 -1 -0.1
v 1.1 -1 -0.1
v 1.1 -1 -0.1
v 1.1 -1 -0.1
v 1.1 -1 -0.1
v 1.1 -1 -0.1
v 1.1 -1 -0.1
v 1.1 -1 -0.1
v 1.1 -1 -0.1
v 1.1 -1 -0.1
v 1.1 -1 -0.1
v 0 0.55 0.39
v 0 0.55 0.39
v 0 0.55 0.39
v 0 0.55 0.39
v 0 0.55 0.39
v 0 0.55 0.39
v 0 0.55 0.39
v 0 0.55 0.39
v 0 0.55 0.39
v 0 0.55 0.39
v 0 0.55 0.39
v 0 0.55 0.39
v -0.05 0.55 0.44
v -0.05 0.525 0.4333
v -0.05 0.5067 0.415
v -0.05 0.5 0.39
v -0.05 0.5067 0.365
v -0.05 0.525 0.3467
v -0.05 0.55 0.34
v -0.05 0.575 0.3467
v -0.05 0.5933 0.365
v -0.05 0.6 0.39
v -0.05 0.5933 0.415
v -0.05 0.575 0.4333
v 0.15 0.55 0.47
v 0.15 0.51 0.45928
v 0.15 0.48072 0.43
v 0.15 0.47 0.39
v 0.15 0.48072 0.35
v 0.15 0.51 0.32072
v 0.15 0.55 0.31
v 0.15 0.59 0.32072
v 0.15 0.61928 0.35
v 0.15 0.63 0.39
v 0.15 0.61928 0.43
v 0.15 0.59 0.45928
v 0.45 0.55 0.48
v 0.45 0.505 0.46794
v 0.45 0.47206 0.435
v 0.45 0.46 0.39
v 0.45 0.47206 0.345
v 0.45 0.505 0.31206
v 0.45 0.55 0.3
v 0.45 0.595 0.31206
v 0.45 0.62794 0.345
v 0.45 0.64 0.39
v 0.45 0.62794 0.435
v 0.45 0.595 0.46794
v 0.75 0.55 0.48
v 0.75 0.505 0.46794
v 0.75 0.47206 0.435
v 0.75 0.46 0.39
v 0.75 0.47206 0.345
v 0.75 0.505 0.31206
v 0.75 0.55 0.3
v 0.75 0.595 0.31206
v 0.75 0.62794 0.345
v 0.75 0.64 0.39
v 0.75 0.62794 0.435
v 0.75 0.595 0.46794
v 0.85 0.55 0.48
v 0.85 0.505 0.46794
v 0.85 0.47206 0.435
v 0.85 0.46 0.39
v 0.85 0.47206 0.345
v 0.85 0.505 0.31206
v 0.85 0.55 0.3
v 0.85 0.595 0.31206
v 0.85 0.62794 0.345
v 0.85 0.64 0.39
v 0.85 0.62794 0.435
v 0.85 0.595 0.46794
v 0.9 0.55 0.48
v 0.9 0.505 0.46794
v 0.9 0.47206 0.435
v 0.9 0.46 0.39
v 0.9 0.47206 0.345
v 0.9 0.505 0.31206
v 0.9 0.55 0.3
v 0.9 0.595 0.31206
v 0.9 0.62794 0.345
v 0.9 0.64 0.39
v 0.9 0.62794 0.435
v 0.9 0.595 0.46794
v 0.8 0.55 0.39
v 0.8 0.55 0.39
v 0.8 0.55 0.39
v 0.8 0.55 0.39
v 0.8 0.55 0.39
v 0.8 0.55 0.39
v 0.8 0.55 0.39
v 0.8 0.55 0.39
v 0.8 0.55 0.39
v 0.8 0.55 0.39
v 0.8 0.55 0.39
v 0.8 0.55 0.39
v 0 -0.55 0.39
v 0 -0.55 0.39
v 0 -0.55 0.39
v 0 -0.55 0.39
v 0 -0.55 0.39
v 0 -0.55 0.39
v 0 -0.55 0.39
v 0 -0.55 0.39
v 0 -0.55 0.39
v 0 -0.55 0.39
v 0 -0.55 0.39
v 0 -0.55 0.39
v -0.05 -0.55 0.34
v -0.05 -0.525 0.3467
v -0.05 -0.5067 0.365
v -0.05 -0.5 0.39
v -0.05 -0.5067 0.415
v -0.05 -0.525 0.4333
v -0.05 -0.55 0.44
v -0.05 -0.575 0.4333
v -0.05 -0.5933 0.415
v -0.05 -0.6 0.39
v -0.05 -0.5933 0.365
v -0.05 -0.575 0.3467
v 0.15 -0.55 0.31
v 0.15 -0.51 0.32072
v 0.15 -0.48072 0.35
v 0.15 -0.47 0.39
v 0.15 -0.48072 0.43
v 0.15 -0.51 0.45928
v 0.15 -0.55 0.47
v 0.15 -0.59 0.45928
v 0.15 -0.61928 0.43
v 0.15 -0.63 0.39
v 0.15 -0.61928 0.35
v 0.15 -0.59 0.32072
v 0.45 -0.55 0.3
v 0.45 -0.505 0.31206
v 0.45 -0.47206 0.345
v 0.45 -0.46 0.39
v 0.45 -0.47206 0.435
v 0.45 -0.505 0.46794
v 0.45 -0.55 0.48
v 0.45 -0.595 0.46794
v 0.45 -0.62794 0.435
v 0.45 -0.64 0.39
v 0.45 -0.62794 0.345
v 0.45 -0.595 0.31206
v 0.75 -0.55 0.3
v 0.75 -0.505 0.31206
v 0.75 -0.47206 0.345
v 0.75 -0.46 0.39
v 0.75 -0.47206 0.435
v 0.75 -0.505 0.46794
v 0.75 -0.55 0.48
v 0.75 -0.595 0.46794
v 0.75 -0.62794 0.435
v 0.75 -0.64 0.39
v 0.75 -0.62794 0.345
v 0.75 -0.595 0.31206
v 0.85 -0.55 0.3
v 0.85 -0.505 0.31206
v 0.85 -0.47206 0.345
v 0.85 -0.46 0.39
v 0.85 -0.47206 0.435
v 0.85 -0.505 0.46794
v 0.85 -0.55 0.48
v 0.85 -0.595 0.46794
v 0.85 -0.62794 0.435
v 0.85 -0.64 0.39
v 0.85 -0.62794 0.345
v 0.85 -0.595 0.31206
v 0.9 -0.55 0.3
v 0.9 -0.505 0.31206
v 0.9 -0.47206 0.345
v 0.9 -0.46 0.39
v 0.9 -0.47206 0.435
v 0.9 -0.505 0.46794
v 0.9 -0.55 0.48
v 0.9 -0.595 0.46794
v 0.9 -0.62794 0.435
v 0.9 -0.64 0.39
v 0.9 -0.62794 0.345
v 0.9 -0.595 0.31206
v 0.8 -0.55 0.39
v 0.8 -0.55 0.39
v 0.8 -0.55 0.39
v 0.8 -0.55 0.39
v 0.8 -0.55 0.39
v 0.8 -0.55 0.39
v 0.8 -0.55 0.39
v 0.8 -0.55 0.39
v 0.8 -0.55 0.39
v 0.8 -0.55 0.39
v 0.8 -0.55 0.39
v 0.8 -0.55 0.39
v 0 0.15 0.13
v 0 0.15 0.13
v 0 0.15 0.13
v 0 0.15 0.13
v 0 0.15 0.13
v 0 0.15 0.13
v 0 0.15 0.13
v 0 0.15 0.13
v 0 0.15 0.13
v 0 0.15 0.13
v 0 0.15 0.13
v 0 0.15 0.13
v -0.35 0.15 0.2
v -0.35 0.115 0.19062
v -0.35 0.08938 0.165
v -0.35 0.08 0.13
v -0.35 0.08938 0.095
v -0.35 0.115 0.06938
v -0.35 0.15 0.06
v -0.35 0.185 0.06938
v -0.35 0.21062 0.095
v -0.35 0.22 0.13
v -0.35 0.21062 0.165
v -0.35 0.185 0.19062
v -0.25 0.15 0.23
v -0.25 0.105 0.2166
v -0.25 0.07206 0.18
v -0.25 0.06 0.13
v -0.25 0.07206 0.08
v -0.25 0.105 0.0434
v -0.25 0.15 0.03
v -0.25 0.195 0.0434
v -0.25 0.22794 0.08
v -0.25 0.24 0.13
v -0.25 0.22794 0.18
v -0.25 0.195 0.2166
v 0.65 0.2 0.26
v 0.65 0.15 0.24526
v 0.65 0.1134 0.205
v 0.65 0.1 0.15
v 0.65 0.1134 0.095
v 0.65 0.15 0.05474
v 0.65 0.2 0.04
v 0.65 0.25 0.05474
v 0.65 0.2866 0.095
v 0.65 0.3 0.15
v 0.65 0.2866 0.205
v 0.65 0.25 0.24526
v 0.75 0.2 0.25
v 0.75 0.16 0.2366
v 0.75 0.13072 0.2
v 0.75 0.12 0.15
v 0.75 0.13072 0.1
v 0.75 0.16 0.0634
v 0.75 0.2 0.05
v 0.75 0.24 0.0634
v 0.75 0.26928 0.1
v 0.75 0.28 0.15
v 0.75 0.26928 0.2
v 0.75 0.24 0.2366
v 0.8 0.2 0.25
v 0.8 0.165 0.2366
v 0.8 0.13938 0.2
v 0.8 0.13 0.15
v 0.8 0.13938 0.1
v 0.8 0.165 0.0634
v 0.8 0.2 0.05
v 0.8 0.235 0.0634
v 0.8 0.26062 0.1
v 0.8 0.27 0.15
v 0.8 0.26062 0.2
v 0.8 0.235 0.2366
v 0.7 0.2 0.15
v 0.7 0.2 0.15
v 0.7 0.2 0.15
v 0.7 0.2 0.15
v 0.7 0.2 0.15
v 0.7 0.2 0.15
v 0.7 0.2 0.15
v 0.7 0.2 0.15
v 0.7 0.2 0.15
v 0.7 0.2 0.15
v 0.7 0.2 0.15
v 0.7 0.2 0.15
v 0 -0.15 0.13
v 0 -0.15 0.13
v 0 -0.15 0.13
v 0 -0.15 0.13
v 0 -0.15 0.13
v 0 -0.15 0.13
v 0 -0.15 0.13
v 0 -0.15 0.13
v 0 -0.15 0.13
v 0 -0.15 0.13
v 0 -0.15 0.13
v 0 -0.15 0.13
v -0.35 -0.15 0.06
v -0.35 -0.115 0.06938
v -0.35 -0.08938 0.095
v -0.35 -0.08 0.13
v -0.35 -0.08938 0.165
v -0.35 -0.115 0.19062
v -0.35 -0.15 0.2
v -0.35 -0.185 0.19062
v -0.35 -0.21062 0.165
v -0.35 -0.22 0.13
v -0.35 -0.21062 0.095
v -0.35 -0.185 0.06938
v -0.25 -0.15 0.03
v -0.25 -0.105 0.0434
v -0.25 -0.07206 0.08
v -0.25 -0.06 0.13
v -0.25 -0.07206 0.18
v -0.25 -0.105 0.2166
v -0.25 -0.15 0.23
v -0.25 -0.195 0.2166
v -0.25 -0.22794 0.18
v -0.25 -0.24 0.13
v -0.25 -0.22794 0.08
v -0.25 -0.195 0.0434
v 0.65 -0.2 0.04
v 0.65 -0.15 0.05474
v 0.65 -0.1134 0.095
v 0.65 -0.1 0.15
v 0.65 -0.1134 0.205
v 0.65 -0.15 0.24526
v 0.65 -0.2 0.26
v 0.65 -0.25 0.24526
v 0.65 -0.2866 0.205
v 0.65 -0.3 0.15
v 0.65 -0.2866 0.095
v 0.65 -0.25 0.05474
v 0.75 -0.2 0.05
v 0.75 -0.16 0.0634
v 0.75 -0.13072 0.1
v 0.75 -0.12 0.15
v 0.75 -0.13072 0.2
v 0.75 -0.16 0.2366
v 0.75 -0.2 0.25
v 0.75 -0.24 0.2366
v 0.75 -0.26928 0.2
v 0.75 -0.28 0.15
v 0.75 -0.26928 0.1
v 0.75 -0.24 0.0634
v 0.8 -0.2 0.05
v 0.8 -0.165 0.0634
v 0.8 -0.13938 0.1
v 0.8 -0.13 0.15
v 0.8 -0.13938 0.2
v 0.8 -0.165 0.2366
v 0.8 -0.2 0.25
v 0.8 -0.235 0.2366
v 0.8 -0.26062 0.2
v 0.8 -0.27 0.15
v 0.8 -0.26062 0.1
v 0.8 -0.235 0.0634
v 0.7 -0.2 0.15
v 0.7 -0.2 0.15
v 0.7 -0.2 0.15
v 0.7 -0.2 0.15
v 0.7 -0.2 0.15
v 0.7 -0.2 0.15
v 0.7 -0.2 0.15
v 0.7 -0.2 0.15
v 0.7 -0.2 0.15
v 0.7 -0.2 0.15
v 0.7 -0.2 0.15
v 0.7 -0.2 0.15
v 0.41 0 0.37
v 0.41 -0.06506 0.35706
v 0.41 -0.12021 0.32021
v 0.41 -0.15706 0.26506
v 0.41 -0.17 0.2
v 0.41 -0.15706 0.13494
v 0.41 -0.12021 0.07979
v 0.41 -0.06506 0.04294
v 0.41 0 0.03
v 0.41 0.06506 0.04294
v 0.41 0.12021 0.07979
v 0.41 0.15706 0.13494
v 0.41 0.17 0.2
v 0.41 0.15706 0.26506
v 0.41 0.12021 0.32021
v 0.41 0.06506 0.35706
v 0.41 0 0.37
v 0.41 -0.06506 0.35706
v 0.41 -0.12021 0.32021
v 0.41 -0.15706 0.26506
v 0.41 -0.17 0.2
v 0.41 -0.15706 0.13494
v 0.41 -0.12021 0.07979
v 0.41 -0.06506 0.04294
v 0.41 0 0.03
v 0.41 0.06506 0.04294
v 0.41 0.12021 0.07979
v 0.41 0.15706 0.13494
v 0.41 0.17 0.2
v 0.41 0.15706 0.26506
v 0.41 0.12021 0.32021
v 0.41 0.06506 0.35706
v 0.35 0 0.37
v 0.35 -0.06506 0.35706
v 0.35 -0.12021 0.32021
v 0.35 -0.15706 0.26506
v 0.35 -0.17 0.2
v 0.35 -0.15706 0.13494
v 0.35 -0.12021 0.07979
v 0.35 -0.06506 0.04294
v 0.35 0 0.03
v 0.35 0.06506 0.04294
v 0.35 0.12021 0.07979
v 0.35 0.15706 0.13494
v 0.35 0.17 0.2
v 0.35 0.15706 0.26506
v 0.35 0.12021 0.32021
v 0.35 0.06506 0.35706
v 0.35 0 0.38
v 0.35 -0.06888 0.3663
v 0.35 -0.12728 0.32728
v 0.35 -0.1663 0.26888
v 0.35 -0.18 0.2
v 0.35 -0.1663 0.13112
v 0.35 -0.12728 0.07272
v 0.35 -0.06888 0.0337
v 0.35 0 0.02
v 0.35 0.06888 0.0337
v 0.35 0.12728 0.07272
v 0.35 0.1663 0.13112
v 0.35 0.18 0.2
v 0.35 0.1663 0.26888
v 0.35 0.12728 0.32728
v 0.35 0.06888 0.3663
v 0.38 0 0.39
v 0.38 -0.07271 0.37554
v 0.38 -0.13435 0.33435
v 0.38 -0.17554 0.27271
v 0.38 -0.19 0.2
v 0.38 -0.17554 0.12729
v 0.38 -0.13435 0.06565
v 0.38 -0.07271 0.02446
v 0.38 0 0.01
v 0.38 0.07271 0.02446
v 0.38 0.13435 0.06565
v 0.38 0.17554 0.12729
v 0.38 0.19 0.2
v 0.38 0.17554 0.27271
v 0.38 0.13435 0.33435
v 0.38 0.07271 0.37554
v 0.38 0 0.39
v 0.38 -0.07271 0.37554
v 0.38 -0.13435 0.33435
v 0.38 -0.17554 0.27271
v 0.38 -0.19 0.2
v 0.38 -0.17554 0.12729
v 0.38 -0.13435 0.06565
v 0.38 -0.07271 0.02446
v 0.38 0 0.01
v 0.38 0.07271 0.02446
v 0.38 0.13435 0.06565
v 0.38 0.17554 0.12729
v 0.38 0.19 0.2
v 0.38 0.17554 0.27271
v 0.38 0.13435 0.33435
v 0.38 0.07271 0.37554
v 0.38 0 0.39
v 0.38 -0.07271 0.37554
v 0.38 -0.13435 0.33435
v 0.38 -0.17554 0.27271
v 0.38 -0.19 0.2
v 0.38 -0.17554 0.12729
v 0.38 -0.13435 0.06565
v 0.38 -0.07271 0.02446
v 0.38 0 0.01
v 0.38 0.07271 0.02446
v 0.38 0.13435 0.06565
v 0.38 0.17554 0.12729
v 0.38 0.19 0.2
v 0.38 0.17554 0.27271
v 0.38 0.13435 0.33435
v 0.38 0.07271 0.37554
v 0.41 0 0.38
v 0.41 -0.06888 0.3663
v 0.41 -0.12728 0.32728
v 0.41 -0.1663 0.26888
v 0.41 -0.18 0.2
v 0.41 -0.1663 0.13112
v 0.41 -0.12728 0.07272
v 0.41 -0.06888 0.0337
v 0.41 0 0.02
v 0.41 0.06888 0.0337
v 0.41 0.12728 0.07272
v 0.41 0.1663 0.13112
v 0.41 0.18 0.2
v 0.41 0.1663 0.26888
v 0.41 0.12728 0.32728
v 0.41 0.06888 0.3663
v 0.41 0 0.37
v 0.41 -0.06506 0.35706
v 0.41 -0.12021 0.32021
v 0.41 -0.15706 0.26506
v 0.41 -0.17 0.2
v 0.41 -0.15706 0.13494
v 0.41 -0.12021 0.07979
v 0.41 -0.06506 0.04294
v 0.41 0 0.03
v 0.41 0.06506 0.04294
v 0.41 0.12021 0.07979
v 0.41 0.15706 0.13494
v 0.41 0.17 0.2
v 0.41 0.15706 0.26506
v 0.41 0.12021 0.32021
v 0.41 0.06506 0.35706
v 0.41 0 0.37
v 0.41 -0.06506 0.35706
v 0.41 -0.12021 0.32021
v 0.41 -0.15706 0.26506
v 0.41 -0.17 0.2
v 0.41 -0.15706 0.13494
v 0.41 -0.12021 0.07979
v 0.41 -0.06506 0.04294
v 0.41 0 0.03
v 0.41 0.06506 0.04294
v 0.41 0.12021 0.07979
v 0.41 0.15706 0.13494
v 0.41 0.17 0.2
v 0.41 0.15706 0.26506
v 0.41 0.12021 0.32021
v 0.41 0.06506 0.35706
v 0.51 0 0.37
v 0.51 -0.06506 0.35706
v 0.51 -0.12021 0.32021
v 0.51 -0.15706 0.26506
v 0.51 -0.17 0.2
v 0.51 -0.15706 0.13494
v 0.51 -0.12021 0.07979
v 0.51 -0.06506 0.04294
v 0.51 0 0.03
v 0.51 0.06506 0.04294
v 0.51 0.12021 0.07979
v 0.51 0.15706 0.13494
v 0.51 0.17 0.2
v 0.51 0.15706 0.26506
v 0.51 0.12021 0.32021
v 0.51 0.06506 0.35706
v 0.51 0 0.37
v 0.51 -0.06506 0.35706
v 0.51 -0.12021 0.32021
v 0.51 -0.15706 0.26506
v 0.51 -0.17 0.2
v 0.51 -0.15706 0.13494
v 0.51 -0.12021 0.07979
v 0.51 -0.06506 0.04294
v 0.51 0 0.03
v 0.51 0.06506 0.04294
v 0.51 0.12021 0.07979
v 0.51 0.15706 0.13494
v 0.51 0.17 0.2
v 0.51 0.15706 0.26506
v 0.51 0.12021 0.32021
v 0.51 0.06506 0.35706
v 0.45 0 0.37
v 0.45 -0.06506 0.35706
v 0.45 -0.12021 0.32021
v 0.45 -0.15706 0.26506
v 0.45 -0.17 0.2
v 0.45 -0.15706 0.13494
v 0.45 -0.12021 0.07979
v 0.45 -0.06506 0.04294
v 0.45 0 0.03
v 0.45 0.06506 0.04294
v 0.45 0.12021 0.07979
v 0.45 0.15706 0.13494
v 0.45 0.17 0.2
v 0.45 0.15706 0.26506
v 0.45 0.12021 0.32021
v 0.45 0.06506 0.35706
v 0.45 0 0.38
v 0.45 -0.06888 0.3663
v 0.45 -0.12728 0.32728
v 0.45 -0.1663 0.26888
v 0.45 -0.18 0.2
v 0.45 -0.1663 0.13112
v 0.45 -0.12728 0.07272
v 0.45 -0.06888 0.0337
v 0.45 0 0.02
v 0.45 0.06888 0.0337
v 0.45 0.12728 0.07272
v 0.45 0.1663 0.13112
v 0.45 0.18 0.2
v 0.45 0.1663 0.26888
v 0.45 0.12728 0.32728
v 0.45 0.06888 0.3663
v 0.48 0 0.39
v 0.48 -0.07271 0.37554
v 0.48 -0.13435 0.33435
v 0.48 -0.17554 0.27271
v 0.48 -0.19 0.2
v 0.48 -0.17554 0.12729
v 0.48 -0.13435 0.06565
v 0.48 -0.07271 0.02446
v 0.48 0 0.01
v 0.48 0.07271 0.02446
v 0.48 0.13435 0.06565
v 0.48 0.17554 0.12729
v 0.48 0.19 0.2
v 0.48 0.17554 0.27271
v 0.48 0.13435 0.33435
v 0.48 0.07271 0.37554
v 0.48 0 0.39
v 0.48 -0.07271 0.37554
v 0.48 -0.13435 0.33435
v 0.48 -0.17554 0.27271
v 0.48 -0.19 0.2
v 0.48 -0.17554 0.12729
v 0.48 -0.13435 0.06565
v 0.48 -0.07271 0.02446
v 0.48 0 0.01
v 0.48 0.07271 0.02446
v 0.48 0.13435 0.06565
v 0.48 0.17554 0.12729
v 0.48 0.19 0.2
v 0.48 0.17554 0.27271
v 0.48 0.13435 0.33435
v 0.48 0.07271 0.37554
v 0.48 0 0.39
v 0.48 -0.07271 0.37554
v 0.48 -0.13435 0.33435
v 0.48 -0.17554 0.27271
v 0.48 -0.19 0.2
v 0.48 -0.17554 0.12729
v 0.48 -0.13435 0.06565
v 0.48 -0.07271 0.02446
v 0.48 0 0.01
v 0.48 0.07271 0.02446
v 0.48 0.13435 0.06565
v 0.48 0.17554 0.12729
v 0.48 0.19 0.2
v 0.48 0.17554 0.27271
v 0.48 0.13435 0.33435
v 0.48 0.07271 0.37554
v 0.51 0 0.38
v 0.51 -0.06888 0.3663
v 0.51 -0.12728 0.32728
v 0.51 -0.1663 0.26888
v 0.51 -0.18 0.2
v 0.51 -0.1663 0.13112
v 0.51 -0.12728 0.07272
v 0.51 -0.06888 0.0337
v 0.51 0 0.02
v 0.51 0.06888 0.0337
v 0.51 0.12728 0.07272
v 0.51 0.1663 0.13112
v 0.51 0.18 0.2
v 0.51 0.1663 0.26888
v 0.51 0.12728 0.32728
v 0.51 0.06888 0.3663
v 0.51 0 0.37
v 0.51 -0.06506 0.35706
v 0.51 -0.12021 0.32021
v 0.51 -0.15706 0.26506
v 0.51 -0.17 0.2
v 0.51 -0.15706 0.13494
v 0.51 -0.12021 0.07979
v 0.51 -0.06506 0.04294
v 0.51 0 0.03
v 0.51 0.06506 0.04294
v 0.51 0.12021 0.07979
v 0.51 0.15706 0.13494
v 0.51 0.17 0.2
v 0.51 0.15706 0.26506
v 0.51 0.12021 0.32021
v 0.51 0.06506 0.35706
v 0.51 0 0.37
v 0.51 -0.06506 0.35706
v 0.51 -0.12021 0.32021
v 0.51 -0.15706 0.26506
v 0.51 -0.17 0.2
v 0.51 -0.15706 0.13494
v 0.51 -0.12021 0.07979
v 0.51 -0.06506 0.04294
v 0.51 0 0.03
v 0.51 0.06506 0.04294
v 0.51 0.12021 0.07979
v 0.51 0.15706 0.13494
v 0.51 0.17 0.2
v 0.51 0.15706 0.26506
v 0.51 0.12021 0.32021
v 0.51 0.06506 0.35706
v 0.61 0 0.37
v 0.61 -0.06506 0.35706
v 0.61 -0.12021 0.32021
v 0.61 -0.15706 0.26506
v 0.61 -0.17 0.2
v 0.61 -0.15706 0.13494
v 0.61 -0.12021 0.07979
v 0.61 -0.06506 0.04294
v 0.61 0 0.03
v 0.61 0.06506 0.04294
v 0.61 0.12021 0.07979
v 0.61 0.15706 0.13494
v 0.61 0.17 0.2
v 0.61 0.15706 0.26506
v 0.61 0.12021 0.32021
v 0.61 0.06506 0.35706
v 0.61 0 0.37
v 0.61 -0.06506 0.35706
v 0.61 -0.12021 0.32021
v 0.61 -0.15706 0.26506
v 0.61 -0.17 0.2
v 0.61 -0.15706 0.13494
v 0.61 -0.12021 0.07979
v 0.61 -0.06506 0.04294
v 0.61 0 0.03
v 0.61 0.06506 0.04294
v 0.61 0.12021 0.07979
v 0.61 0.15706 0.13494
v 0.61 0.17 0.2
v 0.61 0.15706 0.26506
v 0.61 0.12021 0.32021
v 0.61 0.06506 0.35706
v 0.55 0 0.37
v 0.55 -0.06506 0.35706
v 0.55 -0.12021 0.32021
v 0.55 -0.15706 0.26506
v 0.55 -0.17 0.2
v 0.55 -0.15706 0.13494
v 0.55 -0.12021 0.07979
v 0.55 -0.06506 0.04294
v 0.55 0 0.03
v 0.55 0.06506 0.04294
v 0.55 0.12021 0.07979
v 0.55 0.15706 0.13494
v 0.55 0.17 0.2
v 0.55 0.15706 0.26506
v 0.55 0.12021 0.32021
v 0.55 0.06506 0.35706
v 0.55 0 0.38
v 0.55 -0.06888 0.3663
v 0.55 -0.12728 0.32728
v 0.55 -0.1663 0.26888
v 0.55 -0.18 0.2
v 0.55 -0.1663 0.13112
v 0.55 -0.12728 0.07272
v 0.55 -0.06888 0.0337
v 0.55 0 0.02
v 0.55 0.06888 0.0337
v 0.55 0.12728 0.07272
v 0.55 0.1663 0.13112
v 0.55 0.18 0.2
v 0.55 0.1663 0.26888
v 0.55 0.12728 0.32728
v 0.55 0.06888 0.3663
v 0.58 0 0.39
v 0.58 -0.07271 0.37554
v 0.58 -0.13435 0.33435
v 0.58 -0.17554 0.27271
v 0.58 -0.19 0.2
v 0.58 -0.17554 0.12729
v 0.58 -0.13435 0.06565
v 0.58 -0.07271 0.02446
v 0.58 0 0.01
v 0.58 0.07271 0.02446
v 0.58 0.13435 0.06565
v 0.58 0.17554 0.12729
v 0.58 0.19 0.2
v 0.58 0.17554 0.27271
v 0.58 0.13435 0.33435
v 0.58 0.07271 0.37554
v 0.58 0 0.39
v 0.58 -0.07271 0.37554
v 0.58 -0.13435 0.33435
v 0.58 -0.17554 0.27271
v 0.58 -0.19 0.2
v 0.58 -0.17554 0.12729
v 0.58 -0.13435 0.06565
v 0.58 -0.07271 0.02446
v 0.58 0 0.01
v 0.58 0.07271 0.02446
v 0.58 0.13435 0.06565
v 0.58 0.17554 0.12729
v 0.58 0.19 0.2
v 0.58 0.17554 0.27271
v 0.58 0.13435 0.33435
v 0.58 0.07271 0.37554
v 0.58 0 0.39
v 0.58 -0.07271 0.37554
v 0.58 -0.13435 0.33435
v 0.58 -0.17554 0.27271
v 0.58 -0.19 0.2
v 0.58 -0.17554 0.12729
v 0.58 -0.13435 0.06565
v 0.58 -0.07271 0.02446
v 0.58 0 0.01
v 0.58 0.07271 0.02446
v 0.58 0.13435 0.06565
v 0.58 0.17554 0.12729
v 0.58 0.19 0.2
v 0.58 0.17554 0.27271
v 0.58 0.13435 0.33435
v 0.58 0.07271 0.37554
v 0.61 0 0.38
v 0.61 -0.06888 0.3663
v 0.61 -0.12728 0.32728
v 0.61 -0.1663 0.26888
v 0.61 -0.18 0.2
v 0.61 -0.1663 0.13112
v 0.61 -0.12728 0.07272
v 0.61 -0.06888 0.0337
v 0.61 0 0.02
v 0.61 0.06888 0.0337
v 0.61 0.12728 0.07272
v 0.61 0.1663 0.13112
v 0.61 0.18 0.2
v 0.61 0.1663 0.26888
v 0.61 0.12728 0.32728
v 0.61 0.06888 0.3663
v 0.61 0 0.37
v 0.61 -0.06506 0.35706
v 0.61 -0.12021 0.32021
v 0.61 -0.15706 0.26506
v 0.61 -0.17 0.2
v 0.61 -0.15706 0.13494
v 0.61 -0.12021 0.07979
v 0.61 -0.06506 0.04294
v 0.61 0 0.03
v 0.61 0.06506 0.04294
v 0.61 0.12021 0.07979
v 0.61 0.15706 0.13494
v 0.61 0.17 0.2
v 0.61 0.15706 0.26506
v 0.61 0.12021 0.32021
v 0.61 0.06506 0.35706
v 0.61 0 0.37
v 0.61 -0.06506 0.35706
v 0.61 -0.12021 0.32021
v 0.61 -0.15706 0.26506
v 0.61 -0.17 0.2
v 0.61 -0.15706 0.13494
v 0.61 -0.12021 0.07979
v 0.61 -0.06506 0.04294
v 0.61 0 0.03
v 0.61 0.06506 0.04294
v 0.61 0.12021 0.07979
v 0.61 0.15706 0.13494
v 0.61 0.17 0.2
v 0.61 0.15706 0.26506
v 0.61 0.12021 0.32021
v 0.61 0.06506 0.35706
v 0.71 0 0.37
v 0.71 -0.06506 0.35706
v 0.71 -0.12021 0.32021
v 0.71 -0.15706 0.26506
v 0.71 -0.17 0.2
v 0.71 -0.15706 0.13494
v 0.71 -0.12021 0.07979
v 0.71 -0.06506 0.04294
v 0.71 0 0.03
v 0.71 0.06506 0.04294
v 0.71 0.12021 0.07979
v 0.71 0.15706 0.13494
v 0.71 0.17 0.2
v 0.71 0.15706 0.26506
v 0.71 0.12021 0.32021
v 0.71 0.06506 0.35706
v 0.71 0 0.37
v 0.71 -0.06506 0.35706
v 0.71 -0.12021 0.32021
v 0.71 -0.15706 0.26506
v 0.71 -0.17 0.2
v 0.71 -0.15706 0.13494
v 0.71 -0.12021 0.07979
v 0.71 -0.06506 0.04294
v 0.71 0 0.03
v 0.71 0.06506 0.04294
v 0.71 0.12021 0.07979
v 0.71 0.15706 0.13494
v 0.71 0.17 0.2
v 0.71 0.15706 0.26506
v 0.71 0.12021 0.32021
v 0.71 0.06506 0.35706
v 0.65 0 0.37
v 0.65 -0.06506 0.35706
v 0.65 -0.12021 0.32021
v 0.65 -0.15706 0.26506
v 0.65 -0.17 0.2
v 0.65 -0.15706 0.13494
v 0.65 -0.12021 0.07979
v 0.65 -0.06506 0.04294
v 0.65 0 0.03
v 0.65 0.06506 0.04294
v 0.65 0.12021 0.07979
v 0.65 0.15706 0.13494
v 0.65 0.17 0.2
v 0.65 0.15706 0.26506
v 0.65 0.12021 0.32021
v 0.65 0.06506 0.35706
v 0.65 0 0.38
v 0.65 -0.06888 0.3663
v 0.65 -0.12728 0.32728
v 0.65 -0.1663 0.26888
v 0.65 -0.18 0.2
v 0.65 -0.1663 0.13112
v 0.65 -0.12728 0.07272
v 0.65 -0.06888 0.0337
v 0.65 0 0.02
v 0.65 0.06888 0.0337
v 0.65 0.12728 0.07272
v 0.65 0.1663 0.13112
v 0.65 0.18 0.2
v 0.65 0.1663 0.26888
v 0.65 0.12728 0.32728
v 0.65 0.06888 0.3663
v 0.68 0 0.39
v 0.68 -0.07271 0.37554
v 0.68 -0.13435 0.33435
v 0.68 -0.17554 0.27271
v 0.68 -0.19 0.2
v 0.68 -0.17554 0.12729
v 0.68 -0.13435 0.06565
v 0.68 -0.07271 0.02446
v 0.68 0 0.01
v 0.68 0.07271 0.02446
v 0.68 0.13435 0.06565
v 0.68 0.17554 0.12729
v 0.68 0.19 0.2
v 0.68 0.17554 0.27271
v 0.68 0.13435 0.33435
v 0.68 0.07271 0.37554
v 0.68 0 0.39
v 0.68 -0.07271 0.37554
v 0.68 -0.13435 0.33435
v 0.68 -0.17554 0.27271
v 0.68 -0.19 0.2
v 0.68 -0.17554 0.12729
v 0.68 -0.13435 0.06565
v 0.68 -0.07271 0.02446
v 0.68 0 0.01
v 0.68 0.07271 0.02446
v 0.68 0.13435 0.06565
v 0.68 0.17554 0.12729
v 0.68 0.19 0.2
v 0.68 0.17554 0.27271
v 0.68 0.13435 0.33435
v 0.68 0.07271 0.37554
v 0.68 0 0.39
v 0.68 -0.07271 0.37554
v 0.68 -0.13435 0.33435
v 0.68 -0.17554 0.27271
v 0.68 -0.19 0.2
v 0.68 -0.17554 0.12729
v 0.68 -0.13435 0.06565
v 0.68 -0.07271 0.02446
v 0.68 0 0.01
v 0.68 0.07271 0.02446
v 0.68 0.13435 0.06565
v 0.68 0.17554 0.12729
v 0.68 0.19 0.2
v 0.68 0.17554 0.27271
v 0.68 0.13435 0.33435
v 0.68 0.07271 0.37554
v 0.71 0 0.38
v 0.71 -0.06888 0.3663
v 0.71 -0.12728 0.32728
v 0.71 -0.1663 0.26888
v 0.71 -0.18 0.2
v 0.71 -0.1663 0.13112
v 0.71 -0.12728 0.07272
v 0.71 -0.06888 0.0337
v 0.71 0 0.02
v 0.71 0.06888 0.0337
v 0.71 0.12728 0.07272
v 0.71 0.1663 0.13112
v 0.71 0.18 0.2
v 0.71 0.1663 0.26888
v 0.71 0.12728 0.32728
v 0.71 0.06888 0.3663
v 0.71 0 0.37
v 0.71 -0.06506 0.35706
v 0.71 -0.12021 0.32021
v 0.71 -0.15706 0.26506
v 0.71 -0.17 0.2
v 0.71 -0.15706 0.13494
v 0.71 -0.12021 0.07979
v 0.71 -0.06506 0.04294
v 0.71 0 0.03
v 0.71 0.06506 0.04294
v 0.71 0.12021 0.07979
v 0.71 0.15706 0.13494
v 0.71 0.17 0.2
v 0.71 0.15706 0.26506
v 0.71 0.12021 0.32021
v 0.71 0.06506 0.35706
v 0.71 0 0.37
v 0.71 -0.06506 0.35706
v 0.71 -0.12021 0.32021
v 0.71 -0.15706 0.26506
v 0.71 -0.17 0.2
v 0.71 -0.15706 0.13494
v 0.71 -0.12021 0.07979
v 0.71 -0.06506 0.04294
v 0.71 0 0.03
v 0.71 0.06506 0.04294
v 0.71 0.12021 0.07979
v 0.71 0.15706 0.13494
v 0.71 0.17 0.2
v 0.71 0.15706 0.26506
v 0.71 0.12021 0.32021
v 0.71 0.06506 0.35706
v 0.93 1.08 0.07
v 0.93 1.01494 0.05706
v 0.93 0.95979 0.02021
v 0.93 0.92294 -0.03494
v 0.93 0.91 -0.1
v 0.93 0.92294 -0.16506
v 0.93 0.95979 -0.22021
v 0.93 1.01494 -0.25706
v 0.93 1.08 -0.27
v 0.93 1.14506 -0.25706
v 0.93 1.20021 -0.22021
v 0.93 1.23706 -0.16506
v 0.93 1.25 -0.1
v 0.93 1.23706 -0.03494
v 0.93 1.20021 0.02021
v 0.93 1.14506 0.05706
v 0.93 1.08 0.07
v 0.93 1.01494 0.05706
v 0.93 0.95979 0.02021
v 0.93 0.92294 -0.03494
v 0.93 0.91 -0.1
v 0.93 0.92294 -0.16506
v 0.93 0.95979 -0.22021
v 0.93 1.01494 -0.25706
v 0.93 1.08 -0.27
v 0.93 1.14506 -0.25706
v 0.93 1.20021 -0.22021
v 0.93 1.23706 -0.16506
v 0.93 1.25 -0.1
v 0.93 1.23706 -0.03494
v 0.93 1.20021 0.02021
v 0.93 1.14506 0.05706
v 0.87 1.08 0.07
v 0.87 1.01494 0.05706
v 0.87 0.95979 0.02021
v 0.87 0.92294 -0.03494
v 0.87 0.91 -0.1
v 0.87 0.92294 -0.16506
v 0.87 0.95979 -0.22021
v 0.87 1.01494 -0.25706
v 0.87 1.08 -0.27
v 0.87 1.14506 -0.25706
v 0.87 1.20021 -0.22021
v 0.87 1.23706 -0.16506
v 0.87 1.25 -0.1
v 0.87 1.23706 -0.03494
v 0.87 1.20021 0.02021
v 0.87 1.14506 0.05706
v 0.87 1.08 0.08
v 0.87 1.01112 0.0663
v 0.87 0.95272 0.02728
v 0.87 0.9137 -0.03112
v 0.87 0.9 -0.1
v 0.87 0.9137 -0.16888
v 0.87 0.95272 -0.22728
v 0.87 1.01112 -0.2663
v 0.87 1.08 -0.28
v 0.87 1.14888 -0.2663
v 0.87 1.20728 -0.22728
v 0.87 1.2463 -0.16888
v 0.87 1.26 -0.1
v 0.87 1.2463 -0.03112
v 0.87 1.20728 0.02728
v 0.87 1.14888 0.0663
v 0.9 1.08 0.09
v 0.9 1.00729 0.07554
v 0.9 0.94565 0.03435
v 0.9 0.90446 -0.02729
v 0.9 0.89 -0.1
v 0.9 0.90446 -0.17271
v 0.9 0.94565 -0.23435
v 0.9 1.00729 -0.27554
v 0.9 1.08 -0.29
v 0.9 1.15271 -0.27554
v 0.9 1.21435 -0.23435
v 0.9 1.25554 -0.17271
v 0.9 1.27 -0.1
v 0.9 1.25554 -0.02729
v 0.9 1.21435 0.03435
v 0.9 1.15271 0.07554
v 0.9 1.08 0.09
v 0.9 1.00729 0.07554
v 0.9 0.94565 0.03435
v 0.9 0.90446 -0.02729
v 0.9 0.89 -0.1
v 0.9 0.90446 -0.17271
v 0.9 0.94565 -0.23435
v 0.9 1.00729 -0.27554
v 0.9 1.08 -0.29
v 0.9 1.15271 -0.27554
v 0.9 1.21435 -0.23435
v 0.9 1.25554 -0.17271
v 0.9 1.27 -0.1
v 0.9 1.25554 -0.02729
v 0.9 1.21435 0.03435
v 0.9 1.15271 0.07554
v 0.9 1.08 0.09
v 0.9 1.00729 0.07554
v 0.9 0.94565 0.03435
v 0.9 0.90446 -0.02729
v 0.9 0.89 -0.1
v 0.9 0.90446 -0.17271
v 0.9 0.94565 -0.23435
v 0.9 1.00729 -0.27554
v 0.9 1.08 -0.29
v 0.9 1.15271 -0.27554
v 0.9 1.21435 -0.23435
v 0.9 1.25554 -0.17271
v 0.9 1.27 -0.1
v 0.9 1.25554 -0.02729
v 0.9 1.21435 0.03435
v 0.9 1.15271 0.07554
v 0.93 1.08 0.08
v 0.93 1.01112 0.0663
v 0.93 0.95272 0.02728
v 0.93 0.9137 -0.03112
v 0.93 0.9 -0.1
v 0.93 0.9137 -0.16888
v 0.93 0.95272 -0.22728
v 0.93 1.01112 -0.2663
v 0.93 1.08 -0.28
v 0.93 1.14888 -0.2663
v 0.93 1.20728 -0.22728
v 0.93 1.2463 -0.16888
v 0.93 1.26 -0.1
v 0.93 1.2463 -0.03112
v 0.93 1.20728 0.02728
v 0.93 1.14888 0.0663
v 0.93 1.08 0.07
v 0.93 1.01494 0.05706
v 0.93 0.95979 0.02021
v 0.93 0.92294 -0.03494
v 0.93 0.91 -0.1
v 0.93 0.92294 -0.16506
v 0.93 0.95979 -0.22021
v 0.93 1.01494 -0.25706
v 0.93 1.08 -0.27
v 0.93 1.14506 -0.25706
v 0.93 1.20021 -0.22021
v 0.93 1.23706 -0.16506
v 0.93 1.25 -0.1
v 0.93 1.23706 -0.03494
v 0.93 1.20021 0.02021
v 0.93 1.14506 0.05706
v 0.93 1.08 0.07
v 0.93 1.01494 0.05706
v 0.93 0.95979 0.02021
v 0.93 0.92294 -0.03494
v 0.93 0.91 -0.1
v 0.93 0.92294 -0.16506
v 0.93 0.95979 -0.22021
v 0.93 1.01494 -0.25706
v 0.93 1.08 -0.27
v 0.93 1.14506 -0.25706
v 0.93 1.20021 -0.22021
v 0.93 1.23706 -0.16506
v 0.93 1.25 -0.1
v 0.93 1.23706 -0.03494
v 0.93 1.20021 0.02021
v 0.93 1.14506 0.05706
v 0.93 -1.08 -0.27
v 0.93 -1.01494 -0.25706
v 0.93 -0.95979 -0.22021
v 0.93 -0.92294 -0.16506
v 0.93 -0.91 -0.1
v 0.93 -0.92294 -0.03494
v 0.93 -0.95979 0.02021
v 0.93 -1.01494 0.05706
v 0.93 -1.08 0.07
v 0.93 -1.14506 0.05706
v 0.93 -1.20021 0.02021
v 0.93 -1.23706 -0.03494
v 0.93 -1.25 -0.1
v 0.93 -1.23706 -0.16506
v 0.93 -1.20021 -0.22021
v 0.93 -1.14506 -0.25706
v 0.93 -1.08 -0.27
v 0.93 -1.01494 -0.25706
v 0.93 -0.95979 -0.22021
v 0.93 -0.92294 -0.16506
v 0.93 -0.91 -0.1
v 0.93 -0.92294 -0.03494
v 0.93 -0.95979 0.02021
v 0.93 -1.01494 0.05706
v 0.93 -1.08 0.07
v 0.93 -1.14506 0.05706
v 0.93 -1.20021 0.02021
v 0.93 -1.23706 -0.03494
v 0.93 -1.25 -0.1
v 0.93 -1.23706 -0.16506
v 0.93 -1.20021 -0.22021
v 0.93 -1.14506 -0.25706
v 0.87 -1.08 -0.27
v 0.87 -1.01494 -0.25706
v 0.87 -0.95979 -0.22021
v 0.87 -0.92294 -0.16506
v 0.87 -0.91 -0.1
v 0.87 -0.92294 -0.03494
v 0.87 -0.95979 0.02021
v 0.87 -1.01494 0.05706
v 0.87 -1.08 0.07
v 0.87 -1.14506 0.05706
v 0.87 -1.20021 0.02021
v 0.87 -1.23706 -0.03494
v 0.87 -1.25 -0.1
v 0.87 -1.23706 -0.16506
v 0.87 -1.20021 -0.22021
v 0.87 -1.14506 -0.25706
v 0.87 -1.08 -0.28
v 0.87 -1.01112 -0.2663
v 0.87 -0.95272 -0.22728
v 0.87 -0.9137 -0.16888
v 0.87 -0.9 -0.1
v 0.87 -0.9137 -0.03112
v 0.87 -0.95272 0.02728
v 0.87 -1.01112 0.0663
v 0.87 -1.08 0.08
v 0.87 -1.14888 0.0663
v 0.87 -1.20728 0.02728
v 0.87 -1.2463 -0.03112
v 0.87 -1.26 -0.1
v 0.87 -1.2463 -0.16888
v 0.87 -1.20728 -0.22728
v 0.87 -1.14888 -0.2663
v 0.9 -1.08 -0.29
v 0.9 -1.00729 -0.27554
v 0.9 -0.94565 -0.23435
v 0.9 -0.90446 -0.17271
v 0.9 -0.89 -0.1
v 0.9 -0.90446 -0.02729
v 0.9 -0.94565 0.03435
v 0.9 -1.00729 0.07554
v 0.9 -1.08 0.09
v 0.9 -1.15271 0.07554
v 0.9 -1.21435 0.03435
v 0.9 -1.25554 -0.02729
v 0.9 -1.27 -0.1
v 0.9 -1.25554 -0.17271
v 0.9 -1.21435 -0.23435
v 0.9 -1.15271 -0.27554
v 0.9 -1.08 -0.29
v 0.9 -1.00729 -0.27554
v 0.9 -0.94565 -0.23435
v 0.9 -0.90446 -0.17271
v 0.9 -0.89 -0.1
v 0.9 -0.90446 -0.02729
v 0.9 -0.94565 0.03435
v 0.9 -1.00729 0.07554
v 0.9 -1.08 0.09
v 0.9 -1.15271 0.07554
v 0.9 -1.21435 0.03435
v 0.9 -1.25554 -0.02729
v 0.9 -1.27 -0.1
v 0.9 -1.25554 -0.17271
v 0.9 -1.21435 -0.23435
v 0.9 -1.15271 -0.27554
v 0.9 -1.08 -0.29
v 0.9 -1.00729 -0.27554
v 0.9 -0.94565 -0.23435
v 0.9 -0.90446 -0.17271
v 0.9 -0.89 -0.1
v 0.9 -0.90446 -0.02729
v 0.9 -0.94565 0.03435
v 0.9 -1.00729 0.07554
v 0.9 -1.08 0.09
v 0.9 -1.15271 0.07554
v 0.9 -1.21435 0.03435
v 0.9 -1.25554 -0.02729
v 0.9 -1.27 -0.1
v 0.9 -1.25554 -0.17271
v 0.9 -1.21435 -0.23435
v 0.9 -1.15271 -0.27554
v 0.93 -1.08 -0.28
v 0.93 -1.01112 -0.2663
v 0.93 -0.95272 -0.22728
v 0.93 -0.9137 -0.16888
v 0.93 -0.9 -0.1
v 0.93 -0.9137 -0.03112
v 0.93 -0.95272 0.02728
v 0.93 -1.01112 0.0663
v 0.93 -1.08 0.08
v 0.93 -1.14888 0.0663
v 0.93 -1.20728 0.02728
v 0.93 -1.2463 -0.03112
v 0.93 -1.26 -0.1
v 0.93 -1.2463 -0.16888
v 0.93 -1.20728 -0.22728
v 0.93 -1.14888 -0.2663
v 0.93 -1.08 -0.27
v 0.93 -1.01494 -0.25706
v 0.93 -0.95979 -0.22021
v 0.93 -0.92294 -0.16506
v 0.93 -0.91 -0.1
v 0.93 -0.92294 -0.03494
v 0.93 -0.95979 0.02021
v 0.93 -1.01494 0.05706
v 0.93 -1.08 0.07
v 0.93 -1.14506 0.05706
v 0.93 -1.20021 0.02021
v 0.93 -1.23706 -0.03494
v 0.93 -1.25 -0.1
v 0.93 -1.23706 -0.16506
v 0.93 -1.20021 -0.22021
v 0.93 -1.14506 -0.25706
v 0.93 -1.08 -0.27
v 0.93 -1.01494 -0.25706
v 0.93 -0.95979 -0.22021
v 0.93 -0.92294 -0.16506
v 0.93 -0.91 -0.1
v 0.93 -0.92294 -0.03494
v 0.93 -0.95979 0.02021
v 0.93 -1.01494 0.05706
v 0.93 -1.08 0.07
v 0.93 -1.14506 0.05706
v 0.93 -1.20021 0.02021
v 0.93 -1.23706 -0.03494
v 0.93 -1.25 -0.1
v 0.93 -1.23706 -0.16506
v 0.93 -1.20021 -0.22021
v 0.93 -1.14506 -0.25706
v 0.83 1.07 0.07
v 0.83 1.00494 0.05706
v 0.83 0.94979 0.02021
v 0.83 0.91294 -0.03494
v 0.83 0.9 -0.1
v 0.83 0.91294 -0.16506
v 0.83 0.94979 -0.22021
v 0.83 1.00494 -0.25706
v 0.83 1.07 -0.27
v 0.83 1.13506 -0.25706
v 0.83 1.19021 -0.22021
v 0.83 1.22706 -0.16506
v 0.83 1.24 -0.1
v 0.83 1.22706 -0.03494
v 0.83 1.19021 0.02021
v 0.83 1.13506 0.05706
v 0.83 1.07 0.07
v 0.83 1.00494 0.05706
v 0.83 0.94979 0.02021
v 0.83 0.91294 -0.03494
v 0.83 0.9 -0.1
v 0.83 0.91294 -0.16506
v 0.83 0.94979 -0.22021
v 0.83 1.00494 -0.25706
v 0.83 1.07 -0.27
v 0.83 1.13506 -0.25706
v 0.83 1.19021 -0.22021
v 0.83 1.22706 -0.16506
v 0.83 1.24 -0.1
v 0.83 1.22706 -0.03494
v 0.83 1.19021 0.02021
v 0.83 1.13506 0.05706
v 0.77 1.07 0.07
v 0.77 1.00494 0.05706
v 0.77 0.94979 0.02021
v 0.77 0.91294 -0.03494
v 0.77 0.9 -0.1
v 0.77 0.91294 -0.16506
v 0.77 0.94979 -0.22021
v 0.77 1.00494 -0.25706
v 0.77 1.07 -0.27
v 0.77 1.13506 -0.25706
v 0.77 1.19021 -0.22021
v 0.77 1.22706 -0.16506
v 0.77 1.24 -0.1
v 0.77 1.22706 -0.03494
v 0.77 1.19021 0.02021
v 0.77 1.13506 0.05706
v 0.77 1.07 0.08
v 0.77 1.00112 0.0663
v 0.77 0.94272 0.02728
v 0.77 0.9037 -0.03112
v 0.77 0.89 -0.1
v 0.77 0.9037 -0.16888
v 0.77 0.94272 -0.22728
v 0.77 1.00112 -0.2663
v 0.77 1.07 -0.28
v 0.77 1.13888 -0.2663
v 0.77 1.19728 -0.22728
v 0.77 1.2363 -0.16888
v 0.77 1.25 -0.1
v 0.77 1.2363 -0.03112
v 0.77 1.19728 0.02728
v 0.77 1.13888 0.0663
v 0.8 1.07 0.09
v 0.8 0.99729 0.07554
v 0.8 0.93565 0.03435
v 0.8 0.89446 -0.02729
v 0.8 0.88 -0.1
v 0.8 0.89446 -0.17271
v 0.8 0.93565 -0.23435
v 0.8 0.99729 -0.27554
v 0.8 1.07 -0.29
v 0.8 1.14271 -0.27554
v 0.8 1.20435 -0.23435
v 0.8 1.24554 -0.17271
v 0.8 1.26 -0.1
v 0.8 1.24554 -0.02729
v 0.8 1.20435 0.03435
v 0.8 1.14271 0.07554
v 0.8 1.07 0.09
v 0.8 0.99729 0.07554
v 0.8 0.93565 0.03435
v 0.8 0.89446 -0.02729
v 0.8 0.88 -0.1
v 0.8 0.89446 -0.17271
v 0.8 0.93565 -0.23435
v 0.8 0.99729 -0.27554
v 0.8 1.07 -0.29
v 0.8 1.14271 -0.27554
v 0.8 1.20435 -0.23435
v 0.8 1.24554 -0.17271
v 0.8 1.26 -0.1
v 0.8 1.24554 -0.02729
v 0.8 1.20435 0.03435
v 0.8 1.14271 0.07554
v 0.8 1.07 0.09
v 0.8 0.99729 0.07554
v 0.8 0.93565 0.03435
v 0.8 0.89446 -0.02729
v 0.8 0.88 -0.1
v 0.8 0.89446 -0.17271
v 0.8 0.93565 -0.23435
v 0.8 0.99729 -0.27554
v 0.8 1.07 -0.29
v 0.8 1.14271 -0.27554
v 0.8 1.20435 -0.23435
v 0.8 1.24554 -0.17271
v 0.8 1.26 -0.1
v 0.8 1.24554 -0.02729
v 0.8 1.20435 0.03435
v 0.8 1.14271 0.07554
v 0.83 1.07 0.08
v 0.83 1.00112 0.0663
v 0.83 0.94272 0.02728
v 0.83 0.9037 -0.03112
v 0.83 0.89 -0.1
v 0.83 0.9037 -0.16888
v 0.83 0.94272 -0.22728
v 0.83 1.00112 -0.2663
v 0.83 1.07 -0.28
v 0.83 1.13888 -0.2663
v 0.83 1.19728 -0.22728
v 0.83 1.2363 -0.16888
v 0.83 1.25 -0.1
v 0.83 1.2363 -0.03112
v 0.83 1.19728 0.02728
v 0.83 1.13888 0.0663
v 0.83 1.07 0.07
v 0.83 1.00494 0.05706
v 0.83 0.94979 0.02021
v 0.83 0.91294 -0.03494
v 0.83 0.9 -0.1
v 0.83 0.91294 -0.16506
v 0.83 0.94979 -0.22021
v 0.83 1.00494 -0.25706
v 0.83 1.07 -0.27
v 0.83 1.13506 -0.25706
v 0.83 1.19021 -0.22021
v 0.83 1.22706 -0.16506
v 0.83 1.24 -0.1
v 0.83 1.22706 -0.03494
v 0.83 1.19021 0.02021
v 0.83 1.13506 0.05706
v 0.83 1.07 0.07
v 0.83 1.00494 0.05706
v 0.83 0.94979 0.02021
v 0.83 0.91294 -0.03494
v 0.83 0.9 -0.1
v 0.83 0.91294 -0.16506
v 0.83 0.94979 -0.22021
v 0.83 1.00494 -0.25706
v 0.83 1.07 -0.27
v 0.83 1.13506 -0.25706
v 0.83 1.19021 -0.22021
v 0.83 1.22706 -0.16506
v 0.83 1.24 -0.1
v 0.83 1.22706 -0.03494
v 0.83 1.19021 0.02021
v 0.83 1.13506 0.05706
v 0.83 -1.07 -0.27
v 0.83 -1.00494 -0.25706
v 0.83 -0.94979 -0.22021
v 0.83 -0.91294 -0.16506
v 0.83 -0.9 -0.1
v 0.83 -0.91294 -0.03494
v 0.83 -0.94979 0.02021
v 0.83 -1.00494 0.05706
v 0.83 -1.07 0.07
v 0.83 -1.13506 0.05706
v 0.83 -1.19021 0.02021
v 0.83 -1.22706 -0.03494
v 0.83 -1.24 -0.1
v 0.83 -1.22706 -0.16506
v 0.83 -1.19021 -0.22021
v 0.83 -1.13506 -0.25706
v 0.83 -1.07 -0.27
v 0.83 -1.00494 -0.25706
v 0.83 -0.94979 -0.22021
v 0.83 -0.91294 -0.16506
v 0.83 -0.9 -0.1
v 0.83 -0.91294 -0.03494
v 0.83 -0.94979 0.02021
v 0.83 -1.00494 0.05706
v 0.83 -1.07 0.07
v 0.83 -1.13506 0.05706
v 0.83 -1.19021 0.02021
v 0.83 -1.22706 -0.03494
v 0.83 -1.24 -0.1
v 0.83 -1.22706 -0.16506
v 0.83 -1.19021 -0.22021
v 0.83 -1.13506 -0.25706
v 0.77 -1.07 -0.27
v 0.77 -1.00494 -0.25706
v 0.77 -0.94979 -0.22021
v 0.77 -0.91294 -0.16506
v 0.77 -0.9 -0.1
v 0.77 -0.91294 -0.03494
v 0.77 -0.94979 0.02021
v 0.77 -1.00494 0.05706
v 0.77 -1.07 0.07
v 0.77 -1.13506 0.05706
v 0.77 -1.19021 0.02021
v 0.77 -1.22706 -0.03494
v 0.77 -1.24 -0.1
v 0.77 -1.22706 -0.16506
v 0.77 -1.19021 -0.22021
v 0.77 -1.13506 -0.25706
v 0.77 -1.07 -0.28
v 0.77 -1.00112 -0.2663
v 0.77 -0.94272 -0.22728
v 0.77 -0.9037 -0.16888
v 0.77 -0.89 -0.1
v 0.77 -0.9037 -0.03112
v 0.77 -0.94272 0.02728
v 0.77 -1.00112 0.0663
v 0.77 -1.07 0.08
v 0.77 -1.13888 0.0663
v 0.77 -1.19728 0.02728
v 0.77 -1.2363 -0.03112
v 0.77 -1.25 -0.1
v 0.77 -1.2363 -0.16888
v 0.77 -1.19728 -0.22728
v 0.77 -1.13888 -0.2663
v 0.8 -1.07 -0.29
v 0.8 -0.99729 -0.27554
v 0.8 -0.93565 -0.23435
v 0.8 -0.89446 -0.17271
v 0.8 -0.88 -0.1
v 0.8 -0.89446 -0.02729
v 0.8 -0.93565 0.03435
v 0.8 -0.99729 0.07554
v 0.8 -1.07 0.09
v 0.8 -1.14271 0.07554
v 0.8 -1.20435 0.03435
v 0.8 -1.24554 -0.02729
v 0.8 -1.26 -0.1
v 0.8 -1.24554 -0.17271
v 0.8 -1.20435 -0.23435
v 0.8 -1.14271 -0.27554
v 0.8 -1.07 -0.29
v 0.8 -0.99729 -0.27554
v 0.8 -0.93565 -0.23435
v 0.8 -0.89446 -0.17271
v 0.8 -0.88 -0.1
v 0.8 -0.89446 -0.02729
v 0.8 -0.93565 0.03435
v 0.8 -0.99729 0.07554
v 0.8 -1.07 0.09
v 0.8 -1.14271 0.07554
v 0.8 -1.20435 0.03435
v 0.8 -1.24554 -0.02729
v 0.8 -1.26 -0.1
v 0.8 -1.24554 -0.17271
v 0.8 -1.20435 -0.23435
v 0.8 -1.14271 -0.27554
v 0.8 -1.07 -0.29
v 0.8 -0.99729 -0.27554
v 0.8 -0.93565 -0.23435
v 0.8 -0.89446 -0.17271
v 0.8 -0.88 -0.1
v 0.8 -0.89446 -0.02729
v 0.8 -0.93565 0.03435
v 0.8 -0.99729 0.07554
v 0.8 -1.07 0.09
v 0.8 -1.14271 0.07554
v 0.8 -1.20435 0.03435
v 0.8 -1.24554 -0.02729
v 0.8 -1.26 -0.1
v 0.8 -1.24554 -0.17271
v 0.8 -1.20435 -0.23435
v 0.8 -1.14271 -0.27554
v 0.83 -1.07 -0.28
v 0.83 -1.00112 -0.2663
v 0.83 -0.94272 -0.22728
v 0.83 -0.9037 -0.16888
v 0.83 -0.89 -0.1
v 0.83 -0.9037 -0.03112
v 0.83 -0.94272 0.02728
v 0.83 -1.00112 0.0663
v 0.83 -1.07 0.08
v 0.83 -1.13888 0.0663
v 0.83 -1.19728 0.02728
v 0.83 -1.2363 -0.03112
v 0.83 -1.25 -0.1
v 0.83 -1.2363 -0.16888
v 0.83 -1.19728 -0.22728
v 0.83 -1.13888 -0.2663
v 0.83 -1.07 -0.27
v 0.83 -1.00494 -0.25706
v 0.83 -0.94979 -0.22021
v 0.83 -0.91294 -0.16506
v 0.83 -0.9 -0.1
v 0.83 -0.91294 -0.03494
v 0.83 -0.94979 0.02021
v 0.83 -1.00494 0.05706
v 0.83 -1.07 0.07
v 0.83 -1.13506 0.05706
v 0.83 -1.19021 0.02021
v 0.83 -1.22706 -0.03494
v 0.83 -1.24 -0.1
v 0.83 -1.22706 -0.16506
v 0.83 -1.19021 -0.22021
v 0.83 -1.13506 -0.25706
v 0.83 -1.07 -0.27
v 0.83 -1.00494 -0.25706
v 0.83 -0.94979 -0.22021
v 0.83 -0.91294 -0.16506
v 0.83 -0.9 -0.1
v 0.83 -0.91294 -0.03494
v 0.83 -0.94979 0.02021
v 0.83 -1.00494 0.05706
v 0.83 -1.07 0.07
v 0.83 -1.13506 0.05706
v 0.83 -1.19021 0.02021
v 0.83 -1.22706 -0.03494
v 0.83 -1.24 -0.1
v 0.83 -1.22706 -0.16506
v 0.83 -1.19021 -0.22021
v 0.83 -1.13506 -0.25706
v 0.73 1.04 0.07
v 0.73 0.97494 0.05706
v 0.73 0.91979 0.02021
v 0.73 0.88294 -0.03494
v 0.73 0.87 -0.1
v 0.73 0.88294 -0.16506
v 0.73 0.91979 -0.22021
v 0.73 0.97494 -0.25706
v 0.73 1.04 -0.27
v 0.73 1.10506 -0.25706
v 0.73 1.16021 -0.22021
v 0.73 1.19706 -0.16506
v 0.73 1.21 -0.1
v 0.73 1.19706 -0.03494
v 0.73 1.16021 0.02021
v 0.73 1.10506 0.05706
v 0.73 1.04 0.07
v 0.73 0.97494 0.05706
v 0.73 0.91979 0.02021
v 0.73 0.88294 -0.03494
v 0.73 0.87 -0.1
v 0.73 0.88294 -0.16506
v 0.73 0.91979 -0.22021
v 0.73 0.97494 -0.25706
v 0.73 1.04 -0.27
v 0.73 1.10506 -0.25706
v 0.73 1.16021 -0.22021
v 0.73 1.19706 -0.16506
v 0.73 1.21 -0.1
v 0.73 1.19706 -0.03494
v 0.73 1.16021 0.02021
v 0.73 1.10506 0.05706
v 0.67 1.04 0.07
v 0.67 0.97494 0.05706
v 0.67 0.91979 0.02021
v 0.67 0.88294 -0.03494
v 0.67 0.87 -0.1
v 0.67 0.88294 -0.16506
v 0.67 0.91979 -0.22021
v 0.67 0.97494 -0.25706
v 0.67 1.04 -0.27
v 0.67 1.10506 -0.25706
v 0.67 1.16021 -0.22021
v 0.67 1.19706 -0.16506
v 0.67 1.21 -0.1
v 0.67 1.19706 -0.03494
v 0.67 1.16021 0.02021
v 0.67 1.10506 0.05706
v 0.67 1.04 0.08
v 0.67 0.97112 0.0663
v 0.67 0.91272 0.02728
v 0.67 0.8737 -0.03112
v 0.67 0.86 -0.1
v 0.67 0.8737 -0.16888
v 0.67 0.91272 -0.22728
v 0.67 0.97112 -0.2663
v 0.67 1.04 -0.28
v 0.67 1.10888 -0.2663
v 0.67 1.16728 -0.22728
v 0.67 1.2063 -0.16888
v 0.67 1.22 -0.1
v 0.67 1.2063 -0.03112
v 0.67 1.16728 0.02728
v 0.67 1.10888 0.0663
v 0.7 1.04 0.09
v 0.7 0.96729 0.07554
v 0.7 0.90565 0.03435
v 0.7 0.86446 -0.02729
v 0.7 0.85 -0.1
v 0.7 0.86446 -0.17271
v 0.7 0.90565 -0.23435
v 0.7 0.96729 -0.27554
v 0.7 1.04 -0.29
v 0.7 1.11271 -0.27554
v 0.7 1.17435 -0.23435
v 0.7 1.21554 -0.17271
v 0.7 1.23 -0.1
v 0.7 1.21554 -0.02729
v 0.7 1.17435 0.03435
v 0.7 1.11271 0.07554
v 0.7 1.04 0.09
v 0.7 0.96729 0.07554
v 0.7 0.90565 0.03435
v 0.7 0.86446 -0.02729
v 0.7 0.85 -0.1
v 0.7 0.86446 -0.17271
v 0.7 0.90565 -0.23435
v 0.7 0.96729 -0.27554
v 0.7 1.04 -0.29
v 0.7 1.11271 -0.27554
v 0.7 1.17435 -0.23435
v 0.7 1.21554 -0.17271
v 0.7 1.23 -0.1
v 0.7 1.21554 -0.02729
v 0.7 1.17435 0.03435
v 0.7 1.11271 0.07554
v 0.7 1.04 0.09
v 0.7 0.96729 0.07554
v 0.7 0.90565 0.03435
v 0.7 0.86446 -0.02729
v 0.7 0.85 -0.1
v 0.7 0.86446 -0.17271
v 0.7 0.90565 -0.23435
v 0.7 0.96729 -0.27554
v 0.7 1.04 -0.29
v 0.7 1.11271 -0.27554
v 0.7 1.17435 -0.23435
v 0.7 1.21554 -0.17271
v 0.7 1.23 -0.1
v 0.7 1.21554 -0.02729
v 0.7 1.17435 0.03435
v 0.7 1.11271 0.07554
v 0.73 1.04 0.08
v 0.73 0.97112 0.0663
v 0.73 0.91272 0.02728
v 0.73 0.8737 -0.03112
v 0.73 0.86 -0.1
v 0.73 0.8737 -0.16888
v 0.73 0.91272 -0.22728
v 0.73 0.97112 -0.2663
v 0.73 1.04 -0.28
v 0.73 1.10888 -0.2663
v 0.73 1.16728 -0.22728
v 0.73 1.2063 -0.16888
v 0.73 1.22 -0.1
v 0.73 1.2063 -0.03112
v 0.73 1.16728 0.02728
v 0.73 1.10888 0.0663
v 0.73 1.04 0.07
v 0.73 0.97494 0.05706
v 0.73 0.91979 0.02021
v 0.73 0.88294 -0.03494
v 0.73 0.87 -0.1
v 0.73 0.88294 -0.16506
v 0.73 0.91979 -0.22021
v 0.73 0.97494 -0.25706
v 0.73 1.04 -0.27
v 0.73 1.10506 -0.25706
v 0.73 1.16021 -0.22021
v 0.73 1.19706 -0.16506
v 0.73 1.21 -0.1
v 0.73 1.19706 -0.03494
v 0.73 1.16021 0.02021
v 0.73 1.10506 0.05706
v 0.73 1.04 0.07
v 0.73 0.97494 0.05706
v 0.73 0.91979 0.02021
v 0.73 0.88294 -0.03494
v 0.73 0.87 -0.1
v 0.73 0.88294 -0.16506
v 0.73 0.91979 -0.22021
v 0.73 0.97494 -0.25706
v 0.73 1.04 -0.27
v 0.73 1.10506 -0.25706
v 0.73 1.16021 -0.22021
v 0.73 1.19706 -0.16506
v 0.73 1.21 -0.1
v 0.73 1.19706 -0.03494
v 0.73 1.16021 0.02021
v 0.73 1.10506 0.05706
v 0.73 -1.04 -0.27
v 0.73 -0.97494 -0.25706
v 0.73 -0.91979 -0.22021
v 0.73 -0.88294 -0.16506
v 0.73 -0.87 -0.1
v 0.73 -0.88294 -0.03494
v 0.73 -0.91979 0.02021
v 0.73 -0.97494 0.05706
v 0.73 -1.04 0.07
v 0.73 -1.10506 0.05706
v 0.73 -1.16021 0.02021
v 0.73 -1.19706 -0.03494
v 0.73 -1.21 -0.1
v 0.73 -1.19706 -0.16506
v 0.73 -1.16021 -0.22021
v 0.73 -1.10506 -0.25706
v 0.73 -1.04 -0.27
v 0.73 -0.97494 -0.25706
v 0.73 -0.91979 -0.22021
v 0.73 -0.88294 -0.16506
v 0.73 -0.87 -0.1
v 0.73 -0.88294 -0.03494
v 0.73 -0.91979 0.02021
v 0.73 -0.97494 0.05706
v 0.73 -1.04 0.07
v 0.73 -1.10506 0.05706
v 0.73 -1.16021 0.02021
v 0.73 -1.19706 -0.03494
v 0.73 -1.21 -0.1
v 0.73 -1.19706 -0.16506
v 0.73 -1.16021 -0.22021
v 0.73 -1.10506 -0.25706
v 0.67 -1.04 -0.27
v 0.67 -0.97494 -0.25706
v 0.67 -0.91979 -0.22021
v 0.67 -0.88294 -0.16506
v 0.67 -0.87 -0.1
v 0.67 -0.88294 -0.03494
v 0.67 -0.91979 0.02021
v 0.67 -0.97494 0.05706
v 0.67 -1.04 0.07
v 0.67 -1.10506 0.05706
v 0.67 -1.16021 0.02021
v 0.67 -1.19706 -0.03494
v 0.67 -1.21 -0.1
v 0.67 -1.19706 -0.16506
v 0.67 -1.16021 -0.22021
v 0.67 -1.10506 -0.25706
v 0.67 -1.04 -0.28
v 0.67 -0.97112 -0.2663
v 0.67 -0.91272 -0.22728
v 0.67 -0.8737 -0.16888
v 0.67 -0.86 -0.1
v 0.67 -0.8737 -0.03112
v 0.67 -0.91272 0.02728
v 0.67 -0.97112 0.0663
v 0.67 -1.04 0.08
v 0.67 -1.10888 0.0663
v 0.67 -1.16728 0.02728
v 0.67 -1.2063 -0.03112
v 0.67 -1.22 -0.1
v 0.67 -1.2063 -0.16888
v 0.67 -1.16728 -0.22728
v 0.67 -1.10888 -0.2663
v 0.7 -1.04 -0.29
v 0.7 -0.96729 -0.27554
v 0.7 -0.90565 -0.23435
v 0.7 -0.86446 -0.17271
v 0.7 -0.85 -0.1
v 0.7 -0.86446 -0.02729
v 0.7 -0.90565 0.03435
v 0.7 -0.96729 0.07554
v 0.7 -1.04 0.09
v 0.7 -1.11271 0.07554
v 0.7 -1.17435 0.03435
v 0.7 -1.21554 -0.02729
v 0.7 -1.23 -0.1
v 0.7 -1.21554 -0.17271
v 0.7 -1.17435 -0.23435
v 0.7 -1.11271 -0.27554
v 0.7 -1.04 -0.29
v 0.7 -0.96729 -0.27554
v 0.7 -0.90565 -0.23435
v 0.7 -0.86446 -0.17271
v 0.7 -0.85 -0.1
v 0.7 -0.86446 -0.02729
v 0.7 -0.90565 0.03435
v 0.7 -0.96729 0.07554
v 0.7 -1.04 0.09
v 0.7 -1.11271 0.07554
v 0.7 -1.17435 0.03435
v 0.7 -1.21554 -0.02729
v 0.7 -1.23 -0.1
v 0.7 -1.21554 -0.17271
v 0.7 -1.17435 -0.23435
v 0.7 -1.11271 -0.27554
v 0.7 -1.04 -0.29
v 0.7 -0.96729 -0.27554
v 0.7 -0.90565 -0.23435
v 0.7 -0.86446 -0.17271
v 0.7 -0.85 -0.1
v 0.7 -0.86446 -0.02729
v 0.7 -0.90565 0.03435
v 0.7 -0.96729 0.07554
v 0.7 -1.04 0.09
v 0.7 -1.11271 0.07554
v 0.7 -1.17435 0.03435
v 0.7 -1.21554 -0.02729
v 0.7 -1.23 -0.1
v 0.7 -1.21554 -0.17271
v 0.7 -1.17435 -0.23435
v 0.7 -1.11271 -0.27554
v 0.73 -1.04 -0.28
v 0.73 -0.97112 -0.2663
v 0.73 -0.91272 -0.22728
v 0.73 -0.8737 -0.16888
v 0.73 -0.86 -0.1
v 0.73 -0.8737 -0.03112
v 0.73 -0.91272 0.02728
v 0.73 -0.97112 0.0663
v 0.73 -1.04 0.08
v 0.73 -1.10888 0.0663
v 0.73 -1.16728 0.02728
v 0.73 -1.2063 -0.03112
v 0.73 -1.22 -0.1
v 0.73 -1.2063 -0.16888
v 0.73 -1.16728 -0.22728
v 0.73 -1.10888 -0.2663
v 0.73 -1.04 -0.27
v 0.73 -0.97494 -0.25706
v 0.73 -0.91979 -0.22021
v 0.73 -0.88294 -0.16506
v 0.73 -0.87 -0.1
v 0.73 -0.88294 -0.03494
v 0.73 -0.91979 0.02021
v 0.73 -0.97494 0.05706
v 0.73 -1.04 0.07
v 0.73 -1.10506 0.05706
v 0.73 -1.16021 0.02021
v 0.73 -1.19706 -0.03494
v 0.73 -1.21 -0.1
v 0.73 -1.19706 -0.16506
v 0.73 -1.16021 -0.22021
v 0.73 -1.10506 -0.25706
v 0.73 -1.04 -0.27
v 0.73 -0.97494 -0.25706
v 0.73 -0.91979 -0.22021
v 0.73 -0.88294 -0.16506
v 0.73 -0.87 -0.1
v 0.73 -0.88294 -0.03494
v 0.73 -0.91979 0.02021
v 0.73 -0.97494 0.05706
v 0.73 -1.04 0.07
v 0.73 -1.10506 0.05706
v 0.73 -1.16021 0.02021
v 0.73 -1.19706 -0.03494
v 0.73 -1.21 -0.1
v 0.73 -1.19706 -0.16506
v 0.73 -1.16021 -0.22021
v 0.73 -1.10506 -0.25706
v 0.25 -0.03214 0.37
v 0.25 -0.03536 0.37
v 0.25 -0.0383 0.37
v 0.25 -0.0383 0.37
v 0.25 -0.03536 0.37
v 0.25 -0.03214 0.37
v 0.25 0.03214 0.37
v 0.25 0.03536 0.37
v 0.25 0.0383 0.37
v 0.25 0.0383 0.37
v 0.25 0.03536 0.37
v 0.25 0.03214 0.37
v 0.4 -0.06428 0.41128
v 0.4 -0.07071 0.40657
v 0.4 -0.0766 0.40142
v 0.4 -0.0766 0.29858
v 0.4 -0.07071 0.29343
v 0.4 -0.06428 0.28872
v 0.4 0.06428 0.28872
v 0.4 0.07071 0.29343
v 0.4 0.0766 0.29858
v 0.4 0.0766 0.40142
v 0.4 0.07071 0.40657
v 0.4 0.06428 0.41128
v 0.7 -0.06428 0.41128
v 0.7 -0.07071 0.40657
v 0.7 -0.0766 0.40142
v 0.7 -0.0766 0.29858
v 0.7 -0.07071 0.29343
v 0.7 -0.06428 0.28872
v 0.7 0.06428 0.28872
v 0.7 0.07071 0.29343
v 0.7 0.0766 0.29858
v 0.7 0.0766 0.40142
v 0.7 0.07071 0.40657
v 0.7 0.06428 0.41128
v 0.8 -0.03214 0.32
v 0.8 -0.03536 0.32
v 0.8 -0.0383 0.32
v 0.8 -0.0383 0.32
v 0.8 -0.03536 0.32
v 0.8 -0.03214 0.32
v 0.8 0.03214 0.32
v 0.8 0.03536 0.32
v 0.8 0.0383 0.32
v 0.8 0.0383 0.32
v 0.8 0.03536 0.32
v 0.8 0.03214 0.32
v 0.53792 0.5717 0.35
v 0.52377 0.59619 0.35
v 0.51792 0.60634 0.35
v 0.52377 0.59619 0.35
v 0.53792 0.5717 0.35
v 0.55206 0.5472 0.35
v 0.55792 0.53706 0.35
v 0.55206 0.5472 0.35
v 0.52926 0.5667 0.38
v 0.51511 0.59119 0.37121
v 0.50926 0.60134 0.35
v 0.51511 0.59119 0.32879
v 0.52926 0.5667 0.32
v 0.5434 0.5422 0.32879
v 0.54926 0.53206 0.35
v 0.5434 0.5422 0.37121
v 0.421 0.5042 0.37
v 0.40686 0.52869 0.36121
v 0.401 0.53884 0.34
v 0.40686 0.52869 0.31879
v 0.421 0.5042 0.31
v 0.43515 0.4797 0.31879
v 0.441 0.46956 0.34
v 0.43515 0.4797 0.36121
v 0.32141 0.4467 0.35
v 0.30727 0.47119 0.34121
v 0.30141 0.48134 0.32
v 0.30727 0.47119 0.29879
v 0.32141 0.4467 0.29
v 0.33555 0.4222 0.29879
v 0.34141 0.41206 0.32
v 0.33555 0.4222 0.34121
v 0.21749 0.3867 0.31
v 0.20334 0.41119 0.30121
v 0.19749 0.42134 0.28
v 0.20334 0.41119 0.25879
v 0.21749 0.3867 0.25
v 0.23163 0.3622 0.25879
v 0.23749 0.35206 0.28
v 0.23163 0.3622 0.30121
v 0.13088 0.3367 0.27
v 0.11674 0.36119 0.26121
v 0.11088 0.37134 0.24
v 0.11674 0.36119 0.21879
v 0.13088 0.3367 0.21
v 0.14503 0.3122 0.21879
v 0.15088 0.30206 0.24
v 0.14503 0.3122 0.26121
v 0.04928 0.27804 0.24
v 0.03514 0.30253 0.23121
v 0.02928 0.31268 0.21
v 0.03514 0.30253 0.18879
v 0.04928 0.27804 0.18
v 0.06342 0.25354 0.18879
v 0.06928 0.2434 0.21
v 0.06342 0.25354 0.23121
v -0.02732 0.21072 0.21
v -0.04146 0.23521 0.20121
v -0.04732 0.24536 0.18
v -0.04146 0.23521 0.15879
v -0.02732 0.21072 0.15
v -0.01318 0.18622 0.15879
v -0.00732 0.17608 0.18
v -0.01318 0.18622 0.20121
v -0.10892 0.15206 0.2
v -0.11953 0.17043 0.19121
v -0.12392 0.17804 0.17
v -0.11953 0.17043 0.14879
v -0.10892 0.15206 0.14
v -0.09832 0.13369 0.14879
v -0.09392 0.12608 0.17
v -0.09832 0.13369 0.19121
v -0.09526 0.1484 0.17
v -0.09526 0.1484 0.17
v -0.09526 0.1484 0.17
v -0.09526 0.1484 0.17
v -0.09526 0.1484 0.17
v -0.09526 0.1484 0.17
v -0.09526 0.1484 0.17
v -0.09526 0.1484 0.17
v 0.53792 -0.5717 0.35
v 0.52377 -0.59619 0.35
v 0.51792 -0.60634 0.35
v 0.52377 -0.59619 0.35
v 0.53792 -0.5717 0.35
v 0.55206 -0.5472 0.35
v 0.55792 -0.53706 0.35
v 0.55206 -0.5472 0.35
v 0.52926 -0.5667 0.32
v 0.51511 -0.59119 0.32879
v 0.50926 -0.60134 0.35
v 0.51511 -0.59119 0.37121
v 0.52926 -0.5667 0.38
v 0.5434 -0.5422 0.37121
v 0.54926 -0.53206 0.35
v 0.5434 -0.5422 0.32879
v 0.421 -0.5042 0.31
v 0.40686 -0.52869 0.31879
v 0.401 -0.53884 0.34
v 0.40686 -0.52869 0.36121
v 0.421 -0.5042 0.37
v 0.43515 -0.4797 0.36121
v 0.441 -0.46956 0.34
v 0.43515 -0.4797 0.31879
v 0.32141 -0.4467 0.29
v 0.30727 -0.47119 0.29879
v 0.30141 -0.48134 0.32
v 0.30727 -0.47119 0.34121
v 0.32141 -0.4467 0.35
v 0.33555 -0.4222 0.34121
v 0.34141 -0.41206 0.32
v 0.33555 -0.4222 0.29879
v 0.21749 -0.3867 0.25
v 0.20334 -0.41119 0.25879
v 0.19749 -0.42134 0.28
v 0.20334 -0.41119 0.30121
v 0.21749 -0.3867 0.31
v 0.23163 -0.3622 0.30121
v 0.23749 -0.35206 0.28
v 0.23163 -0.3622 0.25879
v 0.13088 -0.3367 0.21
v 0.11674 -0.36119 0.21879
v 0.11088 -0.37134 0.24
v 0.11674 -0.36119 0.26121
v 0.13088 -0.3367 0.27
v 0.14503 -0.3122 0.26121
v 0.15088 -0.30206 0.24
v 0.14503 -0.3122 0.21879
v 0.04928 -0.27804 0.18
v 0.03514 -0.30253 0.18879
v 0.02928 -0.31268 0.21
v 0.03514 -0.30253 0.23121
v 0.04928 -0.27804 0.24
v 0.06342 -0.25354 0.23121
v 0.06928 -0.2434 0.21
v 0.06342 -0.25354 0.18879
v -0.02732 -0.21072 0.15
v -0.04146 -0.23521 0.15879
v -0.04732 -0.24536 0.18
v -0.04146 -0.23521 0.20121
v -0.02732 -0.21072 0.21
v -0.01318 -0.18622 0.20121
v -0.00732 -0.17608 0.18
v -0.01318 -0.18622 0.15879
v -0.10892 -0.15206 0.14
v -0.11953 -0.17043 0.14879
v -0.12392 -0.17804 0.17
v -0.11953 -0.17043 0.19121
v -0.10892 -0.15206 0.2
v -0.09832 -0.13369 0.19121
v -0.09392 -0.12608 0.17
v -0.09832 -0.13369 0.14879
v -0.09526 -0.1484 0.17
v -0.09526 -0.1484 0.17
v -0.09526 -0.1484 0.17
v -0.09526 -0.1484 0.17
v -0.09526 -0.1484 0.17
v -0.09526 -0.1484 0.17
v -0.09526 -0.1484 0.17
v -0.09526 -0.1484 0.17
v 0.73792 0.5717 0.35
v 0.72377 0.59619 0.35
v 0.71792 0.60634 0.35
v 0.72377 0.59619 0.35
v 0.73792 0.5717 0.35
v 0.75206 0.5472 0.35
v 0.75792 0.53706 0.35
v 0.75206 0.5472 0.35
v 0.72926 0.5667 0.38
v 0.71511 0.59119 0.37121
v 0.70926 0.60134 0.35
v 0.71511 0.59119 0.32879
v 0.72926 0.5667 0.32
v 0.7434 0.5422 0.32879
v 0.74926 0.53206 0.35
v 0.7434 0.5422 0.37121
v 0.621 0.5042 0.37
v 0.60686 0.52869 0.36121
v 0.601 0.53884 0.34
v 0.60686 0.52869 0.31879
v 0.621 0.5042 0.31
v 0.63515 0.4797 0.31879
v 0.641 0.46956 0.34
v 0.63515 0.4797 0.36121
v 0.52141 0.4467 0.35
v 0.50727 0.47119 0.34121
v 0.50141 0.48134 0.32
v 0.50727 0.47119 0.29879
v 0.52141 0.4467 0.29
v 0.53555 0.4222 0.29879
v 0.54141 0.41206 0.32
v 0.53555 0.4222 0.34121
v 0.41749 0.3867 0.31
v 0.40334 0.41119 0.30121
v 0.39749 0.42134 0.28
v 0.40334 0.41119 0.25879
v 0.41749 0.3867 0.25
v 0.43163 0.3622 0.25879
v 0.43749 0.35206 0.28
v 0.43163 0.3622 0.30121
v 0.33088 0.3367 0.27
v 0.31674 0.36119 0.26121
v 0.31088 0.37134 0.24
v 0.31674 0.36119 0.21879
v 0.33088 0.3367 0.21
v 0.34503 0.3122 0.21879
v 0.35088 0.30206 0.24
v 0.34503 0.3122 0.26121
v 0.24928 0.27804 0.24
v 0.23514 0.30253 0.23121
v 0.22928 0.31268 0.21
v 0.23514 0.30253 0.18879
v 0.24928 0.27804 0.18
v 0.26342 0.25354 0.18879
v 0.26928 0.2434 0.21
v 0.26342 0.25354 0.23121
v 0.17268 0.21072 0.21
v 0.15854 0.23521 0.20121
v 0.15268 0.24536 0.18
v 0.15854 0.23521 0.15879
v 0.17268 0.21072 0.15
v 0.18682 0.18622 0.15879
v 0.19268 0.17608 0.18
v 0.18682 0.18622 0.20121
v 0.09108 0.15206 0.2
v 0.08047 0.17043 0.19121
v 0.07608 0.17804 0.17
v 0.08047 0.17043 0.14879
v 0.09108 0.15206 0.14
v 0.10168 0.13369 0.14879
v 0.10608 0.12608 0.17
v 0.10168 0.13369 0.19121
v 0.10474 0.1484 0.17
v 0.10474 0.1484 0.17
v 0.10474 0.1484 0.17
v 0.10474 0.1484 0.17
v 0.10474 0.1484 0.17
v 0.10474 0.1484 0.17
v 0.10474 0.1484 0.17
v 0.10474 0.1484 0.17
v 0.73792 -0.5717 0.35
v 0.72377 -0.59619 0.35
v 0.71792 -0.60634 0.35
v 0.72377 -0.59619 0.35
v 0.73792 -0.5717 0.35
v 0.75206 -0.5472 0.35
v 0.75792 -0.53706 0.35
v 0.75206 -0.5472 0.35
v 0.72926 -0.5667 0.32
v 0.71511 -0.59119 0.32879
v 0.70926 -0.60134 0.35
v 0.71511 -0.59119 0.37121
v 0.72926 -0.5667 0.38
v 0.7434 -0.5422 0.37121
v 0.74926 -0.53206 0.35
v 0.7434 -0.5422 0.32879
v 0.621 -0.5042 0.31
v 0.60686 -0.52869 0.31879
v 0.601 -0.53884 0.34
v 0.60686 -0.52869 0.36121
v 0.621 -0.5042 0.37
v 0.63515 -0.4797 0.36121
v 0.641 -0.46956 0.34
v 0.63515 -0.4797 0.31879
v 0.52141 -0.4467 0.29
v 0.50727 -0.47119 0.29879
v 0.50141 -0.48134 0.32
v 0.50727 -0.47119 0.34121
v 0.52141 -0.4467 0.35
v 0.53555 -0.4222 0.34121
v 0.54141 -0.41206 0.32
v 0.53555 -0.4222 0.29879
v 0.41749 -0.3867 0.25
v 0.40334 -0.41119 0.25879
v 0.39749 -0.42134 0.28
v 0.40334 -0.41119 0.30121
v 0.41749 -0.3867 0.31
v 0.43163 -0.3622 0.30121
v 0.43749 -0.35206 0.28
v 0.43163 -0.3622 0.25879
v 0.33088 -0.3367 0.21
v 0.31674 -0.36119 0.21879
v 0.31088 -0.37134 0.24
v 0.31674 -0.36119 0.26121
v 0.33088 -0.3367 0.27
v 0.34503 -0.3122 0.26121
v 0.35088 -0.30206 0.24
v 0.34503 -0.3122 0.21879
v 0.24928 -0.27804 0.18
v 0.23514 -0.30253 0.18879
v 0.22928 -0.31268 0.21
v 0.23514 -0.30253 0.23121
v 0.24928 -0.27804 0.24
v 0.26342 -0.25354 0.23121
v 0.26928 -0.2434 0.21
v 0.26342 -0.25354 0.18879
v 0.17268 -0.21072 0.15
v 0.15854 -0.23521 0.15879
v 0.15268 -0.24536 0.18
v 0.15854 -0.23521 0.20121
v 0.17268 -0.21072 0.21
v 0.18682 -0.18622 0.20121
v 0.19268 -0.17608 0.18
v 0.18682 -0.18622 0.15879
v 0.09108 -0.15206 0.14
v 0.08047 -0.17043 0.14879
v 0.07608 -0.17804 0.17
v 0.08047 -0.17043 0.19121
v 0.09108 -0.15206 0.2
v 0.10168 -0.13369 0.19121
v 0.10608 -0.12608 0.17
v 0.10168 -0.13369 0.14879
v 0.10474 -0.1484 0.17
v 0.10474 -0.1484 0.17
v 0.10474 -0.1484 0.17
v 0.10474 -0.1484 0.17
v 0.10474 -0.1484 0.17
v 0.10474 -0.1484 0.17
v 0.10474 -0.1484 0.17
v 0.10474 -0.1484 0.17
v -0.4 0.1 0
v -0.04 0.1 0.06
v -0.04 0.1 -0.06
v 0 0.1 0
v -0.85 -0.1 0
v -0.4 -0.1 -0.075
v -0.4 -0.1 0.075
v -0.35 -0.1 0
v -1.45 -0.1 0
v -0.28 -0.1 -0.195
v -0.28 -0.1 0.195
v -0.15 -0.1 0
v -0.5 -0.2 0
v -0.5 -0.2 0
v -0.4 -0.1 0
v -0.04 -0.1 0.06
v -0.04 -0.1 -0.06
v 0 -0.1 0
v -0.85 0.1 0
v -0.4 0.1 -0.075
v -0.4 0.1 0.075
v -0.35 0.1 0
v -1.45 0.1 0
v -0.28 0.1 -0.195
v -0.28 0.1 0.195
v -0.15 0.1 0
v -0.5 0.2 0
v -0.5 0.2 0
v -0.4 0 0.05
v 0.5 0 0.15
v 0.5 0 -0.05
v 0.6 0 0.05
v 0.3 0.74715 -0.01537
v 0.84 0.76268 0.04259
v 0.84 0.73162 -0.07332
v 0.9 0.74715 -0.01537
v 0.725 1.03692 -0.09301
v 1.04 1.04598 -0.05921
v 1.04 1.02787 -0.12682
v 1.075 1.03692 -0.09301
v -0.45 1.08522 -0.10595
v 1.15 1.08522 -0.10595
v -0.4 0 0.05
v 0.5 0 0.15
v 0.5 0 -0.05
v 0.6 0 0.05
v 0.3 -0.74715 -0.01537
v 0.84 -0.76268 0.04259
v 0.84 -0.73162 -0.07332
v 0.9 -0.74715 -0.01537
v 0.725 -1.03692 -0.09301
v 1.04 -1.04598 -0.05921
v 1.04 -1.02787 -0.12682
v 1.075 -1.03692 -0.09301
v -0.45 -1.08522 -0.10595
v 1.15 -1.08522 -0.10595
v -0.4 0.1 0
v -0.04 0.1 0.06
v -0.04 0.1 -0.06
v 0 0.1 0
v -0.85 0.29696 0.03473
v -0.4 0.27131 0.10521
v -0.4 0.32261 -0.03575
v -0.35 0.29696 0.03473
v -1.45 0.29696 0.03473
v -0.28 0.23027 0.21797
v -0.28 0.36366 -0.14851
v -0.15 0.29696 0.03473
v -0.5 0.39093 0.06893
v -0.5 0.39093 0.06893
v -0.4 -0.1 0
v -0.04 -0.1 0.06
v -0.04 -0.1 -0.06
v 0 -0.1 0
v -0.85 -0.29696 0.03473
v -0.4 -0.27131 0.10521
v -0.4 -0.32261 -0.03575
v -0.35 -0.29696 0.03473
v -1.45 -0.29696 0.03473
v -0.28 -0.23027 0.21797
v -0.28 -0.36366 -0.14851
v -0.15 -0.29696 0.03473
v -0.5 -0.39093 0.06893
v -0.5 -0.39093 0.06893
v -0.2 0.1 0.05
v 0.28 0.1 0.14
v 0.28 0.1 -0.04
v 0.4 0.1 0.05
v 0.15 0.49837 0.28
v 0.55 0.42746 0.30442
v 0.55 0.56929 0.25558
v 0.65 0.49837 0.28
v 0.15 0.54721 0.42183
v 0.55 0.47629 0.44625
v 0.55 0.61812 0.39741
v 0.65 0.54721 0.42183
v -0.45 0.56349 0.4691
v 0.59 0.37911 0.53259
v 0.59 0.74786 0.40562
v 0.85 0.56349 0.4691
v 0.4 0.59604 0.56366
v 0.6 0.59604 0.56366
v -0.2 -0.1 0.05
v 0.28 -0.1 0.14
v 0.28 -0.1 -0.04
v 0.4 -0.1 0.05
v 0.15 -0.49837 0.28
v 0.55 -0.42746 0.30442
v 0.55 -0.56929 0.25558
v 0.65 -0.49837 0.28
v 0.15 -0.54721 0.42183
v 0.55 -0.47629 0.44625
v 0.55 -0.61812 0.39741
v 0.65 -0.54721 0.42183
v -0.45 -0.56349 0.4691
v 0.59 -0.37911 0.53259
v 0.59 -0.74786 0.40562
v 0.85 -0.56349 0.4691
v 0.4 -0.59604 0.56366
v 0.6 -0.59604 0.56366

vt 0.5125 0.525
vt 0.5125 0.725
vt 0.5625 0.725
vt 0.5625 0.525
vt 0.5125 0.525
vt 0.5625 0.725
vt 0.5625 0.525
vt 0.5625 0.725
vt 0.6125 0.725
vt 0.6125 0.525
vt 0.5625 0.525
vt 0.6125 0.725
vt 0.5125 0.525
vt 0.5125 0.725
vt 0.5625 0.725
vt 0.5625 0.525
vt 0.5125 0.525
vt 0.5625 0.725
vt 0.5625 0.525
vt 0.5625 0.725
vt 0.6125 0.725
vt 0.6125 0.525
vt 0.5625 0.525
vt 0.6125 0.725
vt 0.5125 0.525
vt 0.5125 0.725
vt 0.5625 0.525
vt 0.5125 0.725
vt 0.5625 0.725
vt 0.5625 0.525
vt 0.5625 0.525
vt 0.5625 0.725
vt 0.6125 0.525
vt 0.5625 0.725
vt 0.6125 0.725
vt 0.6125 0.525
vt 0.5125 0.525
vt 0.5125 0.725
vt 0.5625 0.525
vt 0.5125 0.725
vt 0.5625 0.725
vt 0.5625 0.525
vt 0.5625 0.525
vt 0.5625 0.725
vt 0.6125 0.525
vt 0.5625 0.725
vt 0.6125 0.725
vt 0.6125 0.525
vt 0.0625 0.525
vt 0.0625 0.725
vt 0.0875 0.725
vt 0.0875 0.525
vt 0.0625 0.525
vt 0.0875 0.725
vt 0.0875 0.525
vt 0.0875 0.725
vt 0.1125 0.725
vt 0.1125 0.525
vt 0.0875 0.525
vt 0.1125 0.725
vt 0.0125 0.525
vt 0.0125 0.725
vt 0.0375 0.725
vt 0.0375 0.525
vt 0.0125 0.525
vt 0.0375 0.725
vt 0.0375 0.525
vt 0.0375 0.725
vt 0.0625 0.725
vt 0.0625 0.525
vt 0.0375 0.525
vt 0.0625 0.725
vt 0.0625 0.525
vt 0.0625 0.725
vt 0.0875 0.525
vt 0.0625 0.725
vt 0.0875 0.725
vt 0.0875 0.525
vt 0.0875 0.525
vt 0.0875 0.725
vt 0.1125 0.525
vt 0.0875 0.725
vt 0.1125 0.725
vt 0.1125 0.525
vt 0.0125 0.525
vt 0.0125 0.725
vt 0.0375 0.525
vt 0.0125 0.725
vt 0.0375 0.725
vt 0.0375 0.525
vt 0.0375 0.525
vt 0.0375 0.725
vt 0.0625 0.525
vt 0.0375 0.725
vt 0.0625 0.725
vt 0.0625 0.525
vt 0.3875 0.775
vt 0.3875 0.975
vt 0.4375 0.975
vt 0.4375 0.775
vt 0.3875 0.775
vt 0.4375 0.975
vt 0.4375 0.775
vt 0.4375 0.975
vt 0.4875 0.975
vt 0.4875 0.775
vt 0.4375 0.775
vt 0.4875 0.975
vt 0.3875 0.775
vt 0.3875 0.975
vt 0.4375 0.975
vt 0.4375 0.775
vt 0.3875 0.775
vt 0.4375 0.975
vt 0.4375 0.775
vt 0.4375 0.975
vt 0.4875 0.975
vt 0.4875 0.775
vt 0.4375 0.775
vt 0.4875 0.975
vt 0.3875 0.775
vt 0.3875 0.975
vt 0.4375 0.775
vt 0.3875 0.975
vt 0.4375 0.975
vt 0.4375 0.775
vt 0.4375 0.775
vt 0.4375 0.975
vt 0.4875 0.775
vt 0.4375 0.975
vt 0.4875 0.975
vt 0.4875 0.775
vt 0.3875 0.775
vt 0.3875 0.975
vt 0.4375 0.775
vt 0.3875 0.975
vt 0.4375 0.975
vt 0.4375 0.775
vt 0.4375 0.775
vt 0.4375 0.975
vt 0.4875 0.775
vt 0.4375 0.975
vt 0.4875 0.975
vt 0.4875 0.775
vt 0.5125 0.775
vt 0.5125 0.975
vt 0.5625 0.975
vt 0.5625 0.775
vt 0.5125 0.775
vt 0.5625 0.975
vt 0.5625 0.775
vt 0.5625 0.975
vt 0.6125 0.975
vt 0.6125 0.775
vt 0.5625 0.775
vt 0.6125 0.975
vt 0.5125 0.775
vt 0.5125 0.975
vt 0.5625 0.975
vt 0.5625 0.775
vt 0.5125 0.775
vt 0.5625 0.975
vt 0.5625 0.775
vt 0.5625 0.975
vt 0.6125 0.975
vt 0.6125 0.775
vt 0.5625 0.775
vt 0.6125 0.975
vt 0.5125 0.775
vt 0.5125 0.975
vt 0.5625 0.775
vt 0.5125 0.975
vt 0.5625 0.975
vt 0.5625 0.775
vt 0.5625 0.775
vt 0.5625 0.975
vt 0.6125 0.775
vt 0.5625 0.975
vt 0.6125 0.975
vt 0.6125 0.775
vt 0.5125 0.775
vt 0.5125 0.975
vt 0.5625 0.775
vt 0.5125 0.975
vt 0.5625 0.975
vt 0.5625 0.775
vt 0.5625 0.775
vt 0.5625 0.975
vt 0.6125 0.775
vt 0.5625 0.975
vt 0.6125 0.975
vt 0.6125 0.775
vt 0.6375 0.525
vt 0.6375 0.725
vt 0.7375 0.725
vt 0.7375 0.525
vt 0.6375 0.525
vt 0.7375 0.725
vt 0.6375 0.525
vt 0.6375 0.725
vt 0.7375 0.725
vt 0.7375 0.525
vt 0.6375 0.525
vt 0.7375 0.725
vt 0.6375 0.525
vt 0.6375 0.725
vt 0.7375 0.725
vt 0.7375 0.525
vt 0.6375 0.525
vt 0.7375 0.725
vt 0.6375 0.525
vt 0.6375 0.725
vt 0.7375 0.725
vt 0.7375 0.525
vt 0.6375 0.525
vt 0.7375 0.725
vt 0.6375 0.525
vt 0.6375 0.725
vt 0.7375 0.525
vt 0.6375 0.725
vt 0.7375 0.725
vt 0.7375 0.525
vt 0.6375 0.525
vt 0.6375 0.725
vt 0.7375 0.525
vt 0.6375 0.725
vt 0.7375 0.725
vt 0.7375 0.525
vt 0.6375 0.525
vt 0.6375 0.725
vt 0.7375 0.525
vt 0.6375 0.725
vt 0.7375 0.725
vt 0.7375 0.525
vt 0.6375 0.525
vt 0.6375 0.725
vt 0.7375 0.525
vt 0.6375 0.725
vt 0.7375 0.725
vt 0.7375 0.525
vt 0.1375 0.275
vt 0.1375 0.475
vt 0.2375 0.475
vt 0.2375 0.275
vt 0.1375 0.275
vt 0.2375 0.475
vt 0.1375 0.275
vt 0.1375 0.475
vt 0.2375 0.475
vt 0.2375 0.275
vt 0.1375 0.275
vt 0.2375 0.475
vt 0.1375 0.275
vt 0.1375 0.475
vt 0.2375 0.475
vt 0.2375 0.275
vt 0.1375 0.275
vt 0.2375 0.475
vt 0.1375 0.275
vt 0.1375 0.475
vt 0.2375 0.475
vt 0.2375 0.275
vt 0.1375 0.275
vt 0.2375 0.475
vt 0.1375 0.275
vt 0.1375 0.475
vt 0.2375 0.275
vt 0.1375 0.475
vt 0.2375 0.475
vt 0.2375 0.275
vt 0.1375 0.275
vt 0.1375 0.475
vt 0.2375 0.275
vt 0.1375 0.475
vt 0.2375 0.475
vt 0.2375 0.275
vt 0.1375 0.275
vt 0.1375 0.475
vt 0.2375 0.275
vt 0.1375 0.475
vt 0.2375 0.475
vt 0.2375 0.275
vt 0.1375 0.275
vt 0.1375 0.475
vt 0.2375 0.275
vt 0.1375 0.475
vt 0.2375 0.475
vt 0.2375 0.275
vt 0.2625 0.275
vt 0.2625 0.475
vt 0.3625 0.475
vt 0.3625 0.275
vt 0.2625 0.275
vt 0.3625 0.475
vt 0.2625 0.275
vt 0.2625 0.475
vt 0.3625 0.475
vt 0.3625 0.275
vt 0.2625 0.275
vt 0.3625 0.475
vt 0.2625 0.275
vt 0.2625 0.475
vt 0.3625 0.475
vt 0.3625 0.275
vt 0.2625 0.275
vt 0.3625 0.475
vt 0.2625 0.275
vt 0.2625 0.475
vt 0.3625 0.475
vt 0.3625 0.275
vt 0.2625 0.275
vt 0.3625 0.475
vt 0.2625 0.275
vt 0.2625 0.475
vt 0.3625 0.275
vt 0.2625 0.475
vt 0.3625 0.475
vt 0.3625 0.275
vt 0.2625 0.275
vt 0.2625 0.475
vt 0.3625 0.275
vt 0.2625 0.475
vt 0.3625 0.475
vt 0.3625 0.275
vt 0.2625 0.275
vt 0.2625 0.475
vt 0.3625 0.275
vt 0.2625 0.475
vt 0.3625 0.475
vt 0.3625 0.275
vt 0.2625 0.275
vt 0.2625 0.475
vt 0.3625 0.275
vt 0.2625 0.475
vt 0.3625 0.475
vt 0.3625 0.275
vt 0.1875 0.525
vt 0.1875 0.725
vt 0.2125 0.725
vt 0.2125 0.525
vt 0.1875 0.525
vt 0.2125 0.725
vt 0.2125 0.525
vt 0.2125 0.725
vt 0.2375 0.725
vt 0.2375 0.525
vt 0.2125 0.525
vt 0.2375 0.725
vt 0.1375 0.525
vt 0.1375 0.725
vt 0.1625 0.725
vt 0.1625 0.525
vt 0.1375 0.525
vt 0.1625 0.725
vt 0.1625 0.525
vt 0.1625 0.725
vt 0.1875 0.725
vt 0.1875 0.525
vt 0.1625 0.525
vt 0.1875 0.725
vt 0.1875 0.525
vt 0.1875 0.725
vt 0.2125 0.525
vt 0.1875 0.725
vt 0.2125 0.725
vt 0.2125 0.525
vt 0.2125 0.525
vt 0.2125 0.725
vt 0.2375 0.525
vt 0.2125 0.725
vt 0.2375 0.725
vt 0.2375 0.525
vt 0.1375 0.525
vt 0.1375 0.725
vt 0.1625 0.525
vt 0.1375 0.725
vt 0.1625 0.725
vt 0.1625 0.525
vt 0.1625 0.525
vt 0.1625 0.725
vt 0.1875 0.525
vt 0.1625 0.725
vt 0.1875 0.725
vt 0.1875 0.525
vt 0.1375 0.525
vt 0.1375 0.725
vt 0.1875 0.725
vt 0.1875 0.525
vt 0.1375 0.525
vt 0.1875 0.725
vt 0.1875 0.525
vt 0.1875 0.725
vt 0.2375 0.725
vt 0.2375 0.525
vt 0.1875 0.525
vt 0.2375 0.725
vt 0.1375 0.525
vt 0.1375 0.725
vt 0.1875 0.725
vt 0.1875 0.525
vt 0.1375 0.525
vt 0.1875 0.725
vt 0.1875 0.525
vt 0.1875 0.725
vt 0.2375 0.725
vt 0.2375 0.525
vt 0.1875 0.525
vt 0.2375 0.725
vt 0.1375 0.525
vt 0.1375 0.725
vt 0.1875 0.525
vt 0.1375 0.725
vt 0.1875 0.725
vt 0.1875 0.525
vt 0.1875 0.525
vt 0.1875 0.725
vt 0.2375 0.525
vt 0.1875 0.725
vt 0.2375 0.725
vt 0.2375 0.525
vt 0.1375 0.525
vt 0.1375 0.725
vt 0.1875 0.525
vt 0.1375 0.725
vt 0.1875 0.725
vt 0.1875 0.525
vt 0.1875 0.525
vt 0.1875 0.725
vt 0.2375 0.525
vt 0.1875 0.725
vt 0.2375 0.725
vt 0.2375 0.525
vt 0.1375 0.525
vt 0.1375 0.725
vt 0.1875 0.725
vt 0.1875 0.525
vt 0.1375 0.525
vt 0.1875 0.725
vt 0.1875 0.525
vt 0.1875 0.725
vt 0.2375 0.725
vt 0.2375 0.525
vt 0.1875 0.525
vt 0.2375 0.725
vt 0.1375 0.525
vt 0.1375 0.725
vt 0.1875 0.725
vt 0.1875 0.525
vt 0.1375 0.525
vt 0.1875 0.725
vt 0.1875 0.525
vt 0.1875 0.725
vt 0.2375 0.725
vt 0.2375 0.525
vt 0.1875 0.525
vt 0.2375 0.725
vt 0.1375 0.525
vt 0.1375 0.725
vt 0.1875 0.525
vt 0.1375 0.725
vt 0.1875 0.725
vt 0.1875 0.525
vt 0.1875 0.525
vt 0.1875 0.725
vt 0.2375 0.525
vt 0.1875 0.725
vt 0.2375 0.725
vt 0.2375 0.525
vt 0.1375 0.525
vt 0.1375 0.725
vt 0.1875 0.525
vt 0.1375 0.725
vt 0.1875 0.725
vt 0.1875 0.525
vt 0.1875 0.525
vt 0.1875 0.725
vt 0.2375 0.525
vt 0.1875 0.725
vt 0.2375 0.725
vt 0.2375 0.525
vt 0.5125 0.525
vt 0.5125 0.725
vt 0.5625 0.725
vt 0.5625 0.525
vt 0.5125 0.525
vt 0.5625 0.725
vt 0.5625 0.525
vt 0.5625 0.725
vt 0.6125 0.725
vt 0.6125 0.525
vt 0.5625 0.525
vt 0.6125 0.725
vt 0.5125 0.525
vt 0.5125 0.725
vt 0.5625 0.725
vt 0.5625 0.525
vt 0.5125 0.525
vt 0.5625 0.725
vt 0.5625 0.525
vt 0.5625 0.725
vt 0.6125 0.725
vt 0.6125 0.525
vt 0.5625 0.525
vt 0.6125 0.725
vt 0.5125 0.525
vt 0.5125 0.725
vt 0.5625 0.525
vt 0.5125 0.725
vt 0.5625 0.725
vt 0.5625 0.525
vt 0.5625 0.525
vt 0.5625 0.725
vt 0.6125 0.525
vt 0.5625 0.725
vt 0.6125 0.725
vt 0.6125 0.525
vt 0.5125 0.525
vt 0.5125 0.725
vt 0.5625 0.525
vt 0.5125 0.725
vt 0.5625 0.725
vt 0.5625 0.525
vt 0.5625 0.525
vt 0.5625 0.725
vt 0.6125 0.525
vt 0.5625 0.725
vt 0.6125 0.725
vt 0.6125 0.525
vt 0.87625 0.025
vt 0.87625 0.225
vt 0.87625 0.225
vt 0.87625 0.025
vt 0.87625 0.025
vt 0.87625 0.225
vt 0.87625 0.025
vt 0.87625 0.225
vt 0.87625 0.225
vt 0.87625 0.025
vt 0.87625 0.025
vt 0.87625 0.225
vt 0.87625 0.025
vt 0.87625 0.225
vt 0.87625 0.225
vt 0.87625 0.025
vt 0.87625 0.025
vt 0.87625 0.225
vt 0.87625 0.025
vt 0.87625 0.225
vt 0.87625 0.225
vt 0.87625 0.025
vt 0.87625 0.025
vt 0.87625 0.225
vt 0.87625 0.025
vt 0.87625 0.225
vt 0.87625 0.025
vt 0.87625 0.225
vt 0.87625 0.225
vt 0.87625 0.025
vt 0.87625 0.025
vt 0.87625 0.225
vt 0.87625 0.025
vt 0.87625 0.225
vt 0.87625 0.225
vt 0.87625 0.025
vt 0.87625 0.025
vt 0.87625 0.225
vt 0.87625 0.025
vt 0.87625 0.225
vt 0.87625 0.225
vt 0.87625 0.025
vt 0.87625 0.025
vt 0.87625 0.225
vt 0.87625 0.025
vt 0.87625 0.225
vt 0.87625 0.225
vt 0.87625 0.025
vt 0.4375 0.775
vt 0.4375 0.975
vt 0.4625 0.975
vt 0.4625 0.775
vt 0.4375 0.775
vt 0.4625 0.975
vt 0.4625 0.775
vt 0.4625 0.975
vt 0.4875 0.975
vt 0.4875 0.775
vt 0.4625 0.775
vt 0.4875 0.975
vt 0.3875 0.775
vt 0.3875 0.975
vt 0.4125 0.975
vt 0.4125 0.775
vt 0.3875 0.775
vt 0.4125 0.975
vt 0.4125 0.775
vt 0.4125 0.975
vt 0.4375 0.975
vt 0.4375 0.775
vt 0.4125 0.775
vt 0.4375 0.975
vt 0.4375 0.775
vt 0.4375 0.975
vt 0.4625 0.775
vt 0.4375 0.975
vt 0.4625 0.975
vt 0.4625 0.775
vt 0.4625 0.775
vt 0.4625 0.975
vt 0.4875 0.775
vt 0.4625 0.975
vt 0.4875 0.975
vt 0.4875 0.775
vt 0.3875 0.775
vt 0.3875 0.975
vt 0.4125 0.775
vt 0.3875 0.975
vt 0.4125 0.975
vt 0.4125 0.775
vt 0.4125 0.775
vt 0.4125 0.975
vt 0.4375 0.775
vt 0.4125 0.975
vt 0.4375 0.975
vt 0.4375 0.775
vt 0.5125 0.775
vt 0.5125 0.975
vt 0.6125 0.975
vt 0.6125 0.775
vt 0.5125 0.775
vt 0.6125 0.975
vt 0.5125 0.775
vt 0.5125 0.975
vt 0.6125 0.975
vt 0.6125 0.775
vt 0.5125 0.775
vt 0.6125 0.975
vt 0.5125 0.775
vt 0.5125 0.975
vt 0.6125 0.975
vt 0.6125 0.775
vt 0.5125 0.775
vt 0.6125 0.975
vt 0.5125 0.775
vt 0.5125 0.975
vt 0.6125 0.975
vt 0.6125 0.775
vt 0.5125 0.775
vt 0.6125 0.975
vt 0.5125 0.775
vt 0.5125 0.975
vt 0.6125 0.775
vt 0.5125 0.975
vt 0.6125 0.975
vt 0.6125 0.775
vt 0.5125 0.775
vt 0.5125 0.975
vt 0.6125 0.775
vt 0.5125 0.975
vt 0.6125 0.975
vt 0.6125 0.775
vt 0.5125 0.775
vt 0.5125 0.975
vt 0.6125 0.775
vt 0.5125 0.975
vt 0.6125 0.975
vt 0.6125 0.775
vt 0.5125 0.775
vt 0.5125 0.975
vt 0.6125 0.775
vt 0.5125 0.975
vt 0.6125 0.975
vt 0.6125 0.775
vt 0.5625 0.525
vt 0.5625 0.725
vt 0.5875 0.725
vt 0.5875 0.525
vt 0.5625 0.525
vt 0.5875 0.725
vt 0.5875 0.525
vt 0.5875 0.725
vt 0.6125 0.725
vt 0.6125 0.525
vt 0.5875 0.525
vt 0.6125 0.725
vt 0.5125 0.525
vt 0.5125 0.725
vt 0.5375 0.725
vt 0.5375 0.525
vt 0.5125 0.525
vt 0.5375 0.725
vt 0.5375 0.525
vt 0.5375 0.725
vt 0.5625 0.525
vt 0.5375 0.725
vt 0.5625 0.725
vt 0.5625 0.525
vt 0.5625 0.525
vt 0.5625 0.725
vt 0.6625 0.525
vt 0.5625 0.725
vt 0.6625 0.725
vt 0.6625 0.525
vt 0.87625 0.025
vt 0.87625 0.225
vt 0.87625 0.225
vt 0.87625 0.025
vt 0.87625 0.025
vt 0.87625 0.225
vt 0.87625 0.025
vt 0.87625 0.225
vt 0.87625 0.225
vt 0.87625 0.025
vt 0.87625 0.025
vt 0.87625 0.225
vt 0.87625 0.025
vt 0.87625 0.225
vt 0.87625 0.225
vt 0.87625 0.025
vt 0.87625 0.025
vt 0.87625 0.225
vt 0.87625 0.025
vt 0.87625 0.225
vt 0.87625 0.025
vt 0.87625 0.225
vt 0.87625 0.225
vt 0.87625 0.025
vt 0.87625 0.025
vt 0.87625 0.225
vt 0.87625 0.025
vt 0.87625 0.225
vt 0.87625 0.225
vt 0.87625 0.025
vt 0.3125 0.275
vt 0.3125 0.475
vt 0.3375 0.475
vt 0.3375 0.275
vt 0.3125 0.275
vt 0.3375 0.475
vt 0.3375 0.275
vt 0.3375 0.475
vt 0.3625 0.475
vt 0.3625 0.275
vt 0.3375 0.275
vt 0.3625 0.475
vt 0.2625 0.275
vt 0.2625 0.475
vt 0.2875 0.475
vt 0.2875 0.275
vt 0.2625 0.275
vt 0.2875 0.475
vt 0.2875 0.275
vt 0.2875 0.475
vt 0.3125 0.275
vt 0.2875 0.475
vt 0.3125 0.475
vt 0.3125 0.275
vt 0.3125 0.275
vt 0.3125 0.475
vt 0.4125 0.275
vt 0.3125 0.475
vt 0.4125 0.475
vt 0.4125 0.275
vt 0.5625 0.775
vt 0.5625 0.975
vt 0.5875 0.975
vt 0.5875 0.775
vt 0.5625 0.775
vt 0.5875 0.975
vt 0.5875 0.775
vt 0.5875 0.975
vt 0.6125 0.975
vt 0.6125 0.775
vt 0.5875 0.775
vt 0.6125 0.975
vt 0.5125 0.775
vt 0.5125 0.975
vt 0.5375 0.975
vt 0.5375 0.775
vt 0.5125 0.775
vt 0.5375 0.975
vt 0.5375 0.775
vt 0.5375 0.975
vt 0.5625 0.775
vt 0.5375 0.975
vt 0.5625 0.975
vt 0.5625 0.775
vt 0.5625 0.775
vt 0.5625 0.975
vt 0.6625 0.775
vt 0.5625 0.975
vt 0.6625 0.975
vt 0.6625 0.775
vt 0.5625 0.525
vt 0.5625 0.725
vt 0.5875 0.725
vt 0.5875 0.525
vt 0.5625 0.525
vt 0.5875 0.725
vt 0.5875 0.525
vt 0.5875 0.725
vt 0.6125 0.725
vt 0.6125 0.525
vt 0.5875 0.525
vt 0.6125 0.725
vt 0.5125 0.525
vt 0.5125 0.725
vt 0.5375 0.725
vt 0.5375 0.525
vt 0.5125 0.525
vt 0.5375 0.725
vt 0.5375 0.525
vt 0.5375 0.725
vt 0.5625 0.525
vt 0.5375 0.725
vt 0.5625 0.725
vt 0.5625 0.525
vt 0.5625 0.525
vt 0.5625 0.725
vt 0.6625 0.525
vt 0.5625 0.725
vt 0.6625 0.725
vt 0.6625 0.525
vt 0.87625 0.025
vt 0.87625 0.225
vt 0.87625 0.225
vt 0.87625 0.025
vt 0.87625 0.025
vt 0.87625 0.225
vt 0.87625 0.025
vt 0.87625 0.225
vt 0.87625 0.225
vt 0.87625 0.025
vt 0.87625 0.025
vt 0.87625 0.225
vt 0.87625 0.025
vt 0.87625 0.225
vt 0.87625 0.225
vt 0.87625 0.025
vt 0.87625 0.025
vt 0.87625 0.225
vt 0.87625 0.025
vt 0.87625 0.225
vt 0.87625 0.025
vt 0.87625 0.225
vt 0.87625 0.225
vt 0.87625 0.025
vt 0.87625 0.025
vt 0.87625 0.225
vt 0.87625 0.025
vt 0.87625 0.225
vt 0.87625 0.225
vt 0.87625 0.025
vt 0.3125 0.275
vt 0.3125 0.475
vt 0.3375 0.475
vt 0.3375 0.275
vt 0.3125 0.275
vt 0.3375 0.475
vt 0.3375 0.275
vt 0.3375 0.475
vt 0.3625 0.475
vt 0.3625 0.275
vt 0.3375 0.275
vt 0.3625 0.475
vt 0.2625 0.275
vt 0.2625 0.475
vt 0.2875 0.475
vt 0.2875 0.275
vt 0.2625 0.275
vt 0.2875 0.475
vt 0.2875 0.275
vt 0.2875 0.475
vt 0.3125 0.275
vt 0.2875 0.475
vt 0.3125 0.475
vt 0.3125 0.275
vt 0.3125 0.275
vt 0.3125 0.475
vt 0.4125 0.275
vt 0.3125 0.475
vt 0.4125 0.475
vt 0.4125 0.275
vt 0.5625 0.775
vt 0.5625 0.975
vt 0.5875 0.975
vt 0.5875 0.775
vt 0.5625 0.775
vt 0.5875 0.975
vt 0.5875 0.775
vt 0.5875 0.975
vt 0.6125 0.975
vt 0.6125 0.775
vt 0.5875 0.775
vt 0.6125 0.975
vt 0.5125 0.775
vt 0.5125 0.975
vt 0.5375 0.975
vt 0.5375 0.775
vt 0.5125 0.775
vt 0.5375 0.975
vt 0.5375 0.775
vt 0.5375 0.975
vt 0.5625 0.775
vt 0.5375 0.975
vt 0.5625 0.975
vt 0.5625 0.775
vt 0.5625 0.775
vt 0.5625 0.975
vt 0.6625 0.775
vt 0.5625 0.975
vt 0.6625 0.975
vt 0.6625 0.775
vt 0.3125 0.275
vt 0.3125 0.475
vt 0.32917 0.475
vt 0.32917 0.275
vt 0.3125 0.275
vt 0.32917 0.475
vt 0.32917 0.275
vt 0.32917 0.475
vt 0.34583 0.475
vt 0.34583 0.275
vt 0.32917 0.275
vt 0.34583 0.475
vt 0.34583 0.275
vt 0.34583 0.475
vt 0.3625 0.475
vt 0.3625 0.275
vt 0.34583 0.275
vt 0.3625 0.475
vt 0.2625 0.275
vt 0.2625 0.475
vt 0.27917 0.475
vt 0.27917 0.275
vt 0.2625 0.275
vt 0.27917 0.475
vt 0.27917 0.275
vt 0.27917 0.475
vt 0.29583 0.475
vt 0.29583 0.275
vt 0.27917 0.275
vt 0.29583 0.475
vt 0.29583 0.275
vt 0.29583 0.475
vt 0.3125 0.475
vt 0.3125 0.275
vt 0.29583 0.275
vt 0.3125 0.475
vt 0.3125 0.275
vt 0.3125 0.475
vt 0.32917 0.275
vt 0.3125 0.475
vt 0.32917 0.475
vt 0.32917 0.275
vt 0.32917 0.275
vt 0.32917 0.475
vt 0.34583 0.275
vt 0.32917 0.475
vt 0.34583 0.475
vt 0.34583 0.275
vt 0.34583 0.275
vt 0.34583 0.475
vt 0.3625 0.275
vt 0.34583 0.475
vt 0.3625 0.475
vt 0.3625 0.275
vt 0.2625 0.275
vt 0.2625 0.475
vt 0.27917 0.275
vt 0.2625 0.475
vt 0.27917 0.475
vt 0.27917 0.275
vt 0.27917 0.275
vt 0.27917 0.475
vt 0.29583 0.275
vt 0.27917 0.475
vt 0.29583 0.475
vt 0.29583 0.275
vt 0.29583 0.275
vt 0.29583 0.475
vt 0.3125 0.275
vt 0.29583 0.475
vt 0.3125 0.475
vt 0.3125 0.275
vt 0.1375 0.275
vt 0.1375 0.475
vt 0.17083 0.475
vt 0.17083 0.275
vt 0.1375 0.275
vt 0.17083 0.475
vt 0.17083 0.275
vt 0.17083 0.475
vt 0.20417 0.475
vt 0.20417 0.275
vt 0.17083 0.275
vt 0.20417 0.475
vt 0.20417 0.275
vt 0.20417 0.475
vt 0.2375 0.475
vt 0.2375 0.275
vt 0.20417 0.275
vt 0.2375 0.475
vt 0.1375 0.275
vt 0.1375 0.475
vt 0.17083 0.475
vt 0.17083 0.275
vt 0.1375 0.275
vt 0.17083 0.475
vt 0.17083 0.275
vt 0.17083 0.475
vt 0.20417 0.475
vt 0.20417 0.275
vt 0.17083 0.275
vt 0.20417 0.475
vt 0.20417 0.275
vt 0.20417 0.475
vt 0.2375 0.475
vt 0.2375 0.275
vt 0.20417 0.275
vt 0.2375 0.475
vt 0.1375 0.275
vt 0.1375 0.475
vt 0.17083 0.275
vt 0.1375 0.475
vt 0.17083 0.475
vt 0.17083 0.275
vt 0.17083 0.275
vt 0.17083 0.475
vt 0.20417 0.275
vt 0.17083 0.475
vt 0.20417 0.475
vt 0.20417 0.275
vt 0.20417 0.275
vt 0.20417 0.475
vt 0.2375 0.275
vt 0.20417 0.475
vt 0.2375 0.475
vt 0.2375 0.275
vt 0.1375 0.275
vt 0.1375 0.475
vt 0.17083 0.275
vt 0.1375 0.475
vt 0.17083 0.475
vt 0.17083 0.275
vt 0.17083 0.275
vt 0.17083 0.475
vt 0.20417 0.275
vt 0.17083 0.475
vt 0.20417 0.475
vt 0.20417 0.275
vt 0.20417 0.275
vt 0.20417 0.475
vt 0.2375 0.275
vt 0.20417 0.475
vt 0.2375 0.475
vt 0.2375 0.275
vt 0.5625 0.775
vt 0.5625 0.975
vt 0.57917 0.975
vt 0.57917 0.775
vt 0.5625 0.775
vt 0.57917 0.975
vt 0.57917 0.775
vt 0.57917 0.975
vt 0.59583 0.975
vt 0.59583 0.775
vt 0.57917 0.775
vt 0.59583 0.975
vt 0.59583 0.775
vt 0.59583 0.975
vt 0.6125 0.975
vt 0.6125 0.775
vt 0.59583 0.775
vt 0.6125 0.975
vt 0.5125 0.775
vt 0.5125 0.975
vt 0.52917 0.975
vt 0.52917 0.775
vt 0.5125 0.775
vt 0.52917 0.975
vt 0.52917 0.775
vt 0.52917 0.975
vt 0.54583 0.975
vt 0.54583 0.775
vt 0.52917 0.775
vt 0.54583 0.975
vt 0.54583 0.775
vt 0.54583 0.975
vt 0.5625 0.975
vt 0.5625 0.775
vt 0.54583 0.775
vt 0.5625 0.975
vt 0.5625 0.775
vt 0.5625 0.975
vt 0.57917 0.775
vt 0.5625 0.975
vt 0.57917 0.975
vt 0.57917 0.775
vt 0.57917 0.775
vt 0.57917 0.975
vt 0.59583 0.775
vt 0.57917 0.975
vt 0.59583 0.975
vt 0.59583 0.775
vt 0.59583 0.775
vt 0.59583 0.975
vt 0.6125 0.775
vt 0.59583 0.975
vt 0.6125 0.975
vt 0.6125 0.775
vt 0.5125 0.775
vt 0.5125 0.975
vt 0.52917 0.775
vt 0.5125 0.975
vt 0.52917 0.975
vt 0.52917 0.775
vt 0.52917 0.775
vt 0.52917 0.975
vt 0.54583 0.775
vt 0.52917 0.975
vt 0.54583 0.975
vt 0.54583 0.775
vt 0.54583 0.775
vt 0.54583 0.975
vt 0.5625 0.775
vt 0.54583 0.975
vt 0.5625 0.975
vt 0.5625 0.775
vt 0.3125 0.275
vt 0.3125 0.475
vt 0.32917 0.475
vt 0.32917 0.275
vt 0.3125 0.275
vt 0.32917 0.475
vt 0.32917 0.275
vt 0.32917 0.475
vt 0.34583 0.475
vt 0.34583 0.275
vt 0.32917 0.275
vt 0.34583 0.475
vt 0.34583 0.275
vt 0.34583 0.475
vt 0.3625 0.475
vt 0.3625 0.275
vt 0.34583 0.275
vt 0.3625 0.475
vt 0.2625 0.275
vt 0.2625 0.475
vt 0.27917 0.475
vt 0.27917 0.275
vt 0.2625 0.275
vt 0.27917 0.475
vt 0.27917 0.275
vt 0.27917 0.475
vt 0.29583 0.475
vt 0.29583 0.275
vt 0.27917 0.275
vt 0.29583 0.475
vt 0.29583 0.275
vt 0.29583 0.475
vt 0.3125 0.475
vt 0.3125 0.275
vt 0.29583 0.275
vt 0.3125 0.475
vt 0.3125 0.275
vt 0.3125 0.475
vt 0.32917 0.275
vt 0.3125 0.475
vt 0.32917 0.475
vt 0.32917 0.275
vt 0.32917 0.275
vt 0.32917 0.475
vt 0.34583 0.275
vt 0.32917 0.475
vt 0.34583 0.475
vt 0.34583 0.275
vt 0.34583 0.275
vt 0.34583 0.475
vt 0.3625 0.275
vt 0.34583 0.475
vt 0.3625 0.475
vt 0.3625 0.275
vt 0.2625 0.275
vt 0.2625 0.475
vt 0.27917 0.275
vt 0.2625 0.475
vt 0.27917 0.475
vt 0.27917 0.275
vt 0.27917 0.275
vt 0.27917 0.475
vt 0.29583 0.275
vt 0.27917 0.475
vt 0.29583 0.475
vt 0.29583 0.275
vt 0.29583 0.275
vt 0.29583 0.475
vt 0.3125 0.275
vt 0.29583 0.475
vt 0.3125 0.475
vt 0.3125 0.275
vt 0.5125 0.775
vt 0.5125 0.975
vt 0.54583 0.975
vt 0.54583 0.775
vt 0.5125 0.775
vt 0.54583 0.975
vt 0.54583 0.775
vt 0.54583 0.975
vt 0.57917 0.975
vt 0.57917 0.775
vt 0.54583 0.775
vt 0.57917 0.975
vt 0.57917 0.775
vt 0.57917 0.975
vt 0.6125 0.975
vt 0.6125 0.775
vt 0.57917 0.775
vt 0.6125 0.975
vt 0.5125 0.775
vt 0.5125 0.975
vt 0.54583 0.975
vt 0.54583 0.775
vt 0.5125 0.775
vt 0.54583 0.975
vt 0.54583 0.775
vt 0.54583 0.975
vt 0.57917 0.975
vt 0.57917 0.775
vt 0.54583 0.775
vt 0.57917 0.975
vt 0.57917 0.775
vt 0.57917 0.975
vt 0.6125 0.975
vt 0.6125 0.775
vt 0.57917 0.775
vt 0.6125 0.975
vt 0.5125 0.775
vt 0.5125 0.975
vt 0.54583 0.775
vt 0.5125 0.975
vt 0.54583 0.975
vt 0.54583 0.775
vt 0.54583 0.775
vt 0.54583 0.975
vt 0.57917 0.775
vt 0.54583 0.975
vt 0.57917 0.975
vt 0.57917 0.775
vt 0.57917 0.775
vt 0.57917 0.975
vt 0.6125 0.775
vt 0.57917 0.975
vt 0.6125 0.975
vt 0.6125 0.775
vt 0.5125 0.775
vt 0.5125 0.975
vt 0.54583 0.775
vt 0.5125 0.975
vt 0.54583 0.975
vt 0.54583 0.775
vt 0.54583 0.775
vt 0.54583 0.975
vt 0.57917 0.775
vt 0.54583 0.975
vt 0.57917 0.975
vt 0.57917 0.775
vt 0.57917 0.775
vt 0.57917 0.975
vt 0.6125 0.775
vt 0.57917 0.975
vt 0.6125 0.975
vt 0.6125 0.775
vt 0.87625 0.025
vt 0.87625 0.225
vt 0.87625 0.225
vt 0.87625 0.025
vt 0.87625 0.025
vt 0.87625 0.225
vt 0.87625 0.025
vt 0.87625 0.225
vt 0.87625 0.225
vt 0.87625 0.025
vt 0.87625 0.025
vt 0.87625 0.225
vt 0.87625 0.025
vt 0.87625 0.225
vt 0.87625 0.225
vt 0.87625 0.025
vt 0.87625 0.025
vt 0.87625 0.225
vt 0.87625 0.025
vt 0.87625 0.225
vt 0.87625 0.225
vt 0.87625 0.025
vt 0.87625 0.025
vt 0.87625 0.225
vt 0.87625 0.025
vt 0.87625 0.225
vt 0.87625 0.225
vt 0.87625 0.025
vt 0.87625 0.025
vt 0.87625 0.225
vt 0.87625 0.025
vt 0.87625 0.225
vt 0.87625 0.225
vt 0.87625 0.025
vt 0.87625 0.025
vt 0.87625 0.225
vt 0.87625 0.025
vt 0.87625 0.225
vt 0.87625 0.025
vt 0.87625 0.225
vt 0.87625 0.225
vt 0.87625 0.025
vt 0.87625 0.025
vt 0.87625 0.225
vt 0.87625 0.025
vt 0.87625 0.225
vt 0.87625 0.225
vt 0.87625 0.025
vt 0.87625 0.025
vt 0.87625 0.225
vt 0.87625 0.025
vt 0.87625 0.225
vt 0.87625 0.225
vt 0.87625 0.025
vt 0.87625 0.025
vt 0.87625 0.225
vt 0.87625 0.025
vt 0.87625 0.225
vt 0.87625 0.225
vt 0.87625 0.025
vt 0.87625 0.025
vt 0.87625 0.225
vt 0.87625 0.025
vt 0.87625 0.225
vt 0.87625 0.225
vt 0.87625 0.025
vt 0.87625 0.025
vt 0.87625 0.225
vt 0.87625 0.025
vt 0.87625 0.225
vt 0.87625 0.225
vt 0.87625 0.025
vt 0.5125 0.775
vt 0.5125 0.975
vt 0.54583 0.975
vt 0.54583 0.775
vt 0.5125 0.775
vt 0.54583 0.975
vt 0.54583 0.775
vt 0.54583 0.975
vt 0.57917 0.975
vt 0.57917 0.775
vt 0.54583 0.775
vt 0.57917 0.975
vt 0.57917 0.775
vt 0.57917 0.975
vt 0.6125 0.975
vt 0.6125 0.775
vt 0.57917 0.775
vt 0.6125 0.975
vt 0.5125 0.775
vt 0.5125 0.975
vt 0.54583 0.975
vt 0.54583 0.775
vt 0.5125 0.775
vt 0.54583 0.975
vt 0.54583 0.775
vt 0.54583 0.975
vt 0.57917 0.975
vt 0.57917 0.775
vt 0.54583 0.775
vt 0.57917 0.975
vt 0.57917 0.775
vt 0.57917 0.975
vt 0.6125 0.975
vt 0.6125 0.775
vt 0.57917 0.775
vt 0.6125 0.975
vt 0.5125 0.775
vt 0.5125 0.975
vt 0.54583 0.775
vt 0.5125 0.975
vt 0.54583 0.975
vt 0.54583 0.775
vt 0.54583 0.775
vt 0.54583 0.975
vt 0.57917 0.775
vt 0.54583 0.975
vt 0.57917 0.975
vt 0.57917 0.775
vt 0.57917 0.775
vt 0.57917 0.975
vt 0.6125 0.775
vt 0.57917 0.975
vt 0.6125 0.975
vt 0.6125 0.775
vt 0.5125 0.775
vt 0.5125 0.975
vt 0.54583 0.775
vt 0.5125 0.975
vt 0.54583 0.975
vt 0.54583 0.775
vt 0.54583 0.775
vt 0.54583 0.975
vt 0.57917 0.775
vt 0.54583 0.975
vt 0.57917 0.975
vt 0.57917 0.775
vt 0.57917 0.775
vt 0.57917 0.975
vt 0.6125 0.775
vt 0.57917 0.975
vt 0.6125 0.975
vt 0.6125 0.775
vt 0.3125 0.275
vt 0.3125 0.475
vt 0.32917 0.475
vt 0.32917 0.275
vt 0.3125 0.275
vt 0.32917 0.475
vt 0.32917 0.275
vt 0.32917 0.475
vt 0.34583 0.475
vt 0.34583 0.275
vt 0.32917 0.275
vt 0.34583 0.475
vt 0.34583 0.275
vt 0.34583 0.475
vt 0.3625 0.475
vt 0.3625 0.275
vt 0.34583 0.275
vt 0.3625 0.475
vt 0.2625 0.275
vt 0.2625 0.475
vt 0.27917 0.475
vt 0.27917 0.275
vt 0.2625 0.275
vt 0.27917 0.475
vt 0.27917 0.275
vt 0.27917 0.475
vt 0.29583 0.475
vt 0.29583 0.275
vt 0.27917 0.275
vt 0.29583 0.475
vt 0.29583 0.275
vt 0.29583 0.475
vt 0.3125 0.475
vt 0.3125 0.275
vt 0.29583 0.275
vt 0.3125 0.475
vt 0.3125 0.275
vt 0.3125 0.475
vt 0.32917 0.275
vt 0.3125 0.475
vt 0.32917 0.475
vt 0.32917 0.275
vt 0.32917 0.275
vt 0.32917 0.475
vt 0.34583 0.275
vt 0.32917 0.475
vt 0.34583 0.475
vt 0.34583 0.275
vt 0.34583 0.275
vt 0.34583 0.475
vt 0.3625 0.275
vt 0.34583 0.475
vt 0.3625 0.475
vt 0.3625 0.275
vt 0.2625 0.275
vt 0.2625 0.475
vt 0.27917 0.275
vt 0.2625 0.475
vt 0.27917 0.475
vt 0.27917 0.275
vt 0.27917 0.275
vt 0.27917 0.475
vt 0.29583 0.275
vt 0.27917 0.475
vt 0.29583 0.475
vt 0.29583 0.275
vt 0.29583 0.275
vt 0.29583 0.475
vt 0.3125 0.275
vt 0.29583 0.475
vt 0.3125 0.475
vt 0.3125 0.275
vt 0.1375 0.275
vt 0.1375 0.475
vt 0.17083 0.475
vt 0.17083 0.275
vt 0.1375 0.275
vt 0.17083 0.475
vt 0.17083 0.275
vt 0.17083 0.475
vt 0.20417 0.475
vt 0.20417 0.275
vt 0.17083 0.275
vt 0.20417 0.475
vt 0.20417 0.275
vt 0.20417 0.475
vt 0.2375 0.475
vt 0.2375 0.275
vt 0.20417 0.275
vt 0.2375 0.475
vt 0.1375 0.275
vt 0.1375 0.475
vt 0.17083 0.475
vt 0.17083 0.275
vt 0.1375 0.275
vt 0.17083 0.475
vt 0.17083 0.275
vt 0.17083 0.475
vt 0.20417 0.475
vt 0.20417 0.275
vt 0.17083 0.275
vt 0.20417 0.475
vt 0.20417 0.275
vt 0.20417 0.475
vt 0.2375 0.475
vt 0.2375 0.275
vt 0.20417 0.275
vt 0.2375 0.475
vt 0.1375 0.275
vt 0.1375 0.475
vt 0.17083 0.275
vt 0.1375 0.475
vt 0.17083 0.475
vt 0.17083 0.275
vt 0.17083 0.275
vt 0.17083 0.475
vt 0.20417 0.275
vt 0.17083 0.475
vt 0.20417 0.475
vt 0.20417 0.275
vt 0.20417 0.275
vt 0.20417 0.475
vt 0.2375 0.275
vt 0.20417 0.475
vt 0.2375 0.475
vt 0.2375 0.275
vt 0.1375 0.275
vt 0.1375 0.475
vt 0.17083 0.275
vt 0.1375 0.475
vt 0.17083 0.475
vt 0.17083 0.275
vt 0.17083 0.275
vt 0.17083 0.475
vt 0.20417 0.275
vt 0.17083 0.475
vt 0.20417 0.475
vt 0.20417 0.275
vt 0.20417 0.275
vt 0.20417 0.475
vt 0.2375 0.275
vt 0.20417 0.475
vt 0.2375 0.475
vt 0.2375 0.275
vt 0.5625 0.775
vt 0.5625 0.975
vt 0.57917 0.975
vt 0.57917 0.775
vt 0.5625 0.775
vt 0.57917 0.975
vt 0.57917 0.775
vt 0.57917 0.975
vt 0.59583 0.975
vt 0.59583 0.775
vt 0.57917 0.775
vt 0.59583 0.975
vt 0.59583 0.775
vt 0.59583 0.975
vt 0.6125 0.975
vt 0.6125 0.775
vt 0.59583 0.775
vt 0.6125 0.975
vt 0.5125 0.775
vt 0.5125 0.975
vt 0.52917 0.975
vt 0.52917 0.775
vt 0.5125 0.775
vt 0.52917 0.975
vt 0.52917 0.775
vt 0.52917 0.975
vt 0.54583 0.975
vt 0.54583 0.775
vt 0.52917 0.775
vt 0.54583 0.975
vt 0.54583 0.775
vt 0.54583 0.975
vt 0.5625 0.975
vt 0.5625 0.775
vt 0.54583 0.775
vt 0.5625 0.975
vt 0.5625 0.775
vt 0.5625 0.975
vt 0.57917 0.775
vt 0.5625 0.975
vt 0.57917 0.975
vt 0.57917 0.775
vt 0.57917 0.775
vt 0.57917 0.975
vt 0.59583 0.775
vt 0.57917 0.975
vt 0.59583 0.975
vt 0.59583 0.775
vt 0.59583 0.775
vt 0.59583 0.975
vt 0.6125 0.775
vt 0.59583 0.975
vt 0.6125 0.975
vt 0.6125 0.775
vt 0.5125 0.775
vt 0.5125 0.975
vt 0.52917 0.775
vt 0.5125 0.975
vt 0.52917 0.975
vt 0.52917 0.775
vt 0.52917 0.775
vt 0.52917 0.975
vt 0.54583 0.775
vt 0.52917 0.975
vt 0.54583 0.975
vt 0.54583 0.775
vt 0.54583 0.775
vt 0.54583 0.975
vt 0.5625 0.775
vt 0.54583 0.975
vt 0.5625 0.975
vt 0.5625 0.775
vt 0.3125 0.275
vt 0.3125 0.475
vt 0.32917 0.475
vt 0.32917 0.275
vt 0.3125 0.275
vt 0.32917 0.475
vt 0.32917 0.275
vt 0.32917 0.475
vt 0.34583 0.475
vt 0.34583 0.275
vt 0.32917 0.275
vt 0.34583 0.475
vt 0.34583 0.275
vt 0.34583 0.475
vt 0.3625 0.475
vt 0.3625 0.275
vt 0.34583 0.275
vt 0.3625 0.475
vt 0.2625 0.275
vt 0.2625 0.475
vt 0.27917 0.475
vt 0.27917 0.275
vt 0.2625 0.275
vt 0.27917 0.475
vt 0.27917 0.275
vt 0.27917 0.475
vt 0.29583 0.475
vt 0.29583 0.275
vt 0.27917 0.275
vt 0.29583 0.475
vt 0.29583 0.275
vt 0.29583 0.475
vt 0.3125 0.475
vt 0.3125 0.275
vt 0.29583 0.275
vt 0.3125 0.475
vt 0.3125 0.275
vt 0.3125 0.475
vt 0.32917 0.275
vt 0.3125 0.475
vt 0.32917 0.475
vt 0.32917 0.275
vt 0.32917 0.275
vt 0.32917 0.475
vt 0.34583 0.275
vt 0.32917 0.475
vt 0.34583 0.475
vt 0.34583 0.275
vt 0.34583 0.275
vt 0.34583 0.475
vt 0.3625 0.275
vt 0.34583 0.475
vt 0.3625 0.475
vt 0.3625 0.275
vt 0.2625 0.275
vt 0.2625 0.475
vt 0.27917 0.275
vt 0.2625 0.475
vt 0.27917 0.475
vt 0.27917 0.275
vt 0.27917 0.275
vt 0.27917 0.475
vt 0.29583 0.275
vt 0.27917 0.475
vt 0.29583 0.475
vt 0.29583 0.275
vt 0.29583 0.275
vt 0.29583 0.475
vt 0.3125 0.275
vt 0.29583 0.475
vt 0.3125 0.475
vt 0.3125 0.275
vt 0.5125 0.775
vt 0.5125 0.975
vt 0.54583 0.975
vt 0.54583 0.775
vt 0.5125 0.775
vt 0.54583 0.975
vt 0.54583 0.775
vt 0.54583 0.975
vt 0.57917 0.975
vt 0.57917 0.775
vt 0.54583 0.775
vt 0.57917 0.975
vt 0.57917 0.775
vt 0.57917 0.975
vt 0.6125 0.975
vt 0.6125 0.775
vt 0.57917 0.775
vt 0.6125 0.975
vt 0.5125 0.775
vt 0.5125 0.975
vt 0.54583 0.975
vt 0.54583 0.775
vt 0.5125 0.775
vt 0.54583 0.975
vt 0.54583 0.775
vt 0.54583 0.975
vt 0.57917 0.975
vt 0.57917 0.775
vt 0.54583 0.775
vt 0.57917 0.975
vt 0.57917 0.775
vt 0.57917 0.975
vt 0.6125 0.975
vt 0.6125 0.775
vt 0.57917 0.775
vt 0.6125 0.975
vt 0.5125 0.775
vt 0.5125 0.975
vt 0.54583 0.775
vt 0.5125 0.975
vt 0.54583 0.975
vt 0.54583 0.775
vt 0.54583 0.775
vt 0.54583 0.975
vt 0.57917 0.775
vt 0.54583 0.975
vt 0.57917 0.975
vt 0.57917 0.775
vt 0.57917 0.775
vt 0.57917 0.975
vt 0.6125 0.775
vt 0.57917 0.975
vt 0.6125 0.975
vt 0.6125 0.775
vt 0.5125 0.775
vt 0.5125 0.975
vt 0.54583 0.775
vt 0.5125 0.975
vt 0.54583 0.975
vt 0.54583 0.775
vt 0.54583 0.775
vt 0.54583 0.975
vt 0.57917 0.775
vt 0.54583 0.975
vt 0.57917 0.975
vt 0.57917 0.775
vt 0.57917 0.775
vt 0.57917 0.975
vt 0.6125 0.775
vt 0.57917 0.975
vt 0.6125 0.975
vt 0.6125 0.775
vt 0.87625 0.025
vt 0.87625 0.225
vt 0.87625 0.225
vt 0.87625 0.025
vt 0.87625 0.025
vt 0.87625 0.225
vt 0.87625 0.025
vt 0.87625 0.225
vt 0.87625 0.225
vt 0.87625 0.025
vt 0.87625 0.025
vt 0.87625 0.225
vt 0.87625 0.025
vt 0.87625 0.225
vt 0.87625 0.225
vt 0.87625 0.025
vt 0.87625 0.025
vt 0.87625 0.225
vt 0.87625 0.025
vt 0.87625 0.225
vt 0.87625 0.225
vt 0.87625 0.025
vt 0.87625 0.025
vt 0.87625 0.225
vt 0.87625 0.025
vt 0.87625 0.225
vt 0.87625 0.225
vt 0.87625 0.025
vt 0.87625 0.025
vt 0.87625 0.225
vt 0.87625 0.025
vt 0.87625 0.225
vt 0.87625 0.225
vt 0.87625 0.025
vt 0.87625 0.025
vt 0.87625 0.225
vt 0.87625 0.025
vt 0.87625 0.225
vt 0.87625 0.025
vt 0.87625 0.225
vt 0.87625 0.225
vt 0.87625 0.025
vt 0.87625 0.025
vt 0.87625 0.225
vt 0.87625 0.025
vt 0.87625 0.225
vt 0.87625 0.225
vt 0.87625 0.025
vt 0.87625 0.025
vt 0.87625 0.225
vt 0.87625 0.025
vt 0.87625 0.225
vt 0.87625 0.225
vt 0.87625 0.025
vt 0.87625 0.025
vt 0.87625 0.225
vt 0.87625 0.025
vt 0.87625 0.225
vt 0.87625 0.225
vt 0.87625 0.025
vt 0.87625 0.025
vt 0.87625 0.225
vt 0.87625 0.025
vt 0.87625 0.225
vt 0.87625 0.225
vt 0.87625 0.025
vt 0.87625 0.025
vt 0.87625 0.225
vt 0.87625 0.025
vt 0.87625 0.225
vt 0.87625 0.225
vt 0.87625 0.025
vt 0.5125 0.775
vt 0.5125 0.975
vt 0.54583 0.975
vt 0.54583 0.775
vt 0.5125 0.775
vt 0.54583 0.975
vt 0.54583 0.775
vt 0.54583 0.975
vt 0.57917 0.975
vt 0.57917 0.775
vt 0.54583 0.775
vt 0.57917 0.975
vt 0.57917 0.775
vt 0.57917 0.975
vt 0.6125 0.975
vt 0.6125 0.775
vt 0.57917 0.775
vt 0.6125 0.975
vt 0.5125 0.775
vt 0.5125 0.975
vt 0.54583 0.975
vt 0.54583 0.775
vt 0.5125 0.775
vt 0.54583 0.975
vt 0.54583 0.775
vt 0.54583 0.975
vt 0.57917 0.975
vt 0.57917 0.775
vt 0.54583 0.775
vt 0.57917 0.975
vt 0.57917 0.775
vt 0.57917 0.975
vt 0.6125 0.975
vt 0.6125 0.775
vt 0.57917 0.775
vt 0.6125 0.975
vt 0.5125 0.775
vt 0.5125 0.975
vt 0.54583 0.775
vt 0.5125 0.975
vt 0.54583 0.975
vt 0.54583 0.775
vt 0.54583 0.775
vt 0.54583 0.975
vt 0.57917 0.775
vt 0.54583 0.975
vt 0.57917 0.975
vt 0.57917 0.775
vt 0.57917 0.775
vt 0.57917 0.975
vt 0.6125 0.775
vt 0.57917 0.975
vt 0.6125 0.975
vt 0.6125 0.775
vt 0.5125 0.775
vt 0.5125 0.975
vt 0.54583 0.775
vt 0.5125 0.975
vt 0.54583 0.975
vt 0.54583 0.775
vt 0.54583 0.775
vt 0.54583 0.975
vt 0.57917 0.775
vt 0.54583 0.975
vt 0.57917 0.975
vt 0.57917 0.775
vt 0.57917 0.775
vt 0.57917 0.975
vt 0.6125 0.775
vt 0.57917 0.975
vt 0.6125 0.975
vt 0.6125 0.775
vt 0.3125 0.275
vt 0.3125 0.475
vt 0.32917 0.475
vt 0.32917 0.275
vt 0.3125 0.275
vt 0.32917 0.475
vt 0.32917 0.275
vt 0.32917 0.475
vt 0.34583 0.475
vt 0.34583 0.275
vt 0.32917 0.275
vt 0.34583 0.475
vt 0.34583 0.275
vt 0.34583 0.475
vt 0.3625 0.475
vt 0.3625 0.275
vt 0.34583 0.275
vt 0.3625 0.475
vt 0.2625 0.275
vt 0.2625 0.475
vt 0.27917 0.475
vt 0.27917 0.275
vt 0.2625 0.275
vt 0.27917 0.475
vt 0.27917 0.275
vt 0.27917 0.475
vt 0.29583 0.475
vt 0.29583 0.275
vt 0.27917 0.275
vt 0.29583 0.475
vt 0.29583 0.275
vt 0.29583 0.475
vt 0.3125 0.475
vt 0.3125 0.275
vt 0.29583 0.275
vt 0.3125 0.475
vt 0.3125 0.275
vt 0.3125 0.475
vt 0.32917 0.275
vt 0.3125 0.475
vt 0.32917 0.475
vt 0.32917 0.275
vt 0.32917 0.275
vt 0.32917 0.475
vt 0.34583 0.275
vt 0.32917 0.475
vt 0.34583 0.475
vt 0.34583 0.275
vt 0.34583 0.275
vt 0.34583 0.475
vt 0.3625 0.275
vt 0.34583 0.475
vt 0.3625 0.475
vt 0.3625 0.275
vt 0.2625 0.275
vt 0.2625 0.475
vt 0.27917 0.275
vt 0.2625 0.475
vt 0.27917 0.475
vt 0.27917 0.275
vt 0.27917 0.275
vt 0.27917 0.475
vt 0.29583 0.275
vt 0.27917 0.475
vt 0.29583 0.475
vt 0.29583 0.275
vt 0.29583 0.275
vt 0.29583 0.475
vt 0.3125 0.275
vt 0.29583 0.475
vt 0.3125 0.475
vt 0.3125 0.275
vt 0.1375 0.275
vt 0.1375 0.475
vt 0.17083 0.475
vt 0.17083 0.275
vt 0.1375 0.275
vt 0.17083 0.475
vt 0.17083 0.275
vt 0.17083 0.475
vt 0.20417 0.475
vt 0.20417 0.275
vt 0.17083 0.275
vt 0.20417 0.475
vt 0.20417 0.275
vt 0.20417 0.475
vt 0.2375 0.475
vt 0.2375 0.275
vt 0.20417 0.275
vt 0.2375 0.475
vt 0.1375 0.275
vt 0.1375 0.475
vt 0.17083 0.475
vt 0.17083 0.275
vt 0.1375 0.275
vt 0.17083 0.475
vt 0.17083 0.275
vt 0.17083 0.475
vt 0.20417 0.475
vt 0.20417 0.275
vt 0.17083 0.275
vt 0.20417 0.475
vt 0.20417 0.275
vt 0.20417 0.475
vt 0.2375 0.475
vt 0.2375 0.275
vt 0.20417 0.275
vt 0.2375 0.475
vt 0.1375 0.275
vt 0.1375 0.475
vt 0.17083 0.275
vt 0.1375 0.475
vt 0.17083 0.475
vt 0.17083 0.275
vt 0.17083 0.275
vt 0.17083 0.475
vt 0.20417 0.275
vt 0.17083 0.475
vt 0.20417 0.475
vt 0.20417 0.275
vt 0.20417 0.275
vt 0.20417 0.475
vt 0.2375 0.275
vt 0.20417 0.475
vt 0.2375 0.475
vt 0.2375 0.275
vt 0.1375 0.275
vt 0.1375 0.475
vt 0.17083 0.275
vt 0.1375 0.475
vt 0.17083 0.475
vt 0.17083 0.275
vt 0.17083 0.275
vt 0.17083 0.475
vt 0.20417 0.275
vt 0.17083 0.475
vt 0.20417 0.475
vt 0.20417 0.275
vt 0.20417 0.275
vt 0.20417 0.475
vt 0.2375 0.275
vt 0.20417 0.475
vt 0.2375 0.475
vt 0.2375 0.275
vt 0.5625 0.775
vt 0.5625 0.975
vt 0.57917 0.975
vt 0.57917 0.775
vt 0.5625 0.775
vt 0.57917 0.975
vt 0.57917 0.775
vt 0.57917 0.975
vt 0.59583 0.975
vt 0.59583 0.775
vt 0.57917 0.775
vt 0.59583 0.975
vt 0.59583 0.775
vt 0.59583 0.975
vt 0.6125 0.975
vt 0.6125 0.775
vt 0.59583 0.775
vt 0.6125 0.975
vt 0.5125 0.775
vt 0.5125 0.975
vt 0.52917 0.975
vt 0.52917 0.775
vt 0.5125 0.775
vt 0.52917 0.975
vt 0.52917 0.775
vt 0.52917 0.975
vt 0.54583 0.975
vt 0.54583 0.775
vt 0.52917 0.775
vt 0.54583 0.975
vt 0.54583 0.775
vt 0.54583 0.975
vt 0.5625 0.975
vt 0.5625 0.775
vt 0.54583 0.775
vt 0.5625 0.975
vt 0.5625 0.775
vt 0.5625 0.975
vt 0.57917 0.775
vt 0.5625 0.975
vt 0.57917 0.975
vt 0.57917 0.775
vt 0.57917 0.775
vt 0.57917 0.975
vt 0.59583 0.775
vt 0.57917 0.975
vt 0.59583 0.975
vt 0.59583 0.775
vt 0.59583 0.775
vt 0.59583 0.975
vt 0.6125 0.775
vt 0.59583 0.975
vt 0.6125 0.975
vt 0.6125 0.775
vt 0.5125 0.775
vt 0.5125 0.975
vt 0.52917 0.775
vt 0.5125 0.975
vt 0.52917 0.975
vt 0.52917 0.775
vt 0.52917 0.775
vt 0.52917 0.975
vt 0.54583 0.775
vt 0.52917 0.975
vt 0.54583 0.975
vt 0.54583 0.775
vt 0.54583 0.775
vt 0.54583 0.975
vt 0.5625 0.775
vt 0.54583 0.975
vt 0.5625 0.975
vt 0.5625 0.775
vt 0.3125 0.275
vt 0.3125 0.475
vt 0.32917 0.475
vt 0.32917 0.275
vt 0.3125 0.275
vt 0.32917 0.475
vt 0.32917 0.275
vt 0.32917 0.475
vt 0.34583 0.475
vt 0.34583 0.275
vt 0.32917 0.275
vt 0.34583 0.475
vt 0.34583 0.275
vt 0.34583 0.475
vt 0.3625 0.475
vt 0.3625 0.275
vt 0.34583 0.275
vt 0.3625 0.475
vt 0.2625 0.275
vt 0.2625 0.475
vt 0.27917 0.475
vt 0.27917 0.275
vt 0.2625 0.275
vt 0.27917 0.475
vt 0.27917 0.275
vt 0.27917 0.475
vt 0.29583 0.475
vt 0.29583 0.275
vt 0.27917 0.275
vt 0.29583 0.475
vt 0.29583 0.275
vt 0.29583 0.475
vt 0.3125 0.475
vt 0.3125 0.275
vt 0.29583 0.275
vt 0.3125 0.475
vt 0.3125 0.275
vt 0.3125 0.475
vt 0.32917 0.275
vt 0.3125 0.475
vt 0.32917 0.475
vt 0.32917 0.275
vt 0.32917 0.275
vt 0.32917 0.475
vt 0.34583 0.275
vt 0.32917 0.475
vt 0.34583 0.475
vt 0.34583 0.275
vt 0.34583 0.275
vt 0.34583 0.475
vt 0.3625 0.275
vt 0.34583 0.475
vt 0.3625 0.475
vt 0.3625 0.275
vt 0.2625 0.275
vt 0.2625 0.475
vt 0.27917 0.275
vt 0.2625 0.475
vt 0.27917 0.475
vt 0.27917 0.275
vt 0.27917 0.275
vt 0.27917 0.475
vt 0.29583 0.275
vt 0.27917 0.475
vt 0.29583 0.475
vt 0.29583 0.275
vt 0.29583 0.275
vt 0.29583 0.475
vt 0.3125 0.275
vt 0.29583 0.475
vt 0.3125 0.475
vt 0.3125 0.275
vt 0.5125 0.775
vt 0.5125 0.975
vt 0.54583 0.975
vt 0.54583 0.775
vt 0.5125 0.775
vt 0.54583 0.975
vt 0.54583 0.775
vt 0.54583 0.975
vt 0.57917 0.975
vt 0.57917 0.775
vt 0.54583 0.775
vt 0.57917 0.975
vt 0.57917 0.775
vt 0.57917 0.975
vt 0.6125 0.975
vt 0.6125 0.775
vt 0.57917 0.775
vt 0.6125 0.975
vt 0.5125 0.775
vt 0.5125 0.975
vt 0.54583 0.975
vt 0.54583 0.775
vt 0.5125 0.775
vt 0.54583 0.975
vt 0.54583 0.775
vt 0.54583 0.975
vt 0.57917 0.975
vt 0.57917 0.775
vt 0.54583 0.775
vt 0.57917 0.975
vt 0.57917 0.775
vt 0.57917 0.975
vt 0.6125 0.975
vt 0.6125 0.775
vt 0.57917 0.775
vt 0.6125 0.975
vt 0.5125 0.775
vt 0.5125 0.975
vt 0.54583 0.775
vt 0.5125 0.975
vt 0.54583 0.975
vt 0.54583 0.775
vt 0.54583 0.775
vt 0.54583 0.975
vt 0.57917 0.775
vt 0.54583 0.975
vt 0.57917 0.975
vt 0.57917 0.775
vt 0.57917 0.775
vt 0.57917 0.975
vt 0.6125 0.775
vt 0.57917 0.975
vt 0.6125 0.975
vt 0.6125 0.775
vt 0.5125 0.775
vt 0.5125 0.975
vt 0.54583 0.775
vt 0.5125 0.975
vt 0.54583 0.975
vt 0.54583 0.775
vt 0.54583 0.775
vt 0.54583 0.975
vt 0.57917 0.775
vt 0.54583 0.975
vt 0.57917 0.975
vt 0.57917 0.775
vt 0.57917 0.775
vt 0.57917 0.975
vt 0.6125 0.775
vt 0.57917 0.975
vt 0.6125 0.975
vt 0.6125 0.775
vt 0.87625 0.025
vt 0.87625 0.225
vt 0.87625 0.225
vt 0.87625 0.025
vt 0.87625 0.025
vt 0.87625 0.225
vt 0.87625 0.025
vt 0.87625 0.225
vt 0.87625 0.225
vt 0.87625 0.025
vt 0.87625 0.025
vt 0.87625 0.225
vt 0.87625 0.025
vt 0.87625 0.225
vt 0.87625 0.225
vt 0.87625 0.025
vt 0.87625 0.025
vt 0.87625 0.225
vt 0.87625 0.025
vt 0.87625 0.225
vt 0.87625 0.225
vt 0.87625 0.025
vt 0.87625 0.025
vt 0.87625 0.225
vt 0.87625 0.025
vt 0.87625 0.225
vt 0.87625 0.225
vt 0.87625 0.025
vt 0.87625 0.025
vt 0.87625 0.225
vt 0.87625 0.025
vt 0.87625 0.225
vt 0.87625 0.225
vt 0.87625 0.025
vt 0.87625 0.025
vt 0.87625 0.225
vt 0.87625 0.025
vt 0.87625 0.225
vt 0.87625 0.025
vt 0.87625 0.225
vt 0.87625 0.225
vt 0.87625 0.025
vt 0.87625 0.025
vt 0.87625 0.225
vt 0.87625 0.025
vt 0.87625 0.225
vt 0.87625 0.225
vt 0.87625 0.025
vt 0.87625 0.025
vt 0.87625 0.225
vt 0.87625 0.025
vt 0.87625 0.225
vt 0.87625 0.225
vt 0.87625 0.025
vt 0.87625 0.025
vt 0.87625 0.225
vt 0.87625 0.025
vt 0.87625 0.225
vt 0.87625 0.225
vt 0.87625 0.025
vt 0.87625 0.025
vt 0.87625 0.225
vt 0.87625 0.025
vt 0.87625 0.225
vt 0.87625 0.225
vt 0.87625 0.025
vt 0.87625 0.025
vt 0.87625 0.225
vt 0.87625 0.025
vt 0.87625 0.225
vt 0.87625 0.225
vt 0.87625 0.025
vt 0.5125 0.775
vt 0.5125 0.975
vt 0.54583 0.975
vt 0.54583 0.775
vt 0.5125 0.775
vt 0.54583 0.975
vt 0.54583 0.775
vt 0.54583 0.975
vt 0.57917 0.975
vt 0.57917 0.775
vt 0.54583 0.775
vt 0.57917 0.975
vt 0.57917 0.775
vt 0.57917 0.975
vt 0.6125 0.975
vt 0.6125 0.775
vt 0.57917 0.775
vt 0.6125 0.975
vt 0.5125 0.775
vt 0.5125 0.975
vt 0.54583 0.975
vt 0.54583 0.775
vt 0.5125 0.775
vt 0.54583 0.975
vt 0.54583 0.775
vt 0.54583 0.975
vt 0.57917 0.975
vt 0.57917 0.775
vt 0.54583 0.775
vt 0.57917 0.975
vt 0.57917 0.775
vt 0.57917 0.975
vt 0.6125 0.975
vt 0.6125 0.775
vt 0.57917 0.775
vt 0.6125 0.975
vt 0.5125 0.775
vt 0.5125 0.975
vt 0.54583 0.775
vt 0.5125 0.975
vt 0.54583 0.975
vt 0.54583 0.775
vt 0.54583 0.775
vt 0.54583 0.975
vt 0.57917 0.775
vt 0.54583 0.975
vt 0.57917 0.975
vt 0.57917 0.775
vt 0.57917 0.775
vt 0.57917 0.975
vt 0.6125 0.775
vt 0.57917 0.975
vt 0.6125 0.975
vt 0.6125 0.775
vt 0.5125 0.775
vt 0.5125 0.975
vt 0.54583 0.775
vt 0.5125 0.975
vt 0.54583 0.975
vt 0.54583 0.775
vt 0.54583 0.775
vt 0.54583 0.975
vt 0.57917 0.775
vt 0.54583 0.975
vt 0.57917 0.975
vt 0.57917 0.775
vt 0.57917 0.775
vt 0.57917 0.975
vt 0.6125 0.775
vt 0.57917 0.975
vt 0.6125 0.975
vt 0.6125 0.775
vt 0.1875 0.275
vt 0.1875 0.475
vt 0.20417 0.475
vt 0.20417 0.275
vt 0.1875 0.275
vt 0.20417 0.475
vt 0.20417 0.275
vt 0.20417 0.475
vt 0.22083 0.475
vt 0.22083 0.275
vt 0.20417 0.275
vt 0.22083 0.475
vt 0.22083 0.275
vt 0.22083 0.475
vt 0.2375 0.475
vt 0.2375 0.275
vt 0.22083 0.275
vt 0.2375 0.475
vt 0.1375 0.275
vt 0.1375 0.475
vt 0.15417 0.475
vt 0.15417 0.275
vt 0.1375 0.275
vt 0.15417 0.475
vt 0.15417 0.275
vt 0.15417 0.475
vt 0.17083 0.475
vt 0.17083 0.275
vt 0.15417 0.275
vt 0.17083 0.475
vt 0.17083 0.275
vt 0.17083 0.475
vt 0.1875 0.475
vt 0.1875 0.275
vt 0.17083 0.275
vt 0.1875 0.475
vt 0.1875 0.275
vt 0.1875 0.475
vt 0.20417 0.275
vt 0.1875 0.475
vt 0.20417 0.475
vt 0.20417 0.275
vt 0.20417 0.275
vt 0.20417 0.475
vt 0.22083 0.275
vt 0.20417 0.475
vt 0.22083 0.475
vt 0.22083 0.275
vt 0.22083 0.275
vt 0.22083 0.475
vt 0.2375 0.275
vt 0.22083 0.475
vt 0.2375 0.475
vt 0.2375 0.275
vt 0.1375 0.275
vt 0.1375 0.475
vt 0.15417 0.275
vt 0.1375 0.475
vt 0.15417 0.475
vt 0.15417 0.275
vt 0.15417 0.275
vt 0.15417 0.475
vt 0.17083 0.275
vt 0.15417 0.475
vt 0.17083 0.475
vt 0.17083 0.275
vt 0.17083 0.275
vt 0.17083 0.475
vt 0.1875 0.275
vt 0.17083 0.475
vt 0.1875 0.475
vt 0.1875 0.275
vt 0.3125 0.275
vt 0.3125 0.475
vt 0.32917 0.475
vt 0.32917 0.275
vt 0.3125 0.275
vt 0.32917 0.475
vt 0.32917 0.275
vt 0.32917 0.475
vt 0.34583 0.475
vt 0.34583 0.275
vt 0.32917 0.275
vt 0.34583 0.475
vt 0.34583 0.275
vt 0.34583 0.475
vt 0.3625 0.475
vt 0.3625 0.275
vt 0.34583 0.275
vt 0.3625 0.475
vt 0.2625 0.275
vt 0.2625 0.475
vt 0.27917 0.475
vt 0.27917 0.275
vt 0.2625 0.275
vt 0.27917 0.475
vt 0.27917 0.275
vt 0.27917 0.475
vt 0.29583 0.475
vt 0.29583 0.275
vt 0.27917 0.275
vt 0.29583 0.475
vt 0.29583 0.275
vt 0.29583 0.475
vt 0.3125 0.475
vt 0.3125 0.275
vt 0.29583 0.275
vt 0.3125 0.475
vt 0.3125 0.275
vt 0.3125 0.475
vt 0.32917 0.275
vt 0.3125 0.475
vt 0.32917 0.475
vt 0.32917 0.275
vt 0.32917 0.275
vt 0.32917 0.475
vt 0.34583 0.275
vt 0.32917 0.475
vt 0.34583 0.475
vt 0.34583 0.275
vt 0.34583 0.275
vt 0.34583 0.475
vt 0.3625 0.275
vt 0.34583 0.475
vt 0.3625 0.475
vt 0.3625 0.275
vt 0.2625 0.275
vt 0.2625 0.475
vt 0.27917 0.275
vt 0.2625 0.475
vt 0.27917 0.475
vt 0.27917 0.275
vt 0.27917 0.275
vt 0.27917 0.475
vt 0.29583 0.275
vt 0.27917 0.475
vt 0.29583 0.475
vt 0.29583 0.275
vt 0.29583 0.275
vt 0.29583 0.475
vt 0.3125 0.275
vt 0.29583 0.475
vt 0.3125 0.475
vt 0.3125 0.275
vt 0.5625 0.775
vt 0.5625 0.975
vt 0.57917 0.975
vt 0.57917 0.775
vt 0.5625 0.775
vt 0.57917 0.975
vt 0.57917 0.775
vt 0.57917 0.975
vt 0.59583 0.975
vt 0.59583 0.775
vt 0.57917 0.775
vt 0.59583 0.975
vt 0.59583 0.775
vt 0.59583 0.975
vt 0.6125 0.975
vt 0.6125 0.775
vt 0.59583 0.775
vt 0.6125 0.975
vt 0.5125 0.775
vt 0.5125 0.975
vt 0.52917 0.975
vt 0.52917 0.775
vt 0.5125 0.775
vt 0.52917 0.975
vt 0.52917 0.775
vt 0.52917 0.975
vt 0.54583 0.975
vt 0.54583 0.775
vt 0.52917 0.775
vt 0.54583 0.975
vt 0.54583 0.775
vt 0.54583 0.975
vt 0.5625 0.975
vt 0.5625 0.775
vt 0.54583 0.775
vt 0.5625 0.975
vt 0.5625 0.775
vt 0.5625 0.975
vt 0.57917 0.775
vt 0.5625 0.975
vt 0.57917 0.975
vt 0.57917 0.775
vt 0.57917 0.775
vt 0.57917 0.975
vt 0.59583 0.775
vt 0.57917 0.975
vt 0.59583 0.975
vt 0.59583 0.775
vt 0.59583 0.775
vt 0.59583 0.975
vt 0.6125 0.775
vt 0.59583 0.975
vt 0.6125 0.975
vt 0.6125 0.775
vt 0.5125 0.775
vt 0.5125 0.975
vt 0.52917 0.775
vt 0.5125 0.975
vt 0.52917 0.975
vt 0.52917 0.775
vt 0.52917 0.775
vt 0.52917 0.975
vt 0.54583 0.775
vt 0.52917 0.975
vt 0.54583 0.975
vt 0.54583 0.775
vt 0.54583 0.775
vt 0.54583 0.975
vt 0.5625 0.775
vt 0.54583 0.975
vt 0.5625 0.975
vt 0.5625 0.775
vt 0.87625 0.025
vt 0.87625 0.225
vt 0.87625 0.225
vt 0.87625 0.025
vt 0.87625 0.025
vt 0.87625 0.225
vt 0.87625 0.025
vt 0.87625 0.225
vt 0.87625 0.225
vt 0.87625 0.025
vt 0.87625 0.025
vt 0.87625 0.225
vt 0.87625 0.025
vt 0.87625 0.225
vt 0.87625 0.225
vt 0.87625 0.025
vt 0.87625 0.025
vt 0.87625 0.225
vt 0.87625 0.025
vt 0.87625 0.225
vt 0.87625 0.225
vt 0.87625 0.025
vt 0.87625 0.025
vt 0.87625 0.225
vt 0.87625 0.025
vt 0.87625 0.225
vt 0.87625 0.225
vt 0.87625 0.025
vt 0.87625 0.025
vt 0.87625 0.225
vt 0.87625 0.025
vt 0.87625 0.225
vt 0.87625 0.225
vt 0.87625 0.025
vt 0.87625 0.025
vt 0.87625 0.225
vt 0.87625 0.025
vt 0.87625 0.225
vt 0.87625 0.025
vt 0.87625 0.225
vt 0.87625 0.225
vt 0.87625 0.025
vt 0.87625 0.025
vt 0.87625 0.225
vt 0.87625 0.025
vt 0.87625 0.225
vt 0.87625 0.225
vt 0.87625 0.025
vt 0.87625 0.025
vt 0.87625 0.225
vt 0.87625 0.025
vt 0.87625 0.225
vt 0.87625 0.225
vt 0.87625 0.025
vt 0.87625 0.025
vt 0.87625 0.225
vt 0.87625 0.025
vt 0.87625 0.225
vt 0.87625 0.225
vt 0.87625 0.025
vt 0.87625 0.025
vt 0.87625 0.225
vt 0.87625 0.025
vt 0.87625 0.225
vt 0.87625 0.225
vt 0.87625 0.025
vt 0.87625 0.025
vt 0.87625 0.225
vt 0.87625 0.025
vt 0.87625 0.225
vt 0.87625 0.225
vt 0.87625 0.025
vt 0.5125 0.775
vt 0.5125 0.975
vt 0.54583 0.975
vt 0.54583 0.775
vt 0.5125 0.775
vt 0.54583 0.975
vt 0.54583 0.775
vt 0.54583 0.975
vt 0.57917 0.975
vt 0.57917 0.775
vt 0.54583 0.775
vt 0.57917 0.975
vt 0.57917 0.775
vt 0.57917 0.975
vt 0.6125 0.975
vt 0.6125 0.775
vt 0.57917 0.775
vt 0.6125 0.975
vt 0.5125 0.775
vt 0.5125 0.975
vt 0.54583 0.975
vt 0.54583 0.775
vt 0.5125 0.775
vt 0.54583 0.975
vt 0.54583 0.775
vt 0.54583 0.975
vt 0.57917 0.975
vt 0.57917 0.775
vt 0.54583 0.775
vt 0.57917 0.975
vt 0.57917 0.775
vt 0.57917 0.975
vt 0.6125 0.975
vt 0.6125 0.775
vt 0.57917 0.775
vt 0.6125 0.975
vt 0.5125 0.775
vt 0.5125 0.975
vt 0.54583 0.775
vt 0.5125 0.975
vt 0.54583 0.975
vt 0.54583 0.775
vt 0.54583 0.775
vt 0.54583 0.975
vt 0.57917 0.775
vt 0.54583 0.975
vt 0.57917 0.975
vt 0.57917 0.775
vt 0.57917 0.775
vt 0.57917 0.975
vt 0.6125 0.775
vt 0.57917 0.975
vt 0.6125 0.975
vt 0.6125 0.775
vt 0.5125 0.775
vt 0.5125 0.975
vt 0.54583 0.775
vt 0.5125 0.975
vt 0.54583 0.975
vt 0.54583 0.775
vt 0.54583 0.775
vt 0.54583 0.975
vt 0.57917 0.775
vt 0.54583 0.975
vt 0.57917 0.975
vt 0.57917 0.775
vt 0.57917 0.775
vt 0.57917 0.975
vt 0.6125 0.775
vt 0.57917 0.975
vt 0.6125 0.975
vt 0.6125 0.775
vt 0.87625 0.025
vt 0.87625 0.225
vt 0.87625 0.225
vt 0.87625 0.025
vt 0.87625 0.025
vt 0.87625 0.225
vt 0.87625 0.025
vt 0.87625 0.225
vt 0.87625 0.225
vt 0.87625 0.025
vt 0.87625 0.025
vt 0.87625 0.225
vt 0.87625 0.025
vt 0.87625 0.225
vt 0.87625 0.225
vt 0.87625 0.025
vt 0.87625 0.025
vt 0.87625 0.225
vt 0.87625 0.025
vt 0.87625 0.225
vt 0.87625 0.225
vt 0.87625 0.025
vt 0.87625 0.025
vt 0.87625 0.225
vt 0.87625 0.025
vt 0.87625 0.225
vt 0.87625 0.225
vt 0.87625 0.025
vt 0.87625 0.025
vt 0.87625 0.225
vt 0.87625 0.025
vt 0.87625 0.225
vt 0.87625 0.225
vt 0.87625 0.025
vt 0.87625 0.025
vt 0.87625 0.225
vt 0.87625 0.025
vt 0.87625 0.225
vt 0.87625 0.025
vt 0.87625 0.225
vt 0.87625 0.225
vt 0.87625 0.025
vt 0.87625 0.025
vt 0.87625 0.225
vt 0.87625 0.025
vt 0.87625 0.225
vt 0.87625 0.225
vt 0.87625 0.025
vt 0.87625 0.025
vt 0.87625 0.225
vt 0.87625 0.025
vt 0.87625 0.225
vt 0.87625 0.225
vt 0.87625 0.025
vt 0.87625 0.025
vt 0.87625 0.225
vt 0.87625 0.025
vt 0.87625 0.225
vt 0.87625 0.225
vt 0.87625 0.025
vt 0.87625 0.025
vt 0.87625 0.225
vt 0.87625 0.025
vt 0.87625 0.225
vt 0.87625 0.225
vt 0.87625 0.025
vt 0.87625 0.025
vt 0.87625 0.225
vt 0.87625 0.025
vt 0.87625 0.225
vt 0.87625 0.225
vt 0.87625 0.025
vt 0.5125 0.775
vt 0.5125 0.975
vt 0.54583 0.975
vt 0.54583 0.775
vt 0.5125 0.775
vt 0.54583 0.975
vt 0.54583 0.775
vt 0.54583 0.975
vt 0.57917 0.975
vt 0.57917 0.775
vt 0.54583 0.775
vt 0.57917 0.975
vt 0.57917 0.775
vt 0.57917 0.975
vt 0.6125 0.975
vt 0.6125 0.775
vt 0.57917 0.775
vt 0.6125 0.975
vt 0.5125 0.775
vt 0.5125 0.975
vt 0.54583 0.975
vt 0.54583 0.775
vt 0.5125 0.775
vt 0.54583 0.975
vt 0.54583 0.775
vt 0.54583 0.975
vt 0.57917 0.975
vt 0.57917 0.775
vt 0.54583 0.775
vt 0.57917 0.975
vt 0.57917 0.775
vt 0.57917 0.975
vt 0.6125 0.975
vt 0.6125 0.775
vt 0.57917 0.775
vt 0.6125 0.975
vt 0.5125 0.775
vt 0.5125 0.975
vt 0.54583 0.775
vt 0.5125 0.975
vt 0.54583 0.975
vt 0.54583 0.775
vt 0.54583 0.775
vt 0.54583 0.975
vt 0.57917 0.775
vt 0.54583 0.975
vt 0.57917 0.975
vt 0.57917 0.775
vt 0.57917 0.775
vt 0.57917 0.975
vt 0.6125 0.775
vt 0.57917 0.975
vt 0.6125 0.975
vt 0.6125 0.775
vt 0.5125 0.775
vt 0.5125 0.975
vt 0.54583 0.775
vt 0.5125 0.975
vt 0.54583 0.975
vt 0.54583 0.775
vt 0.54583 0.775
vt 0.54583 0.975
vt 0.57917 0.775
vt 0.54583 0.975
vt 0.57917 0.975
vt 0.57917 0.775
vt 0.57917 0.775
vt 0.57917 0.975
vt 0.6125 0.775
vt 0.57917 0.975
vt 0.6125 0.975
vt 0.6125 0.775
vt 0.1875 0.275
vt 0.1875 0.475
vt 0.20417 0.475
vt 0.20417 0.275
vt 0.1875 0.275
vt 0.20417 0.475
vt 0.20417 0.275
vt 0.20417 0.475
vt 0.22083 0.475
vt 0.22083 0.275
vt 0.20417 0.275
vt 0.22083 0.475
vt 0.22083 0.275
vt 0.22083 0.475
vt 0.2375 0.475
vt 0.2375 0.275
vt 0.22083 0.275
vt 0.2375 0.475
vt 0.1375 0.275
vt 0.1375 0.475
vt 0.15417 0.475
vt 0.15417 0.275
vt 0.1375 0.275
vt 0.15417 0.475
vt 0.15417 0.275
vt 0.15417 0.475
vt 0.17083 0.475
vt 0.17083 0.275
vt 0.15417 0.275
vt 0.17083 0.475
vt 0.17083 0.275
vt 0.17083 0.475
vt 0.1875 0.475
vt 0.1875 0.275
vt 0.17083 0.275
vt 0.1875 0.475
vt 0.1875 0.275
vt 0.1875 0.475
vt 0.20417 0.275
vt 0.1875 0.475
vt 0.20417 0.475
vt 0.20417 0.275
vt 0.20417 0.275
vt 0.20417 0.475
vt 0.22083 0.275
vt 0.20417 0.475
vt 0.22083 0.475
vt 0.22083 0.275
vt 0.22083 0.275
vt 0.22083 0.475
vt 0.2375 0.275
vt 0.22083 0.475
vt 0.2375 0.475
vt 0.2375 0.275
vt 0.1375 0.275
vt 0.1375 0.475
vt 0.15417 0.275
vt 0.1375 0.475
vt 0.15417 0.475
vt 0.15417 0.275
vt 0.15417 0.275
vt 0.15417 0.475
vt 0.17083 0.275
vt 0.15417 0.475
vt 0.17083 0.475
vt 0.17083 0.275
vt 0.17083 0.275
vt 0.17083 0.475
vt 0.1875 0.275
vt 0.17083 0.475
vt 0.1875 0.475
vt 0.1875 0.275
vt 0.3125 0.275
vt 0.3125 0.475
vt 0.32917 0.475
vt 0.32917 0.275
vt 0.3125 0.275
vt 0.32917 0.475
vt 0.32917 0.275
vt 0.32917 0.475
vt 0.34583 0.475
vt 0.34583 0.275
vt 0.32917 0.275
vt 0.34583 0.475
vt 0.34583 0.275
vt 0.34583 0.475
vt 0.3625 0.475
vt 0.3625 0.275
vt 0.34583 0.275
vt 0.3625 0.475
vt 0.2625 0.275
vt 0.2625 0.475
vt 0.27917 0.475
vt 0.27917 0.275
vt 0.2625 0.275
vt 0.27917 0.475
vt 0.27917 0.275
vt 0.27917 0.475
vt 0.29583 0.475
vt 0.29583 0.275
vt 0.27917 0.275
vt 0.29583 0.475
vt 0.29583 0.275
vt 0.29583 0.475
vt 0.3125 0.475
vt 0.3125 0.275
vt 0.29583 0.275
vt 0.3125 0.475
vt 0.3125 0.275
vt 0.3125 0.475
vt 0.32917 0.275
vt 0.3125 0.475
vt 0.32917 0.475
vt 0.32917 0.275
vt 0.32917 0.275
vt 0.32917 0.475
vt 0.34583 0.275
vt 0.32917 0.475
vt 0.34583 0.475
vt 0.34583 0.275
vt 0.34583 0.275
vt 0.34583 0.475
vt 0.3625 0.275
vt 0.34583 0.475
vt 0.3625 0.475
vt 0.3625 0.275
vt 0.2625 0.275
vt 0.2625 0.475
vt 0.27917 0.275
vt 0.2625 0.475
vt 0.27917 0.475
vt 0.27917 0.275
vt 0.27917 0.275
vt 0.27917 0.475
vt 0.29583 0.275
vt 0.27917 0.475
vt 0.29583 0.475
vt 0.29583 0.275
vt 0.29583 0.275
vt 0.29583 0.475
vt 0.3125 0.275
vt 0.29583 0.475
vt 0.3125 0.475
vt 0.3125 0.275
vt 0.5625 0.775
vt 0.5625 0.975
vt 0.57917 0.975
vt 0.57917 0.775
vt 0.5625 0.775
vt 0.57917 0.975
vt 0.57917 0.775
vt 0.57917 0.975
vt 0.59583 0.975
vt 0.59583 0.775
vt 0.57917 0.775
vt 0.59583 0.975
vt 0.59583 0.775
vt 0.59583 0.975
vt 0.6125 0.975
vt 0.6125 0.775
vt 0.59583 0.775
vt 0.6125 0.975
vt 0.5125 0.775
vt 0.5125 0.975
vt 0.52917 0.975
vt 0.52917 0.775
vt 0.5125 0.775
vt 0.52917 0.975
vt 0.52917 0.775
vt 0.52917 0.975
vt 0.54583 0.975
vt 0.54583 0.775
vt 0.52917 0.775
vt 0.54583 0.975
vt 0.54583 0.775
vt 0.54583 0.975
vt 0.5625 0.975
vt 0.5625 0.775
vt 0.54583 0.775
vt 0.5625 0.975
vt 0.5625 0.775
vt 0.5625 0.975
vt 0.57917 0.775
vt 0.5625 0.975
vt 0.57917 0.975
vt 0.57917 0.775
vt 0.57917 0.775
vt 0.57917 0.975
vt 0.59583 0.775
vt 0.57917 0.975
vt 0.59583 0.975
vt 0.59583 0.775
vt 0.59583 0.775
vt 0.59583 0.975
vt 0.6125 0.775
vt 0.59583 0.975
vt 0.6125 0.975
vt 0.6125 0.775
vt 0.5125 0.775
vt 0.5125 0.975
vt 0.52917 0.775
vt 0.5125 0.975
vt 0.52917 0.975
vt 0.52917 0.775
vt 0.52917 0.775
vt 0.52917 0.975
vt 0.54583 0.775
vt 0.52917 0.975
vt 0.54583 0.975
vt 0.54583 0.775
vt 0.54583 0.775
vt 0.54583 0.975
vt 0.5625 0.775
vt 0.54583 0.975
vt 0.5625 0.975
vt 0.5625 0.775
vt 0.87625 0.025
vt 0.87625 0.225
vt 0.87625 0.225
vt 0.87625 0.025
vt 0.87625 0.025
vt 0.87625 0.225
vt 0.87625 0.025
vt 0.87625 0.225
vt 0.87625 0.225
vt 0.87625 0.025
vt 0.87625 0.025
vt 0.87625 0.225
vt 0.87625 0.025
vt 0.87625 0.225
vt 0.87625 0.225
vt 0.87625 0.025
vt 0.87625 0.025
vt 0.87625 0.225
vt 0.87625 0.025
vt 0.87625 0.225
vt 0.87625 0.225
vt 0.87625 0.025
vt 0.87625 0.025
vt 0.87625 0.225
vt 0.87625 0.025
vt 0.87625 0.225
vt 0.87625 0.225
vt 0.87625 0.025
vt 0.87625 0.025
vt 0.87625 0.225
vt 0.87625 0.025
vt 0.87625 0.225
vt 0.87625 0.225
vt 0.87625 0.025
vt 0.87625 0.025
vt 0.87625 0.225
vt 0.87625 0.025
vt 0.87625 0.225
vt 0.87625 0.025
vt 0.87625 0.225
vt 0.87625 0.225
vt 0.87625 0.025
vt 0.87625 0.025
vt 0.87625 0.225
vt 0.87625 0.025
vt 0.87625 0.225
vt 0.87625 0.225
vt 0.87625 0.025
vt 0.87625 0.025
vt 0.87625 0.225
vt 0.87625 0.025
vt 0.87625 0.225
vt 0.87625 0.225
vt 0.87625 0.025
vt 0.87625 0.025
vt 0.87625 0.225
vt 0.87625 0.025
vt 0.87625 0.225
vt 0.87625 0.225
vt 0.87625 0.025
vt 0.87625 0.025
vt 0.87625 0.225
vt 0.87625 0.025
vt 0.87625 0.225
vt 0.87625 0.225
vt 0.87625 0.025
vt 0.87625 0.025
vt 0.87625 0.225
vt 0.87625 0.025
vt 0.87625 0.225
vt 0.87625 0.225
vt 0.87625 0.025
vt 0.5125 0.775
vt 0.5125 0.975
vt 0.54583 0.975
vt 0.54583 0.775
vt 0.5125 0.775
vt 0.54583 0.975
vt 0.54583 0.775
vt 0.54583 0.975
vt 0.57917 0.975
vt 0.57917 0.775
vt 0.54583 0.775
vt 0.57917 0.975
vt 0.57917 0.775
vt 0.57917 0.975
vt 0.6125 0.975
vt 0.6125 0.775
vt 0.57917 0.775
vt 0.6125 0.975
vt 0.5125 0.775
vt 0.5125 0.975
vt 0.54583 0.975
vt 0.54583 0.775
vt 0.5125 0.775
vt 0.54583 0.975
vt 0.54583 0.775
vt 0.54583 0.975
vt 0.57917 0.975
vt 0.57917 0.775
vt 0.54583 0.775
vt 0.57917 0.975
vt 0.57917 0.775
vt 0.57917 0.975
vt 0.6125 0.975
vt 0.6125 0.775
vt 0.57917 0.775
vt 0.6125 0.975
vt 0.5125 0.775
vt 0.5125 0.975
vt 0.54583 0.775
vt 0.5125 0.975
vt 0.54583 0.975
vt 0.54583 0.775
vt 0.54583 0.775
vt 0.54583 0.975
vt 0.57917 0.775
vt 0.54583 0.975
vt 0.57917 0.975
vt 0.57917 0.775
vt 0.57917 0.775
vt 0.57917 0.975
vt 0.6125 0.775
vt 0.57917 0.975
vt 0.6125 0.975
vt 0.6125 0.775
vt 0.5125 0.775
vt 0.5125 0.975
vt 0.54583 0.775
vt 0.5125 0.975
vt 0.54583 0.975
vt 0.54583 0.775
vt 0.54583 0.775
vt 0.54583 0.975
vt 0.57917 0.775
vt 0.54583 0.975
vt 0.57917 0.975
vt 0.57917 0.775
vt 0.57917 0.775
vt 0.57917 0.975
vt 0.6125 0.775
vt 0.57917 0.975
vt 0.6125 0.975
vt 0.6125 0.775
vt 0.87625 0.025
vt 0.87625 0.225
vt 0.87625 0.225
vt 0.87625 0.025
vt 0.87625 0.025
vt 0.87625 0.225
vt 0.87625 0.025
vt 0.87625 0.225
vt 0.87625 0.225
vt 0.87625 0.025
vt 0.87625 0.025
vt 0.87625 0.225
vt 0.87625 0.025
vt 0.87625 0.225
vt 0.87625 0.225
vt 0.87625 0.025
vt 0.87625 0.025
vt 0.87625 0.225
vt 0.87625 0.025
vt 0.87625 0.225
vt 0.87625 0.225
vt 0.87625 0.025
vt 0.87625 0.025
vt 0.87625 0.225
vt 0.87625 0.025
vt 0.87625 0.225
vt 0.87625 0.225
vt 0.87625 0.025
vt 0.87625 0.025
vt 0.87625 0.225
vt 0.87625 0.025
vt 0.87625 0.225
vt 0.87625 0.225
vt 0.87625 0.025
vt 0.87625 0.025
vt 0.87625 0.225
vt 0.87625 0.025
vt 0.87625 0.225
vt 0.87625 0.025
vt 0.87625 0.225
vt 0.87625 0.225
vt 0.87625 0.025
vt 0.87625 0.025
vt 0.87625 0.225
vt 0.87625 0.025
vt 0.87625 0.225
vt 0.87625 0.225
vt 0.87625 0.025
vt 0.87625 0.025
vt 0.87625 0.225
vt 0.87625 0.025
vt 0.87625 0.225
vt 0.87625 0.225
vt 0.87625 0.025
vt 0.87625 0.025
vt 0.87625 0.225
vt 0.87625 0.025
vt 0.87625 0.225
vt 0.87625 0.225
vt 0.87625 0.025
vt 0.87625 0.025
vt 0.87625 0.225
vt 0.87625 0.025
vt 0.87625 0.225
vt 0.87625 0.225
vt 0.87625 0.025
vt 0.87625 0.025
vt 0.87625 0.225
vt 0.87625 0.025
vt 0.87625 0.225
vt 0.87625 0.225
vt 0.87625 0.025
vt 0.5125 0.775
vt 0.5125 0.975
vt 0.54583 0.975
vt 0.54583 0.775
vt 0.5125 0.775
vt 0.54583 0.975
vt 0.54583 0.775
vt 0.54583 0.975
vt 0.57917 0.975
vt 0.57917 0.775
vt 0.54583 0.775
vt 0.57917 0.975
vt 0.57917 0.775
vt 0.57917 0.975
vt 0.6125 0.975
vt 0.6125 0.775
vt 0.57917 0.775
vt 0.6125 0.975
vt 0.5125 0.775
vt 0.5125 0.975
vt 0.54583 0.975
vt 0.54583 0.775
vt 0.5125 0.775
vt 0.54583 0.975
vt 0.54583 0.775
vt 0.54583 0.975
vt 0.57917 0.975
vt 0.57917 0.775
vt 0.54583 0.775
vt 0.57917 0.975
vt 0.57917 0.775
vt 0.57917 0.975
vt 0.6125 0.975
vt 0.6125 0.775
vt 0.57917 0.775
vt 0.6125 0.975
vt 0.5125 0.775
vt 0.5125 0.975
vt 0.54583 0.775
vt 0.5125 0.975
vt 0.54583 0.975
vt 0.54583 0.775
vt 0.54583 0.775
vt 0.54583 0.975
vt 0.57917 0.775
vt 0.54583 0.975
vt 0.57917 0.975
vt 0.57917 0.775
vt 0.57917 0.775
vt 0.57917 0.975
vt 0.6125 0.775
vt 0.57917 0.975
vt 0.6125 0.975
vt 0.6125 0.775
vt 0.5125 0.775
vt 0.5125 0.975
vt 0.54583 0.775
vt 0.5125 0.975
vt 0.54583 0.975
vt 0.54583 0.775
vt 0.54583 0.775
vt 0.54583 0.975
vt 0.57917 0.775
vt 0.54583 0.975
vt 0.57917 0.975
vt 0.57917 0.775
vt 0.57917 0.775
vt 0.57917 0.975
vt 0.6125 0.775
vt 0.57917 0.975
vt 0.6125 0.975
vt 0.6125 0.775
vt 0.1875 0.275
vt 0.1875 0.475
vt 0.20417 0.475
vt 0.20417 0.275
vt 0.1875 0.275
vt 0.20417 0.475
vt 0.20417 0.275
vt 0.20417 0.475
vt 0.22083 0.475
vt 0.22083 0.275
vt 0.20417 0.275
vt 0.22083 0.475
vt 0.22083 0.275
vt 0.22083 0.475
vt 0.2375 0.475
vt 0.2375 0.275
vt 0.22083 0.275
vt 0.2375 0.475
vt 0.1375 0.275
vt 0.1375 0.475
vt 0.15417 0.475
vt 0.15417 0.275
vt 0.1375 0.275
vt 0.15417 0.475
vt 0.15417 0.275
vt 0.15417 0.475
vt 0.17083 0.475
vt 0.17083 0.275
vt 0.15417 0.275
vt 0.17083 0.475
vt 0.17083 0.275
vt 0.17083 0.475
vt 0.1875 0.475
vt 0.1875 0.275
vt 0.17083 0.275
vt 0.1875 0.475
vt 0.1875 0.275
vt 0.1875 0.475
vt 0.20417 0.275
vt 0.1875 0.475
vt 0.20417 0.475
vt 0.20417 0.275
vt 0.20417 0.275
vt 0.20417 0.475
vt 0.22083 0.275
vt 0.20417 0.475
vt 0.22083 0.475
vt 0.22083 0.275
vt 0.22083 0.275
vt 0.22083 0.475
vt 0.2375 0.275
vt 0.22083 0.475
vt 0.2375 0.475
vt 0.2375 0.275
vt 0.1375 0.275
vt 0.1375 0.475
vt 0.15417 0.275
vt 0.1375 0.475
vt 0.15417 0.475
vt 0.15417 0.275
vt 0.15417 0.275
vt 0.15417 0.475
vt 0.17083 0.275
vt 0.15417 0.475
vt 0.17083 0.475
vt 0.17083 0.275
vt 0.17083 0.275
vt 0.17083 0.475
vt 0.1875 0.275
vt 0.17083 0.475
vt 0.1875 0.475
vt 0.1875 0.275
vt 0.3125 0.275
vt 0.3125 0.475
vt 0.32917 0.475
vt 0.32917 0.275
vt 0.3125 0.275
vt 0.32917 0.475
vt 0.32917 0.275
vt 0.32917 0.475
vt 0.34583 0.475
vt 0.34583 0.275
vt 0.32917 0.275
vt 0.34583 0.475
vt 0.34583 0.275
vt 0.34583 0.475
vt 0.3625 0.475
vt 0.3625 0.275
vt 0.34583 0.275
vt 0.3625 0.475
vt 0.2625 0.275
vt 0.2625 0.475
vt 0.27917 0.475
vt 0.27917 0.275
vt 0.2625 0.275
vt 0.27917 0.475
vt 0.27917 0.275
vt 0.27917 0.475
vt 0.29583 0.475
vt 0.29583 0.275
vt 0.27917 0.275
vt 0.29583 0.475
vt 0.29583 0.275
vt 0.29583 0.475
vt 0.3125 0.475
vt 0.3125 0.275
vt 0.29583 0.275
vt 0.3125 0.475
vt 0.3125 0.275
vt 0.3125 0.475
vt 0.32917 0.275
vt 0.3125 0.475
vt 0.32917 0.475
vt 0.32917 0.275
vt 0.32917 0.275
vt 0.32917 0.475
vt 0.34583 0.275
vt 0.32917 0.475
vt 0.34583 0.475
vt 0.34583 0.275
vt 0.34583 0.275
vt 0.34583 0.475
vt 0.3625 0.275
vt 0.34583 0.475
vt 0.3625 0.475
vt 0.3625 0.275
vt 0.2625 0.275
vt 0.2625 0.475
vt 0.27917 0.275
vt 0.2625 0.475
vt 0.27917 0.475
vt 0.27917 0.275
vt 0.27917 0.275
vt 0.27917 0.475
vt 0.29583 0.275
vt 0.27917 0.475
vt 0.29583 0.475
vt 0.29583 0.275
vt 0.29583 0.275
vt 0.29583 0.475
vt 0.3125 0.275
vt 0.29583 0.475
vt 0.3125 0.475
vt 0.3125 0.275
vt 0.5625 0.775
vt 0.5625 0.975
vt 0.57917 0.975
vt 0.57917 0.775
vt 0.5625 0.775
vt 0.57917 0.975
vt 0.57917 0.775
vt 0.57917 0.975
vt 0.59583 0.975
vt 0.59583 0.775
vt 0.57917 0.775
vt 0.59583 0.975
vt 0.59583 0.775
vt 0.59583 0.975
vt 0.6125 0.975
vt 0.6125 0.775
vt 0.59583 0.775
vt 0.6125 0.975
vt 0.5125 0.775
vt 0.5125 0.975
vt 0.52917 0.975
vt 0.52917 0.775
vt 0.5125 0.775
vt 0.52917 0.975
vt 0.52917 0.775
vt 0.52917 0.975
vt 0.54583 0.975
vt 0.54583 0.775
vt 0.52917 0.775
vt 0.54583 0.975
vt 0.54583 0.775
vt 0.54583 0.975
vt 0.5625 0.975
vt 0.5625 0.775
vt 0.54583 0.775
vt 0.5625 0.975
vt 0.5625 0.775
vt 0.5625 0.975
vt 0.57917 0.775
vt 0.5625 0.975
vt 0.57917 0.975
vt 0.57917 0.775
vt 0.57917 0.775
vt 0.57917 0.975
vt 0.59583 0.775
vt 0.57917 0.975
vt 0.59583 0.975
vt 0.59583 0.775
vt 0.59583 0.775
vt 0.59583 0.975
vt 0.6125 0.775
vt 0.59583 0.975
vt 0.6125 0.975
vt 0.6125 0.775
vt 0.5125 0.775
vt 0.5125 0.975
vt 0.52917 0.775
vt 0.5125 0.975
vt 0.52917 0.975
vt 0.52917 0.775
vt 0.52917 0.775
vt 0.52917 0.975
vt 0.54583 0.775
vt 0.52917 0.975
vt 0.54583 0.975
vt 0.54583 0.775
vt 0.54583 0.775
vt 0.54583 0.975
vt 0.5625 0.775
vt 0.54583 0.975
vt 0.5625 0.975
vt 0.5625 0.775
vt 0.87625 0.025
vt 0.87625 0.225
vt 0.87625 0.225
vt 0.87625 0.025
vt 0.87625 0.025
vt 0.87625 0.225
vt 0.87625 0.025
vt 0.87625 0.225
vt 0.87625 0.225
vt 0.87625 0.025
vt 0.87625 0.025
vt 0.87625 0.225
vt 0.87625 0.025
vt 0.87625 0.225
vt 0.87625 0.225
vt 0.87625 0.025
vt 0.87625 0.025
vt 0.87625 0.225
vt 0.87625 0.025
vt 0.87625 0.225
vt 0.87625 0.225
vt 0.87625 0.025
vt 0.87625 0.025
vt 0.87625 0.225
vt 0.87625 0.025
vt 0.87625 0.225
vt 0.87625 0.225
vt 0.87625 0.025
vt 0.87625 0.025
vt 0.87625 0.225
vt 0.87625 0.025
vt 0.87625 0.225
vt 0.87625 0.225
vt 0.87625 0.025
vt 0.87625 0.025
vt 0.87625 0.225
vt 0.87625 0.025
vt 0.87625 0.225
vt 0.87625 0.025
vt 0.87625 0.225
vt 0.87625 0.225
vt 0.87625 0.025
vt 0.87625 0.025
vt 0.87625 0.225
vt 0.87625 0.025
vt 0.87625 0.225
vt 0.87625 0.225
vt 0.87625 0.025
vt 0.87625 0.025
vt 0.87625 0.225
vt 0.87625 0.025
vt 0.87625 0.225
vt 0.87625 0.225
vt 0.87625 0.025
vt 0.87625 0.025
vt 0.87625 0.225
vt 0.87625 0.025
vt 0.87625 0.225
vt 0.87625 0.225
vt 0.87625 0.025
vt 0.87625 0.025
vt 0.87625 0.225
vt 0.87625 0.025
vt 0.87625 0.225
vt 0.87625 0.225
vt 0.87625 0.025
vt 0.87625 0.025
vt 0.87625 0.225
vt 0.87625 0.025
vt 0.87625 0.225
vt 0.87625 0.225
vt 0.87625 0.025
vt 0.5125 0.775
vt 0.5125 0.975
vt 0.54583 0.975
vt 0.54583 0.775
vt 0.5125 0.775
vt 0.54583 0.975
vt 0.54583 0.775
vt 0.54583 0.975
vt 0.57917 0.975
vt 0.57917 0.775
vt 0.54583 0.775
vt 0.57917 0.975
vt 0.57917 0.775
vt 0.57917 0.975
vt 0.6125 0.975
vt 0.6125 0.775
vt 0.57917 0.775
vt 0.6125 0.975
vt 0.5125 0.775
vt 0.5125 0.975
vt 0.54583 0.975
vt 0.54583 0.775
vt 0.5125 0.775
vt 0.54583 0.975
vt 0.54583 0.775
vt 0.54583 0.975
vt 0.57917 0.975
vt 0.57917 0.775
vt 0.54583 0.775
vt 0.57917 0.975
vt 0.57917 0.775
vt 0.57917 0.975
vt 0.6125 0.975
vt 0.6125 0.775
vt 0.57917 0.775
vt 0.6125 0.975
vt 0.5125 0.775
vt 0.5125 0.975
vt 0.54583 0.775
vt 0.5125 0.975
vt 0.54583 0.975
vt 0.54583 0.775
vt 0.54583 0.775
vt 0.54583 0.975
vt 0.57917 0.775
vt 0.54583 0.975
vt 0.57917 0.975
vt 0.57917 0.775
vt 0.57917 0.775
vt 0.57917 0.975
vt 0.6125 0.775
vt 0.57917 0.975
vt 0.6125 0.975
vt 0.6125 0.775
vt 0.5125 0.775
vt 0.5125 0.975
vt 0.54583 0.775
vt 0.5125 0.975
vt 0.54583 0.975
vt 0.54583 0.775
vt 0.54583 0.775
vt 0.54583 0.975
vt 0.57917 0.775
vt 0.54583 0.975
vt 0.57917 0.975
vt 0.57917 0.775
vt 0.57917 0.775
vt 0.57917 0.975
vt 0.6125 0.775
vt 0.57917 0.975
vt 0.6125 0.975
vt 0.6125 0.775
vt 0.87625 0.025
vt 0.87625 0.225
vt 0.87625 0.225
vt 0.87625 0.025
vt 0.87625 0.025
vt 0.87625 0.225
vt 0.87625 0.025
vt 0.87625 0.225
vt 0.87625 0.225
vt 0.87625 0.025
vt 0.87625 0.025
vt 0.87625 0.225
vt 0.87625 0.025
vt 0.87625 0.225
vt 0.87625 0.225
vt 0.87625 0.025
vt 0.87625 0.025
vt 0.87625 0.225
vt 0.87625 0.025
vt 0.87625 0.225
vt 0.87625 0.225
vt 0.87625 0.025
vt 0.87625 0.025
vt 0.87625 0.225
vt 0.87625 0.025
vt 0.87625 0.225
vt 0.87625 0.225
vt 0.87625 0.025
vt 0.87625 0.025
vt 0.87625 0.225
vt 0.87625 0.025
vt 0.87625 0.225
vt 0.87625 0.225
vt 0.87625 0.025
vt 0.87625 0.025
vt 0.87625 0.225
vt 0.87625 0.025
vt 0.87625 0.225
vt 0.87625 0.025
vt 0.87625 0.225
vt 0.87625 0.225
vt 0.87625 0.025
vt 0.87625 0.025
vt 0.87625 0.225
vt 0.87625 0.025
vt 0.87625 0.225
vt 0.87625 0.225
vt 0.87625 0.025
vt 0.87625 0.025
vt 0.87625 0.225
vt 0.87625 0.025
vt 0.87625 0.225
vt 0.87625 0.225
vt 0.87625 0.025
vt 0.87625 0.025
vt 0.87625 0.225
vt 0.87625 0.025
vt 0.87625 0.225
vt 0.87625 0.225
vt 0.87625 0.025
vt 0.87625 0.025
vt 0.87625 0.225
vt 0.87625 0.025
vt 0.87625 0.225
vt 0.87625 0.225
vt 0.87625 0.025
vt 0.87625 0.025
vt 0.87625 0.225
vt 0.87625 0.025
vt 0.87625 0.225
vt 0.87625 0.225
vt 0.87625 0.025
vt 0.5125 0.775
vt 0.5125 0.975
vt 0.54583 0.975
vt 0.54583 0.775
vt 0.5125 0.775
vt 0.54583 0.975
vt 0.54583 0.775
vt 0.54583 0.975
vt 0.57917 0.975
vt 0.57917 0.775
vt 0.54583 0.775
vt 0.57917 0.975
vt 0.57917 0.775
vt 0.57917 0.975
vt 0.6125 0.975
vt 0.6125 0.775
vt 0.57917 0.775
vt 0.6125 0.975
vt 0.5125 0.775
vt 0.5125 0.975
vt 0.54583 0.975
vt 0.54583 0.775
vt 0.5125 0.775
vt 0.54583 0.975
vt 0.54583 0.775
vt 0.54583 0.975
vt 0.57917 0.975
vt 0.57917 0.775
vt 0.54583 0.775
vt 0.57917 0.975
vt 0.57917 0.775
vt 0.57917 0.975
vt 0.6125 0.975
vt 0.6125 0.775
vt 0.57917 0.775
vt 0.6125 0.975
vt 0.5125 0.775
vt 0.5125 0.975
vt 0.54583 0.775
vt 0.5125 0.975
vt 0.54583 0.975
vt 0.54583 0.775
vt 0.54583 0.775
vt 0.54583 0.975
vt 0.57917 0.775
vt 0.54583 0.975
vt 0.57917 0.975
vt 0.57917 0.775
vt 0.57917 0.775
vt 0.57917 0.975
vt 0.6125 0.775
vt 0.57917 0.975
vt 0.6125 0.975
vt 0.6125 0.775
vt 0.5125 0.775
vt 0.5125 0.975
vt 0.54583 0.775
vt 0.5125 0.975
vt 0.54583 0.975
vt 0.54583 0.775
vt 0.54583 0.775
vt 0.54583 0.975
vt 0.57917 0.775
vt 0.54583 0.975
vt 0.57917 0.975
vt 0.57917 0.775
vt 0.57917 0.775
vt 0.57917 0.975
vt 0.6125 0.775
vt 0.57917 0.975
vt 0.6125 0.975
vt 0.6125 0.775
vt 0.1875 0.275
vt 0.1875 0.475
vt 0.20417 0.475
vt 0.20417 0.275
vt 0.1875 0.275
vt 0.20417 0.475
vt 0.20417 0.275
vt 0.20417 0.475
vt 0.22083 0.475
vt 0.22083 0.275
vt 0.20417 0.275
vt 0.22083 0.475
vt 0.22083 0.275
vt 0.22083 0.475
vt 0.2375 0.475
vt 0.2375 0.275
vt 0.22083 0.275
vt 0.2375 0.475
vt 0.1375 0.275
vt 0.1375 0.475
vt 0.15417 0.475
vt 0.15417 0.275
vt 0.1375 0.275
vt 0.15417 0.475
vt 0.15417 0.275
vt 0.15417 0.475
vt 0.17083 0.475
vt 0.17083 0.275
vt 0.15417 0.275
vt 0.17083 0.475
vt 0.17083 0.275
vt 0.17083 0.475
vt 0.1875 0.475
vt 0.1875 0.275
vt 0.17083 0.275
vt 0.1875 0.475
vt 0.1875 0.275
vt 0.1875 0.475
vt 0.20417 0.275
vt 0.1875 0.475
vt 0.20417 0.475
vt 0.20417 0.275
vt 0.20417 0.275
vt 0.20417 0.475
vt 0.22083 0.275
vt 0.20417 0.475
vt 0.22083 0.475
vt 0.22083 0.275
vt 0.22083 0.275
vt 0.22083 0.475
vt 0.2375 0.275
vt 0.22083 0.475
vt 0.2375 0.475
vt 0.2375 0.275
vt 0.1375 0.275
vt 0.1375 0.475
vt 0.15417 0.275
vt 0.1375 0.475
vt 0.15417 0.475
vt 0.15417 0.275
vt 0.15417 0.275
vt 0.15417 0.475
vt 0.17083 0.275
vt 0.15417 0.475
vt 0.17083 0.475
vt 0.17083 0.275
vt 0.17083 0.275
vt 0.17083 0.475
vt 0.1875 0.275
vt 0.17083 0.475
vt 0.1875 0.475
vt 0.1875 0.275
vt 0.3125 0.275
vt 0.3125 0.475
vt 0.32917 0.475
vt 0.32917 0.275
vt 0.3125 0.275
vt 0.32917 0.475
vt 0.32917 0.275
vt 0.32917 0.475
vt 0.34583 0.475
vt 0.34583 0.275
vt 0.32917 0.275
vt 0.34583 0.475
vt 0.34583 0.275
vt 0.34583 0.475
vt 0.3625 0.475
vt 0.3625 0.275
vt 0.34583 0.275
vt 0.3625 0.475
vt 0.2625 0.275
vt 0.2625 0.475
vt 0.27917 0.475
vt 0.27917 0.275
vt 0.2625 0.275
vt 0.27917 0.475
vt 0.27917 0.275
vt 0.27917 0.475
vt 0.29583 0.475
vt 0.29583 0.275
vt 0.27917 0.275
vt 0.29583 0.475
vt 0.29583 0.275
vt 0.29583 0.475
vt 0.3125 0.475
vt 0.3125 0.275
vt 0.29583 0.275
vt 0.3125 0.475
vt 0.3125 0.275
vt 0.3125 0.475
vt 0.32917 0.275
vt 0.3125 0.475
vt 0.32917 0.475
vt 0.32917 0.275
vt 0.32917 0.275
vt 0.32917 0.475
vt 0.34583 0.275
vt 0.32917 0.475
vt 0.34583 0.475
vt 0.34583 0.275
vt 0.34583 0.275
vt 0.34583 0.475
vt 0.3625 0.275
vt 0.34583 0.475
vt 0.3625 0.475
vt 0.3625 0.275
vt 0.2625 0.275
vt 0.2625 0.475
vt 0.27917 0.275
vt 0.2625 0.475
vt 0.27917 0.475
vt 0.27917 0.275
vt 0.27917 0.275
vt 0.27917 0.475
vt 0.29583 0.275
vt 0.27917 0.475
vt 0.29583 0.475
vt 0.29583 0.275
vt 0.29583 0.275
vt 0.29583 0.475
vt 0.3125 0.275
vt 0.29583 0.475
vt 0.3125 0.475
vt 0.3125 0.275
vt 0.5625 0.775
vt 0.5625 0.975
vt 0.57917 0.975
vt 0.57917 0.775
vt 0.5625 0.775
vt 0.57917 0.975
vt 0.57917 0.775
vt 0.57917 0.975
vt 0.59583 0.975
vt 0.59583 0.775
vt 0.57917 0.775
vt 0.59583 0.975
vt 0.59583 0.775
vt 0.59583 0.975
vt 0.6125 0.975
vt 0.6125 0.775
vt 0.59583 0.775
vt 0.6125 0.975
vt 0.5125 0.775
vt 0.5125 0.975
vt 0.52917 0.975
vt 0.52917 0.775
vt 0.5125 0.775
vt 0.52917 0.975
vt 0.52917 0.775
vt 0.52917 0.975
vt 0.54583 0.975
vt 0.54583 0.775
vt 0.52917 0.775
vt 0.54583 0.975
vt 0.54583 0.775
vt 0.54583 0.975
vt 0.5625 0.975
vt 0.5625 0.775
vt 0.54583 0.775
vt 0.5625 0.975
vt 0.5625 0.775
vt 0.5625 0.975
vt 0.57917 0.775
vt 0.5625 0.975
vt 0.57917 0.975
vt 0.57917 0.775
vt 0.57917 0.775
vt 0.57917 0.975
vt 0.59583 0.775
vt 0.57917 0.975
vt 0.59583 0.975
vt 0.59583 0.775
vt 0.59583 0.775
vt 0.59583 0.975
vt 0.6125 0.775
vt 0.59583 0.975
vt 0.6125 0.975
vt 0.6125 0.775
vt 0.5125 0.775
vt 0.5125 0.975
vt 0.52917 0.775
vt 0.5125 0.975
vt 0.52917 0.975
vt 0.52917 0.775
vt 0.52917 0.775
vt 0.52917 0.975
vt 0.54583 0.775
vt 0.52917 0.975
vt 0.54583 0.975
vt 0.54583 0.775
vt 0.54583 0.775
vt 0.54583 0.975
vt 0.5625 0.775
vt 0.54583 0.975
vt 0.5625 0.975
vt 0.5625 0.775
vt 0.87625 0.025
vt 0.87625 0.225
vt 0.87625 0.225
vt 0.87625 0.025
vt 0.87625 0.025
vt 0.87625 0.225
vt 0.87625 0.025
vt 0.87625 0.225
vt 0.87625 0.225
vt 0.87625 0.025
vt 0.87625 0.025
vt 0.87625 0.225
vt 0.87625 0.025
vt 0.87625 0.225
vt 0.87625 0.225
vt 0.87625 0.025
vt 0.87625 0.025
vt 0.87625 0.225
vt 0.87625 0.025
vt 0.87625 0.225
vt 0.87625 0.225
vt 0.87625 0.025
vt 0.87625 0.025
vt 0.87625 0.225
vt 0.87625 0.025
vt 0.87625 0.225
vt 0.87625 0.225
vt 0.87625 0.025
vt 0.87625 0.025
vt 0.87625 0.225
vt 0.87625 0.025
vt 0.87625 0.225
vt 0.87625 0.225
vt 0.87625 0.025
vt 0.87625 0.025
vt 0.87625 0.225
vt 0.87625 0.025
vt 0.87625 0.225
vt 0.87625 0.025
vt 0.87625 0.225
vt 0.87625 0.225
vt 0.87625 0.025
vt 0.87625 0.025
vt 0.87625 0.225
vt 0.87625 0.025
vt 0.87625 0.225
vt 0.87625 0.225
vt 0.87625 0.025
vt 0.87625 0.025
vt 0.87625 0.225
vt 0.87625 0.025
vt 0.87625 0.225
vt 0.87625 0.225
vt 0.87625 0.025
vt 0.87625 0.025
vt 0.87625 0.225
vt 0.87625 0.025
vt 0.87625 0.225
vt 0.87625 0.225
vt 0.87625 0.025
vt 0.87625 0.025
vt 0.87625 0.225
vt 0.87625 0.025
vt 0.87625 0.225
vt 0.87625 0.225
vt 0.87625 0.025
vt 0.87625 0.025
vt 0.87625 0.225
vt 0.87625 0.025
vt 0.87625 0.225
vt 0.87625 0.225
vt 0.87625 0.025
vt 0.5125 0.775
vt 0.5125 0.975
vt 0.54583 0.975
vt 0.54583 0.775
vt 0.5125 0.775
vt 0.54583 0.975
vt 0.54583 0.775
vt 0.54583 0.975
vt 0.57917 0.975
vt 0.57917 0.775
vt 0.54583 0.775
vt 0.57917 0.975
vt 0.57917 0.775
vt 0.57917 0.975
vt 0.6125 0.975
vt 0.6125 0.775
vt 0.57917 0.775
vt 0.6125 0.975
vt 0.5125 0.775
vt 0.5125 0.975
vt 0.54583 0.975
vt 0.54583 0.775
vt 0.5125 0.775
vt 0.54583 0.975
vt 0.54583 0.775
vt 0.54583 0.975
vt 0.57917 0.975
vt 0.57917 0.775
vt 0.54583 0.775
vt 0.57917 0.975
vt 0.57917 0.775
vt 0.57917 0.975
vt 0.6125 0.975
vt 0.6125 0.775
vt 0.57917 0.775
vt 0.6125 0.975
vt 0.5125 0.775
vt 0.5125 0.975
vt 0.54583 0.775
vt 0.5125 0.975
vt 0.54583 0.975
vt 0.54583 0.775
vt 0.54583 0.775
vt 0.54583 0.975
vt 0.57917 0.775
vt 0.54583 0.975
vt 0.57917 0.975
vt 0.57917 0.775
vt 0.57917 0.775
vt 0.57917 0.975
vt 0.6125 0.775
vt 0.57917 0.975
vt 0.6125 0.975
vt 0.6125 0.775
vt 0.5125 0.775
vt 0.5125 0.975
vt 0.54583 0.775
vt 0.5125 0.975
vt 0.54583 0.975
vt 0.54583 0.775
vt 0.54583 0.775
vt 0.54583 0.975
vt 0.57917 0.775
vt 0.54583 0.975
vt 0.57917 0.975
vt 0.57917 0.775
vt 0.57917 0.775
vt 0.57917 0.975
vt 0.6125 0.775
vt 0.57917 0.975
vt 0.6125 0.975
vt 0.6125 0.775
vt 0.87625 0.025
vt 0.87625 0.225
vt 0.87625 0.225
vt 0.87625 0.025
vt 0.87625 0.025
vt 0.87625 0.225
vt 0.87625 0.025
vt 0.87625 0.225
vt 0.87625 0.225
vt 0.87625 0.025
vt 0.87625 0.025
vt 0.87625 0.225
vt 0.87625 0.025
vt 0.87625 0.225
vt 0.87625 0.225
vt 0.87625 0.025
vt 0.87625 0.025
vt 0.87625 0.225
vt 0.87625 0.025
vt 0.87625 0.225
vt 0.87625 0.225
vt 0.87625 0.025
vt 0.87625 0.025
vt 0.87625 0.225
vt 0.87625 0.025
vt 0.87625 0.225
vt 0.87625 0.225
vt 0.87625 0.025
vt 0.87625 0.025
vt 0.87625 0.225
vt 0.87625 0.025
vt 0.87625 0.225
vt 0.87625 0.225
vt 0.87625 0.025
vt 0.87625 0.025
vt 0.87625 0.225
vt 0.87625 0.025
vt 0.87625 0.225
vt 0.87625 0.025
vt 0.87625 0.225
vt 0.87625 0.225
vt 0.87625 0.025
vt 0.87625 0.025
vt 0.87625 0.225
vt 0.87625 0.025
vt 0.87625 0.225
vt 0.87625 0.225
vt 0.87625 0.025
vt 0.87625 0.025
vt 0.87625 0.225
vt 0.87625 0.025
vt 0.87625 0.225
vt 0.87625 0.225
vt 0.87625 0.025
vt 0.87625 0.025
vt 0.87625 0.225
vt 0.87625 0.025
vt 0.87625 0.225
vt 0.87625 0.225
vt 0.87625 0.025
vt 0.87625 0.025
vt 0.87625 0.225
vt 0.87625 0.025
vt 0.87625 0.225
vt 0.87625 0.225
vt 0.87625 0.025
vt 0.87625 0.025
vt 0.87625 0.225
vt 0.87625 0.025
vt 0.87625 0.225
vt 0.87625 0.225
vt 0.87625 0.025
vt 0.5125 0.775
vt 0.5125 0.975
vt 0.54583 0.975
vt 0.54583 0.775
vt 0.5125 0.775
vt 0.54583 0.975
vt 0.54583 0.775
vt 0.54583 0.975
vt 0.57917 0.975
vt 0.57917 0.775
vt 0.54583 0.775
vt 0.57917 0.975
vt 0.57917 0.775
vt 0.57917 0.975
vt 0.6125 0.975
vt 0.6125 0.775
vt 0.57917 0.775
vt 0.6125 0.975
vt 0.5125 0.775
vt 0.5125 0.975
vt 0.54583 0.975
vt 0.54583 0.775
vt 0.5125 0.775
vt 0.54583 0.975
vt 0.54583 0.775
vt 0.54583 0.975
vt 0.57917 0.975
vt 0.57917 0.775
vt 0.54583 0.775
vt 0.57917 0.975
vt 0.57917 0.775
vt 0.57917 0.975
vt 0.6125 0.975
vt 0.6125 0.775
vt 0.57917 0.775
vt 0.6125 0.975
vt 0.5125 0.775
vt 0.5125 0.975
vt 0.54583 0.775
vt 0.5125 0.975
vt 0.54583 0.975
vt 0.54583 0.775
vt 0.54583 0.775
vt 0.54583 0.975
vt 0.57917 0.775
vt 0.54583 0.975
vt 0.57917 0.975
vt 0.57917 0.775
vt 0.57917 0.775
vt 0.57917 0.975
vt 0.6125 0.775
vt 0.57917 0.975
vt 0.6125 0.975
vt 0.6125 0.775
vt 0.5125 0.775
vt 0.5125 0.975
vt 0.54583 0.775
vt 0.5125 0.975
vt 0.54583 0.975
vt 0.54583 0.775
vt 0.54583 0.775
vt 0.54583 0.975
vt 0.57917 0.775
vt 0.54583 0.975
vt 0.57917 0.975
vt 0.57917 0.775
vt 0.57917 0.775
vt 0.57917 0.975
vt 0.6125 0.775
vt 0.57917 0.975
vt 0.6125 0.975
vt 0.6125 0.775
vt 0.3125 0.275
vt 0.3125 0.475
vt 0.32917 0.475
vt 0.32917 0.275
vt 0.3125 0.275
vt 0.32917 0.475
vt 0.32917 0.275
vt 0.32917 0.475
vt 0.34583 0.475
vt 0.34583 0.275
vt 0.32917 0.275
vt 0.34583 0.475
vt 0.34583 0.275
vt 0.34583 0.475
vt 0.3625 0.475
vt 0.3625 0.275
vt 0.34583 0.275
vt 0.3625 0.475
vt 0.2625 0.275
vt 0.2625 0.475
vt 0.27917 0.475
vt 0.27917 0.275
vt 0.2625 0.275
vt 0.27917 0.475
vt 0.27917 0.275
vt 0.27917 0.475
vt 0.29583 0.475
vt 0.29583 0.275
vt 0.27917 0.275
vt 0.29583 0.475
vt 0.29583 0.275
vt 0.29583 0.475
vt 0.3125 0.475
vt 0.3125 0.275
vt 0.29583 0.275
vt 0.3125 0.475
vt 0.3125 0.275
vt 0.3125 0.475
vt 0.32917 0.275
vt 0.3125 0.475
vt 0.32917 0.475
vt 0.32917 0.275
vt 0.32917 0.275
vt 0.32917 0.475
vt 0.34583 0.275
vt 0.32917 0.475
vt 0.34583 0.475
vt 0.34583 0.275
vt 0.34583 0.275
vt 0.34583 0.475
vt 0.3625 0.275
vt 0.34583 0.475
vt 0.3625 0.475
vt 0.3625 0.275
vt 0.2625 0.275
vt 0.2625 0.475
vt 0.27917 0.275
vt 0.2625 0.475
vt 0.27917 0.475
vt 0.27917 0.275
vt 0.27917 0.275
vt 0.27917 0.475
vt 0.29583 0.275
vt 0.27917 0.475
vt 0.29583 0.475
vt 0.29583 0.275
vt 0.29583 0.275
vt 0.29583 0.475
vt 0.3125 0.275
vt 0.29583 0.475
vt 0.3125 0.475
vt 0.3125 0.275
vt 0.5125 0.775
vt 0.5125 0.975
vt 0.54583 0.975
vt 0.54583 0.775
vt 0.5125 0.775
vt 0.54583 0.975
vt 0.54583 0.775
vt 0.54583 0.975
vt 0.57917 0.975
vt 0.57917 0.775
vt 0.54583 0.775
vt 0.57917 0.975
vt 0.57917 0.775
vt 0.57917 0.975
vt 0.6125 0.975
vt 0.6125 0.775
vt 0.57917 0.775
vt 0.6125 0.975
vt 0.5125 0.775
vt 0.5125 0.975
vt 0.54583 0.975
vt 0.54583 0.775
vt 0.5125 0.775
vt 0.54583 0.975
vt 0.54583 0.775
vt 0.54583 0.975
vt 0.57917 0.975
vt 0.57917 0.775
vt 0.54583 0.775
vt 0.57917 0.975
vt 0.57917 0.775
vt 0.57917 0.975
vt 0.6125 0.975
vt 0.6125 0.775
vt 0.57917 0.775
vt 0.6125 0.975
vt 0.5125 0.775
vt 0.5125 0.975
vt 0.54583 0.775
vt 0.5125 0.975
vt 0.54583 0.975
vt 0.54583 0.775
vt 0.54583 0.775
vt 0.54583 0.975
vt 0.57917 0.775
vt 0.54583 0.975
vt 0.57917 0.975
vt 0.57917 0.775
vt 0.57917 0.775
vt 0.57917 0.975
vt 0.6125 0.775
vt 0.57917 0.975
vt 0.6125 0.975
vt 0.6125 0.775
vt 0.5125 0.775
vt 0.5125 0.975
vt 0.54583 0.775
vt 0.5125 0.975
vt 0.54583 0.975
vt 0.54583 0.775
vt 0.54583 0.775
vt 0.54583 0.975
vt 0.57917 0.775
vt 0.54583 0.975
vt 0.57917 0.975
vt 0.57917 0.775
vt 0.57917 0.775
vt 0.57917 0.975
vt 0.6125 0.775
vt 0.57917 0.975
vt 0.6125 0.975
vt 0.6125 0.775
vt 0.1375 0.275
vt 0.1375 0.475
vt 0.17083 0.475
vt 0.17083 0.275
vt 0.1375 0.275
vt 0.17083 0.475
vt 0.17083 0.275
vt 0.17083 0.475
vt 0.20417 0.475
vt 0.20417 0.275
vt 0.17083 0.275
vt 0.20417 0.475
vt 0.20417 0.275
vt 0.20417 0.475
vt 0.2375 0.475
vt 0.2375 0.275
vt 0.20417 0.275
vt 0.2375 0.475
vt 0.1375 0.275
vt 0.1375 0.475
vt 0.17083 0.475
vt 0.17083 0.275
vt 0.1375 0.275
vt 0.17083 0.475
vt 0.17083 0.275
vt 0.17083 0.475
vt 0.20417 0.475
vt 0.20417 0.275
vt 0.17083 0.275
vt 0.20417 0.475
vt 0.20417 0.275
vt 0.20417 0.475
vt 0.2375 0.475
vt 0.2375 0.275
vt 0.20417 0.275
vt 0.2375 0.475
vt 0.1375 0.275
vt 0.1375 0.475
vt 0.17083 0.275
vt 0.1375 0.475
vt 0.17083 0.475
vt 0.17083 0.275
vt 0.17083 0.275
vt 0.17083 0.475
vt 0.20417 0.275
vt 0.17083 0.475
vt 0.20417 0.475
vt 0.20417 0.275
vt 0.20417 0.275
vt 0.20417 0.475
vt 0.2375 0.275
vt 0.20417 0.475
vt 0.2375 0.475
vt 0.2375 0.275
vt 0.1375 0.275
vt 0.1375 0.475
vt 0.17083 0.275
vt 0.1375 0.475
vt 0.17083 0.475
vt 0.17083 0.275
vt 0.17083 0.275
vt 0.17083 0.475
vt 0.20417 0.275
vt 0.17083 0.475
vt 0.20417 0.475
vt 0.20417 0.275
vt 0.20417 0.275
vt 0.20417 0.475
vt 0.2375 0.275
vt 0.20417 0.475
vt 0.2375 0.475
vt 0.2375 0.275
vt 0.2625 0.275
vt 0.2625 0.475
vt 0.29583 0.475
vt 0.29583 0.275
vt 0.2625 0.275
vt 0.29583 0.475
vt 0.29583 0.275
vt 0.29583 0.475
vt 0.32917 0.475
vt 0.32917 0.275
vt 0.29583 0.275
vt 0.32917 0.475
vt 0.32917 0.275
vt 0.32917 0.475
vt 0.3625 0.475
vt 0.3625 0.275
vt 0.32917 0.275
vt 0.3625 0.475
vt 0.2625 0.275
vt 0.2625 0.475
vt 0.29583 0.475
vt 0.29583 0.275
vt 0.2625 0.275
vt 0.29583 0.475
vt 0.29583 0.275
vt 0.29583 0.475
vt 0.32917 0.475
vt 0.32917 0.275
vt 0.29583 0.275
vt 0.32917 0.475
vt 0.32917 0.275
vt 0.32917 0.475
vt 0.3625 0.475
vt 0.3625 0.275
vt 0.32917 0.275
vt 0.3625 0.475
vt 0.2625 0.275
vt 0.2625 0.475
vt 0.29583 0.275
vt 0.2625 0.475
vt 0.29583 0.475
vt 0.29583 0.275
vt 0.29583 0.275
vt 0.29583 0.475
vt 0.32917 0.275
vt 0.29583 0.475
vt 0.32917 0.475
vt 0.32917 0.275
vt 0.32917 0.275
vt 0.32917 0.475
vt 0.3625 0.275
vt 0.32917 0.475
vt 0.3625 0.475
vt 0.3625 0.275
vt 0.2625 0.275
vt 0.2625 0.475
vt 0.29583 0.275
vt 0.2625 0.475
vt 0.29583 0.475
vt 0.29583 0.275
vt 0.29583 0.275
vt 0.29583 0.475
vt 0.32917 0.275
vt 0.29583 0.475
vt 0.32917 0.475
vt 0.32917 0.275
vt 0.32917 0.275
vt 0.32917 0.475
vt 0.3625 0.275
vt 0.32917 0.475
vt 0.3625 0.475
vt 0.3625 0.275
vt 0.5625 0.775
vt 0.5625 0.975
vt 0.57917 0.975
vt 0.57917 0.775
vt 0.5625 0.775
vt 0.57917 0.975
vt 0.57917 0.775
vt 0.57917 0.975
vt 0.59583 0.975
vt 0.59583 0.775
vt 0.57917 0.775
vt 0.59583 0.975
vt 0.59583 0.775
vt 0.59583 0.975
vt 0.6125 0.975
vt 0.6125 0.775
vt 0.59583 0.775
vt 0.6125 0.975
vt 0.5125 0.775
vt 0.5125 0.975
vt 0.52917 0.975
vt 0.52917 0.775
vt 0.5125 0.775
vt 0.52917 0.975
vt 0.52917 0.775
vt 0.52917 0.975
vt 0.54583 0.975
vt 0.54583 0.775
vt 0.52917 0.775
vt 0.54583 0.975
vt 0.54583 0.775
vt 0.54583 0.975
vt 0.5625 0.975
vt 0.5625 0.775
vt 0.54583 0.775
vt 0.5625 0.975
vt 0.5625 0.775
vt 0.5625 0.975
vt 0.57917 0.775
vt 0.5625 0.975
vt 0.57917 0.975
vt 0.57917 0.775
vt 0.57917 0.775
vt 0.57917 0.975
vt 0.59583 0.775
vt 0.57917 0.975
vt 0.59583 0.975
vt 0.59583 0.775
vt 0.59583 0.775
vt 0.59583 0.975
vt 0.6125 0.775
vt 0.59583 0.975
vt 0.6125 0.975
vt 0.6125 0.775
vt 0.5125 0.775
vt 0.5125 0.975
vt 0.52917 0.775
vt 0.5125 0.975
vt 0.52917 0.975
vt 0.52917 0.775
vt 0.52917 0.775
vt 0.52917 0.975
vt 0.54583 0.775
vt 0.52917 0.975
vt 0.54583 0.975
vt 0.54583 0.775
vt 0.54583 0.775
vt 0.54583 0.975
vt 0.5625 0.775
vt 0.54583 0.975
vt 0.5625 0.975
vt 0.5625 0.775
vt 0.6875 0.525
vt 0.6875 0.725
vt 0.70417 0.725
vt 0.70417 0.525
vt 0.6875 0.525
vt 0.70417 0.725
vt 0.70417 0.525
vt 0.70417 0.725
vt 0.72083 0.725
vt 0.72083 0.525
vt 0.70417 0.525
vt 0.72083 0.725
vt 0.72083 0.525
vt 0.72083 0.725
vt 0.7375 0.725
vt 0.7375 0.525
vt 0.72083 0.525
vt 0.7375 0.725
vt 0.6375 0.525
vt 0.6375 0.725
vt 0.65417 0.725
vt 0.65417 0.525
vt 0.6375 0.525
vt 0.65417 0.725
vt 0.65417 0.525
vt 0.65417 0.725
vt 0.67083 0.725
vt 0.67083 0.525
vt 0.65417 0.525
vt 0.67083 0.725
vt 0.67083 0.525
vt 0.67083 0.725
vt 0.6875 0.725
vt 0.6875 0.525
vt 0.67083 0.525
vt 0.6875 0.725
vt 0.6875 0.525
vt 0.6875 0.725
vt 0.70417 0.525
vt 0.6875 0.725
vt 0.70417 0.725
vt 0.70417 0.525
vt 0.70417 0.525
vt 0.70417 0.725
vt 0.72083 0.525
vt 0.70417 0.725
vt 0.72083 0.725
vt 0.72083 0.525
vt 0.72083 0.525
vt 0.72083 0.725
vt 0.7375 0.525
vt 0.72083 0.725
vt 0.7375 0.725
vt 0.7375 0.525
vt 0.6375 0.525
vt 0.6375 0.725
vt 0.65417 0.525
vt 0.6375 0.725
vt 0.65417 0.725
vt 0.65417 0.525
vt 0.65417 0.525
vt 0.65417 0.725
vt 0.67083 0.525
vt 0.65417 0.725
vt 0.67083 0.725
vt 0.67083 0.525
vt 0.67083 0.525
vt 0.67083 0.725
vt 0.6875 0.525
vt 0.67083 0.725
vt 0.6875 0.725
vt 0.6875 0.525
vt 0.87625 0.025
vt 0.87625 0.225
vt 0.87625 0.225
vt 0.87625 0.025
vt 0.87625 0.025
vt 0.87625 0.225
vt 0.87625 0.025
vt 0.87625 0.225
vt 0.87625 0.225
vt 0.87625 0.025
vt 0.87625 0.025
vt 0.87625 0.225
vt 0.87625 0.025
vt 0.87625 0.225
vt 0.87625 0.225
vt 0.87625 0.025
vt 0.87625 0.025
vt 0.87625 0.225
vt 0.87625 0.025
vt 0.87625 0.225
vt 0.87625 0.225
vt 0.87625 0.025
vt 0.87625 0.025
vt 0.87625 0.225
vt 0.87625 0.025
vt 0.87625 0.225
vt 0.87625 0.225
vt 0.87625 0.025
vt 0.87625 0.025
vt 0.87625 0.225
vt 0.87625 0.025
vt 0.87625 0.225
vt 0.87625 0.225
vt 0.87625 0.025
vt 0.87625 0.025
vt 0.87625 0.225
vt 0.87625 0.025
vt 0.87625 0.225
vt 0.87625 0.025
vt 0.87625 0.225
vt 0.87625 0.225
vt 0.87625 0.025
vt 0.87625 0.025
vt 0.87625 0.225
vt 0.87625 0.025
vt 0.87625 0.225
vt 0.87625 0.225
vt 0.87625 0.025
vt 0.87625 0.025
vt 0.87625 0.225
vt 0.87625 0.025
vt 0.87625 0.225
vt 0.87625 0.225
vt 0.87625 0.025
vt 0.87625 0.025
vt 0.87625 0.225
vt 0.87625 0.025
vt 0.87625 0.225
vt 0.87625 0.225
vt 0.87625 0.025
vt 0.87625 0.025
vt 0.87625 0.225
vt 0.87625 0.025
vt 0.87625 0.225
vt 0.87625 0.225
vt 0.87625 0.025
vt 0.87625 0.025
vt 0.87625 0.225
vt 0.87625 0.025
vt 0.87625 0.225
vt 0.87625 0.225
vt 0.87625 0.025
vt 0.0125 0.525
vt 0.0125 0.725
vt 0.04583 0.725
vt 0.04583 0.525
vt 0.0125 0.525
vt 0.04583 0.725
vt 0.04583 0.525
vt 0.04583 0.725
vt 0.07917 0.725
vt 0.07917 0.525
vt 0.04583 0.525
vt 0.07917 0.725
vt 0.07917 0.525
vt 0.07917 0.725
vt 0.1125 0.725
vt 0.1125 0.525
vt 0.07917 0.525
vt 0.1125 0.725
vt 0.0125 0.525
vt 0.0125 0.725
vt 0.04583 0.725
vt 0.04583 0.525
vt 0.0125 0.525
vt 0.04583 0.725
vt 0.04583 0.525
vt 0.04583 0.725
vt 0.07917 0.725
vt 0.07917 0.525
vt 0.04583 0.525
vt 0.07917 0.725
vt 0.07917 0.525
vt 0.07917 0.725
vt 0.1125 0.725
vt 0.1125 0.525
vt 0.07917 0.525
vt 0.1125 0.725
vt 0.0125 0.525
vt 0.0125 0.725
vt 0.04583 0.525
vt 0.0125 0.725
vt 0.04583 0.725
vt 0.04583 0.525
vt 0.04583 0.525
vt 0.04583 0.725
vt 0.07917 0.525
vt 0.04583 0.725
vt 0.07917 0.725
vt 0.07917 0.525
vt 0.07917 0.525
vt 0.07917 0.725
vt 0.1125 0.525
vt 0.07917 0.725
vt 0.1125 0.725
vt 0.1125 0.525
vt 0.0125 0.525
vt 0.0125 0.725
vt 0.04583 0.525
vt 0.0125 0.725
vt 0.04583 0.725
vt 0.04583 0.525
vt 0.04583 0.525
vt 0.04583 0.725
vt 0.07917 0.525
vt 0.04583 0.725
vt 0.07917 0.725
vt 0.07917 0.525
vt 0.07917 0.525
vt 0.07917 0.725
vt 0.1125 0.525
vt 0.07917 0.725
vt 0.1125 0.725
vt 0.1125 0.525
vt 0.2625 0.275
vt 0.2625 0.475
vt 0.29583 0.475
vt 0.29583 0.275
vt 0.2625 0.275
vt 0.29583 0.475
vt 0.29583 0.275
vt 0.29583 0.475
vt 0.32917 0.475
vt 0.32917 0.275
vt 0.29583 0.275
vt 0.32917 0.475
vt 0.32917 0.275
vt 0.32917 0.475
vt 0.3625 0.475
vt 0.3625 0.275
vt 0.32917 0.275
vt 0.3625 0.475
vt 0.2625 0.275
vt 0.2625 0.475
vt 0.29583 0.475
vt 0.29583 0.275
vt 0.2625 0.275
vt 0.29583 0.475
vt 0.29583 0.275
vt 0.29583 0.475
vt 0.32917 0.475
vt 0.32917 0.275
vt 0.29583 0.275
vt 0.32917 0.475
vt 0.32917 0.275
vt 0.32917 0.475
vt 0.3625 0.475
vt 0.3625 0.275
vt 0.32917 0.275
vt 0.3625 0.475
vt 0.2625 0.275
vt 0.2625 0.475
vt 0.29583 0.275
vt 0.2625 0.475
vt 0.29583 0.475
vt 0.29583 0.275
vt 0.29583 0.275
vt 0.29583 0.475
vt 0.32917 0.275
vt 0.29583 0.475
vt 0.32917 0.475
vt 0.32917 0.275
vt 0.32917 0.275
vt 0.32917 0.475
vt 0.3625 0.275
vt 0.32917 0.475
vt 0.3625 0.475
vt 0.3625 0.275
vt 0.2625 0.275
vt 0.2625 0.475
vt 0.29583 0.275
vt 0.2625 0.475
vt 0.29583 0.475
vt 0.29583 0.275
vt 0.29583 0.275
vt 0.29583 0.475
vt 0.32917 0.275
vt 0.29583 0.475
vt 0.32917 0.475
vt 0.32917 0.275
vt 0.32917 0.275
vt 0.32917 0.475
vt 0.3625 0.275
vt 0.32917 0.475
vt 0.3625 0.475
vt 0.3625 0.275
vt 0.1375 0.275
vt 0.1375 0.475
vt 0.17083 0.475
vt 0.17083 0.275
vt 0.1375 0.275
vt 0.17083 0.475
vt 0.17083 0.275
vt 0.17083 0.475
vt 0.20417 0.475
vt 0.20417 0.275
vt 0.17083 0.275
vt 0.20417 0.475
vt 0.20417 0.275
vt 0.20417 0.475
vt 0.2375 0.475
vt 0.2375 0.275
vt 0.20417 0.275
vt 0.2375 0.475
vt 0.1375 0.275
vt 0.1375 0.475
vt 0.17083 0.475
vt 0.17083 0.275
vt 0.1375 0.275
vt 0.17083 0.475
vt 0.17083 0.275
vt 0.17083 0.475
vt 0.20417 0.475
vt 0.20417 0.275
vt 0.17083 0.275
vt 0.20417 0.475
vt 0.20417 0.275
vt 0.20417 0.475
vt 0.2375 0.475
vt 0.2375 0.275
vt 0.20417 0.275
vt 0.2375 0.475
vt 0.1375 0.275
vt 0.1375 0.475
vt 0.17083 0.275
vt 0.1375 0.475
vt 0.17083 0.475
vt 0.17083 0.275
vt 0.17083 0.275
vt 0.17083 0.475
vt 0.20417 0.275
vt 0.17083 0.475
vt 0.20417 0.475
vt 0.20417 0.275
vt 0.20417 0.275
vt 0.20417 0.475
vt 0.2375 0.275
vt 0.20417 0.475
vt 0.2375 0.475
vt 0.2375 0.275
vt 0.1375 0.275
vt 0.1375 0.475
vt 0.17083 0.275
vt 0.1375 0.475
vt 0.17083 0.475
vt 0.17083 0.275
vt 0.17083 0.275
vt 0.17083 0.475
vt 0.20417 0.275
vt 0.17083 0.475
vt 0.20417 0.475
vt 0.20417 0.275
vt 0.20417 0.275
vt 0.20417 0.475
vt 0.2375 0.275
vt 0.20417 0.475
vt 0.2375 0.475
vt 0.2375 0.275
vt 0.3125 0.275
vt 0.3125 0.475
vt 0.32917 0.475
vt 0.32917 0.275
vt 0.3125 0.275
vt 0.32917 0.475
vt 0.32917 0.275
vt 0.32917 0.475
vt 0.34583 0.475
vt 0.34583 0.275
vt 0.32917 0.275
vt 0.34583 0.475
vt 0.34583 0.275
vt 0.34583 0.475
vt 0.3625 0.475
vt 0.3625 0.275
vt 0.34583 0.275
vt 0.3625 0.475
vt 0.2625 0.275
vt 0.2625 0.475
vt 0.27917 0.475
vt 0.27917 0.275
vt 0.2625 0.275
vt 0.27917 0.475
vt 0.27917 0.275
vt 0.27917 0.475
vt 0.29583 0.475
vt 0.29583 0.275
vt 0.27917 0.275
vt 0.29583 0.475
vt 0.29583 0.275
vt 0.29583 0.475
vt 0.3125 0.475
vt 0.3125 0.275
vt 0.29583 0.275
vt 0.3125 0.475
vt 0.3125 0.275
vt 0.3125 0.475
vt 0.32917 0.275
vt 0.3125 0.475
vt 0.32917 0.475
vt 0.32917 0.275
vt 0.32917 0.275
vt 0.32917 0.475
vt 0.34583 0.275
vt 0.32917 0.475
vt 0.34583 0.475
vt 0.34583 0.275
vt 0.34583 0.275
vt 0.34583 0.475
vt 0.3625 0.275
vt 0.34583 0.475
vt 0.3625 0.475
vt 0.3625 0.275
vt 0.2625 0.275
vt 0.2625 0.475
vt 0.27917 0.275
vt 0.2625 0.475
vt 0.27917 0.475
vt 0.27917 0.275
vt 0.27917 0.275
vt 0.27917 0.475
vt 0.29583 0.275
vt 0.27917 0.475
vt 0.29583 0.475
vt 0.29583 0.275
vt 0.29583 0.275
vt 0.29583 0.475
vt 0.3125 0.275
vt 0.29583 0.475
vt 0.3125 0.475
vt 0.3125 0.275
vt 0.3125 0.275
vt 0.3125 0.475
vt 0.32917 0.475
vt 0.32917 0.275
vt 0.3125 0.275
vt 0.32917 0.475
vt 0.32917 0.275
vt 0.32917 0.475
vt 0.34583 0.475
vt 0.34583 0.275
vt 0.32917 0.275
vt 0.34583 0.475
vt 0.34583 0.275
vt 0.34583 0.475
vt 0.3625 0.475
vt 0.3625 0.275
vt 0.34583 0.275
vt 0.3625 0.475
vt 0.2625 0.275
vt 0.2625 0.475
vt 0.27917 0.475
vt 0.27917 0.275
vt 0.2625 0.275
vt 0.27917 0.475
vt 0.27917 0.275
vt 0.27917 0.475
vt 0.29583 0.475
vt 0.29583 0.275
vt 0.27917 0.275
vt 0.29583 0.475
vt 0.29583 0.275
vt 0.29583 0.475
vt 0.3125 0.475
vt 0.3125 0.275
vt 0.29583 0.275
vt 0.3125 0.475
vt 0.3125 0.275
vt 0.3125 0.475
vt 0.32917 0.275
vt 0.3125 0.475
vt 0.32917 0.475
vt 0.32917 0.275
vt 0.32917 0.275
vt 0.32917 0.475
vt 0.34583 0.275
vt 0.32917 0.475
vt 0.34583 0.475
vt 0.34583 0.275
vt 0.34583 0.275
vt 0.34583 0.475
vt 0.3625 0.275
vt 0.34583 0.475
vt 0.3625 0.475
vt 0.3625 0.275
vt 0.2625 0.275
vt 0.2625 0.475
vt 0.27917 0.275
vt 0.2625 0.475
vt 0.27917 0.475
vt 0.27917 0.275
vt 0.27917 0.275
vt 0.27917 0.475
vt 0.29583 0.275
vt 0.27917 0.475
vt 0.29583 0.475
vt 0.29583 0.275
vt 0.29583 0.275
vt 0.29583 0.475
vt 0.3125 0.275
vt 0.29583 0.475
vt 0.3125 0.475
vt 0.3125 0.275
vt 0.5125 0.775
vt 0.5125 0.975
vt 0.54583 0.975
vt 0.54583 0.775
vt 0.5125 0.775
vt 0.54583 0.975
vt 0.54583 0.775
vt 0.54583 0.975
vt 0.57917 0.975
vt 0.57917 0.775
vt 0.54583 0.775
vt 0.57917 0.975
vt 0.57917 0.775
vt 0.57917 0.975
vt 0.6125 0.975
vt 0.6125 0.775
vt 0.57917 0.775
vt 0.6125 0.975
vt 0.5125 0.775
vt 0.5125 0.975
vt 0.54583 0.975
vt 0.54583 0.775
vt 0.5125 0.775
vt 0.54583 0.975
vt 0.54583 0.775
vt 0.54583 0.975
vt 0.57917 0.975
vt 0.57917 0.775
vt 0.54583 0.775
vt 0.57917 0.975
vt 0.57917 0.775
vt 0.57917 0.975
vt 0.6125 0.975
vt 0.6125 0.775
vt 0.57917 0.775
vt 0.6125 0.975
vt 0.5125 0.775
vt 0.5125 0.975
vt 0.54583 0.775
vt 0.5125 0.975
vt 0.54583 0.975
vt 0.54583 0.775
vt 0.54583 0.775
vt 0.54583 0.975
vt 0.57917 0.775
vt 0.54583 0.975
vt 0.57917 0.975
vt 0.57917 0.775
vt 0.57917 0.775
vt 0.57917 0.975
vt 0.6125 0.775
vt 0.57917 0.975
vt 0.6125 0.975
vt 0.6125 0.775
vt 0.5125 0.775
vt 0.5125 0.975
vt 0.54583 0.775
vt 0.5125 0.975
vt 0.54583 0.975
vt 0.54583 0.775
vt 0.54583 0.775
vt 0.54583 0.975
vt 0.57917 0.775
vt 0.54583 0.975
vt 0.57917 0.975
vt 0.57917 0.775
vt 0.57917 0.775
vt 0.57917 0.975
vt 0.6125 0.775
vt 0.57917 0.975
vt 0.6125 0.975
vt 0.6125 0.775
vt 0.1375 0.275
vt 0.1375 0.475
vt 0.17083 0.475
vt 0.17083 0.275
vt 0.1375 0.275
vt 0.17083 0.475
vt 0.17083 0.275
vt 0.17083 0.475
vt 0.20417 0.475
vt 0.20417 0.275
vt 0.17083 0.275
vt 0.20417 0.475
vt 0.20417 0.275
vt 0.20417 0.475
vt 0.2375 0.475
vt 0.2375 0.275
vt 0.20417 0.275
vt 0.2375 0.475
vt 0.1375 0.275
vt 0.1375 0.475
vt 0.17083 0.475
vt 0.17083 0.275
vt 0.1375 0.275
vt 0.17083 0.475
vt 0.17083 0.275
vt 0.17083 0.475
vt 0.20417 0.475
vt 0.20417 0.275
vt 0.17083 0.275
vt 0.20417 0.475
vt 0.20417 0.275
vt 0.20417 0.475
vt 0.2375 0.475
vt 0.2375 0.275
vt 0.20417 0.275
vt 0.2375 0.475
vt 0.1375 0.275
vt 0.1375 0.475
vt 0.17083 0.275
vt 0.1375 0.475
vt 0.17083 0.475
vt 0.17083 0.275
vt 0.17083 0.275
vt 0.17083 0.475
vt 0.20417 0.275
vt 0.17083 0.475
vt 0.20417 0.475
vt 0.20417 0.275
vt 0.20417 0.275
vt 0.20417 0.475
vt 0.2375 0.275
vt 0.20417 0.475
vt 0.2375 0.475
vt 0.2375 0.275
vt 0.1375 0.275
vt 0.1375 0.475
vt 0.17083 0.275
vt 0.1375 0.475
vt 0.17083 0.475
vt 0.17083 0.275
vt 0.17083 0.275
vt 0.17083 0.475
vt 0.20417 0.275
vt 0.17083 0.475
vt 0.20417 0.475
vt 0.20417 0.275
vt 0.20417 0.275
vt 0.20417 0.475
vt 0.2375 0.275
vt 0.20417 0.475
vt 0.2375 0.475
vt 0.2375 0.275
vt 0.2625 0.275
vt 0.2625 0.475
vt 0.29583 0.475
vt 0.29583 0.275
vt 0.2625 0.275
vt 0.29583 0.475
vt 0.29583 0.275
vt 0.29583 0.475
vt 0.32917 0.475
vt 0.32917 0.275
vt 0.29583 0.275
vt 0.32917 0.475
vt 0.32917 0.275
vt 0.32917 0.475
vt 0.3625 0.475
vt 0.3625 0.275
vt 0.32917 0.275
vt 0.3625 0.475
vt 0.2625 0.275
vt 0.2625 0.475
vt 0.29583 0.475
vt 0.29583 0.275
vt 0.2625 0.275
vt 0.29583 0.475
vt 0.29583 0.275
vt 0.29583 0.475
vt 0.32917 0.475
vt 0.32917 0.275
vt 0.29583 0.275
vt 0.32917 0.475
vt 0.32917 0.275
vt 0.32917 0.475
vt 0.3625 0.475
vt 0.3625 0.275
vt 0.32917 0.275
vt 0.3625 0.475
vt 0.2625 0.275
vt 0.2625 0.475
vt 0.29583 0.275
vt 0.2625 0.475
vt 0.29583 0.475
vt 0.29583 0.275
vt 0.29583 0.275
vt 0.29583 0.475
vt 0.32917 0.275
vt 0.29583 0.475
vt 0.32917 0.475
vt 0.32917 0.275
vt 0.32917 0.275
vt 0.32917 0.475
vt 0.3625 0.275
vt 0.32917 0.475
vt 0.3625 0.475
vt 0.3625 0.275
vt 0.2625 0.275
vt 0.2625 0.475
vt 0.29583 0.275
vt 0.2625 0.475
vt 0.29583 0.475
vt 0.29583 0.275
vt 0.29583 0.275
vt 0.29583 0.475
vt 0.32917 0.275
vt 0.29583 0.475
vt 0.32917 0.475
vt 0.32917 0.275
vt 0.32917 0.275
vt 0.32917 0.475
vt 0.3625 0.275
vt 0.32917 0.475
vt 0.3625 0.475
vt 0.3625 0.275
vt 0.5625 0.775
vt 0.5625 0.975
vt 0.57917 0.975
vt 0.57917 0.775
vt 0.5625 0.775
vt 0.57917 0.975
vt 0.57917 0.775
vt 0.57917 0.975
vt 0.59583 0.975
vt 0.59583 0.775
vt 0.57917 0.775
vt 0.59583 0.975
vt 0.59583 0.775
vt 0.59583 0.975
vt 0.6125 0.975
vt 0.6125 0.775
vt 0.59583 0.775
vt 0.6125 0.975
vt 0.5125 0.775
vt 0.5125 0.975
vt 0.52917 0.975
vt 0.52917 0.775
vt 0.5125 0.775
vt 0.52917 0.975
vt 0.52917 0.775
vt 0.52917 0.975
vt 0.54583 0.975
vt 0.54583 0.775
vt 0.52917 0.775
vt 0.54583 0.975
vt 0.54583 0.775
vt 0.54583 0.975
vt 0.5625 0.975
vt 0.5625 0.775
vt 0.54583 0.775
vt 0.5625 0.975
vt 0.5625 0.775
vt 0.5625 0.975
vt 0.57917 0.775
vt 0.5625 0.975
vt 0.57917 0.975
vt 0.57917 0.775
vt 0.57917 0.775
vt 0.57917 0.975
vt 0.59583 0.775
vt 0.57917 0.975
vt 0.59583 0.975
vt 0.59583 0.775
vt 0.59583 0.775
vt 0.59583 0.975
vt 0.6125 0.775
vt 0.59583 0.975
vt 0.6125 0.975
vt 0.6125 0.775
vt 0.5125 0.775
vt 0.5125 0.975
vt 0.52917 0.775
vt 0.5125 0.975
vt 0.52917 0.975
vt 0.52917 0.775
vt 0.52917 0.775
vt 0.52917 0.975
vt 0.54583 0.775
vt 0.52917 0.975
vt 0.54583 0.975
vt 0.54583 0.775
vt 0.54583 0.775
vt 0.54583 0.975
vt 0.5625 0.775
vt 0.54583 0.975
vt 0.5625 0.975
vt 0.5625 0.775
vt 0.6875 0.525
vt 0.6875 0.725
vt 0.70417 0.725
vt 0.70417 0.525
vt 0.6875 0.525
vt 0.70417 0.725
vt 0.70417 0.525
vt 0.70417 0.725
vt 0.72083 0.725
vt 0.72083 0.525
vt 0.70417 0.525
vt 0.72083 0.725
vt 0.72083 0.525
vt 0.72083 0.725
vt 0.7375 0.725
vt 0.7375 0.525
vt 0.72083 0.525
vt 0.7375 0.725
vt 0.6375 0.525
vt 0.6375 0.725
vt 0.65417 0.725
vt 0.65417 0.525
vt 0.6375 0.525
vt 0.65417 0.725
vt 0.65417 0.525
vt 0.65417 0.725
vt 0.67083 0.725
vt 0.67083 0.525
vt 0.65417 0.525
vt 0.67083 0.725
vt 0.67083 0.525
vt 0.67083 0.725
vt 0.6875 0.725
vt 0.6875 0.525
vt 0.67083 0.525
vt 0.6875 0.725
vt 0.6875 0.525
vt 0.6875 0.725
vt 0.70417 0.525
vt 0.6875 0.725
vt 0.70417 0.725
vt 0.70417 0.525
vt 0.70417 0.525
vt 0.70417 0.725
vt 0.72083 0.525
vt 0.70417 0.725
vt 0.72083 0.725
vt 0.72083 0.525
vt 0.72083 0.525
vt 0.72083 0.725
vt 0.7375 0.525
vt 0.72083 0.725
vt 0.7375 0.725
vt 0.7375 0.525
vt 0.6375 0.525
vt 0.6375 0.725
vt 0.65417 0.525
vt 0.6375 0.725
vt 0.65417 0.725
vt 0.65417 0.525
vt 0.65417 0.525
vt 0.65417 0.725
vt 0.67083 0.525
vt 0.65417 0.725
vt 0.67083 0.725
vt 0.67083 0.525
vt 0.67083 0.525
vt 0.67083 0.725
vt 0.6875 0.525
vt 0.67083 0.725
vt 0.6875 0.725
vt 0.6875 0.525
vt 0.87625 0.025
vt 0.87625 0.225
vt 0.87625 0.225
vt 0.87625 0.025
vt 0.87625 0.025
vt 0.87625 0.225
vt 0.87625 0.025
vt 0.87625 0.225
vt 0.87625 0.225
vt 0.87625 0.025
vt 0.87625 0.025
vt 0.87625 0.225
vt 0.87625 0.025
vt 0.87625 0.225
vt 0.87625 0.225
vt 0.87625 0.025
vt 0.87625 0.025
vt 0.87625 0.225
vt 0.87625 0.025
vt 0.87625 0.225
vt 0.87625 0.225
vt 0.87625 0.025
vt 0.87625 0.025
vt 0.87625 0.225
vt 0.87625 0.025
vt 0.87625 0.225
vt 0.87625 0.225
vt 0.87625 0.025
vt 0.87625 0.025
vt 0.87625 0.225
vt 0.87625 0.025
vt 0.87625 0.225
vt 0.87625 0.225
vt 0.87625 0.025
vt 0.87625 0.025
vt 0.87625 0.225
vt 0.87625 0.025
vt 0.87625 0.225
vt 0.87625 0.025
vt 0.87625 0.225
vt 0.87625 0.225
vt 0.87625 0.025
vt 0.87625 0.025
vt 0.87625 0.225
vt 0.87625 0.025
vt 0.87625 0.225
vt 0.87625 0.225
vt 0.87625 0.025
vt 0.87625 0.025
vt 0.87625 0.225
vt 0.87625 0.025
vt 0.87625 0.225
vt 0.87625 0.225
vt 0.87625 0.025
vt 0.87625 0.025
vt 0.87625 0.225
vt 0.87625 0.025
vt 0.87625 0.225
vt 0.87625 0.225
vt 0.87625 0.025
vt 0.87625 0.025
vt 0.87625 0.225
vt 0.87625 0.025
vt 0.87625 0.225
vt 0.87625 0.225
vt 0.87625 0.025
vt 0.87625 0.025
vt 0.87625 0.225
vt 0.87625 0.025
vt 0.87625 0.225
vt 0.87625 0.225
vt 0.87625 0.025
vt 0.0125 0.525
vt 0.0125 0.725
vt 0.04583 0.725
vt 0.04583 0.525
vt 0.0125 0.525
vt 0.04583 0.725
vt 0.04583 0.525
vt 0.04583 0.725
vt 0.07917 0.725
vt 0.07917 0.525
vt 0.04583 0.525
vt 0.07917 0.725
vt 0.07917 0.525
vt 0.07917 0.725
vt 0.1125 0.725
vt 0.1125 0.525
vt 0.07917 0.525
vt 0.1125 0.725
vt 0.0125 0.525
vt 0.0125 0.725
vt 0.04583 0.725
vt 0.04583 0.525
vt 0.0125 0.525
vt 0.04583 0.725
vt 0.04583 0.525
vt 0.04583 0.725
vt 0.07917 0.725
vt 0.07917 0.525
vt 0.04583 0.525
vt 0.07917 0.725
vt 0.07917 0.525
vt 0.07917 0.725
vt 0.1125 0.725
vt 0.1125 0.525
vt 0.07917 0.525
vt 0.1125 0.725
vt 0.0125 0.525
vt 0.0125 0.725
vt 0.04583 0.525
vt 0.0125 0.725
vt 0.04583 0.725
vt 0.04583 0.525
vt 0.04583 0.525
vt 0.04583 0.725
vt 0.07917 0.525
vt 0.04583 0.725
vt 0.07917 0.725
vt 0.07917 0.525
vt 0.07917 0.525
vt 0.07917 0.725
vt 0.1125 0.525
vt 0.07917 0.725
vt 0.1125 0.725
vt 0.1125 0.525
vt 0.0125 0.525
vt 0.0125 0.725
vt 0.04583 0.525
vt 0.0125 0.725
vt 0.04583 0.725
vt 0.04583 0.525
vt 0.04583 0.525
vt 0.04583 0.725
vt 0.07917 0.525
vt 0.04583 0.725
vt 0.07917 0.725
vt 0.07917 0.525
vt 0.07917 0.525
vt 0.07917 0.725
vt 0.1125 0.525
vt 0.07917 0.725
vt 0.1125 0.725
vt 0.1125 0.525
vt 0.2625 0.275
vt 0.2625 0.475
vt 0.29583 0.475
vt 0.29583 0.275
vt 0.2625 0.275
vt 0.29583 0.475
vt 0.29583 0.275
vt 0.29583 0.475
vt 0.32917 0.475
vt 0.32917 0.275
vt 0.29583 0.275
vt 0.32917 0.475
vt 0.32917 0.275
vt 0.32917 0.475
vt 0.3625 0.475
vt 0.3625 0.275
vt 0.32917 0.275
vt 0.3625 0.475
vt 0.2625 0.275
vt 0.2625 0.475
vt 0.29583 0.475
vt 0.29583 0.275
vt 0.2625 0.275
vt 0.29583 0.475
vt 0.29583 0.275
vt 0.29583 0.475
vt 0.32917 0.475
vt 0.32917 0.275
vt 0.29583 0.275
vt 0.32917 0.475
vt 0.32917 0.275
vt 0.32917 0.475
vt 0.3625 0.475
vt 0.3625 0.275
vt 0.32917 0.275
vt 0.3625 0.475
vt 0.2625 0.275
vt 0.2625 0.475
vt 0.29583 0.275
vt 0.2625 0.475
vt 0.29583 0.475
vt 0.29583 0.275
vt 0.29583 0.275
vt 0.29583 0.475
vt 0.32917 0.275
vt 0.29583 0.475
vt 0.32917 0.475
vt 0.32917 0.275
vt 0.32917 0.275
vt 0.32917 0.475
vt 0.3625 0.275
vt 0.32917 0.475
vt 0.3625 0.475
vt 0.3625 0.275
vt 0.2625 0.275
vt 0.2625 0.475
vt 0.29583 0.275
vt 0.2625 0.475
vt 0.29583 0.475
vt 0.29583 0.275
vt 0.29583 0.275
vt 0.29583 0.475
vt 0.32917 0.275
vt 0.29583 0.475
vt 0.32917 0.475
vt 0.32917 0.275
vt 0.32917 0.275
vt 0.32917 0.475
vt 0.3625 0.275
vt 0.32917 0.475
vt 0.3625 0.475
vt 0.3625 0.275
vt 0.1375 0.275
vt 0.1375 0.475
vt 0.17083 0.475
vt 0.17083 0.275
vt 0.1375 0.275
vt 0.17083 0.475
vt 0.17083 0.275
vt 0.17083 0.475
vt 0.20417 0.475
vt 0.20417 0.275
vt 0.17083 0.275
vt 0.20417 0.475
vt 0.20417 0.275
vt 0.20417 0.475
vt 0.2375 0.475
vt 0.2375 0.275
vt 0.20417 0.275
vt 0.2375 0.475
vt 0.1375 0.275
vt 0.1375 0.475
vt 0.17083 0.475
vt 0.17083 0.275
vt 0.1375 0.275
vt 0.17083 0.475
vt 0.17083 0.275
vt 0.17083 0.475
vt 0.20417 0.475
vt 0.20417 0.275
vt 0.17083 0.275
vt 0.20417 0.475
vt 0.20417 0.275
vt 0.20417 0.475
vt 0.2375 0.475
vt 0.2375 0.275
vt 0.20417 0.275
vt 0.2375 0.475
vt 0.1375 0.275
vt 0.1375 0.475
vt 0.17083 0.275
vt 0.1375 0.475
vt 0.17083 0.475
vt 0.17083 0.275
vt 0.17083 0.275
vt 0.17083 0.475
vt 0.20417 0.275
vt 0.17083 0.475
vt 0.20417 0.475
vt 0.20417 0.275
vt 0.20417 0.275
vt 0.20417 0.475
vt 0.2375 0.275
vt 0.20417 0.475
vt 0.2375 0.475
vt 0.2375 0.275
vt 0.1375 0.275
vt 0.1375 0.475
vt 0.17083 0.275
vt 0.1375 0.475
vt 0.17083 0.475
vt 0.17083 0.275
vt 0.17083 0.275
vt 0.17083 0.475
vt 0.20417 0.275
vt 0.17083 0.475
vt 0.20417 0.475
vt 0.20417 0.275
vt 0.20417 0.275
vt 0.20417 0.475
vt 0.2375 0.275
vt 0.20417 0.475
vt 0.2375 0.475
vt 0.2375 0.275
vt 0.3125 0.275
vt 0.3125 0.475
vt 0.32917 0.475
vt 0.32917 0.275
vt 0.3125 0.275
vt 0.32917 0.475
vt 0.32917 0.275
vt 0.32917 0.475
vt 0.34583 0.475
vt 0.34583 0.275
vt 0.32917 0.275
vt 0.34583 0.475
vt 0.34583 0.275
vt 0.34583 0.475
vt 0.3625 0.475
vt 0.3625 0.275
vt 0.34583 0.275
vt 0.3625 0.475
vt 0.2625 0.275
vt 0.2625 0.475
vt 0.27917 0.475
vt 0.27917 0.275
vt 0.2625 0.275
vt 0.27917 0.475
vt 0.27917 0.275
vt 0.27917 0.475
vt 0.29583 0.475
vt 0.29583 0.275
vt 0.27917 0.275
vt 0.29583 0.475
vt 0.29583 0.275
vt 0.29583 0.475
vt 0.3125 0.475
vt 0.3125 0.275
vt 0.29583 0.275
vt 0.3125 0.475
vt 0.3125 0.275
vt 0.3125 0.475
vt 0.32917 0.275
vt 0.3125 0.475
vt 0.32917 0.475
vt 0.32917 0.275
vt 0.32917 0.275
vt 0.32917 0.475
vt 0.34583 0.275
vt 0.32917 0.475
vt 0.34583 0.475
vt 0.34583 0.275
vt 0.34583 0.275
vt 0.34583 0.475
vt 0.3625 0.275
vt 0.34583 0.475
vt 0.3625 0.475
vt 0.3625 0.275
vt 0.2625 0.275
vt 0.2625 0.475
vt 0.27917 0.275
vt 0.2625 0.475
vt 0.27917 0.475
vt 0.27917 0.275
vt 0.27917 0.275
vt 0.27917 0.475
vt 0.29583 0.275
vt 0.27917 0.475
vt 0.29583 0.475
vt 0.29583 0.275
vt 0.29583 0.275
vt 0.29583 0.475
vt 0.3125 0.275
vt 0.29583 0.475
vt 0.3125 0.475
vt 0.3125 0.275
vt 0.2625 0.275
vt 0.2625 0.475
vt 0.29583 0.475
vt 0.29583 0.275
vt 0.2625 0.275
vt 0.29583 0.475
vt 0.29583 0.275
vt 0.29583 0.475
vt 0.32917 0.475
vt 0.32917 0.275
vt 0.29583 0.275
vt 0.32917 0.475
vt 0.32917 0.275
vt 0.32917 0.475
vt 0.3625 0.475
vt 0.3625 0.275
vt 0.32917 0.275
vt 0.3625 0.475
vt 0.2625 0.275
vt 0.2625 0.475
vt 0.29583 0.475
vt 0.29583 0.275
vt 0.2625 0.275
vt 0.29583 0.475
vt 0.29583 0.275
vt 0.29583 0.475
vt 0.32917 0.475
vt 0.32917 0.275
vt 0.29583 0.275
vt 0.32917 0.475
vt 0.32917 0.275
vt 0.32917 0.475
vt 0.3625 0.475
vt 0.3625 0.275
vt 0.32917 0.275
vt 0.3625 0.475
vt 0.2625 0.275
vt 0.2625 0.475
vt 0.29583 0.275
vt 0.2625 0.475
vt 0.29583 0.475
vt 0.29583 0.275
vt 0.29583 0.275
vt 0.29583 0.475
vt 0.32917 0.275
vt 0.29583 0.475
vt 0.32917 0.475
vt 0.32917 0.275
vt 0.32917 0.275
vt 0.32917 0.475
vt 0.3625 0.275
vt 0.32917 0.475
vt 0.3625 0.475
vt 0.3625 0.275
vt 0.2625 0.275
vt 0.2625 0.475
vt 0.29583 0.275
vt 0.2625 0.475
vt 0.29583 0.475
vt 0.29583 0.275
vt 0.29583 0.275
vt 0.29583 0.475
vt 0.32917 0.275
vt 0.29583 0.475
vt 0.32917 0.475
vt 0.32917 0.275
vt 0.32917 0.275
vt 0.32917 0.475
vt 0.3625 0.275
vt 0.32917 0.475
vt 0.3625 0.475
vt 0.3625 0.275
vt 0.6375 0.525
vt 0.6375 0.725
vt 0.67083 0.725
vt 0.67083 0.525
vt 0.6375 0.525
vt 0.67083 0.725
vt 0.67083 0.525
vt 0.67083 0.725
vt 0.70417 0.725
vt 0.70417 0.525
vt 0.67083 0.525
vt 0.70417 0.725
vt 0.70417 0.525
vt 0.70417 0.725
vt 0.7375 0.725
vt 0.7375 0.525
vt 0.70417 0.525
vt 0.7375 0.725
vt 0.6375 0.525
vt 0.6375 0.725
vt 0.67083 0.725
vt 0.67083 0.525
vt 0.6375 0.525
vt 0.67083 0.725
vt 0.67083 0.525
vt 0.67083 0.725
vt 0.70417 0.725
vt 0.70417 0.525
vt 0.67083 0.525
vt 0.70417 0.725
vt 0.70417 0.525
vt 0.70417 0.725
vt 0.7375 0.725
vt 0.7375 0.525
vt 0.70417 0.525
vt 0.7375 0.725
vt 0.6375 0.525
vt 0.6375 0.725
vt 0.67083 0.525
vt 0.6375 0.725
vt 0.67083 0.725
vt 0.67083 0.525
vt 0.67083 0.525
vt 0.67083 0.725
vt 0.70417 0.525
vt 0.67083 0.725
vt 0.70417 0.725
vt 0.70417 0.525
vt 0.70417 0.525
vt 0.70417 0.725
vt 0.7375 0.525
vt 0.70417 0.725
vt 0.7375 0.725
vt 0.7375 0.525
vt 0.6375 0.525
vt 0.6375 0.725
vt 0.67083 0.525
vt 0.6375 0.725
vt 0.67083 0.725
vt 0.67083 0.525
vt 0.67083 0.525
vt 0.67083 0.725
vt 0.70417 0.525
vt 0.67083 0.725
vt 0.70417 0.725
vt 0.70417 0.525
vt 0.70417 0.525
vt 0.70417 0.725
vt 0.7375 0.525
vt 0.70417 0.725
vt 0.7375 0.725
vt 0.7375 0.525
vt 0.87625 0.025
vt 0.87625 0.225
vt 0.87625 0.225
vt 0.87625 0.025
vt 0.87625 0.025
vt 0.87625 0.225
vt 0.87625 0.025
vt 0.87625 0.225
vt 0.87625 0.225
vt 0.87625 0.025
vt 0.87625 0.025
vt 0.87625 0.225
vt 0.87625 0.025
vt 0.87625 0.225
vt 0.87625 0.225
vt 0.87625 0.025
vt 0.87625 0.025
vt 0.87625 0.225
vt 0.87625 0.025
vt 0.87625 0.225
vt 0.87625 0.225
vt 0.87625 0.025
vt 0.87625 0.025
vt 0.87625 0.225
vt 0.87625 0.025
vt 0.87625 0.225
vt 0.87625 0.225
vt 0.87625 0.025
vt 0.87625 0.025
vt 0.87625 0.225
vt 0.87625 0.025
vt 0.87625 0.225
vt 0.87625 0.225
vt 0.87625 0.025
vt 0.87625 0.025
vt 0.87625 0.225
vt 0.87625 0.025
vt 0.87625 0.225
vt 0.87625 0.025
vt 0.87625 0.225
vt 0.87625 0.225
vt 0.87625 0.025
vt 0.87625 0.025
vt 0.87625 0.225
vt 0.87625 0.025
vt 0.87625 0.225
vt 0.87625 0.225
vt 0.87625 0.025
vt 0.87625 0.025
vt 0.87625 0.225
vt 0.87625 0.025
vt 0.87625 0.225
vt 0.87625 0.225
vt 0.87625 0.025
vt 0.87625 0.025
vt 0.87625 0.225
vt 0.87625 0.025
vt 0.87625 0.225
vt 0.87625 0.225
vt 0.87625 0.025
vt 0.87625 0.025
vt 0.87625 0.225
vt 0.87625 0.025
vt 0.87625 0.225
vt 0.87625 0.225
vt 0.87625 0.025
vt 0.87625 0.025
vt 0.87625 0.225
vt 0.87625 0.025
vt 0.87625 0.225
vt 0.87625 0.225
vt 0.87625 0.025
vt 0.4375 0.775
vt 0.4375 0.975
vt 0.45417 0.975
vt 0.45417 0.775
vt 0.4375 0.775
vt 0.45417 0.975
vt 0.45417 0.775
vt 0.45417 0.975
vt 0.47083 0.975
vt 0.47083 0.775
vt 0.45417 0.775
vt 0.47083 0.975
vt 0.47083 0.775
vt 0.47083 0.975
vt 0.4875 0.975
vt 0.4875 0.775
vt 0.47083 0.775
vt 0.4875 0.975
vt 0.3875 0.775
vt 0.3875 0.975
vt 0.40417 0.975
vt 0.40417 0.775
vt 0.3875 0.775
vt 0.40417 0.975
vt 0.40417 0.775
vt 0.40417 0.975
vt 0.42083 0.975
vt 0.42083 0.775
vt 0.40417 0.775
vt 0.42083 0.975
vt 0.42083 0.775
vt 0.42083 0.975
vt 0.4375 0.975
vt 0.4375 0.775
vt 0.42083 0.775
vt 0.4375 0.975
vt 0.4375 0.775
vt 0.4375 0.975
vt 0.45417 0.775
vt 0.4375 0.975
vt 0.45417 0.975
vt 0.45417 0.775
vt 0.45417 0.775
vt 0.45417 0.975
vt 0.47083 0.775
vt 0.45417 0.975
vt 0.47083 0.975
vt 0.47083 0.775
vt 0.47083 0.775
vt 0.47083 0.975
vt 0.4875 0.775
vt 0.47083 0.975
vt 0.4875 0.975
vt 0.4875 0.775
vt 0.3875 0.775
vt 0.3875 0.975
vt 0.40417 0.775
vt 0.3875 0.975
vt 0.40417 0.975
vt 0.40417 0.775
vt 0.40417 0.775
vt 0.40417 0.975
vt 0.42083 0.775
vt 0.40417 0.975
vt 0.42083 0.975
vt 0.42083 0.775
vt 0.42083 0.775
vt 0.42083 0.975
vt 0.4375 0.775
vt 0.42083 0.975
vt 0.4375 0.975
vt 0.4375 0.775
vt 0.6375 0.525
vt 0.6375 0.725
vt 0.67083 0.725
vt 0.67083 0.525
vt 0.6375 0.525
vt 0.67083 0.725
vt 0.67083 0.525
vt 0.67083 0.725
vt 0.70417 0.725
vt 0.70417 0.525
vt 0.67083 0.525
vt 0.70417 0.725
vt 0.70417 0.525
vt 0.70417 0.725
vt 0.7375 0.725
vt 0.7375 0.525
vt 0.70417 0.525
vt 0.7375 0.725
vt 0.6375 0.525
vt 0.6375 0.725
vt 0.67083 0.725
vt 0.67083 0.525
vt 0.6375 0.525
vt 0.67083 0.725
vt 0.67083 0.525
vt 0.67083 0.725
vt 0.70417 0.725
vt 0.70417 0.525
vt 0.67083 0.525
vt 0.70417 0.725
vt 0.70417 0.525
vt 0.70417 0.725
vt 0.7375 0.725
vt 0.7375 0.525
vt 0.70417 0.525
vt 0.7375 0.725
vt 0.6375 0.525
vt 0.6375 0.725
vt 0.67083 0.525
vt 0.6375 0.725
vt 0.67083 0.725
vt 0.67083 0.525
vt 0.67083 0.525
vt 0.67083 0.725
vt 0.70417 0.525
vt 0.67083 0.725
vt 0.70417 0.725
vt 0.70417 0.525
vt 0.70417 0.525
vt 0.70417 0.725
vt 0.7375 0.525
vt 0.70417 0.725
vt 0.7375 0.725
vt 0.7375 0.525
vt 0.6375 0.525
vt 0.6375 0.725
vt 0.67083 0.525
vt 0.6375 0.725
vt 0.67083 0.725
vt 0.67083 0.525
vt 0.67083 0.525
vt 0.67083 0.725
vt 0.70417 0.525
vt 0.67083 0.725
vt 0.70417 0.725
vt 0.70417 0.525
vt 0.70417 0.525
vt 0.70417 0.725
vt 0.7375 0.525
vt 0.70417 0.725
vt 0.7375 0.725
vt 0.7375 0.525
vt 0.1375 0.275
vt 0.1375 0.475
vt 0.17083 0.475
vt 0.17083 0.275
vt 0.1375 0.275
vt 0.17083 0.475
vt 0.17083 0.275
vt 0.17083 0.475
vt 0.20417 0.475
vt 0.20417 0.275
vt 0.17083 0.275
vt 0.20417 0.475
vt 0.20417 0.275
vt 0.20417 0.475
vt 0.2375 0.475
vt 0.2375 0.275
vt 0.20417 0.275
vt 0.2375 0.475
vt 0.1375 0.275
vt 0.1375 0.475
vt 0.17083 0.475
vt 0.17083 0.275
vt 0.1375 0.275
vt 0.17083 0.475
vt 0.17083 0.275
vt 0.17083 0.475
vt 0.20417 0.475
vt 0.20417 0.275
vt 0.17083 0.275
vt 0.20417 0.475
vt 0.20417 0.275
vt 0.20417 0.475
vt 0.2375 0.475
vt 0.2375 0.275
vt 0.20417 0.275
vt 0.2375 0.475
vt 0.1375 0.275
vt 0.1375 0.475
vt 0.17083 0.275
vt 0.1375 0.475
vt 0.17083 0.475
vt 0.17083 0.275
vt 0.17083 0.275
vt 0.17083 0.475
vt 0.20417 0.275
vt 0.17083 0.475
vt 0.20417 0.475
vt 0.20417 0.275
vt 0.20417 0.275
vt 0.20417 0.475
vt 0.2375 0.275
vt 0.20417 0.475
vt 0.2375 0.475
vt 0.2375 0.275
vt 0.1375 0.275
vt 0.1375 0.475
vt 0.17083 0.275
vt 0.1375 0.475
vt 0.17083 0.475
vt 0.17083 0.275
vt 0.17083 0.275
vt 0.17083 0.475
vt 0.20417 0.275
vt 0.17083 0.475
vt 0.20417 0.475
vt 0.20417 0.275
vt 0.20417 0.275
vt 0.20417 0.475
vt 0.2375 0.275
vt 0.20417 0.475
vt 0.2375 0.475
vt 0.2375 0.275
vt 0.2625 0.275
vt 0.2625 0.475
vt 0.29583 0.475
vt 0.29583 0.275
vt 0.2625 0.275
vt 0.29583 0.475
vt 0.29583 0.275
vt 0.29583 0.475
vt 0.32917 0.475
vt 0.32917 0.275
vt 0.29583 0.275
vt 0.32917 0.475
vt 0.32917 0.275
vt 0.32917 0.475
vt 0.3625 0.475
vt 0.3625 0.275
vt 0.32917 0.275
vt 0.3625 0.475
vt 0.2625 0.275
vt 0.2625 0.475
vt 0.29583 0.475
vt 0.29583 0.275
vt 0.2625 0.275
vt 0.29583 0.475
vt 0.29583 0.275
vt 0.29583 0.475
vt 0.32917 0.475
vt 0.32917 0.275
vt 0.29583 0.275
vt 0.32917 0.475
vt 0.32917 0.275
vt 0.32917 0.475
vt 0.3625 0.475
vt 0.3625 0.275
vt 0.32917 0.275
vt 0.3625 0.475
vt 0.2625 0.275
vt 0.2625 0.475
vt 0.29583 0.275
vt 0.2625 0.475
vt 0.29583 0.475
vt 0.29583 0.275
vt 0.29583 0.275
vt 0.29583 0.475
vt 0.32917 0.275
vt 0.29583 0.475
vt 0.32917 0.475
vt 0.32917 0.275
vt 0.32917 0.275
vt 0.32917 0.475
vt 0.3625 0.275
vt 0.32917 0.475
vt 0.3625 0.475
vt 0.3625 0.275
vt 0.2625 0.275
vt 0.2625 0.475
vt 0.29583 0.275
vt 0.2625 0.475
vt 0.29583 0.475
vt 0.29583 0.275
vt 0.29583 0.275
vt 0.29583 0.475
vt 0.32917 0.275
vt 0.29583 0.475
vt 0.32917 0.475
vt 0.32917 0.275
vt 0.32917 0.275
vt 0.32917 0.475
vt 0.3625 0.275
vt 0.32917 0.475
vt 0.3625 0.475
vt 0.3625 0.275
vt 0.2625 0.275
vt 0.2625 0.475
vt 0.29583 0.475
vt 0.29583 0.275
vt 0.2625 0.275
vt 0.29583 0.475
vt 0.29583 0.275
vt 0.29583 0.475
vt 0.32917 0.475
vt 0.32917 0.275
vt 0.29583 0.275
vt 0.32917 0.475
vt 0.32917 0.275
vt 0.32917 0.475
vt 0.3625 0.475
vt 0.3625 0.275
vt 0.32917 0.275
vt 0.3625 0.475
vt 0.2625 0.275
vt 0.2625 0.475
vt 0.29583 0.475
vt 0.29583 0.275
vt 0.2625 0.275
vt 0.29583 0.475
vt 0.29583 0.275
vt 0.29583 0.475
vt 0.32917 0.475
vt 0.32917 0.275
vt 0.29583 0.275
vt 0.32917 0.475
vt 0.32917 0.275
vt 0.32917 0.475
vt 0.3625 0.475
vt 0.3625 0.275
vt 0.32917 0.275
vt 0.3625 0.475
vt 0.2625 0.275
vt 0.2625 0.475
vt 0.29583 0.275
vt 0.2625 0.475
vt 0.29583 0.475
vt 0.29583 0.275
vt 0.29583 0.275
vt 0.29583 0.475
vt 0.32917 0.275
vt 0.29583 0.475
vt 0.32917 0.475
vt 0.32917 0.275
vt 0.32917 0.275
vt 0.32917 0.475
vt 0.3625 0.275
vt 0.32917 0.475
vt 0.3625 0.475
vt 0.3625 0.275
vt 0.2625 0.275
vt 0.2625 0.475
vt 0.29583 0.275
vt 0.2625 0.475
vt 0.29583 0.475
vt 0.29583 0.275
vt 0.29583 0.275
vt 0.29583 0.475
vt 0.32917 0.275
vt 0.29583 0.475
vt 0.32917 0.475
vt 0.32917 0.275
vt 0.32917 0.275
vt 0.32917 0.475
vt 0.3625 0.275
vt 0.32917 0.475
vt 0.3625 0.475
vt 0.3625 0.275
vt 0.6375 0.525
vt 0.6375 0.725
vt 0.67083 0.725
vt 0.67083 0.525
vt 0.6375 0.525
vt 0.67083 0.725
vt 0.67083 0.525
vt 0.67083 0.725
vt 0.70417 0.725
vt 0.70417 0.525
vt 0.67083 0.525
vt 0.70417 0.725
vt 0.70417 0.525
vt 0.70417 0.725
vt 0.7375 0.725
vt 0.7375 0.525
vt 0.70417 0.525
vt 0.7375 0.725
vt 0.6375 0.525
vt 0.6375 0.725
vt 0.67083 0.725
vt 0.67083 0.525
vt 0.6375 0.525
vt 0.67083 0.725
vt 0.67083 0.525
vt 0.67083 0.725
vt 0.70417 0.725
vt 0.70417 0.525
vt 0.67083 0.525
vt 0.70417 0.725
vt 0.70417 0.525
vt 0.70417 0.725
vt 0.7375 0.725
vt 0.7375 0.525
vt 0.70417 0.525
vt 0.7375 0.725
vt 0.6375 0.525
vt 0.6375 0.725
vt 0.67083 0.525
vt 0.6375 0.725
vt 0.67083 0.725
vt 0.67083 0.525
vt 0.67083 0.525
vt 0.67083 0.725
vt 0.70417 0.525
vt 0.67083 0.725
vt 0.70417 0.725
vt 0.70417 0.525
vt 0.70417 0.525
vt 0.70417 0.725
vt 0.7375 0.525
vt 0.70417 0.725
vt 0.7375 0.725
vt 0.7375 0.525
vt 0.6375 0.525
vt 0.6375 0.725
vt 0.67083 0.525
vt 0.6375 0.725
vt 0.67083 0.725
vt 0.67083 0.525
vt 0.67083 0.525
vt 0.67083 0.725
vt 0.70417 0.525
vt 0.67083 0.725
vt 0.70417 0.725
vt 0.70417 0.525
vt 0.70417 0.525
vt 0.70417 0.725
vt 0.7375 0.525
vt 0.70417 0.725
vt 0.7375 0.725
vt 0.7375 0.525
vt 0.87625 0.025
vt 0.87625 0.225
vt 0.87625 0.225
vt 0.87625 0.025
vt 0.87625 0.025
vt 0.87625 0.225
vt 0.87625 0.025
vt 0.87625 0.225
vt 0.87625 0.225
vt 0.87625 0.025
vt 0.87625 0.025
vt 0.87625 0.225
vt 0.87625 0.025
vt 0.87625 0.225
vt 0.87625 0.225
vt 0.87625 0.025
vt 0.87625 0.025
vt 0.87625 0.225
vt 0.87625 0.025
vt 0.87625 0.225
vt 0.87625 0.225
vt 0.87625 0.025
vt 0.87625 0.025
vt 0.87625 0.225
vt 0.87625 0.025
vt 0.87625 0.225
vt 0.87625 0.225
vt 0.87625 0.025
vt 0.87625 0.025
vt 0.87625 0.225
vt 0.87625 0.025
vt 0.87625 0.225
vt 0.87625 0.225
vt 0.87625 0.025
vt 0.87625 0.025
vt 0.87625 0.225
vt 0.87625 0.025
vt 0.87625 0.225
vt 0.87625 0.025
vt 0.87625 0.225
vt 0.87625 0.225
vt 0.87625 0.025
vt 0.87625 0.025
vt 0.87625 0.225
vt 0.87625 0.025
vt 0.87625 0.225
vt 0.87625 0.225
vt 0.87625 0.025
vt 0.87625 0.025
vt 0.87625 0.225
vt 0.87625 0.025
vt 0.87625 0.225
vt 0.87625 0.225
vt 0.87625 0.025
vt 0.87625 0.025
vt 0.87625 0.225
vt 0.87625 0.025
vt 0.87625 0.225
vt 0.87625 0.225
vt 0.87625 0.025
vt 0.87625 0.025
vt 0.87625 0.225
vt 0.87625 0.025
vt 0.87625 0.225
vt 0.87625 0.225
vt 0.87625 0.025
vt 0.87625 0.025
vt 0.87625 0.225
vt 0.87625 0.025
vt 0.87625 0.225
vt 0.87625 0.225
vt 0.87625 0.025
vt 0.4375 0.775
vt 0.4375 0.975
vt 0.45417 0.975
vt 0.45417 0.775
vt 0.4375 0.775
vt 0.45417 0.975
vt 0.45417 0.775
vt 0.45417 0.975
vt 0.47083 0.975
vt 0.47083 0.775
vt 0.45417 0.775
vt 0.47083 0.975
vt 0.47083 0.775
vt 0.47083 0.975
vt 0.4875 0.975
vt 0.4875 0.775
vt 0.47083 0.775
vt 0.4875 0.975
vt 0.3875 0.775
vt 0.3875 0.975
vt 0.40417 0.975
vt 0.40417 0.775
vt 0.3875 0.775
vt 0.40417 0.975
vt 0.40417 0.775
vt 0.40417 0.975
vt 0.42083 0.975
vt 0.42083 0.775
vt 0.40417 0.775
vt 0.42083 0.975
vt 0.42083 0.775
vt 0.42083 0.975
vt 0.4375 0.975
vt 0.4375 0.775
vt 0.42083 0.775
vt 0.4375 0.975
vt 0.4375 0.775
vt 0.4375 0.975
vt 0.45417 0.775
vt 0.4375 0.975
vt 0.45417 0.975
vt 0.45417 0.775
vt 0.45417 0.775
vt 0.45417 0.975
vt 0.47083 0.775
vt 0.45417 0.975
vt 0.47083 0.975
vt 0.47083 0.775
vt 0.47083 0.775
vt 0.47083 0.975
vt 0.4875 0.775
vt 0.47083 0.975
vt 0.4875 0.975
vt 0.4875 0.775
vt 0.3875 0.775
vt 0.3875 0.975
vt 0.40417 0.775
vt 0.3875 0.975
vt 0.40417 0.975
vt 0.40417 0.775
vt 0.40417 0.775
vt 0.40417 0.975
vt 0.42083 0.775
vt 0.40417 0.975
vt 0.42083 0.975
vt 0.42083 0.775
vt 0.42083 0.775
vt 0.42083 0.975
vt 0.4375 0.775
vt 0.42083 0.975
vt 0.4375 0.975
vt 0.4375 0.775
vt 0.6375 0.525
vt 0.6375 0.725
vt 0.67083 0.725
vt 0.67083 0.525
vt 0.6375 0.525
vt 0.67083 0.725
vt 0.67083 0.525
vt 0.67083 0.725
vt 0.70417 0.725
vt 0.70417 0.525
vt 0.67083 0.525
vt 0.70417 0.725
vt 0.70417 0.525
vt 0.70417 0.725
vt 0.7375 0.725
vt 0.7375 0.525
vt 0.70417 0.525
vt 0.7375 0.725
vt 0.6375 0.525
vt 0.6375 0.725
vt 0.67083 0.725
vt 0.67083 0.525
vt 0.6375 0.525
vt 0.67083 0.725
vt 0.67083 0.525
vt 0.67083 0.725
vt 0.70417 0.725
vt 0.70417 0.525
vt 0.67083 0.525
vt 0.70417 0.725
vt 0.70417 0.525
vt 0.70417 0.725
vt 0.7375 0.725
vt 0.7375 0.525
vt 0.70417 0.525
vt 0.7375 0.725
vt 0.6375 0.525
vt 0.6375 0.725
vt 0.67083 0.525
vt 0.6375 0.725
vt 0.67083 0.725
vt 0.67083 0.525
vt 0.67083 0.525
vt 0.67083 0.725
vt 0.70417 0.525
vt 0.67083 0.725
vt 0.70417 0.725
vt 0.70417 0.525
vt 0.70417 0.525
vt 0.70417 0.725
vt 0.7375 0.525
vt 0.70417 0.725
vt 0.7375 0.725
vt 0.7375 0.525
vt 0.6375 0.525
vt 0.6375 0.725
vt 0.67083 0.525
vt 0.6375 0.725
vt 0.67083 0.725
vt 0.67083 0.525
vt 0.67083 0.525
vt 0.67083 0.725
vt 0.70417 0.525
vt 0.67083 0.725
vt 0.70417 0.725
vt 0.70417 0.525
vt 0.70417 0.525
vt 0.70417 0.725
vt 0.7375 0.525
vt 0.70417 0.725
vt 0.7375 0.725
vt 0.7375 0.525
vt 0.1375 0.275
vt 0.1375 0.475
vt 0.17083 0.475
vt 0.17083 0.275
vt 0.1375 0.275
vt 0.17083 0.475
vt 0.17083 0.275
vt 0.17083 0.475
vt 0.20417 0.475
vt 0.20417 0.275
vt 0.17083 0.275
vt 0.20417 0.475
vt 0.20417 0.275
vt 0.20417 0.475
vt 0.2375 0.475
vt 0.2375 0.275
vt 0.20417 0.275
vt 0.2375 0.475
vt 0.1375 0.275
vt 0.1375 0.475
vt 0.17083 0.475
vt 0.17083 0.275
vt 0.1375 0.275
vt 0.17083 0.475
vt 0.17083 0.275
vt 0.17083 0.475
vt 0.20417 0.475
vt 0.20417 0.275
vt 0.17083 0.275
vt 0.20417 0.475
vt 0.20417 0.275
vt 0.20417 0.475
vt 0.2375 0.475
vt 0.2375 0.275
vt 0.20417 0.275
vt 0.2375 0.475
vt 0.1375 0.275
vt 0.1375 0.475
vt 0.17083 0.275
vt 0.1375 0.475
vt 0.17083 0.475
vt 0.17083 0.275
vt 0.17083 0.275
vt 0.17083 0.475
vt 0.20417 0.275
vt 0.17083 0.475
vt 0.20417 0.475
vt 0.20417 0.275
vt 0.20417 0.275
vt 0.20417 0.475
vt 0.2375 0.275
vt 0.20417 0.475
vt 0.2375 0.475
vt 0.2375 0.275
vt 0.1375 0.275
vt 0.1375 0.475
vt 0.17083 0.275
vt 0.1375 0.475
vt 0.17083 0.475
vt 0.17083 0.275
vt 0.17083 0.275
vt 0.17083 0.475
vt 0.20417 0.275
vt 0.17083 0.475
vt 0.20417 0.475
vt 0.20417 0.275
vt 0.20417 0.275
vt 0.20417 0.475
vt 0.2375 0.275
vt 0.20417 0.475
vt 0.2375 0.475
vt 0.2375 0.275
vt 0.2625 0.275
vt 0.2625 0.475
vt 0.29583 0.475
vt 0.29583 0.275
vt 0.2625 0.275
vt 0.29583 0.475
vt 0.29583 0.275
vt 0.29583 0.475
vt 0.32917 0.475
vt 0.32917 0.275
vt 0.29583 0.275
vt 0.32917 0.475
vt 0.32917 0.275
vt 0.32917 0.475
vt 0.3625 0.475
vt 0.3625 0.275
vt 0.32917 0.275
vt 0.3625 0.475
vt 0.2625 0.275
vt 0.2625 0.475
vt 0.29583 0.475
vt 0.29583 0.275
vt 0.2625 0.275
vt 0.29583 0.475
vt 0.29583 0.275
vt 0.29583 0.475
vt 0.32917 0.475
vt 0.32917 0.275
vt 0.29583 0.275
vt 0.32917 0.475
vt 0.32917 0.275
vt 0.32917 0.475
vt 0.3625 0.475
vt 0.3625 0.275
vt 0.32917 0.275
vt 0.3625 0.475
vt 0.2625 0.275
vt 0.2625 0.475
vt 0.29583 0.275
vt 0.2625 0.475
vt 0.29583 0.475
vt 0.29583 0.275
vt 0.29583 0.275
vt 0.29583 0.475
vt 0.32917 0.275
vt 0.29583 0.475
vt 0.32917 0.475
vt 0.32917 0.275
vt 0.32917 0.275
vt 0.32917 0.475
vt 0.3625 0.275
vt 0.32917 0.475
vt 0.3625 0.475
vt 0.3625 0.275
vt 0.2625 0.275
vt 0.2625 0.475
vt 0.29583 0.275
vt 0.2625 0.475
vt 0.29583 0.475
vt 0.29583 0.275
vt 0.29583 0.275
vt 0.29583 0.475
vt 0.32917 0.275
vt 0.29583 0.475
vt 0.32917 0.475
vt 0.32917 0.275
vt 0.32917 0.275
vt 0.32917 0.475
vt 0.3625 0.275
vt 0.32917 0.475
vt 0.3625 0.475
vt 0.3625 0.275
vt 0.3125 0.275
vt 0.3125 0.475
vt 0.32917 0.475
vt 0.32917 0.275
vt 0.3125 0.275
vt 0.32917 0.475
vt 0.32917 0.275
vt 0.32917 0.475
vt 0.34583 0.475
vt 0.34583 0.275
vt 0.32917 0.275
vt 0.34583 0.475
vt 0.34583 0.275
vt 0.34583 0.475
vt 0.3625 0.475
vt 0.3625 0.275
vt 0.34583 0.275
vt 0.3625 0.475
vt 0.2625 0.275
vt 0.2625 0.475
vt 0.27917 0.475
vt 0.27917 0.275
vt 0.2625 0.275
vt 0.27917 0.475
vt 0.27917 0.275
vt 0.27917 0.475
vt 0.29583 0.475
vt 0.29583 0.275
vt 0.27917 0.275
vt 0.29583 0.475
vt 0.29583 0.275
vt 0.29583 0.475
vt 0.3125 0.475
vt 0.3125 0.275
vt 0.29583 0.275
vt 0.3125 0.475
vt 0.3125 0.275
vt 0.3125 0.475
vt 0.32917 0.275
vt 0.3125 0.475
vt 0.32917 0.475
vt 0.32917 0.275
vt 0.32917 0.275
vt 0.32917 0.475
vt 0.34583 0.275
vt 0.32917 0.475
vt 0.34583 0.475
vt 0.34583 0.275
vt 0.34583 0.275
vt 0.34583 0.475
vt 0.3625 0.275
vt 0.34583 0.475
vt 0.3625 0.475
vt 0.3625 0.275
vt 0.2625 0.275
vt 0.2625 0.475
vt 0.27917 0.275
vt 0.2625 0.475
vt 0.27917 0.475
vt 0.27917 0.275
vt 0.27917 0.275
vt 0.27917 0.475
vt 0.29583 0.275
vt 0.27917 0.475
vt 0.29583 0.475
vt 0.29583 0.275
vt 0.29583 0.275
vt 0.29583 0.475
vt 0.3125 0.275
vt 0.29583 0.475
vt 0.3125 0.475
vt 0.3125 0.275
vt 0.5125 0.775
vt 0.5125 0.975
vt 0.54583 0.975
vt 0.54583 0.775
vt 0.5125 0.775
vt 0.54583 0.975
vt 0.54583 0.775
vt 0.54583 0.975
vt 0.57917 0.975
vt 0.57917 0.775
vt 0.54583 0.775
vt 0.57917 0.975
vt 0.57917 0.775
vt 0.57917 0.975
vt 0.6125 0.975
vt 0.6125 0.775
vt 0.57917 0.775
vt 0.6125 0.975
vt 0.5125 0.775
vt 0.5125 0.975
vt 0.54583 0.975
vt 0.54583 0.775
vt 0.5125 0.775
vt 0.54583 0.975
vt 0.54583 0.775
vt 0.54583 0.975
vt 0.57917 0.975
vt 0.57917 0.775
vt 0.54583 0.775
vt 0.57917 0.975
vt 0.57917 0.775
vt 0.57917 0.975
vt 0.6125 0.975
vt 0.6125 0.775
vt 0.57917 0.775
vt 0.6125 0.975
vt 0.5125 0.775
vt 0.5125 0.975
vt 0.54583 0.775
vt 0.5125 0.975
vt 0.54583 0.975
vt 0.54583 0.775
vt 0.54583 0.775
vt 0.54583 0.975
vt 0.57917 0.775
vt 0.54583 0.975
vt 0.57917 0.975
vt 0.57917 0.775
vt 0.57917 0.775
vt 0.57917 0.975
vt 0.6125 0.775
vt 0.57917 0.975
vt 0.6125 0.975
vt 0.6125 0.775
vt 0.5125 0.775
vt 0.5125 0.975
vt 0.54583 0.775
vt 0.5125 0.975
vt 0.54583 0.975
vt 0.54583 0.775
vt 0.54583 0.775
vt 0.54583 0.975
vt 0.57917 0.775
vt 0.54583 0.975
vt 0.57917 0.975
vt 0.57917 0.775
vt 0.57917 0.775
vt 0.57917 0.975
vt 0.6125 0.775
vt 0.57917 0.975
vt 0.6125 0.975
vt 0.6125 0.775
vt 0.0625 0.525
vt 0.0625 0.725
vt 0.07917 0.725
vt 0.07917 0.525
vt 0.0625 0.525
vt 0.07917 0.725
vt 0.07917 0.525
vt 0.07917 0.725
vt 0.09583 0.725
vt 0.09583 0.525
vt 0.07917 0.525
vt 0.09583 0.725
vt 0.09583 0.525
vt 0.09583 0.725
vt 0.1125 0.725
vt 0.1125 0.525
vt 0.09583 0.525
vt 0.1125 0.725
vt 0.0125 0.525
vt 0.0125 0.725
vt 0.02917 0.725
vt 0.02917 0.525
vt 0.0125 0.525
vt 0.02917 0.725
vt 0.02917 0.525
vt 0.02917 0.725
vt 0.04583 0.725
vt 0.04583 0.525
vt 0.02917 0.525
vt 0.04583 0.725
vt 0.04583 0.525
vt 0.04583 0.725
vt 0.0625 0.725
vt 0.0625 0.525
vt 0.04583 0.525
vt 0.0625 0.725
vt 0.0625 0.525
vt 0.0625 0.725
vt 0.07917 0.525
vt 0.0625 0.725
vt 0.07917 0.725
vt 0.07917 0.525
vt 0.07917 0.525
vt 0.07917 0.725
vt 0.09583 0.525
vt 0.07917 0.725
vt 0.09583 0.725
vt 0.09583 0.525
vt 0.09583 0.525
vt 0.09583 0.725
vt 0.1125 0.525
vt 0.09583 0.725
vt 0.1125 0.725
vt 0.1125 0.525
vt 0.0125 0.525
vt 0.0125 0.725
vt 0.02917 0.525
vt 0.0125 0.725
vt 0.02917 0.725
vt 0.02917 0.525
vt 0.02917 0.525
vt 0.02917 0.725
vt 0.04583 0.525
vt 0.02917 0.725
vt 0.04583 0.725
vt 0.04583 0.525
vt 0.04583 0.525
vt 0.04583 0.725
vt 0.0625 0.525
vt 0.04583 0.725
vt 0.0625 0.725
vt 0.0625 0.525
vt 0.6375 0.525
vt 0.6375 0.725
vt 0.67083 0.725
vt 0.67083 0.525
vt 0.6375 0.525
vt 0.67083 0.725
vt 0.67083 0.525
vt 0.67083 0.725
vt 0.70417 0.725
vt 0.70417 0.525
vt 0.67083 0.525
vt 0.70417 0.725
vt 0.70417 0.525
vt 0.70417 0.725
vt 0.7375 0.725
vt 0.7375 0.525
vt 0.70417 0.525
vt 0.7375 0.725
vt 0.6375 0.525
vt 0.6375 0.725
vt 0.67083 0.725
vt 0.67083 0.525
vt 0.6375 0.525
vt 0.67083 0.725
vt 0.67083 0.525
vt 0.67083 0.725
vt 0.70417 0.725
vt 0.70417 0.525
vt 0.67083 0.525
vt 0.70417 0.725
vt 0.70417 0.525
vt 0.70417 0.725
vt 0.7375 0.725
vt 0.7375 0.525
vt 0.70417 0.525
vt 0.7375 0.725
vt 0.6375 0.525
vt 0.6375 0.725
vt 0.67083 0.525
vt 0.6375 0.725
vt 0.67083 0.725
vt 0.67083 0.525
vt 0.67083 0.525
vt 0.67083 0.725
vt 0.70417 0.525
vt 0.67083 0.725
vt 0.70417 0.725
vt 0.70417 0.525
vt 0.70417 0.525
vt 0.70417 0.725
vt 0.7375 0.525
vt 0.70417 0.725
vt 0.7375 0.725
vt 0.7375 0.525
vt 0.6375 0.525
vt 0.6375 0.725
vt 0.67083 0.525
vt 0.6375 0.725
vt 0.67083 0.725
vt 0.67083 0.525
vt 0.67083 0.525
vt 0.67083 0.725
vt 0.70417 0.525
vt 0.67083 0.725
vt 0.70417 0.725
vt 0.70417 0.525
vt 0.70417 0.525
vt 0.70417 0.725
vt 0.7375 0.525
vt 0.70417 0.725
vt 0.7375 0.725
vt 0.7375 0.525
vt 0.1375 0.275
vt 0.1375 0.475
vt 0.17083 0.475
vt 0.17083 0.275
vt 0.1375 0.275
vt 0.17083 0.475
vt 0.17083 0.275
vt 0.17083 0.475
vt 0.20417 0.475
vt 0.20417 0.275
vt 0.17083 0.275
vt 0.20417 0.475
vt 0.20417 0.275
vt 0.20417 0.475
vt 0.2375 0.475
vt 0.2375 0.275
vt 0.20417 0.275
vt 0.2375 0.475
vt 0.1375 0.275
vt 0.1375 0.475
vt 0.17083 0.475
vt 0.17083 0.275
vt 0.1375 0.275
vt 0.17083 0.475
vt 0.17083 0.275
vt 0.17083 0.475
vt 0.20417 0.475
vt 0.20417 0.275
vt 0.17083 0.275
vt 0.20417 0.475
vt 0.20417 0.275
vt 0.20417 0.475
vt 0.2375 0.475
vt 0.2375 0.275
vt 0.20417 0.275
vt 0.2375 0.475
vt 0.1375 0.275
vt 0.1375 0.475
vt 0.17083 0.275
vt 0.1375 0.475
vt 0.17083 0.475
vt 0.17083 0.275
vt 0.17083 0.275
vt 0.17083 0.475
vt 0.20417 0.275
vt 0.17083 0.475
vt 0.20417 0.475
vt 0.20417 0.275
vt 0.20417 0.275
vt 0.20417 0.475
vt 0.2375 0.275
vt 0.20417 0.475
vt 0.2375 0.475
vt 0.2375 0.275
vt 0.1375 0.275
vt 0.1375 0.475
vt 0.17083 0.275
vt 0.1375 0.475
vt 0.17083 0.475
vt 0.17083 0.275
vt 0.17083 0.275
vt 0.17083 0.475
vt 0.20417 0.275
vt 0.17083 0.475
vt 0.20417 0.475
vt 0.20417 0.275
vt 0.20417 0.275
vt 0.20417 0.475
vt 0.2375 0.275
vt 0.20417 0.475
vt 0.2375 0.475
vt 0.2375 0.275
vt 0.2625 0.275
vt 0.2625 0.475
vt 0.29583 0.475
vt 0.29583 0.275
vt 0.2625 0.275
vt 0.29583 0.475
vt 0.29583 0.275
vt 0.29583 0.475
vt 0.32917 0.475
vt 0.32917 0.275
vt 0.29583 0.275
vt 0.32917 0.475
vt 0.32917 0.275
vt 0.32917 0.475
vt 0.3625 0.475
vt 0.3625 0.275
vt 0.32917 0.275
vt 0.3625 0.475
vt 0.2625 0.275
vt 0.2625 0.475
vt 0.29583 0.475
vt 0.29583 0.275
vt 0.2625 0.275
vt 0.29583 0.475
vt 0.29583 0.275
vt 0.29583 0.475
vt 0.32917 0.475
vt 0.32917 0.275
vt 0.29583 0.275
vt 0.32917 0.475
vt 0.32917 0.275
vt 0.32917 0.475
vt 0.3625 0.475
vt 0.3625 0.275
vt 0.32917 0.275
vt 0.3625 0.475
vt 0.2625 0.275
vt 0.2625 0.475
vt 0.29583 0.275
vt 0.2625 0.475
vt 0.29583 0.475
vt 0.29583 0.275
vt 0.29583 0.275
vt 0.29583 0.475
vt 0.32917 0.275
vt 0.29583 0.475
vt 0.32917 0.475
vt 0.32917 0.275
vt 0.32917 0.275
vt 0.32917 0.475
vt 0.3625 0.275
vt 0.32917 0.475
vt 0.3625 0.475
vt 0.3625 0.275
vt 0.2625 0.275
vt 0.2625 0.475
vt 0.29583 0.275
vt 0.2625 0.475
vt 0.29583 0.475
vt 0.29583 0.275
vt 0.29583 0.275
vt 0.29583 0.475
vt 0.32917 0.275
vt 0.29583 0.475
vt 0.32917 0.475
vt 0.32917 0.275
vt 0.32917 0.275
vt 0.32917 0.475
vt 0.3625 0.275
vt 0.32917 0.475
vt 0.3625 0.475
vt 0.3625 0.275
vt 0.3125 0.275
vt 0.3125 0.475
vt 0.32917 0.475
vt 0.32917 0.275
vt 0.3125 0.275
vt 0.32917 0.475
vt 0.32917 0.275
vt 0.32917 0.475
vt 0.34583 0.475
vt 0.34583 0.275
vt 0.32917 0.275
vt 0.34583 0.475
vt 0.34583 0.275
vt 0.34583 0.475
vt 0.3625 0.475
vt 0.3625 0.275
vt 0.34583 0.275
vt 0.3625 0.475
vt 0.2625 0.275
vt 0.2625 0.475
vt 0.27917 0.475
vt 0.27917 0.275
vt 0.2625 0.275
vt 0.27917 0.475
vt 0.27917 0.275
vt 0.27917 0.475
vt 0.29583 0.475
vt 0.29583 0.275
vt 0.27917 0.275
vt 0.29583 0.475
vt 0.29583 0.275
vt 0.29583 0.475
vt 0.3125 0.475
vt 0.3125 0.275
vt 0.29583 0.275
vt 0.3125 0.475
vt 0.3125 0.275
vt 0.3125 0.475
vt 0.32917 0.275
vt 0.3125 0.475
vt 0.32917 0.475
vt 0.32917 0.275
vt 0.32917 0.275
vt 0.32917 0.475
vt 0.34583 0.275
vt 0.32917 0.475
vt 0.34583 0.475
vt 0.34583 0.275
vt 0.34583 0.275
vt 0.34583 0.475
vt 0.3625 0.275
vt 0.34583 0.475
vt 0.3625 0.475
vt 0.3625 0.275
vt 0.2625 0.275
vt 0.2625 0.475
vt 0.27917 0.275
vt 0.2625 0.475
vt 0.27917 0.475
vt 0.27917 0.275
vt 0.27917 0.275
vt 0.27917 0.475
vt 0.29583 0.275
vt 0.27917 0.475
vt 0.29583 0.475
vt 0.29583 0.275
vt 0.29583 0.275
vt 0.29583 0.475
vt 0.3125 0.275
vt 0.29583 0.475
vt 0.3125 0.475
vt 0.3125 0.275
vt 0.5125 0.775
vt 0.5125 0.975
vt 0.54583 0.975
vt 0.54583 0.775
vt 0.5125 0.775
vt 0.54583 0.975
vt 0.54583 0.775
vt 0.54583 0.975
vt 0.57917 0.975
vt 0.57917 0.775
vt 0.54583 0.775
vt 0.57917 0.975
vt 0.57917 0.775
vt 0.57917 0.975
vt 0.6125 0.975
vt 0.6125 0.775
vt 0.57917 0.775
vt 0.6125 0.975
vt 0.5125 0.775
vt 0.5125 0.975
vt 0.54583 0.975
vt 0.54583 0.775
vt 0.5125 0.775
vt 0.54583 0.975
vt 0.54583 0.775
vt 0.54583 0.975
vt 0.57917 0.975
vt 0.57917 0.775
vt 0.54583 0.775
vt 0.57917 0.975
vt 0.57917 0.775
vt 0.57917 0.975
vt 0.6125 0.975
vt 0.6125 0.775
vt 0.57917 0.775
vt 0.6125 0.975
vt 0.5125 0.775
vt 0.5125 0.975
vt 0.54583 0.775
vt 0.5125 0.975
vt 0.54583 0.975
vt 0.54583 0.775
vt 0.54583 0.775
vt 0.54583 0.975
vt 0.57917 0.775
vt 0.54583 0.975
vt 0.57917 0.975
vt 0.57917 0.775
vt 0.57917 0.775
vt 0.57917 0.975
vt 0.6125 0.775
vt 0.57917 0.975
vt 0.6125 0.975
vt 0.6125 0.775
vt 0.5125 0.775
vt 0.5125 0.975
vt 0.54583 0.775
vt 0.5125 0.975
vt 0.54583 0.975
vt 0.54583 0.775
vt 0.54583 0.775
vt 0.54583 0.975
vt 0.57917 0.775
vt 0.54583 0.975
vt 0.57917 0.975
vt 0.57917 0.775
vt 0.57917 0.775
vt 0.57917 0.975
vt 0.6125 0.775
vt 0.57917 0.975
vt 0.6125 0.975
vt 0.6125 0.775
vt 0.0625 0.525
vt 0.0625 0.725
vt 0.07917 0.725
vt 0.07917 0.525
vt 0.0625 0.525
vt 0.07917 0.725
vt 0.07917 0.525
vt 0.07917 0.725
vt 0.09583 0.725
vt 0.09583 0.525
vt 0.07917 0.525
vt 0.09583 0.725
vt 0.09583 0.525
vt 0.09583 0.725
vt 0.1125 0.725
vt 0.1125 0.525
vt 0.09583 0.525
vt 0.1125 0.725
vt 0.0125 0.525
vt 0.0125 0.725
vt 0.02917 0.725
vt 0.02917 0.525
vt 0.0125 0.525
vt 0.02917 0.725
vt 0.02917 0.525
vt 0.02917 0.725
vt 0.04583 0.725
vt 0.04583 0.525
vt 0.02917 0.525
vt 0.04583 0.725
vt 0.04583 0.525
vt 0.04583 0.725
vt 0.0625 0.725
vt 0.0625 0.525
vt 0.04583 0.525
vt 0.0625 0.725
vt 0.0625 0.525
vt 0.0625 0.725
vt 0.07917 0.525
vt 0.0625 0.725
vt 0.07917 0.725
vt 0.07917 0.525
vt 0.07917 0.525
vt 0.07917 0.725
vt 0.09583 0.525
vt 0.07917 0.725
vt 0.09583 0.725
vt 0.09583 0.525
vt 0.09583 0.525
vt 0.09583 0.725
vt 0.1125 0.525
vt 0.09583 0.725
vt 0.1125 0.725
vt 0.1125 0.525
vt 0.0125 0.525
vt 0.0125 0.725
vt 0.02917 0.525
vt 0.0125 0.725
vt 0.02917 0.725
vt 0.02917 0.525
vt 0.02917 0.525
vt 0.02917 0.725
vt 0.04583 0.525
vt 0.02917 0.725
vt 0.04583 0.725
vt 0.04583 0.525
vt 0.04583 0.525
vt 0.04583 0.725
vt 0.0625 0.525
vt 0.04583 0.725
vt 0.0625 0.725
vt 0.0625 0.525
vt 0.6375 0.525
vt 0.6375 0.725
vt 0.67083 0.725
vt 0.67083 0.525
vt 0.6375 0.525
vt 0.67083 0.725
vt 0.67083 0.525
vt 0.67083 0.725
vt 0.70417 0.725
vt 0.70417 0.525
vt 0.67083 0.525
vt 0.70417 0.725
vt 0.70417 0.525
vt 0.70417 0.725
vt 0.7375 0.725
vt 0.7375 0.525
vt 0.70417 0.525
vt 0.7375 0.725
vt 0.6375 0.525
vt 0.6375 0.725
vt 0.67083 0.725
vt 0.67083 0.525
vt 0.6375 0.525
vt 0.67083 0.725
vt 0.67083 0.525
vt 0.67083 0.725
vt 0.70417 0.725
vt 0.70417 0.525
vt 0.67083 0.525
vt 0.70417 0.725
vt 0.70417 0.525
vt 0.70417 0.725
vt 0.7375 0.725
vt 0.7375 0.525
vt 0.70417 0.525
vt 0.7375 0.725
vt 0.6375 0.525
vt 0.6375 0.725
vt 0.67083 0.525
vt 0.6375 0.725
vt 0.67083 0.725
vt 0.67083 0.525
vt 0.67083 0.525
vt 0.67083 0.725
vt 0.70417 0.525
vt 0.67083 0.725
vt 0.70417 0.725
vt 0.70417 0.525
vt 0.70417 0.525
vt 0.70417 0.725
vt 0.7375 0.525
vt 0.70417 0.725
vt 0.7375 0.725
vt 0.7375 0.525
vt 0.6375 0.525
vt 0.6375 0.725
vt 0.67083 0.525
vt 0.6375 0.725
vt 0.67083 0.725
vt 0.67083 0.525
vt 0.67083 0.525
vt 0.67083 0.725
vt 0.70417 0.525
vt 0.67083 0.725
vt 0.70417 0.725
vt 0.70417 0.525
vt 0.70417 0.525
vt 0.70417 0.725
vt 0.7375 0.525
vt 0.70417 0.725
vt 0.7375 0.725
vt 0.7375 0.525
vt 0.1375 0.275
vt 0.1375 0.475
vt 0.17083 0.475
vt 0.17083 0.275
vt 0.1375 0.275
vt 0.17083 0.475
vt 0.17083 0.275
vt 0.17083 0.475
vt 0.20417 0.475
vt 0.20417 0.275
vt 0.17083 0.275
vt 0.20417 0.475
vt 0.20417 0.275
vt 0.20417 0.475
vt 0.2375 0.475
vt 0.2375 0.275
vt 0.20417 0.275
vt 0.2375 0.475
vt 0.1375 0.275
vt 0.1375 0.475
vt 0.17083 0.475
vt 0.17083 0.275
vt 0.1375 0.275
vt 0.17083 0.475
vt 0.17083 0.275
vt 0.17083 0.475
vt 0.20417 0.475
vt 0.20417 0.275
vt 0.17083 0.275
vt 0.20417 0.475
vt 0.20417 0.275
vt 0.20417 0.475
vt 0.2375 0.475
vt 0.2375 0.275
vt 0.20417 0.275
vt 0.2375 0.475
vt 0.1375 0.275
vt 0.1375 0.475
vt 0.17083 0.275
vt 0.1375 0.475
vt 0.17083 0.475
vt 0.17083 0.275
vt 0.17083 0.275
vt 0.17083 0.475
vt 0.20417 0.275
vt 0.17083 0.475
vt 0.20417 0.475
vt 0.20417 0.275
vt 0.20417 0.275
vt 0.20417 0.475
vt 0.2375 0.275
vt 0.20417 0.475
vt 0.2375 0.475
vt 0.2375 0.275
vt 0.1375 0.275
vt 0.1375 0.475
vt 0.17083 0.275
vt 0.1375 0.475
vt 0.17083 0.475
vt 0.17083 0.275
vt 0.17083 0.275
vt 0.17083 0.475
vt 0.20417 0.275
vt 0.17083 0.475
vt 0.20417 0.475
vt 0.20417 0.275
vt 0.20417 0.275
vt 0.20417 0.475
vt 0.2375 0.275
vt 0.20417 0.475
vt 0.2375 0.475
vt 0.2375 0.275
vt 0.2625 0.275
vt 0.2625 0.475
vt 0.29583 0.475
vt 0.29583 0.275
vt 0.2625 0.275
vt 0.29583 0.475
vt 0.29583 0.275
vt 0.29583 0.475
vt 0.32917 0.475
vt 0.32917 0.275
vt 0.29583 0.275
vt 0.32917 0.475
vt 0.32917 0.275
vt 0.32917 0.475
vt 0.3625 0.475
vt 0.3625 0.275
vt 0.32917 0.275
vt 0.3625 0.475
vt 0.2625 0.275
vt 0.2625 0.475
vt 0.29583 0.475
vt 0.29583 0.275
vt 0.2625 0.275
vt 0.29583 0.475
vt 0.29583 0.275
vt 0.29583 0.475
vt 0.32917 0.475
vt 0.32917 0.275
vt 0.29583 0.275
vt 0.32917 0.475
vt 0.32917 0.275
vt 0.32917 0.475
vt 0.3625 0.475
vt 0.3625 0.275
vt 0.32917 0.275
vt 0.3625 0.475
vt 0.2625 0.275
vt 0.2625 0.475
vt 0.29583 0.275
vt 0.2625 0.475
vt 0.29583 0.475
vt 0.29583 0.275
vt 0.29583 0.275
vt 0.29583 0.475
vt 0.32917 0.275
vt 0.29583 0.475
vt 0.32917 0.475
vt 0.32917 0.275
vt 0.32917 0.275
vt 0.32917 0.475
vt 0.3625 0.275
vt 0.32917 0.475
vt 0.3625 0.475
vt 0.3625 0.275
vt 0.2625 0.275
vt 0.2625 0.475
vt 0.29583 0.275
vt 0.2625 0.475
vt 0.29583 0.475
vt 0.29583 0.275
vt 0.29583 0.275
vt 0.29583 0.475
vt 0.32917 0.275
vt 0.29583 0.475
vt 0.32917 0.475
vt 0.32917 0.275
vt 0.32917 0.275
vt 0.32917 0.475
vt 0.3625 0.275
vt 0.32917 0.475
vt 0.3625 0.475
vt 0.3625 0.275
vt 0.87625 0.025
vt 0.87625 0.225
vt 0.87625 0.225
vt 0.87625 0.025
vt 0.87625 0.025
vt 0.87625 0.225
vt 0.87625 0.025
vt 0.87625 0.225
vt 0.87625 0.225
vt 0.87625 0.025
vt 0.87625 0.025
vt 0.87625 0.225
vt 0.87625 0.025
vt 0.87625 0.225
vt 0.87625 0.225
vt 0.87625 0.025
vt 0.87625 0.025
vt 0.87625 0.225
vt 0.87625 0.025
vt 0.87625 0.225
vt 0.87625 0.225
vt 0.87625 0.025
vt 0.87625 0.025
vt 0.87625 0.225
vt 0.87625 0.025
vt 0.87625 0.225
vt 0.87625 0.225
vt 0.87625 0.025
vt 0.87625 0.025
vt 0.87625 0.225
vt 0.87625 0.025
vt 0.87625 0.225
vt 0.87625 0.225
vt 0.87625 0.025
vt 0.87625 0.025
vt 0.87625 0.225
vt 0.87625 0.025
vt 0.87625 0.225
vt 0.87625 0.225
vt 0.87625 0.025
vt 0.87625 0.025
vt 0.87625 0.225
vt 0.87625 0.025
vt 0.87625 0.225
vt 0.87625 0.225
vt 0.87625 0.025
vt 0.87625 0.025
vt 0.87625 0.225
vt 0.87625 0.025
vt 0.87625 0.225
vt 0.87625 0.025
vt 0.87625 0.225
vt 0.87625 0.225
vt 0.87625 0.025
vt 0.87625 0.025
vt 0.87625 0.225
vt 0.87625 0.025
vt 0.87625 0.225
vt 0.87625 0.225
vt 0.87625 0.025
vt 0.87625 0.025
vt 0.87625 0.225
vt 0.87625 0.025
vt 0.87625 0.225
vt 0.87625 0.225
vt 0.87625 0.025
vt 0.87625 0.025
vt 0.87625 0.225
vt 0.87625 0.025
vt 0.87625 0.225
vt 0.87625 0.225
vt 0.87625 0.025
vt 0.87625 0.025
vt 0.87625 0.225
vt 0.87625 0.025
vt 0.87625 0.225
vt 0.87625 0.225
vt 0.87625 0.025
vt 0.87625 0.025
vt 0.87625 0.225
vt 0.87625 0.025
vt 0.87625 0.225
vt 0.87625 0.225
vt 0.87625 0.025
vt 0.87625 0.025
vt 0.87625 0.225
vt 0.87625 0.025
vt 0.87625 0.225
vt 0.87625 0.225
vt 0.87625 0.025
vt 0.87625 0.025
vt 0.87625 0.225
vt 0.87625 0.025
vt 0.87625 0.225
vt 0.87625 0.225
vt 0.87625 0.025
vt 0.87625 0.025
vt 0.87625 0.225
vt 0.87625 0.225
vt 0.87625 0.025
vt 0.87625 0.025
vt 0.87625 0.225
vt 0.87625 0.025
vt 0.87625 0.225
vt 0.87625 0.225
vt 0.87625 0.025
vt 0.87625 0.025
vt 0.87625 0.225
vt 0.87625 0.025
vt 0.87625 0.225
vt 0.87625 0.225
vt 0.87625 0.025
vt 0.87625 0.025
vt 0.87625 0.225
vt 0.87625 0.025
vt 0.87625 0.225
vt 0.87625 0.225
vt 0.87625 0.025
vt 0.87625 0.025
vt 0.87625 0.225
vt 0.87625 0.025
vt 0.87625 0.225
vt 0.87625 0.225
vt 0.87625 0.025
vt 0.87625 0.025
vt 0.87625 0.225
vt 0.87625 0.025
vt 0.87625 0.225
vt 0.87625 0.225
vt 0.87625 0.025
vt 0.87625 0.025
vt 0.87625 0.225
vt 0.87625 0.025
vt 0.87625 0.225
vt 0.87625 0.225
vt 0.87625 0.025
vt 0.87625 0.025
vt 0.87625 0.225
vt 0.87625 0.025
vt 0.87625 0.225
vt 0.87625 0.225
vt 0.87625 0.025
vt 0.87625 0.025
vt 0.87625 0.225
vt 0.87625 0.025
vt 0.87625 0.225
vt 0.87625 0.025
vt 0.87625 0.225
vt 0.87625 0.225
vt 0.87625 0.025
vt 0.87625 0.025
vt 0.87625 0.225
vt 0.87625 0.025
vt 0.87625 0.225
vt 0.87625 0.225
vt 0.87625 0.025
vt 0.87625 0.025
vt 0.87625 0.225
vt 0.87625 0.025
vt 0.87625 0.225
vt 0.87625 0.225
vt 0.87625 0.025
vt 0.87625 0.025
vt 0.87625 0.225
vt 0.87625 0.025
vt 0.87625 0.225
vt 0.87625 0.225
vt 0.87625 0.025
vt 0.87625 0.025
vt 0.87625 0.225
vt 0.87625 0.025
vt 0.87625 0.225
vt 0.87625 0.225
vt 0.87625 0.025
vt 0.87625 0.025
vt 0.87625 0.225
vt 0.87625 0.025
vt 0.87625 0.225
vt 0.87625 0.225
vt 0.87625 0.025
vt 0.87625 0.025
vt 0.87625 0.225
vt 0.87625 0.025
vt 0.87625 0.225
vt 0.87625 0.225
vt 0.87625 0.025
vt 0.87625 0.025
vt 0.87625 0.225
vt 0.87625 0.025
vt 0.87625 0.225
vt 0.87625 0.225
vt 0.87625 0.025
vt 0.87625 0.025
vt 0.87625 0.225
vt 0.87625 0.225
vt 0.87625 0.025
vt 0.87625 0.025
vt 0.87625 0.225
vt 0.87625 0.025
vt 0.87625 0.225
vt 0.87625 0.225
vt 0.87625 0.025
vt 0.87625 0.025
vt 0.87625 0.225
vt 0.87625 0.025
vt 0.87625 0.225
vt 0.87625 0.225
vt 0.87625 0.025
vt 0.87625 0.025
vt 0.87625 0.225
vt 0.87625 0.025
vt 0.87625 0.225
vt 0.87625 0.225
vt 0.87625 0.025
vt 0.87625 0.025
vt 0.87625 0.225
vt 0.87625 0.025
vt 0.87625 0.225
vt 0.87625 0.225
vt 0.87625 0.025
vt 0.87625 0.025
vt 0.87625 0.225
vt 0.87625 0.025
vt 0.87625 0.225
vt 0.87625 0.225
vt 0.87625 0.025
vt 0.87625 0.025
vt 0.87625 0.225
vt 0.87625 0.025
vt 0.87625 0.225
vt 0.87625 0.225
vt 0.87625 0.025
vt 0.87625 0.025
vt 0.87625 0.225
vt 0.87625 0.025
vt 0.87625 0.225
vt 0.87625 0.225
vt 0.87625 0.025
vt 0.87625 0.025
vt 0.87625 0.225
vt 0.87625 0.025
vt 0.87625 0.225
vt 0.87625 0.025
vt 0.87625 0.225
vt 0.87625 0.225
vt 0.87625 0.025
vt 0.87625 0.025
vt 0.87625 0.225
vt 0.87625 0.025
vt 0.87625 0.225
vt 0.87625 0.225
vt 0.87625 0.025
vt 0.87625 0.025
vt 0.87625 0.225
vt 0.87625 0.025
vt 0.87625 0.225
vt 0.87625 0.225
vt 0.87625 0.025
vt 0.87625 0.025
vt 0.87625 0.225
vt 0.87625 0.025
vt 0.87625 0.225
vt 0.87625 0.225
vt 0.87625 0.025
vt 0.87625 0.025
vt 0.87625 0.225
vt 0.87625 0.025
vt 0.87625 0.225
vt 0.87625 0.225
vt 0.87625 0.025
vt 0.87625 0.025
vt 0.87625 0.225
vt 0.87625 0.025
vt 0.87625 0.225
vt 0.87625 0.225
vt 0.87625 0.025
vt 0.87625 0.025
vt 0.87625 0.225
vt 0.87625 0.025
vt 0.87625 0.225
vt 0.87625 0.225
vt 0.87625 0.025
vt 0.87625 0.025
vt 0.87625 0.225
vt 0.87625 0.025
vt 0.87625 0.225
vt 0.87625 0.225
vt 0.87625 0.025
vt 0.87625 0.025
vt 0.87625 0.225
vt 0.87625 0.225
vt 0.87625 0.025
vt 0.87625 0.025
vt 0.87625 0.225
vt 0.87625 0.025
vt 0.87625 0.225
vt 0.87625 0.225
vt 0.87625 0.025
vt 0.87625 0.025
vt 0.87625 0.225
vt 0.87625 0.025
vt 0.87625 0.225
vt 0.87625 0.225
vt 0.87625 0.025
vt 0.87625 0.025
vt 0.87625 0.225
vt 0.87625 0.025
vt 0.87625 0.225
vt 0.87625 0.225
vt 0.87625 0.025
vt 0.87625 0.025
vt 0.87625 0.225
vt 0.87625 0.025
vt 0.87625 0.225
vt 0.87625 0.225
vt 0.87625 0.025
vt 0.87625 0.025
vt 0.87625 0.225
vt 0.87625 0.025
vt 0.87625 0.225
vt 0.87625 0.225
vt 0.87625 0.025
vt 0.87625 0.025
vt 0.87625 0.225
vt 0.87625 0.025
vt 0.87625 0.225
vt 0.87625 0.225
vt 0.87625 0.025
vt 0.87625 0.025
vt 0.87625 0.225
vt 0.87625 0.025
vt 0.87625 0.225
vt 0.87625 0.225
vt 0.87625 0.025
vt 0.87625 0.025
vt 0.87625 0.225
vt 0.87625 0.025
vt 0.87625 0.225
vt 0.87625 0.025
vt 0.87625 0.225
vt 0.87625 0.225
vt 0.87625 0.025
vt 0.87625 0.025
vt 0.87625 0.225
vt 0.87625 0.025
vt 0.87625 0.225
vt 0.87625 0.225
vt 0.87625 0.025
vt 0.87625 0.025
vt 0.87625 0.225
vt 0.87625 0.025
vt 0.87625 0.225
vt 0.87625 0.225
vt 0.87625 0.025
vt 0.87625 0.025
vt 0.87625 0.225
vt 0.87625 0.025
vt 0.87625 0.225
vt 0.87625 0.225
vt 0.87625 0.025
vt 0.87625 0.025
vt 0.87625 0.225
vt 0.87625 0.025
vt 0.87625 0.225
vt 0.87625 0.225
vt 0.87625 0.025
vt 0.87625 0.025
vt 0.87625 0.225
vt 0.87625 0.025
vt 0.87625 0.225
vt 0.87625 0.225
vt 0.87625 0.025
vt 0.87625 0.025
vt 0.87625 0.225
vt 0.87625 0.025
vt 0.87625 0.225
vt 0.87625 0.225
vt 0.87625 0.025
vt 0.87625 0.025
vt 0.87625 0.225
vt 0.87625 0.025
vt 0.87625 0.225
vt 0.87625 0.225
vt 0.87625 0.025
vt 0.87625 0.025
vt 0.87625 0.225
vt 0.87625 0.225
vt 0.87625 0.025
vt 0.87625 0.025
vt 0.87625 0.225
vt 0.87625 0.025
vt 0.87625 0.225
vt 0.87625 0.225
vt 0.87625 0.025
vt 0.87625 0.025
vt 0.87625 0.225
vt 0.87625 0.025
vt 0.87625 0.225
vt 0.87625 0.225
vt 0.87625 0.025
vt 0.87625 0.025
vt 0.87625 0.225
vt 0.87625 0.025
vt 0.87625 0.225
vt 0.87625 0.225
vt 0.87625 0.025
vt 0.87625 0.025
vt 0.87625 0.225
vt 0.87625 0.025
vt 0.87625 0.225
vt 0.87625 0.225
vt 0.87625 0.025
vt 0.87625 0.025
vt 0.87625 0.225
vt 0.87625 0.025
vt 0.87625 0.225
vt 0.87625 0.225
vt 0.87625 0.025
vt 0.87625 0.025
vt 0.87625 0.225
vt 0.87625 0.025
vt 0.87625 0.225
vt 0.87625 0.225
vt 0.87625 0.025
vt 0.87625 0.025
vt 0.87625 0.225
vt 0.87625 0.025
vt 0.87625 0.225
vt 0.87625 0.225
vt 0.87625 0.025
vt 0.87625 0.025
vt 0.87625 0.225
vt 0.87625 0.025
vt 0.87625 0.225
vt 0.87625 0.025
vt 0.87625 0.225
vt 0.87625 0.225
vt 0.87625 0.025
vt 0.87625 0.025
vt 0.87625 0.225
vt 0.87625 0.025
vt 0.87625 0.225
vt 0.87625 0.225
vt 0.87625 0.025
vt 0.87625 0.025
vt 0.87625 0.225
vt 0.87625 0.025
vt 0.87625 0.225
vt 0.87625 0.225
vt 0.87625 0.025
vt 0.87625 0.025
vt 0.87625 0.225
vt 0.87625 0.025
vt 0.87625 0.225
vt 0.87625 0.225
vt 0.87625 0.025
vt 0.87625 0.025
vt 0.87625 0.225
vt 0.87625 0.025
vt 0.87625 0.225
vt 0.87625 0.225
vt 0.87625 0.025
vt 0.87625 0.025
vt 0.87625 0.225
vt 0.87625 0.025
vt 0.87625 0.225
vt 0.87625 0.225
vt 0.87625 0.025
vt 0.87625 0.025
vt 0.87625 0.225
vt 0.87625 0.025
vt 0.87625 0.225
vt 0.87625 0.225
vt 0.87625 0.025
vt 0.87625 0.025
vt 0.87625 0.225
vt 0.87625 0.025
vt 0.87625 0.225
vt 0.87625 0.225
vt 0.87625 0.025
vt 0.87625 0.025
vt 0.87625 0.225
vt 0.87625 0.225
vt 0.87625 0.025
vt 0.87625 0.025
vt 0.87625 0.225
vt 0.87625 0.025
vt 0.87625 0.225
vt 0.87625 0.225
vt 0.87625 0.025
vt 0.87625 0.025
vt 0.87625 0.225
vt 0.87625 0.025
vt 0.87625 0.225
vt 0.87625 0.225
vt 0.87625 0.025
vt 0.87625 0.025
vt 0.87625 0.225
vt 0.87625 0.025
vt 0.87625 0.225
vt 0.87625 0.225
vt 0.87625 0.025
vt 0.87625 0.025
vt 0.87625 0.225
vt 0.87625 0.025
vt 0.87625 0.225
vt 0.87625 0.225
vt 0.87625 0.025
vt 0.87625 0.025
vt 0.87625 0.225
vt 0.87625 0.025
vt 0.87625 0.225
vt 0.87625 0.225
vt 0.87625 0.025
vt 0.87625 0.025
vt 0.87625 0.225
vt 0.87625 0.025
vt 0.87625 0.225
vt 0.87625 0.225
vt 0.87625 0.025
vt 0.87625 0.025
vt 0.87625 0.225
vt 0.87625 0.025
vt 0.87625 0.225
vt 0.87625 0.225
vt 0.87625 0.025
vt 0.87625 0.025
vt 0.87625 0.225
vt 0.87625 0.025
vt 0.87625 0.225
vt 0.87625 0.025
vt 0.87625 0.225
vt 0.87625 0.225
vt 0.87625 0.025
vt 0.87625 0.025
vt 0.87625 0.225
vt 0.87625 0.025
vt 0.87625 0.225
vt 0.87625 0.225
vt 0.87625 0.025
vt 0.87625 0.025
vt 0.87625 0.225
vt 0.87625 0.025
vt 0.87625 0.225
vt 0.87625 0.225
vt 0.87625 0.025
vt 0.87625 0.025
vt 0.87625 0.225
vt 0.87625 0.025
vt 0.87625 0.225
vt 0.87625 0.225
vt 0.87625 0.025
vt 0.87625 0.025
vt 0.87625 0.225
vt 0.87625 0.025
vt 0.87625 0.225
vt 0.87625 0.225
vt 0.87625 0.025
vt 0.87625 0.025
vt 0.87625 0.225
vt 0.87625 0.025
vt 0.87625 0.225
vt 0.87625 0.225
vt 0.87625 0.025
vt 0.87625 0.025
vt 0.87625 0.225
vt 0.87625 0.025
vt 0.87625 0.225
vt 0.87625 0.225
vt 0.87625 0.025
vt 0.87625 0.025
vt 0.87625 0.225
vt 0.87625 0.025
vt 0.87625 0.225
vt 0.87625 0.225
vt 0.87625 0.025
vt 0.87625 0.025
vt 0.87625 0.225
vt 0.87625 0.225
vt 0.87625 0.025
vt 0.87625 0.025
vt 0.87625 0.225
vt 0.87625 0.025
vt 0.87625 0.225
vt 0.87625 0.225
vt 0.87625 0.025
vt 0.87625 0.025
vt 0.87625 0.225
vt 0.87625 0.025
vt 0.87625 0.225
vt 0.87625 0.225
vt 0.87625 0.025
vt 0.87625 0.025
vt 0.87625 0.225
vt 0.87625 0.025
vt 0.87625 0.225
vt 0.87625 0.225
vt 0.87625 0.025
vt 0.87625 0.025
vt 0.87625 0.225
vt 0.87625 0.025
vt 0.87625 0.225
vt 0.87625 0.225
vt 0.87625 0.025
vt 0.87625 0.025
vt 0.87625 0.225
vt 0.87625 0.025
vt 0.87625 0.225
vt 0.87625 0.225
vt 0.87625 0.025
vt 0.87625 0.025
vt 0.87625 0.225
vt 0.87625 0.025
vt 0.87625 0.225
vt 0.87625 0.225
vt 0.87625 0.025
vt 0.87625 0.025
vt 0.87625 0.225
vt 0.87625 0.025
vt 0.87625 0.225
vt 0.87625 0.225
vt 0.87625 0.025
vt 0.87625 0.025
vt 0.87625 0.225
vt 0.87625 0.025
vt 0.87625 0.225
vt 0.87625 0.025
vt 0.87625 0.225
vt 0.87625 0.225
vt 0.87625 0.025
vt 0.87625 0.025
vt 0.87625 0.225
vt 0.87625 0.025
vt 0.87625 0.225
vt 0.87625 0.225
vt 0.87625 0.025
vt 0.87625 0.025
vt 0.87625 0.225
vt 0.87625 0.025
vt 0.87625 0.225
vt 0.87625 0.225
vt 0.87625 0.025
vt 0.87625 0.025
vt 0.87625 0.225
vt 0.87625 0.025
vt 0.87625 0.225
vt 0.87625 0.225
vt 0.87625 0.025
vt 0.87625 0.025
vt 0.87625 0.225
vt 0.87625 0.025
vt 0.87625 0.225
vt 0.87625 0.225
vt 0.87625 0.025
vt 0.87625 0.025
vt 0.87625 0.225
vt 0.87625 0.025
vt 0.87625 0.225
vt 0.87625 0.225
vt 0.87625 0.025
vt 0.87625 0.025
vt 0.87625 0.225
vt 0.87625 0.025
vt 0.87625 0.225
vt 0.87625 0.225
vt 0.87625 0.025
vt 0.87625 0.025
vt 0.87625 0.225
vt 0.87625 0.025
vt 0.87625 0.225
vt 0.87625 0.225
vt 0.87625 0.025
vt 0.87625 0.025
vt 0.87625 0.225
vt 0.87625 0.225
vt 0.87625 0.025
vt 0.87625 0.025
vt 0.87625 0.225
vt 0.87625 0.025
vt 0.87625 0.225
vt 0.87625 0.225
vt 0.87625 0.025
vt 0.87625 0.025
vt 0.87625 0.225
vt 0.87625 0.025
vt 0.87625 0.225
vt 0.87625 0.225
vt 0.87625 0.025
vt 0.87625 0.025
vt 0.87625 0.225
vt 0.87625 0.025
vt 0.87625 0.225
vt 0.87625 0.225
vt 0.87625 0.025
vt 0.87625 0.025
vt 0.87625 0.225
vt 0.87625 0.025
vt 0.87625 0.225
vt 0.87625 0.225
vt 0.87625 0.025
vt 0.87625 0.025
vt 0.87625 0.225
vt 0.87625 0.025
vt 0.87625 0.225
vt 0.87625 0.225
vt 0.87625 0.025
vt 0.87625 0.025
vt 0.87625 0.225
vt 0.87625 0.025
vt 0.87625 0.225
vt 0.87625 0.225
vt 0.87625 0.025
vt 0.87625 0.025
vt 0.87625 0.225
vt 0.87625 0.025
vt 0.87625 0.225
vt 0.87625 0.225
vt 0.87625 0.025
vt 0.87625 0.025
vt 0.87625 0.225
vt 0.87625 0.025
vt 0.87625 0.225
vt 0.87625 0.025
vt 0.87625 0.225
vt 0.87625 0.225
vt 0.87625 0.025
vt 0.87625 0.025
vt 0.87625 0.225
vt 0.87625 0.025
vt 0.87625 0.225
vt 0.87625 0.225
vt 0.87625 0.025
vt 0.87625 0.025
vt 0.87625 0.225
vt 0.87625 0.025
vt 0.87625 0.225
vt 0.87625 0.225
vt 0.87625 0.025
vt 0.87625 0.025
vt 0.87625 0.225
vt 0.87625 0.025
vt 0.87625 0.225
vt 0.87625 0.225
vt 0.87625 0.025
vt 0.87625 0.025
vt 0.87625 0.225
vt 0.87625 0.025
vt 0.87625 0.225
vt 0.87625 0.225
vt 0.87625 0.025
vt 0.87625 0.025
vt 0.87625 0.225
vt 0.87625 0.025
vt 0.87625 0.225
vt 0.87625 0.225
vt 0.87625 0.025
vt 0.87625 0.025
vt 0.87625 0.225
vt 0.87625 0.025
vt 0.87625 0.225
vt 0.87625 0.225
vt 0.87625 0.025
vt 0.87625 0.025
vt 0.87625 0.225
vt 0.87625 0.025
vt 0.87625 0.225
vt 0.87625 0.225
vt 0.87625 0.025
vt 0.87625 0.025
vt 0.87625 0.225
vt 0.87625 0.225
vt 0.87625 0.025
vt 0.87625 0.025
vt 0.87625 0.225
vt 0.87625 0.025
vt 0.87625 0.225
vt 0.87625 0.225
vt 0.87625 0.025
vt 0.87625 0.025
vt 0.87625 0.225
vt 0.87625 0.025
vt 0.87625 0.225
vt 0.87625 0.225
vt 0.87625 0.025
vt 0.87625 0.025
vt 0.87625 0.225
vt 0.87625 0.025
vt 0.87625 0.225
vt 0.87625 0.225
vt 0.87625 0.025
vt 0.87625 0.025
vt 0.87625 0.225
vt 0.87625 0.025
vt 0.87625 0.225
vt 0.87625 0.225
vt 0.87625 0.025
vt 0.87625 0.025
vt 0.87625 0.225
vt 0.87625 0.025
vt 0.87625 0.225
vt 0.87625 0.225
vt 0.87625 0.025
vt 0.87625 0.025
vt 0.87625 0.225
vt 0.87625 0.025
vt 0.87625 0.225
vt 0.87625 0.225
vt 0.87625 0.025
vt 0.87625 0.025
vt 0.87625 0.225
vt 0.87625 0.025
vt 0.87625 0.225
vt 0.87625 0.225
vt 0.87625 0.025
vt 0.87625 0.025
vt 0.87625 0.225
vt 0.87625 0.025
vt 0.87625 0.225
vt 0.87625 0.025
vt 0.87625 0.225
vt 0.87625 0.225
vt 0.87625 0.025
vt 0.87625 0.025
vt 0.87625 0.225
vt 0.87625 0.025
vt 0.87625 0.225
vt 0.87625 0.225
vt 0.87625 0.025
vt 0.87625 0.025
vt 0.87625 0.225
vt 0.87625 0.025
vt 0.87625 0.225
vt 0.87625 0.225
vt 0.87625 0.025
vt 0.87625 0.025
vt 0.87625 0.225
vt 0.87625 0.025
vt 0.87625 0.225
vt 0.87625 0.225
vt 0.87625 0.025
vt 0.87625 0.025
vt 0.87625 0.225
vt 0.87625 0.025
vt 0.87625 0.225
vt 0.87625 0.225
vt 0.87625 0.025
vt 0.87625 0.025
vt 0.87625 0.225
vt 0.87625 0.025
vt 0.87625 0.225
vt 0.87625 0.225
vt 0.87625 0.025
vt 0.87625 0.025
vt 0.87625 0.225
vt 0.87625 0.025
vt 0.87625 0.225
vt 0.87625 0.225
vt 0.87625 0.025
vt 0.87625 0.025
vt 0.87625 0.225
vt 0.87625 0.025
vt 0.87625 0.225
vt 0.87625 0.225
vt 0.87625 0.025
vt 0.1875 0.275
vt 0.1875 0.475
vt 0.2 0.475
vt 0.2 0.275
vt 0.1875 0.275
vt 0.2 0.475
vt 0.2 0.275
vt 0.2 0.475
vt 0.2125 0.475
vt 0.2125 0.275
vt 0.2 0.275
vt 0.2125 0.475
vt 0.2125 0.275
vt 0.2125 0.475
vt 0.225 0.475
vt 0.225 0.275
vt 0.2125 0.275
vt 0.225 0.475
vt 0.225 0.275
vt 0.225 0.475
vt 0.2375 0.475
vt 0.2375 0.275
vt 0.225 0.275
vt 0.2375 0.475
vt 0.1375 0.275
vt 0.1375 0.475
vt 0.15 0.475
vt 0.15 0.275
vt 0.1375 0.275
vt 0.15 0.475
vt 0.15 0.275
vt 0.15 0.475
vt 0.1625 0.475
vt 0.1625 0.275
vt 0.15 0.275
vt 0.1625 0.475
vt 0.1625 0.275
vt 0.1625 0.475
vt 0.175 0.475
vt 0.175 0.275
vt 0.1625 0.275
vt 0.175 0.475
vt 0.175 0.275
vt 0.175 0.475
vt 0.1875 0.475
vt 0.1875 0.275
vt 0.175 0.275
vt 0.1875 0.475
vt 0.1875 0.275
vt 0.1875 0.475
vt 0.2 0.275
vt 0.1875 0.475
vt 0.2 0.475
vt 0.2 0.275
vt 0.2 0.275
vt 0.2 0.475
vt 0.2125 0.275
vt 0.2 0.475
vt 0.2125 0.475
vt 0.2125 0.275
vt 0.2125 0.275
vt 0.2125 0.475
vt 0.225 0.275
vt 0.2125 0.475
vt 0.225 0.475
vt 0.225 0.275
vt 0.225 0.275
vt 0.225 0.475
vt 0.2375 0.275
vt 0.225 0.475
vt 0.2375 0.475
vt 0.2375 0.275
vt 0.1375 0.275
vt 0.1375 0.475
vt 0.15 0.275
vt 0.1375 0.475
vt 0.15 0.475
vt 0.15 0.275
vt 0.15 0.275
vt 0.15 0.475
vt 0.1625 0.275
vt 0.15 0.475
vt 0.1625 0.475
vt 0.1625 0.275
vt 0.1625 0.275
vt 0.1625 0.475
vt 0.175 0.275
vt 0.1625 0.475
vt 0.175 0.475
vt 0.175 0.275
vt 0.175 0.275
vt 0.175 0.475
vt 0.1875 0.275
vt 0.175 0.475
vt 0.1875 0.475
vt 0.1875 0.275
vt 0.1375 0.275
vt 0.1375 0.475
vt 0.1875 0.475
vt 0.1875 0.275
vt 0.1375 0.275
vt 0.1875 0.475
vt 0.1875 0.275
vt 0.1875 0.475
vt 0.2375 0.475
vt 0.2375 0.275
vt 0.1875 0.275
vt 0.2375 0.475
vt 0.1375 0.275
vt 0.1375 0.475
vt 0.1875 0.475
vt 0.1875 0.275
vt 0.1375 0.275
vt 0.1875 0.475
vt 0.1875 0.275
vt 0.1875 0.475
vt 0.2375 0.475
vt 0.2375 0.275
vt 0.1875 0.275
vt 0.2375 0.475
vt 0.1375 0.275
vt 0.1375 0.475
vt 0.1875 0.475
vt 0.1875 0.275
vt 0.1375 0.275
vt 0.1875 0.475
vt 0.1875 0.275
vt 0.1875 0.475
vt 0.2375 0.475
vt 0.2375 0.275
vt 0.1875 0.275
vt 0.2375 0.475
vt 0.1375 0.275
vt 0.1375 0.475
vt 0.1875 0.475
vt 0.1875 0.275
vt 0.1375 0.275
vt 0.1875 0.475
vt 0.1875 0.275
vt 0.1875 0.475
vt 0.2375 0.475
vt 0.2375 0.275
vt 0.1875 0.275
vt 0.2375 0.475
vt 0.1375 0.275
vt 0.1375 0.475
vt 0.1875 0.275
vt 0.1375 0.475
vt 0.1875 0.475
vt 0.1875 0.275
vt 0.1875 0.275
vt 0.1875 0.475
vt 0.2375 0.275
vt 0.1875 0.475
vt 0.2375 0.475
vt 0.2375 0.275
vt 0.1375 0.275
vt 0.1375 0.475
vt 0.1875 0.275
vt 0.1375 0.475
vt 0.1875 0.475
vt 0.1875 0.275
vt 0.1875 0.275
vt 0.1875 0.475
vt 0.2375 0.275
vt 0.1875 0.475
vt 0.2375 0.475
vt 0.2375 0.275
vt 0.1375 0.275
vt 0.1375 0.475
vt 0.1875 0.275
vt 0.1375 0.475
vt 0.1875 0.475
vt 0.1875 0.275
vt 0.1875 0.275
vt 0.1875 0.475
vt 0.2375 0.275
vt 0.1875 0.475
vt 0.2375 0.475
vt 0.2375 0.275
vt 0.1375 0.275
vt 0.1375 0.475
vt 0.1875 0.275
vt 0.1375 0.475
vt 0.1875 0.475
vt 0.1875 0.275
vt 0.1875 0.275
vt 0.1875 0.475
vt 0.2375 0.275
vt 0.1875 0.475
vt 0.2375 0.475
vt 0.2375 0.275
vt 0.1875 0.275
vt 0.1875 0.475
vt 0.2 0.475
vt 0.2 0.275
vt 0.1875 0.275
vt 0.2 0.475
vt 0.2 0.275
vt 0.2 0.475
vt 0.2125 0.475
vt 0.2125 0.275
vt 0.2 0.275
vt 0.2125 0.475
vt 0.2125 0.275
vt 0.2125 0.475
vt 0.225 0.475
vt 0.225 0.275
vt 0.2125 0.275
vt 0.225 0.475
vt 0.225 0.275
vt 0.225 0.475
vt 0.2375 0.475
vt 0.2375 0.275
vt 0.225 0.275
vt 0.2375 0.475
vt 0.1375 0.275
vt 0.1375 0.475
vt 0.15 0.475
vt 0.15 0.275
vt 0.1375 0.275
vt 0.15 0.475
vt 0.15 0.275
vt 0.15 0.475
vt 0.1625 0.475
vt 0.1625 0.275
vt 0.15 0.275
vt 0.1625 0.475
vt 0.1625 0.275
vt 0.1625 0.475
vt 0.175 0.475
vt 0.175 0.275
vt 0.1625 0.275
vt 0.175 0.475
vt 0.175 0.275
vt 0.175 0.475
vt 0.1875 0.475
vt 0.1875 0.275
vt 0.175 0.275
vt 0.1875 0.475
vt 0.1875 0.275
vt 0.1875 0.475
vt 0.2 0.275
vt 0.1875 0.475
vt 0.2 0.475
vt 0.2 0.275
vt 0.2 0.275
vt 0.2 0.475
vt 0.2125 0.275
vt 0.2 0.475
vt 0.2125 0.475
vt 0.2125 0.275
vt 0.2125 0.275
vt 0.2125 0.475
vt 0.225 0.275
vt 0.2125 0.475
vt 0.225 0.475
vt 0.225 0.275
vt 0.225 0.275
vt 0.225 0.475
vt 0.2375 0.275
vt 0.225 0.475
vt 0.2375 0.475
vt 0.2375 0.275
vt 0.1375 0.275
vt 0.1375 0.475
vt 0.15 0.275
vt 0.1375 0.475
vt 0.15 0.475
vt 0.15 0.275
vt 0.15 0.275
vt 0.15 0.475
vt 0.1625 0.275
vt 0.15 0.475
vt 0.1625 0.475
vt 0.1625 0.275
vt 0.1625 0.275
vt 0.1625 0.475
vt 0.175 0.275
vt 0.1625 0.475
vt 0.175 0.475
vt 0.175 0.275
vt 0.175 0.275
vt 0.175 0.475
vt 0.1875 0.275
vt 0.175 0.475
vt 0.1875 0.475
vt 0.1875 0.275
vt 0.1375 0.275
vt 0.1375 0.475
vt 0.1875 0.475
vt 0.1875 0.275
vt 0.1375 0.275
vt 0.1875 0.475
vt 0.1875 0.275
vt 0.1875 0.475
vt 0.2375 0.475
vt 0.2375 0.275
vt 0.1875 0.275
vt 0.2375 0.475
vt 0.1375 0.275
vt 0.1375 0.475
vt 0.1875 0.475
vt 0.1875 0.275
vt 0.1375 0.275
vt 0.1875 0.475
vt 0.1875 0.275
vt 0.1875 0.475
vt 0.2375 0.475
vt 0.2375 0.275
vt 0.1875 0.275
vt 0.2375 0.475
vt 0.1375 0.275
vt 0.1375 0.475
vt 0.1875 0.475
vt 0.1875 0.275
vt 0.1375 0.275
vt 0.1875 0.475
vt 0.1875 0.275
vt 0.1875 0.475
vt 0.2375 0.475
vt 0.2375 0.275
vt 0.1875 0.275
vt 0.2375 0.475
vt 0.1375 0.275
vt 0.1375 0.475
vt 0.1875 0.475
vt 0.1875 0.275
vt 0.1375 0.275
vt 0.1875 0.475
vt 0.1875 0.275
vt 0.1875 0.475
vt 0.2375 0.475
vt 0.2375 0.275
vt 0.1875 0.275
vt 0.2375 0.475
vt 0.1375 0.275
vt 0.1375 0.475
vt 0.1875 0.275
vt 0.1375 0.475
vt 0.1875 0.475
vt 0.1875 0.275
vt 0.1875 0.275
vt 0.1875 0.475
vt 0.2375 0.275
vt 0.1875 0.475
vt 0.2375 0.475
vt 0.2375 0.275
vt 0.1375 0.275
vt 0.1375 0.475
vt 0.1875 0.275
vt 0.1375 0.475
vt 0.1875 0.475
vt 0.1875 0.275
vt 0.1875 0.275
vt 0.1875 0.475
vt 0.2375 0.275
vt 0.1875 0.475
vt 0.2375 0.475
vt 0.2375 0.275
vt 0.1375 0.275
vt 0.1375 0.475
vt 0.1875 0.275
vt 0.1375 0.475
vt 0.1875 0.475
vt 0.1875 0.275
vt 0.1875 0.275
vt 0.1875 0.475
vt 0.2375 0.275
vt 0.1875 0.475
vt 0.2375 0.475
vt 0.2375 0.275
vt 0.1375 0.275
vt 0.1375 0.475
vt 0.1875 0.275
vt 0.1375 0.475
vt 0.1875 0.475
vt 0.1875 0.275
vt 0.1875 0.275
vt 0.1875 0.475
vt 0.2375 0.275
vt 0.1875 0.475
vt 0.2375 0.475
vt 0.2375 0.275
vt 0.1875 0.275
vt 0.1875 0.475
vt 0.2 0.475
vt 0.2 0.275
vt 0.1875 0.275
vt 0.2 0.475
vt 0.2 0.275
vt 0.2 0.475
vt 0.2125 0.475
vt 0.2125 0.275
vt 0.2 0.275
vt 0.2125 0.475
vt 0.2125 0.275
vt 0.2125 0.475
vt 0.225 0.475
vt 0.225 0.275
vt 0.2125 0.275
vt 0.225 0.475
vt 0.225 0.275
vt 0.225 0.475
vt 0.2375 0.475
vt 0.2375 0.275
vt 0.225 0.275
vt 0.2375 0.475
vt 0.1375 0.275
vt 0.1375 0.475
vt 0.15 0.475
vt 0.15 0.275
vt 0.1375 0.275
vt 0.15 0.475
vt 0.15 0.275
vt 0.15 0.475
vt 0.1625 0.475
vt 0.1625 0.275
vt 0.15 0.275
vt 0.1625 0.475
vt 0.1625 0.275
vt 0.1625 0.475
vt 0.175 0.475
vt 0.175 0.275
vt 0.1625 0.275
vt 0.175 0.475
vt 0.175 0.275
vt 0.175 0.475
vt 0.1875 0.475
vt 0.1875 0.275
vt 0.175 0.275
vt 0.1875 0.475
vt 0.1875 0.275
vt 0.1875 0.475
vt 0.2 0.275
vt 0.1875 0.475
vt 0.2 0.475
vt 0.2 0.275
vt 0.2 0.275
vt 0.2 0.475
vt 0.2125 0.275
vt 0.2 0.475
vt 0.2125 0.475
vt 0.2125 0.275
vt 0.2125 0.275
vt 0.2125 0.475
vt 0.225 0.275
vt 0.2125 0.475
vt 0.225 0.475
vt 0.225 0.275
vt 0.225 0.275
vt 0.225 0.475
vt 0.2375 0.275
vt 0.225 0.475
vt 0.2375 0.475
vt 0.2375 0.275
vt 0.1375 0.275
vt 0.1375 0.475
vt 0.15 0.275
vt 0.1375 0.475
vt 0.15 0.475
vt 0.15 0.275
vt 0.15 0.275
vt 0.15 0.475
vt 0.1625 0.275
vt 0.15 0.475
vt 0.1625 0.475
vt 0.1625 0.275
vt 0.1625 0.275
vt 0.1625 0.475
vt 0.175 0.275
vt 0.1625 0.475
vt 0.175 0.475
vt 0.175 0.275
vt 0.175 0.275
vt 0.175 0.475
vt 0.1875 0.275
vt 0.175 0.475
vt 0.1875 0.475
vt 0.1875 0.275
vt 0.1875 0.275
vt 0.1875 0.475
vt 0.2 0.475
vt 0.2 0.275
vt 0.1875 0.275
vt 0.2 0.475
vt 0.2 0.275
vt 0.2 0.475
vt 0.2125 0.475
vt 0.2125 0.275
vt 0.2 0.275
vt 0.2125 0.475
vt 0.2125 0.275
vt 0.2125 0.475
vt 0.225 0.475
vt 0.225 0.275
vt 0.2125 0.275
vt 0.225 0.475
vt 0.225 0.275
vt 0.225 0.475
vt 0.2375 0.475
vt 0.2375 0.275
vt 0.225 0.275
vt 0.2375 0.475
vt 0.1375 0.275
vt 0.1375 0.475
vt 0.15 0.475
vt 0.15 0.275
vt 0.1375 0.275
vt 0.15 0.475
vt 0.15 0.275
vt 0.15 0.475
vt 0.1625 0.475
vt 0.1625 0.275
vt 0.15 0.275
vt 0.1625 0.475
vt 0.1625 0.275
vt 0.1625 0.475
vt 0.175 0.475
vt 0.175 0.275
vt 0.1625 0.275
vt 0.175 0.475
vt 0.175 0.275
vt 0.175 0.475
vt 0.1875 0.475
vt 0.1875 0.275
vt 0.175 0.275
vt 0.1875 0.475
vt 0.1875 0.275
vt 0.1875 0.475
vt 0.2 0.275
vt 0.1875 0.475
vt 0.2 0.475
vt 0.2 0.275
vt 0.2 0.275
vt 0.2 0.475
vt 0.2125 0.275
vt 0.2 0.475
vt 0.2125 0.475
vt 0.2125 0.275
vt 0.2125 0.275
vt 0.2125 0.475
vt 0.225 0.275
vt 0.2125 0.475
vt 0.225 0.475
vt 0.225 0.275
vt 0.225 0.275
vt 0.225 0.475
vt 0.2375 0.275
vt 0.225 0.475
vt 0.2375 0.475
vt 0.2375 0.275
vt 0.1375 0.275
vt 0.1375 0.475
vt 0.15 0.275
vt 0.1375 0.475
vt 0.15 0.475
vt 0.15 0.275
vt 0.15 0.275
vt 0.15 0.475
vt 0.1625 0.275
vt 0.15 0.475
vt 0.1625 0.475
vt 0.1625 0.275
vt 0.1625 0.275
vt 0.1625 0.475
vt 0.175 0.275
vt 0.1625 0.475
vt 0.175 0.475
vt 0.175 0.275
vt 0.175 0.275
vt 0.175 0.475
vt 0.1875 0.275
vt 0.175 0.475
vt 0.1875 0.475
vt 0.1875 0.275
vt 0.1375 0.275
vt 0.1375 0.475
vt 0.1875 0.475
vt 0.1875 0.275
vt 0.1375 0.275
vt 0.1875 0.475
vt 0.1875 0.275
vt 0.1875 0.475
vt 0.2375 0.475
vt 0.2375 0.275
vt 0.1875 0.275
vt 0.2375 0.475
vt 0.1375 0.275
vt 0.1375 0.475
vt 0.1875 0.475
vt 0.1875 0.275
vt 0.1375 0.275
vt 0.1875 0.475
vt 0.1875 0.275
vt 0.1875 0.475
vt 0.2375 0.475
vt 0.2375 0.275
vt 0.1875 0.275
vt 0.2375 0.475
vt 0.1375 0.275
vt 0.1375 0.475
vt 0.1875 0.475
vt 0.1875 0.275
vt 0.1375 0.275
vt 0.1875 0.475
vt 0.1875 0.275
vt 0.1875 0.475
vt 0.2375 0.475
vt 0.2375 0.275
vt 0.1875 0.275
vt 0.2375 0.475
vt 0.1375 0.275
vt 0.1375 0.475
vt 0.1875 0.475
vt 0.1875 0.275
vt 0.1375 0.275
vt 0.1875 0.475
vt 0.1875 0.275
vt 0.1875 0.475
vt 0.2375 0.475
vt 0.2375 0.275
vt 0.1875 0.275
vt 0.2375 0.475
vt 0.1375 0.275
vt 0.1375 0.475
vt 0.1875 0.275
vt 0.1375 0.475
vt 0.1875 0.475
vt 0.1875 0.275
vt 0.1875 0.275
vt 0.1875 0.475
vt 0.2375 0.275
vt 0.1875 0.475
vt 0.2375 0.475
vt 0.2375 0.275
vt 0.1375 0.275
vt 0.1375 0.475
vt 0.1875 0.275
vt 0.1375 0.475
vt 0.1875 0.475
vt 0.1875 0.275
vt 0.1875 0.275
vt 0.1875 0.475
vt 0.2375 0.275
vt 0.1875 0.475
vt 0.2375 0.475
vt 0.2375 0.275
vt 0.1375 0.275
vt 0.1375 0.475
vt 0.1875 0.275
vt 0.1375 0.475
vt 0.1875 0.475
vt 0.1875 0.275
vt 0.1875 0.275
vt 0.1875 0.475
vt 0.2375 0.275
vt 0.1875 0.475
vt 0.2375 0.475
vt 0.2375 0.275
vt 0.1375 0.275
vt 0.1375 0.475
vt 0.1875 0.275
vt 0.1375 0.475
vt 0.1875 0.475
vt 0.1875 0.275
vt 0.1875 0.275
vt 0.1875 0.475
vt 0.2375 0.275
vt 0.1875 0.475
vt 0.2375 0.475
vt 0.2375 0.275
vt 0.1875 0.275
vt 0.1875 0.475
vt 0.2 0.475
vt 0.2 0.275
vt 0.1875 0.275
vt 0.2 0.475
vt 0.2 0.275
vt 0.2 0.475
vt 0.2125 0.475
vt 0.2125 0.275
vt 0.2 0.275
vt 0.2125 0.475
vt 0.2125 0.275
vt 0.2125 0.475
vt 0.225 0.475
vt 0.225 0.275
vt 0.2125 0.275
vt 0.225 0.475
vt 0.225 0.275
vt 0.225 0.475
vt 0.2375 0.475
vt 0.2375 0.275
vt 0.225 0.275
vt 0.2375 0.475
vt 0.1375 0.275
vt 0.1375 0.475
vt 0.15 0.475
vt 0.15 0.275
vt 0.1375 0.275
vt 0.15 0.475
vt 0.15 0.275
vt 0.15 0.475
vt 0.1625 0.475
vt 0.1625 0.275
vt 0.15 0.275
vt 0.1625 0.475
vt 0.1625 0.275
vt 0.1625 0.475
vt 0.175 0.475
vt 0.175 0.275
vt 0.1625 0.275
vt 0.175 0.475
vt 0.175 0.275
vt 0.175 0.475
vt 0.1875 0.475
vt 0.1875 0.275
vt 0.175 0.275
vt 0.1875 0.475
vt 0.1875 0.275
vt 0.1875 0.475
vt 0.2 0.275
vt 0.1875 0.475
vt 0.2 0.475
vt 0.2 0.275
vt 0.2 0.275
vt 0.2 0.475
vt 0.2125 0.275
vt 0.2 0.475
vt 0.2125 0.475
vt 0.2125 0.275
vt 0.2125 0.275
vt 0.2125 0.475
vt 0.225 0.275
vt 0.2125 0.475
vt 0.225 0.475
vt 0.225 0.275
vt 0.225 0.275
vt 0.225 0.475
vt 0.2375 0.275
vt 0.225 0.475
vt 0.2375 0.475
vt 0.2375 0.275
vt 0.1375 0.275
vt 0.1375 0.475
vt 0.15 0.275
vt 0.1375 0.475
vt 0.15 0.475
vt 0.15 0.275
vt 0.15 0.275
vt 0.15 0.475
vt 0.1625 0.275
vt 0.15 0.475
vt 0.1625 0.475
vt 0.1625 0.275
vt 0.1625 0.275
vt 0.1625 0.475
vt 0.175 0.275
vt 0.1625 0.475
vt 0.175 0.475
vt 0.175 0.275
vt 0.175 0.275
vt 0.175 0.475
vt 0.1875 0.275
vt 0.175 0.475
vt 0.1875 0.475
vt 0.1875 0.275
vt 0.1875 0.275
vt 0.1875 0.475
vt 0.2 0.475
vt 0.2 0.275
vt 0.1875 0.275
vt 0.2 0.475
vt 0.2 0.275
vt 0.2 0.475
vt 0.2125 0.475
vt 0.2125 0.275
vt 0.2 0.275
vt 0.2125 0.475
vt 0.2125 0.275
vt 0.2125 0.475
vt 0.225 0.475
vt 0.225 0.275
vt 0.2125 0.275
vt 0.225 0.475
vt 0.225 0.275
vt 0.225 0.475
vt 0.2375 0.475
vt 0.2375 0.275
vt 0.225 0.275
vt 0.2375 0.475
vt 0.1375 0.275
vt 0.1375 0.475
vt 0.15 0.475
vt 0.15 0.275
vt 0.1375 0.275
vt 0.15 0.475
vt 0.15 0.275
vt 0.15 0.475
vt 0.1625 0.475
vt 0.1625 0.275
vt 0.15 0.275
vt 0.1625 0.475
vt 0.1625 0.275
vt 0.1625 0.475
vt 0.175 0.475
vt 0.175 0.275
vt 0.1625 0.275
vt 0.175 0.475
vt 0.175 0.275
vt 0.175 0.475
vt 0.1875 0.475
vt 0.1875 0.275
vt 0.175 0.275
vt 0.1875 0.475
vt 0.1875 0.275
vt 0.1875 0.475
vt 0.2 0.275
vt 0.1875 0.475
vt 0.2 0.475
vt 0.2 0.275
vt 0.2 0.275
vt 0.2 0.475
vt 0.2125 0.275
vt 0.2 0.475
vt 0.2125 0.475
vt 0.2125 0.275
vt 0.2125 0.275
vt 0.2125 0.475
vt 0.225 0.275
vt 0.2125 0.475
vt 0.225 0.475
vt 0.225 0.275
vt 0.225 0.275
vt 0.225 0.475
vt 0.2375 0.275
vt 0.225 0.475
vt 0.2375 0.475
vt 0.2375 0.275
vt 0.1375 0.275
vt 0.1375 0.475
vt 0.15 0.275
vt 0.1375 0.475
vt 0.15 0.475
vt 0.15 0.275
vt 0.15 0.275
vt 0.15 0.475
vt 0.1625 0.275
vt 0.15 0.475
vt 0.1625 0.475
vt 0.1625 0.275
vt 0.1625 0.275
vt 0.1625 0.475
vt 0.175 0.275
vt 0.1625 0.475
vt 0.175 0.475
vt 0.175 0.275
vt 0.175 0.275
vt 0.175 0.475
vt 0.1875 0.275
vt 0.175 0.475
vt 0.1875 0.475
vt 0.1875 0.275
vt 0.1875 0.275
vt 0.1875 0.475
vt 0.2 0.475
vt 0.2 0.275
vt 0.1875 0.275
vt 0.2 0.475
vt 0.2 0.275
vt 0.2 0.475
vt 0.2125 0.475
vt 0.2125 0.275
vt 0.2 0.275
vt 0.2125 0.475
vt 0.2125 0.275
vt 0.2125 0.475
vt 0.225 0.475
vt 0.225 0.275
vt 0.2125 0.275
vt 0.225 0.475
vt 0.225 0.275
vt 0.225 0.475
vt 0.2375 0.475
vt 0.2375 0.275
vt 0.225 0.275
vt 0.2375 0.475
vt 0.1375 0.275
vt 0.1375 0.475
vt 0.15 0.475
vt 0.15 0.275
vt 0.1375 0.275
vt 0.15 0.475
vt 0.15 0.275
vt 0.15 0.475
vt 0.1625 0.475
vt 0.1625 0.275
vt 0.15 0.275
vt 0.1625 0.475
vt 0.1625 0.275
vt 0.1625 0.475
vt 0.175 0.475
vt 0.175 0.275
vt 0.1625 0.275
vt 0.175 0.475
vt 0.175 0.275
vt 0.175 0.475
vt 0.1875 0.475
vt 0.1875 0.275
vt 0.175 0.275
vt 0.1875 0.475
vt 0.1875 0.275
vt 0.1875 0.475
vt 0.2 0.275
vt 0.1875 0.475
vt 0.2 0.475
vt 0.2 0.275
vt 0.2 0.275
vt 0.2 0.475
vt 0.2125 0.275
vt 0.2 0.475
vt 0.2125 0.475
vt 0.2125 0.275
vt 0.2125 0.275
vt 0.2125 0.475
vt 0.225 0.275
vt 0.2125 0.475
vt 0.225 0.475
vt 0.225 0.275
vt 0.225 0.275
vt 0.225 0.475
vt 0.2375 0.275
vt 0.225 0.475
vt 0.2375 0.475
vt 0.2375 0.275
vt 0.1375 0.275
vt 0.1375 0.475
vt 0.15 0.275
vt 0.1375 0.475
vt 0.15 0.475
vt 0.15 0.275
vt 0.15 0.275
vt 0.15 0.475
vt 0.1625 0.275
vt 0.15 0.475
vt 0.1625 0.475
vt 0.1625 0.275
vt 0.1625 0.275
vt 0.1625 0.475
vt 0.175 0.275
vt 0.1625 0.475
vt 0.175 0.475
vt 0.175 0.275
vt 0.175 0.275
vt 0.175 0.475
vt 0.1875 0.275
vt 0.175 0.475
vt 0.1875 0.475
vt 0.1875 0.275
vt 0.1375 0.275
vt 0.1375 0.475
vt 0.1875 0.475
vt 0.1875 0.275
vt 0.1375 0.275
vt 0.1875 0.475
vt 0.1875 0.275
vt 0.1875 0.475
vt 0.2375 0.475
vt 0.2375 0.275
vt 0.1875 0.275
vt 0.2375 0.475
vt 0.1375 0.275
vt 0.1375 0.475
vt 0.1875 0.475
vt 0.1875 0.275
vt 0.1375 0.275
vt 0.1875 0.475
vt 0.1875 0.275
vt 0.1875 0.475
vt 0.2375 0.475
vt 0.2375 0.275
vt 0.1875 0.275
vt 0.2375 0.475
vt 0.1375 0.275
vt 0.1375 0.475
vt 0.1875 0.475
vt 0.1875 0.275
vt 0.1375 0.275
vt 0.1875 0.475
vt 0.1875 0.275
vt 0.1875 0.475
vt 0.2375 0.475
vt 0.2375 0.275
vt 0.1875 0.275
vt 0.2375 0.475
vt 0.1375 0.275
vt 0.1375 0.475
vt 0.1875 0.475
vt 0.1875 0.275
vt 0.1375 0.275
vt 0.1875 0.475
vt 0.1875 0.275
vt 0.1875 0.475
vt 0.2375 0.475
vt 0.2375 0.275
vt 0.1875 0.275
vt 0.2375 0.475
vt 0.1375 0.275
vt 0.1375 0.475
vt 0.1875 0.275
vt 0.1375 0.475
vt 0.1875 0.475
vt 0.1875 0.275
vt 0.1875 0.275
vt 0.1875 0.475
vt 0.2375 0.275
vt 0.1875 0.475
vt 0.2375 0.475
vt 0.2375 0.275
vt 0.1375 0.275
vt 0.1375 0.475
vt 0.1875 0.275
vt 0.1375 0.475
vt 0.1875 0.475
vt 0.1875 0.275
vt 0.1875 0.275
vt 0.1875 0.475
vt 0.2375 0.275
vt 0.1875 0.475
vt 0.2375 0.475
vt 0.2375 0.275
vt 0.1375 0.275
vt 0.1375 0.475
vt 0.1875 0.275
vt 0.1375 0.475
vt 0.1875 0.475
vt 0.1875 0.275
vt 0.1875 0.275
vt 0.1875 0.475
vt 0.2375 0.275
vt 0.1875 0.475
vt 0.2375 0.475
vt 0.2375 0.275
vt 0.1375 0.275
vt 0.1375 0.475
vt 0.1875 0.275
vt 0.1375 0.475
vt 0.1875 0.475
vt 0.1875 0.275
vt 0.1875 0.275
vt 0.1875 0.475
vt 0.2375 0.275
vt 0.1875 0.475
vt 0.2375 0.475
vt 0.2375 0.275
vt 0.1875 0.275
vt 0.1875 0.475
vt 0.2 0.475
vt 0.2 0.275
vt 0.1875 0.275
vt 0.2 0.475
vt 0.2 0.275
vt 0.2 0.475
vt 0.2125 0.475
vt 0.2125 0.275
vt 0.2 0.275
vt 0.2125 0.475
vt 0.2125 0.275
vt 0.2125 0.475
vt 0.225 0.475
vt 0.225 0.275
vt 0.2125 0.275
vt 0.225 0.475
vt 0.225 0.275
vt 0.225 0.475
vt 0.2375 0.475
vt 0.2375 0.275
vt 0.225 0.275
vt 0.2375 0.475
vt 0.1375 0.275
vt 0.1375 0.475
vt 0.15 0.475
vt 0.15 0.275
vt 0.1375 0.275
vt 0.15 0.475
vt 0.15 0.275
vt 0.15 0.475
vt 0.1625 0.475
vt 0.1625 0.275
vt 0.15 0.275
vt 0.1625 0.475
vt 0.1625 0.275
vt 0.1625 0.475
vt 0.175 0.475
vt 0.175 0.275
vt 0.1625 0.275
vt 0.175 0.475
vt 0.175 0.275
vt 0.175 0.475
vt 0.1875 0.475
vt 0.1875 0.275
vt 0.175 0.275
vt 0.1875 0.475
vt 0.1875 0.275
vt 0.1875 0.475
vt 0.2 0.275
vt 0.1875 0.475
vt 0.2 0.475
vt 0.2 0.275
vt 0.2 0.275
vt 0.2 0.475
vt 0.2125 0.275
vt 0.2 0.475
vt 0.2125 0.475
vt 0.2125 0.275
vt 0.2125 0.275
vt 0.2125 0.475
vt 0.225 0.275
vt 0.2125 0.475
vt 0.225 0.475
vt 0.225 0.275
vt 0.225 0.275
vt 0.225 0.475
vt 0.2375 0.275
vt 0.225 0.475
vt 0.2375 0.475
vt 0.2375 0.275
vt 0.1375 0.275
vt 0.1375 0.475
vt 0.15 0.275
vt 0.1375 0.475
vt 0.15 0.475
vt 0.15 0.275
vt 0.15 0.275
vt 0.15 0.475
vt 0.1625 0.275
vt 0.15 0.475
vt 0.1625 0.475
vt 0.1625 0.275
vt 0.1625 0.275
vt 0.1625 0.475
vt 0.175 0.275
vt 0.1625 0.475
vt 0.175 0.475
vt 0.175 0.275
vt 0.175 0.275
vt 0.175 0.475
vt 0.1875 0.275
vt 0.175 0.475
vt 0.1875 0.475
vt 0.1875 0.275
vt 0.1375 0.275
vt 0.1375 0.475
vt 0.1875 0.475
vt 0.1875 0.275
vt 0.1375 0.275
vt 0.1875 0.475
vt 0.1875 0.275
vt 0.1875 0.475
vt 0.2375 0.475
vt 0.2375 0.275
vt 0.1875 0.275
vt 0.2375 0.475
vt 0.1375 0.275
vt 0.1375 0.475
vt 0.1875 0.475
vt 0.1875 0.275
vt 0.1375 0.275
vt 0.1875 0.475
vt 0.1875 0.275
vt 0.1875 0.475
vt 0.2375 0.475
vt 0.2375 0.275
vt 0.1875 0.275
vt 0.2375 0.475
vt 0.1375 0.275
vt 0.1375 0.475
vt 0.1875 0.475
vt 0.1875 0.275
vt 0.1375 0.275
vt 0.1875 0.475
vt 0.1875 0.275
vt 0.1875 0.475
vt 0.2375 0.475
vt 0.2375 0.275
vt 0.1875 0.275
vt 0.2375 0.475
vt 0.1375 0.275
vt 0.1375 0.475
vt 0.1875 0.475
vt 0.1875 0.275
vt 0.1375 0.275
vt 0.1875 0.475
vt 0.1875 0.275
vt 0.1875 0.475
vt 0.2375 0.475
vt 0.2375 0.275
vt 0.1875 0.275
vt 0.2375 0.475
vt 0.1375 0.275
vt 0.1375 0.475
vt 0.1875 0.275
vt 0.1375 0.475
vt 0.1875 0.475
vt 0.1875 0.275
vt 0.1875 0.275
vt 0.1875 0.475
vt 0.2375 0.275
vt 0.1875 0.475
vt 0.2375 0.475
vt 0.2375 0.275
vt 0.1375 0.275
vt 0.1375 0.475
vt 0.1875 0.275
vt 0.1375 0.475
vt 0.1875 0.475
vt 0.1875 0.275
vt 0.1875 0.275
vt 0.1875 0.475
vt 0.2375 0.275
vt 0.1875 0.475
vt 0.2375 0.475
vt 0.2375 0.275
vt 0.1375 0.275
vt 0.1375 0.475
vt 0.1875 0.275
vt 0.1375 0.475
vt 0.1875 0.475
vt 0.1875 0.275
vt 0.1875 0.275
vt 0.1875 0.475
vt 0.2375 0.275
vt 0.1875 0.475
vt 0.2375 0.475
vt 0.2375 0.275
vt 0.1375 0.275
vt 0.1375 0.475
vt 0.1875 0.275
vt 0.1375 0.475
vt 0.1875 0.475
vt 0.1875 0.275
vt 0.1875 0.275
vt 0.1875 0.475
vt 0.2375 0.275
vt 0.1875 0.475
vt 0.2375 0.475
vt 0.2375 0.275
vt 0.1875 0.275
vt 0.1875 0.475
vt 0.2 0.475
vt 0.2 0.275
vt 0.1875 0.275
vt 0.2 0.475
vt 0.2 0.275
vt 0.2 0.475
vt 0.2125 0.475
vt 0.2125 0.275
vt 0.2 0.275
vt 0.2125 0.475
vt 0.2125 0.275
vt 0.2125 0.475
vt 0.225 0.475
vt 0.225 0.275
vt 0.2125 0.275
vt 0.225 0.475
vt 0.225 0.275
vt 0.225 0.475
vt 0.2375 0.475
vt 0.2375 0.275
vt 0.225 0.275
vt 0.2375 0.475
vt 0.1375 0.275
vt 0.1375 0.475
vt 0.15 0.475
vt 0.15 0.275
vt 0.1375 0.275
vt 0.15 0.475
vt 0.15 0.275
vt 0.15 0.475
vt 0.1625 0.475
vt 0.1625 0.275
vt 0.15 0.275
vt 0.1625 0.475
vt 0.1625 0.275
vt 0.1625 0.475
vt 0.175 0.475
vt 0.175 0.275
vt 0.1625 0.275
vt 0.175 0.475
vt 0.175 0.275
vt 0.175 0.475
vt 0.1875 0.475
vt 0.1875 0.275
vt 0.175 0.275
vt 0.1875 0.475
vt 0.1875 0.275
vt 0.1875 0.475
vt 0.2 0.275
vt 0.1875 0.475
vt 0.2 0.475
vt 0.2 0.275
vt 0.2 0.275
vt 0.2 0.475
vt 0.2125 0.275
vt 0.2 0.475
vt 0.2125 0.475
vt 0.2125 0.275
vt 0.2125 0.275
vt 0.2125 0.475
vt 0.225 0.275
vt 0.2125 0.475
vt 0.225 0.475
vt 0.225 0.275
vt 0.225 0.275
vt 0.225 0.475
vt 0.2375 0.275
vt 0.225 0.475
vt 0.2375 0.475
vt 0.2375 0.275
vt 0.1375 0.275
vt 0.1375 0.475
vt 0.15 0.275
vt 0.1375 0.475
vt 0.15 0.475
vt 0.15 0.275
vt 0.15 0.275
vt 0.15 0.475
vt 0.1625 0.275
vt 0.15 0.475
vt 0.1625 0.475
vt 0.1625 0.275
vt 0.1625 0.275
vt 0.1625 0.475
vt 0.175 0.275
vt 0.1625 0.475
vt 0.175 0.475
vt 0.175 0.275
vt 0.175 0.275
vt 0.175 0.475
vt 0.1875 0.275
vt 0.175 0.475
vt 0.1875 0.475
vt 0.1875 0.275
vt 0.1875 0.275
vt 0.1875 0.475
vt 0.2 0.475
vt 0.2 0.275
vt 0.1875 0.275
vt 0.2 0.475
vt 0.2 0.275
vt 0.2 0.475
vt 0.2125 0.475
vt 0.2125 0.275
vt 0.2 0.275
vt 0.2125 0.475
vt 0.2125 0.275
vt 0.2125 0.475
vt 0.225 0.475
vt 0.225 0.275
vt 0.2125 0.275
vt 0.225 0.475
vt 0.225 0.275
vt 0.225 0.475
vt 0.2375 0.475
vt 0.2375 0.275
vt 0.225 0.275
vt 0.2375 0.475
vt 0.1375 0.275
vt 0.1375 0.475
vt 0.15 0.475
vt 0.15 0.275
vt 0.1375 0.275
vt 0.15 0.475
vt 0.15 0.275
vt 0.15 0.475
vt 0.1625 0.475
vt 0.1625 0.275
vt 0.15 0.275
vt 0.1625 0.475
vt 0.1625 0.275
vt 0.1625 0.475
vt 0.175 0.475
vt 0.175 0.275
vt 0.1625 0.275
vt 0.175 0.475
vt 0.175 0.275
vt 0.175 0.475
vt 0.1875 0.475
vt 0.1875 0.275
vt 0.175 0.275
vt 0.1875 0.475
vt 0.1875 0.275
vt 0.1875 0.475
vt 0.2 0.275
vt 0.1875 0.475
vt 0.2 0.475
vt 0.2 0.275
vt 0.2 0.275
vt 0.2 0.475
vt 0.2125 0.275
vt 0.2 0.475
vt 0.2125 0.475
vt 0.2125 0.275
vt 0.2125 0.275
vt 0.2125 0.475
vt 0.225 0.275
vt 0.2125 0.475
vt 0.225 0.475
vt 0.225 0.275
vt 0.225 0.275
vt 0.225 0.475
vt 0.2375 0.275
vt 0.225 0.475
vt 0.2375 0.475
vt 0.2375 0.275
vt 0.1375 0.275
vt 0.1375 0.475
vt 0.15 0.275
vt 0.1375 0.475
vt 0.15 0.475
vt 0.15 0.275
vt 0.15 0.275
vt 0.15 0.475
vt 0.1625 0.275
vt 0.15 0.475
vt 0.1625 0.475
vt 0.1625 0.275
vt 0.1625 0.275
vt 0.1625 0.475
vt 0.175 0.275
vt 0.1625 0.475
vt 0.175 0.475
vt 0.175 0.275
vt 0.175 0.275
vt 0.175 0.475
vt 0.1875 0.275
vt 0.175 0.475
vt 0.1875 0.475
vt 0.1875 0.275
vt 0.1375 0.275
vt 0.1375 0.475
vt 0.1875 0.475
vt 0.1875 0.275
vt 0.1375 0.275
vt 0.1875 0.475
vt 0.1875 0.275
vt 0.1875 0.475
vt 0.2375 0.475
vt 0.2375 0.275
vt 0.1875 0.275
vt 0.2375 0.475
vt 0.1375 0.275
vt 0.1375 0.475
vt 0.1875 0.475
vt 0.1875 0.275
vt 0.1375 0.275
vt 0.1875 0.475
vt 0.1875 0.275
vt 0.1875 0.475
vt 0.2375 0.475
vt 0.2375 0.275
vt 0.1875 0.275
vt 0.2375 0.475
vt 0.1375 0.275
vt 0.1375 0.475
vt 0.1875 0.475
vt 0.1875 0.275
vt 0.1375 0.275
vt 0.1875 0.475
vt 0.1875 0.275
vt 0.1875 0.475
vt 0.2375 0.475
vt 0.2375 0.275
vt 0.1875 0.275
vt 0.2375 0.475
vt 0.1375 0.275
vt 0.1375 0.475
vt 0.1875 0.475
vt 0.1875 0.275
vt 0.1375 0.275
vt 0.1875 0.475
vt 0.1875 0.275
vt 0.1875 0.475
vt 0.2375 0.475
vt 0.2375 0.275
vt 0.1875 0.275
vt 0.2375 0.475
vt 0.1375 0.275
vt 0.1375 0.475
vt 0.1875 0.275
vt 0.1375 0.475
vt 0.1875 0.475
vt 0.1875 0.275
vt 0.1875 0.275
vt 0.1875 0.475
vt 0.2375 0.275
vt 0.1875 0.475
vt 0.2375 0.475
vt 0.2375 0.275
vt 0.1375 0.275
vt 0.1375 0.475
vt 0.1875 0.275
vt 0.1375 0.475
vt 0.1875 0.475
vt 0.1875 0.275
vt 0.1875 0.275
vt 0.1875 0.475
vt 0.2375 0.275
vt 0.1875 0.475
vt 0.2375 0.475
vt 0.2375 0.275
vt 0.1375 0.275
vt 0.1375 0.475
vt 0.1875 0.275
vt 0.1375 0.475
vt 0.1875 0.475
vt 0.1875 0.275
vt 0.1875 0.275
vt 0.1875 0.475
vt 0.2375 0.275
vt 0.1875 0.475
vt 0.2375 0.475
vt 0.2375 0.275
vt 0.1375 0.275
vt 0.1375 0.475
vt 0.1875 0.275
vt 0.1375 0.475
vt 0.1875 0.475
vt 0.1875 0.275
vt 0.1875 0.275
vt 0.1875 0.475
vt 0.2375 0.275
vt 0.1875 0.475
vt 0.2375 0.475
vt 0.2375 0.275
vt 0.1875 0.275
vt 0.1875 0.475
vt 0.2 0.475
vt 0.2 0.275
vt 0.1875 0.275
vt 0.2 0.475
vt 0.2 0.275
vt 0.2 0.475
vt 0.2125 0.475
vt 0.2125 0.275
vt 0.2 0.275
vt 0.2125 0.475
vt 0.2125 0.275
vt 0.2125 0.475
vt 0.225 0.475
vt 0.225 0.275
vt 0.2125 0.275
vt 0.225 0.475
vt 0.225 0.275
vt 0.225 0.475
vt 0.2375 0.475
vt 0.2375 0.275
vt 0.225 0.275
vt 0.2375 0.475
vt 0.1375 0.275
vt 0.1375 0.475
vt 0.15 0.475
vt 0.15 0.275
vt 0.1375 0.275
vt 0.15 0.475
vt 0.15 0.275
vt 0.15 0.475
vt 0.1625 0.475
vt 0.1625 0.275
vt 0.15 0.275
vt 0.1625 0.475
vt 0.1625 0.275
vt 0.1625 0.475
vt 0.175 0.475
vt 0.175 0.275
vt 0.1625 0.275
vt 0.175 0.475
vt 0.175 0.275
vt 0.175 0.475
vt 0.1875 0.475
vt 0.1875 0.275
vt 0.175 0.275
vt 0.1875 0.475
vt 0.1875 0.275
vt 0.1875 0.475
vt 0.2 0.275
vt 0.1875 0.475
vt 0.2 0.475
vt 0.2 0.275
vt 0.2 0.275
vt 0.2 0.475
vt 0.2125 0.275
vt 0.2 0.475
vt 0.2125 0.475
vt 0.2125 0.275
vt 0.2125 0.275
vt 0.2125 0.475
vt 0.225 0.275
vt 0.2125 0.475
vt 0.225 0.475
vt 0.225 0.275
vt 0.225 0.275
vt 0.225 0.475
vt 0.2375 0.275
vt 0.225 0.475
vt 0.2375 0.475
vt 0.2375 0.275
vt 0.1375 0.275
vt 0.1375 0.475
vt 0.15 0.275
vt 0.1375 0.475
vt 0.15 0.475
vt 0.15 0.275
vt 0.15 0.275
vt 0.15 0.475
vt 0.1625 0.275
vt 0.15 0.475
vt 0.1625 0.475
vt 0.1625 0.275
vt 0.1625 0.275
vt 0.1625 0.475
vt 0.175 0.275
vt 0.1625 0.475
vt 0.175 0.475
vt 0.175 0.275
vt 0.175 0.275
vt 0.175 0.475
vt 0.1875 0.275
vt 0.175 0.475
vt 0.1875 0.475
vt 0.1875 0.275
vt 0.1875 0.275
vt 0.1875 0.475
vt 0.2 0.475
vt 0.2 0.275
vt 0.1875 0.275
vt 0.2 0.475
vt 0.2 0.275
vt 0.2 0.475
vt 0.2125 0.475
vt 0.2125 0.275
vt 0.2 0.275
vt 0.2125 0.475
vt 0.2125 0.275
vt 0.2125 0.475
vt 0.225 0.475
vt 0.225 0.275
vt 0.2125 0.275
vt 0.225 0.475
vt 0.225 0.275
vt 0.225 0.475
vt 0.2375 0.475
vt 0.2375 0.275
vt 0.225 0.275
vt 0.2375 0.475
vt 0.1375 0.275
vt 0.1375 0.475
vt 0.15 0.475
vt 0.15 0.275
vt 0.1375 0.275
vt 0.15 0.475
vt 0.15 0.275
vt 0.15 0.475
vt 0.1625 0.475
vt 0.1625 0.275
vt 0.15 0.275
vt 0.1625 0.475
vt 0.1625 0.275
vt 0.1625 0.475
vt 0.175 0.475
vt 0.175 0.275
vt 0.1625 0.275
vt 0.175 0.475
vt 0.175 0.275
vt 0.175 0.475
vt 0.1875 0.475
vt 0.1875 0.275
vt 0.175 0.275
vt 0.1875 0.475
vt 0.1875 0.275
vt 0.1875 0.475
vt 0.2 0.275
vt 0.1875 0.475
vt 0.2 0.475
vt 0.2 0.275
vt 0.2 0.275
vt 0.2 0.475
vt 0.2125 0.275
vt 0.2 0.475
vt 0.2125 0.475
vt 0.2125 0.275
vt 0.2125 0.275
vt 0.2125 0.475
vt 0.225 0.275
vt 0.2125 0.475
vt 0.225 0.475
vt 0.225 0.275
vt 0.225 0.275
vt 0.225 0.475
vt 0.2375 0.275
vt 0.225 0.475
vt 0.2375 0.475
vt 0.2375 0.275
vt 0.1375 0.275
vt 0.1375 0.475
vt 0.15 0.275
vt 0.1375 0.475
vt 0.15 0.475
vt 0.15 0.275
vt 0.15 0.275
vt 0.15 0.475
vt 0.1625 0.275
vt 0.15 0.475
vt 0.1625 0.475
vt 0.1625 0.275
vt 0.1625 0.275
vt 0.1625 0.475
vt 0.175 0.275
vt 0.1625 0.475
vt 0.175 0.475
vt 0.175 0.275
vt 0.175 0.275
vt 0.175 0.475
vt 0.1875 0.275
vt 0.175 0.475
vt 0.1875 0.475
vt 0.1875 0.275
vt 0.87625 0.025
vt 0.87625 0.225
vt 0.87625 0.225
vt 0.87625 0.025
vt 0.87625 0.025
vt 0.87625 0.225
vt 0.87625 0.025
vt 0.87625 0.225
vt 0.87625 0.225
vt 0.87625 0.025
vt 0.87625 0.025
vt 0.87625 0.225
vt 0.87625 0.025
vt 0.87625 0.225
vt 0.87625 0.225
vt 0.87625 0.025
vt 0.87625 0.025
vt 0.87625 0.225
vt 0.87625 0.025
vt 0.87625 0.225
vt 0.87625 0.225
vt 0.87625 0.025
vt 0.87625 0.025
vt 0.87625 0.225
vt 0.87625 0.025
vt 0.87625 0.225
vt 0.87625 0.225
vt 0.87625 0.025
vt 0.87625 0.025
vt 0.87625 0.225
vt 0.87625 0.025
vt 0.87625 0.225
vt 0.87625 0.225
vt 0.87625 0.025
vt 0.87625 0.025
vt 0.87625 0.225
vt 0.87625 0.025
vt 0.87625 0.225
vt 0.87625 0.225
vt 0.87625 0.025
vt 0.87625 0.025
vt 0.87625 0.225
vt 0.87625 0.025
vt 0.87625 0.225
vt 0.87625 0.225
vt 0.87625 0.025
vt 0.87625 0.025
vt 0.87625 0.225
vt 0.87625 0.025
vt 0.87625 0.225
vt 0.87625 0.025
vt 0.87625 0.225
vt 0.87625 0.225
vt 0.87625 0.025
vt 0.87625 0.025
vt 0.87625 0.225
vt 0.87625 0.025
vt 0.87625 0.225
vt 0.87625 0.225
vt 0.87625 0.025
vt 0.87625 0.025
vt 0.87625 0.225
vt 0.87625 0.025
vt 0.87625 0.225
vt 0.87625 0.225
vt 0.87625 0.025
vt 0.87625 0.025
vt 0.87625 0.225
vt 0.87625 0.025
vt 0.87625 0.225
vt 0.87625 0.225
vt 0.87625 0.025
vt 0.87625 0.025
vt 0.87625 0.225
vt 0.87625 0.025
vt 0.87625 0.225
vt 0.87625 0.225
vt 0.87625 0.025
vt 0.87625 0.025
vt 0.87625 0.225
vt 0.87625 0.025
vt 0.87625 0.225
vt 0.87625 0.225
vt 0.87625 0.025
vt 0.87625 0.025
vt 0.87625 0.225
vt 0.87625 0.025
vt 0.87625 0.225
vt 0.87625 0.225
vt 0.87625 0.025
vt 0.87625 0.025
vt 0.87625 0.225
vt 0.87625 0.025
vt 0.87625 0.225
vt 0.87625 0.225
vt 0.87625 0.025
vt 0.87625 0.025
vt 0.87625 0.225
vt 0.87625 0.225
vt 0.87625 0.025
vt 0.87625 0.025
vt 0.87625 0.225
vt 0.87625 0.025
vt 0.87625 0.225
vt 0.87625 0.225
vt 0.87625 0.025
vt 0.87625 0.025
vt 0.87625 0.225
vt 0.87625 0.025
vt 0.87625 0.225
vt 0.87625 0.225
vt 0.87625 0.025
vt 0.87625 0.025
vt 0.87625 0.225
vt 0.87625 0.025
vt 0.87625 0.225
vt 0.87625 0.225
vt 0.87625 0.025
vt 0.87625 0.025
vt 0.87625 0.225
vt 0.87625 0.025
vt 0.87625 0.225
vt 0.87625 0.225
vt 0.87625 0.025
vt 0.87625 0.025
vt 0.87625 0.225
vt 0.87625 0.025
vt 0.87625 0.225
vt 0.87625 0.225
vt 0.87625 0.025
vt 0.87625 0.025
vt 0.87625 0.225
vt 0.87625 0.025
vt 0.87625 0.225
vt 0.87625 0.225
vt 0.87625 0.025
vt 0.87625 0.025
vt 0.87625 0.225
vt 0.87625 0.025
vt 0.87625 0.225
vt 0.87625 0.225
vt 0.87625 0.025
vt 0.87625 0.025
vt 0.87625 0.225
vt 0.87625 0.025
vt 0.87625 0.225
vt 0.87625 0.025
vt 0.87625 0.225
vt 0.87625 0.225
vt 0.87625 0.025
vt 0.87625 0.025
vt 0.87625 0.225
vt 0.87625 0.025
vt 0.87625 0.225
vt 0.87625 0.225
vt 0.87625 0.025
vt 0.87625 0.025
vt 0.87625 0.225
vt 0.87625 0.025
vt 0.87625 0.225
vt 0.87625 0.225
vt 0.87625 0.025
vt 0.87625 0.025
vt 0.87625 0.225
vt 0.87625 0.025
vt 0.87625 0.225
vt 0.87625 0.225
vt 0.87625 0.025
vt 0.87625 0.025
vt 0.87625 0.225
vt 0.87625 0.025
vt 0.87625 0.225
vt 0.87625 0.225
vt 0.87625 0.025
vt 0.87625 0.025
vt 0.87625 0.225
vt 0.87625 0.025
vt 0.87625 0.225
vt 0.87625 0.225
vt 0.87625 0.025
vt 0.87625 0.025
vt 0.87625 0.225
vt 0.87625 0.025
vt 0.87625 0.225
vt 0.87625 0.225
vt 0.87625 0.025
vt 0.87625 0.025
vt 0.87625 0.225
vt 0.87625 0.025
vt 0.87625 0.225
vt 0.87625 0.225
vt 0.87625 0.025
vt 0.87625 0.025
vt 0.87625 0.225
vt 0.87625 0.225
vt 0.87625 0.025
vt 0.87625 0.025
vt 0.87625 0.225
vt 0.87625 0.025
vt 0.87625 0.225
vt 0.87625 0.225
vt 0.87625 0.025
vt 0.87625 0.025
vt 0.87625 0.225
vt 0.87625 0.025
vt 0.87625 0.225
vt 0.87625 0.225
vt 0.87625 0.025
vt 0.87625 0.025
vt 0.87625 0.225
vt 0.87625 0.025
vt 0.87625 0.225
vt 0.87625 0.225
vt 0.87625 0.025
vt 0.87625 0.025
vt 0.87625 0.225
vt 0.87625 0.025
vt 0.87625 0.225
vt 0.87625 0.225
vt 0.87625 0.025
vt 0.87625 0.025
vt 0.87625 0.225
vt 0.87625 0.025
vt 0.87625 0.225
vt 0.87625 0.225
vt 0.87625 0.025
vt 0.87625 0.025
vt 0.87625 0.225
vt 0.87625 0.025
vt 0.87625 0.225
vt 0.87625 0.225
vt 0.87625 0.025
vt 0.87625 0.025
vt 0.87625 0.225
vt 0.87625 0.025
vt 0.87625 0.225
vt 0.87625 0.225
vt 0.87625 0.025
vt 0.87625 0.025
vt 0.87625 0.225
vt 0.87625 0.025
vt 0.87625 0.225
vt 0.87625 0.025
vt 0.87625 0.225
vt 0.87625 0.225
vt 0.87625 0.025
vt 0.87625 0.025
vt 0.87625 0.225
vt 0.87625 0.025
vt 0.87625 0.225
vt 0.87625 0.225
vt 0.87625 0.025
vt 0.87625 0.025
vt 0.87625 0.225
vt 0.87625 0.025
vt 0.87625 0.225
vt 0.87625 0.225
vt 0.87625 0.025
vt 0.87625 0.025
vt 0.87625 0.225
vt 0.87625 0.025
vt 0.87625 0.225
vt 0.87625 0.225
vt 0.87625 0.025
vt 0.87625 0.025
vt 0.87625 0.225
vt 0.87625 0.025
vt 0.87625 0.225
vt 0.87625 0.225
vt 0.87625 0.025
vt 0.87625 0.025
vt 0.87625 0.225
vt 0.87625 0.025
vt 0.87625 0.225
vt 0.87625 0.225
vt 0.87625 0.025
vt 0.87625 0.025
vt 0.87625 0.225
vt 0.87625 0.025
vt 0.87625 0.225
vt 0.87625 0.225
vt 0.87625 0.025
vt 0.87625 0.025
vt 0.87625 0.225
vt 0.87625 0.025
vt 0.87625 0.225
vt 0.87625 0.225
vt 0.87625 0.025
vt 0.87625 0.025
vt 0.87625 0.225
vt 0.87625 0.225
vt 0.87625 0.025
vt 0.87625 0.025
vt 0.87625 0.225
vt 0.87625 0.025
vt 0.87625 0.225
vt 0.87625 0.225
vt 0.87625 0.025
vt 0.87625 0.025
vt 0.87625 0.225
vt 0.87625 0.025
vt 0.87625 0.225
vt 0.87625 0.225
vt 0.87625 0.025
vt 0.87625 0.025
vt 0.87625 0.225
vt 0.87625 0.025
vt 0.87625 0.225
vt 0.87625 0.225
vt 0.87625 0.025
vt 0.87625 0.025
vt 0.87625 0.225
vt 0.87625 0.025
vt 0.87625 0.225
vt 0.87625 0.225
vt 0.87625 0.025
vt 0.87625 0.025
vt 0.87625 0.225
vt 0.87625 0.025
vt 0.87625 0.225
vt 0.87625 0.225
vt 0.87625 0.025
vt 0.87625 0.025
vt 0.87625 0.225
vt 0.87625 0.025
vt 0.87625 0.225
vt 0.87625 0.225
vt 0.87625 0.025
vt 0.87625 0.025
vt 0.87625 0.225
vt 0.87625 0.025
vt 0.87625 0.225
vt 0.87625 0.225
vt 0.87625 0.025
vt 0.87625 0.025
vt 0.87625 0.225
vt 0.87625 0.025
vt 0.87625 0.225
vt 0.87625 0.025
vt 0.87625 0.225
vt 0.87625 0.225
vt 0.87625 0.025
vt 0.87625 0.025
vt 0.87625 0.225
vt 0.87625 0.025
vt 0.87625 0.225
vt 0.87625 0.225
vt 0.87625 0.025
vt 0.87625 0.025
vt 0.87625 0.225
vt 0.87625 0.025
vt 0.87625 0.225
vt 0.87625 0.225
vt 0.87625 0.025
vt 0.87625 0.025
vt 0.87625 0.225
vt 0.87625 0.025
vt 0.87625 0.225
vt 0.87625 0.225
vt 0.87625 0.025
vt 0.87625 0.025
vt 0.87625 0.225
vt 0.87625 0.025
vt 0.87625 0.225
vt 0.87625 0.225
vt 0.87625 0.025
vt 0.87625 0.025
vt 0.87625 0.225
vt 0.87625 0.025
vt 0.87625 0.225
vt 0.87625 0.225
vt 0.87625 0.025
vt 0.87625 0.025
vt 0.87625 0.225
vt 0.87625 0.025
vt 0.87625 0.225
vt 0.87625 0.225
vt 0.87625 0.025
vt 0.87625 0.025
vt 0.87625 0.225
vt 0.87625 0.025
vt 0.87625 0.225
vt 0.87625 0.225
vt 0.87625 0.025
vt 0.87625 0.025
vt 0.87625 0.225
vt 0.87625 0.225
vt 0.87625 0.025
vt 0.87625 0.025
vt 0.87625 0.225
vt 0.87625 0.025
vt 0.87625 0.225
vt 0.87625 0.225
vt 0.87625 0.025
vt 0.87625 0.025
vt 0.87625 0.225
vt 0.87625 0.025
vt 0.87625 0.225
vt 0.87625 0.225
vt 0.87625 0.025
vt 0.87625 0.025
vt 0.87625 0.225
vt 0.87625 0.025
vt 0.87625 0.225
vt 0.87625 0.225
vt 0.87625 0.025
vt 0.87625 0.025
vt 0.87625 0.225
vt 0.87625 0.025
vt 0.87625 0.225
vt 0.87625 0.225
vt 0.87625 0.025
vt 0.87625 0.025
vt 0.87625 0.225
vt 0.87625 0.025
vt 0.87625 0.225
vt 0.87625 0.225
vt 0.87625 0.025
vt 0.87625 0.025
vt 0.87625 0.225
vt 0.87625 0.025
vt 0.87625 0.225
vt 0.87625 0.225
vt 0.87625 0.025
vt 0.87625 0.025
vt 0.87625 0.225
vt 0.87625 0.025
vt 0.87625 0.225
vt 0.87625 0.225
vt 0.87625 0.025
vt 0.87625 0.025
vt 0.87625 0.225
vt 0.87625 0.025
vt 0.87625 0.225
vt 0.87625 0.025
vt 0.87625 0.225
vt 0.87625 0.225
vt 0.87625 0.025
vt 0.87625 0.025
vt 0.87625 0.225
vt 0.87625 0.025
vt 0.87625 0.225
vt 0.87625 0.225
vt 0.87625 0.025
vt 0.87625 0.025
vt 0.87625 0.225
vt 0.87625 0.025
vt 0.87625 0.225
vt 0.87625 0.225
vt 0.87625 0.025
vt 0.87625 0.025
vt 0.87625 0.225
vt 0.87625 0.025
vt 0.87625 0.225
vt 0.87625 0.225
vt 0.87625 0.025
vt 0.87625 0.025
vt 0.87625 0.225
vt 0.87625 0.025
vt 0.87625 0.225
vt 0.87625 0.225
vt 0.87625 0.025
vt 0.87625 0.025
vt 0.87625 0.225
vt 0.87625 0.025
vt 0.87625 0.225
vt 0.87625 0.225
vt 0.87625 0.025
vt 0.87625 0.025
vt 0.87625 0.225
vt 0.87625 0.025
vt 0.87625 0.225
vt 0.87625 0.225
vt 0.87625 0.025
vt 0.87625 0.025
vt 0.87625 0.225
vt 0.87625 0.025
vt 0.87625 0.225
vt 0.87625 0.225
vt 0.87625 0.025
vt 0.87625 0.025
vt 0.87625 0.225
vt 0.87625 0.225
vt 0.87625 0.025
vt 0.87625 0.025
vt 0.87625 0.225
vt 0.87625 0.025
vt 0.87625 0.225
vt 0.87625 0.225
vt 0.87625 0.025
vt 0.87625 0.025
vt 0.87625 0.225
vt 0.87625 0.025
vt 0.87625 0.225
vt 0.87625 0.225
vt 0.87625 0.025
vt 0.87625 0.025
vt 0.87625 0.225
vt 0.87625 0.025
vt 0.87625 0.225
vt 0.87625 0.225
vt 0.87625 0.025
vt 0.87625 0.025
vt 0.87625 0.225
vt 0.87625 0.025
vt 0.87625 0.225
vt 0.87625 0.225
vt 0.87625 0.025
vt 0.87625 0.025
vt 0.87625 0.225
vt 0.87625 0.025
vt 0.87625 0.225
vt 0.87625 0.225
vt 0.87625 0.025
vt 0.87625 0.025
vt 0.87625 0.225
vt 0.87625 0.025
vt 0.87625 0.225
vt 0.87625 0.225
vt 0.87625 0.025
vt 0.87625 0.025
vt 0.87625 0.225
vt 0.87625 0.025
vt 0.87625 0.225
vt 0.87625 0.225
vt 0.87625 0.025
vt 0.87625 0.025
vt 0.87625 0.225
vt 0.87625 0.025
vt 0.87625 0.225
vt 0.87625 0.025
vt 0.87625 0.225
vt 0.87625 0.225
vt 0.87625 0.025
vt 0.87625 0.025
vt 0.87625 0.225
vt 0.87625 0.025
vt 0.87625 0.225
vt 0.87625 0.225
vt 0.87625 0.025
vt 0.87625 0.025
vt 0.87625 0.225
vt 0.87625 0.025
vt 0.87625 0.225
vt 0.87625 0.225
vt 0.87625 0.025
vt 0.87625 0.025
vt 0.87625 0.225
vt 0.87625 0.025
vt 0.87625 0.225
vt 0.87625 0.225
vt 0.87625 0.025
vt 0.87625 0.025
vt 0.87625 0.225
vt 0.87625 0.025
vt 0.87625 0.225
vt 0.87625 0.225
vt 0.87625 0.025
vt 0.87625 0.025
vt 0.87625 0.225
vt 0.87625 0.025
vt 0.87625 0.225
vt 0.87625 0.225
vt 0.87625 0.025
vt 0.87625 0.025
vt 0.87625 0.225
vt 0.87625 0.025
vt 0.87625 0.225
vt 0.87625 0.225
vt 0.87625 0.025
vt 0.87625 0.025
vt 0.87625 0.225
vt 0.87625 0.025
vt 0.87625 0.225
vt 0.87625 0.225
vt 0.87625 0.025
vt 0.87625 0.025
vt 0.87625 0.225
vt 0.87625 0.225
vt 0.87625 0.025
vt 0.87625 0.025
vt 0.87625 0.225
vt 0.87625 0.025
vt 0.87625 0.225
vt 0.87625 0.225
vt 0.87625 0.025
vt 0.87625 0.025
vt 0.87625 0.225
vt 0.87625 0.025
vt 0.87625 0.225
vt 0.87625 0.225
vt 0.87625 0.025
vt 0.87625 0.025
vt 0.87625 0.225
vt 0.87625 0.025
vt 0.87625 0.225
vt 0.87625 0.225
vt 0.87625 0.025
vt 0.87625 0.025
vt 0.87625 0.225
vt 0.87625 0.025
vt 0.87625 0.225
vt 0.87625 0.225
vt 0.87625 0.025
vt 0.87625 0.025
vt 0.87625 0.225
vt 0.87625 0.025
vt 0.87625 0.225
vt 0.87625 0.225
vt 0.87625 0.025
vt 0.87625 0.025
vt 0.87625 0.225
vt 0.87625 0.025
vt 0.87625 0.225
vt 0.87625 0.225
vt 0.87625 0.025
vt 0.87625 0.025
vt 0.87625 0.225
vt 0.87625 0.025
vt 0.87625 0.225
vt 0.87625 0.225
vt 0.87625 0.025
vt 0.87625 0.025
vt 0.87625 0.225
vt 0.87625 0.025
vt 0.87625 0.225
vt 0.87625 0.025
vt 0.87625 0.225
vt 0.87625 0.225
vt 0.87625 0.025
vt 0.87625 0.025
vt 0.87625 0.225
vt 0.87625 0.025
vt 0.87625 0.225
vt 0.87625 0.225
vt 0.87625 0.025
vt 0.87625 0.025
vt 0.87625 0.225
vt 0.87625 0.025
vt 0.87625 0.225
vt 0.87625 0.225
vt 0.87625 0.025
vt 0.87625 0.025
vt 0.87625 0.225
vt 0.87625 0.025
vt 0.87625 0.225
vt 0.87625 0.225
vt 0.87625 0.025
vt 0.87625 0.025
vt 0.87625 0.225
vt 0.87625 0.025
vt 0.87625 0.225
vt 0.87625 0.225
vt 0.87625 0.025
vt 0.87625 0.025
vt 0.87625 0.225
vt 0.87625 0.025
vt 0.87625 0.225
vt 0.87625 0.225
vt 0.87625 0.025
vt 0.87625 0.025
vt 0.87625 0.225
vt 0.87625 0.025
vt 0.87625 0.225
vt 0.87625 0.225
vt 0.87625 0.025
vt 0.87625 0.025
vt 0.87625 0.225
vt 0.87625 0.025
vt 0.87625 0.225
vt 0.87625 0.225
vt 0.87625 0.025
vt 0.87625 0.025
vt 0.87625 0.225
vt 0.87625 0.225
vt 0.87625 0.025
vt 0.87625 0.025
vt 0.87625 0.225
vt 0.87625 0.025
vt 0.87625 0.225
vt 0.87625 0.225
vt 0.87625 0.025
vt 0.87625 0.025
vt 0.87625 0.225
vt 0.87625 0.025
vt 0.87625 0.225
vt 0.87625 0.225
vt 0.87625 0.025
vt 0.87625 0.025
vt 0.87625 0.225
vt 0.87625 0.025
vt 0.87625 0.225
vt 0.87625 0.225
vt 0.87625 0.025
vt 0.87625 0.025
vt 0.87625 0.225
vt 0.87625 0.025
vt 0.87625 0.225
vt 0.87625 0.225
vt 0.87625 0.025
vt 0.87625 0.025
vt 0.87625 0.225
vt 0.87625 0.025
vt 0.87625 0.225
vt 0.87625 0.225
vt 0.87625 0.025
vt 0.87625 0.025
vt 0.87625 0.225
vt 0.87625 0.025
vt 0.87625 0.225
vt 0.87625 0.225
vt 0.87625 0.025
vt 0.87625 0.025
vt 0.87625 0.225
vt 0.87625 0.025
vt 0.87625 0.225
vt 0.87625 0.225
vt 0.87625 0.025
vt 0.87625 0.025
vt 0.87625 0.225
vt 0.87625 0.025
vt 0.87625 0.225
vt 0.87625 0.025
vt 0.87625 0.225
vt 0.87625 0.225
vt 0.87625 0.025
vt 0.87625 0.025
vt 0.87625 0.225
vt 0.87625 0.025
vt 0.87625 0.225
vt 0.87625 0.225
vt 0.87625 0.025
vt 0.87625 0.025
vt 0.87625 0.225
vt 0.87625 0.025
vt 0.87625 0.225
vt 0.87625 0.225
vt 0.87625 0.025
vt 0.87625 0.025
vt 0.87625 0.225
vt 0.87625 0.025
vt 0.87625 0.225
vt 0.87625 0.225
vt 0.87625 0.025
vt 0.87625 0.025
vt 0.87625 0.225
vt 0.87625 0.025
vt 0.87625 0.225
vt 0.87625 0.225
vt 0.87625 0.025
vt 0.87625 0.025
vt 0.87625 0.225
vt 0.87625 0.025
vt 0.87625 0.225
vt 0.87625 0.225
vt 0.87625 0.025
vt 0.87625 0.025
vt 0.87625 0.225
vt 0.87625 0.025
vt 0.87625 0.225
vt 0.87625 0.225
vt 0.87625 0.025
vt 0.87625 0.025
vt 0.87625 0.225
vt 0.87625 0.025
vt 0.87625 0.225
vt 0.87625 0.225
vt 0.87625 0.025
vt 0.87625 0.025
vt 0.87625 0.225
vt 0.87625 0.225
vt 0.87625 0.025
vt 0.87625 0.025
vt 0.87625 0.225
vt 0.87625 0.025
vt 0.87625 0.225
vt 0.87625 0.225
vt 0.87625 0.025
vt 0.87625 0.025
vt 0.87625 0.225
vt 0.87625 0.025
vt 0.87625 0.225
vt 0.87625 0.225
vt 0.87625 0.025
vt 0.87625 0.025
vt 0.87625 0.225
vt 0.87625 0.025
vt 0.87625 0.225
vt 0.87625 0.225
vt 0.87625 0.025
vt 0.87625 0.025
vt 0.87625 0.225
vt 0.87625 0.025
vt 0.87625 0.225
vt 0.87625 0.225
vt 0.87625 0.025
vt 0.87625 0.025
vt 0.87625 0.225
vt 0.87625 0.025
vt 0.87625 0.225
vt 0.87625 0.225
vt 0.87625 0.025
vt 0.87625 0.025
vt 0.87625 0.225
vt 0.87625 0.025
vt 0.87625 0.225
vt 0.87625 0.225
vt 0.87625 0.025
vt 0.87625 0.025
vt 0.87625 0.225
vt 0.87625 0.025
vt 0.87625 0.225
vt 0.87625 0.225
vt 0.87625 0.025
vt 0.87625 0.025
vt 0.87625 0.225
vt 0.87625 0.025
vt 0.87625 0.225
vt 0.87625 0.025
vt 0.87625 0.225
vt 0.87625 0.225
vt 0.87625 0.025
vt 0.87625 0.025
vt 0.87625 0.225
vt 0.87625 0.025
vt 0.87625 0.225
vt 0.87625 0.225
vt 0.87625 0.025
vt 0.87625 0.025
vt 0.87625 0.225
vt 0.87625 0.025
vt 0.87625 0.225
vt 0.87625 0.225
vt 0.87625 0.025
vt 0.87625 0.025
vt 0.87625 0.225
vt 0.87625 0.025
vt 0.87625 0.225
vt 0.87625 0.225
vt 0.87625 0.025
vt 0.87625 0.025
vt 0.87625 0.225
vt 0.87625 0.025
vt 0.87625 0.225
vt 0.87625 0.225
vt 0.87625 0.025
vt 0.87625 0.025
vt 0.87625 0.225
vt 0.87625 0.025
vt 0.87625 0.225
vt 0.87625 0.225
vt 0.87625 0.025
vt 0.87625 0.025
vt 0.87625 0.225
vt 0.87625 0.025
vt 0.87625 0.225
vt 0.87625 0.225
vt 0.87625 0.025
vt 0.87625 0.025
vt 0.87625 0.225
vt 0.87625 0.025
vt 0.87625 0.225
vt 0.87625 0.225
vt 0.87625 0.025
vt 0.5625 0.775
vt 0.5625 0.975
vt 0.575 0.975
vt 0.575 0.775
vt 0.5625 0.775
vt 0.575 0.975
vt 0.575 0.775
vt 0.575 0.975
vt 0.5875 0.975
vt 0.5875 0.775
vt 0.575 0.775
vt 0.5875 0.975
vt 0.5875 0.775
vt 0.5875 0.975
vt 0.6 0.975
vt 0.6 0.775
vt 0.5875 0.775
vt 0.6 0.975
vt 0.6 0.775
vt 0.6 0.975
vt 0.6125 0.975
vt 0.6125 0.775
vt 0.6 0.775
vt 0.6125 0.975
vt 0.5125 0.775
vt 0.5125 0.975
vt 0.525 0.975
vt 0.525 0.775
vt 0.5125 0.775
vt 0.525 0.975
vt 0.525 0.775
vt 0.525 0.975
vt 0.5375 0.975
vt 0.5375 0.775
vt 0.525 0.775
vt 0.5375 0.975
vt 0.5375 0.775
vt 0.5375 0.975
vt 0.55 0.975
vt 0.55 0.775
vt 0.5375 0.775
vt 0.55 0.975
vt 0.55 0.775
vt 0.55 0.975
vt 0.5625 0.975
vt 0.5625 0.775
vt 0.55 0.775
vt 0.5625 0.975
vt 0.5625 0.775
vt 0.5625 0.975
vt 0.575 0.775
vt 0.5625 0.975
vt 0.575 0.975
vt 0.575 0.775
vt 0.575 0.775
vt 0.575 0.975
vt 0.5875 0.775
vt 0.575 0.975
vt 0.5875 0.975
vt 0.5875 0.775
vt 0.5875 0.775
vt 0.5875 0.975
vt 0.6 0.775
vt 0.5875 0.975
vt 0.6 0.975
vt 0.6 0.775
vt 0.6 0.775
vt 0.6 0.975
vt 0.6125 0.775
vt 0.6 0.975
vt 0.6125 0.975
vt 0.6125 0.775
vt 0.5125 0.775
vt 0.5125 0.975
vt 0.525 0.775
vt 0.5125 0.975
vt 0.525 0.975
vt 0.525 0.775
vt 0.525 0.775
vt 0.525 0.975
vt 0.5375 0.775
vt 0.525 0.975
vt 0.5375 0.975
vt 0.5375 0.775
vt 0.5375 0.775
vt 0.5375 0.975
vt 0.55 0.775
vt 0.5375 0.975
vt 0.55 0.975
vt 0.55 0.775
vt 0.55 0.775
vt 0.55 0.975
vt 0.5625 0.775
vt 0.55 0.975
vt 0.5625 0.975
vt 0.5625 0.775
vt 0.5125 0.775
vt 0.5125 0.975
vt 0.5625 0.975
vt 0.5625 0.775
vt 0.5125 0.775
vt 0.5625 0.975
vt 0.5625 0.775
vt 0.5625 0.975
vt 0.6125 0.975
vt 0.6125 0.775
vt 0.5625 0.775
vt 0.6125 0.975
vt 0.5125 0.775
vt 0.5125 0.975
vt 0.5625 0.975
vt 0.5625 0.775
vt 0.5125 0.775
vt 0.5625 0.975
vt 0.5625 0.775
vt 0.5625 0.975
vt 0.6125 0.975
vt 0.6125 0.775
vt 0.5625 0.775
vt 0.6125 0.975
vt 0.5125 0.775
vt 0.5125 0.975
vt 0.5625 0.975
vt 0.5625 0.775
vt 0.5125 0.775
vt 0.5625 0.975
vt 0.5625 0.775
vt 0.5625 0.975
vt 0.6125 0.975
vt 0.6125 0.775
vt 0.5625 0.775
vt 0.6125 0.975
vt 0.5125 0.775
vt 0.5125 0.975
vt 0.5625 0.975
vt 0.5625 0.775
vt 0.5125 0.775
vt 0.5625 0.975
vt 0.5625 0.775
vt 0.5625 0.975
vt 0.6125 0.975
vt 0.6125 0.775
vt 0.5625 0.775
vt 0.6125 0.975
vt 0.5125 0.775
vt 0.5125 0.975
vt 0.5625 0.775
vt 0.5125 0.975
vt 0.5625 0.975
vt 0.5625 0.775
vt 0.5625 0.775
vt 0.5625 0.975
vt 0.6125 0.775
vt 0.5625 0.975
vt 0.6125 0.975
vt 0.6125 0.775
vt 0.5125 0.775
vt 0.5125 0.975
vt 0.5625 0.775
vt 0.5125 0.975
vt 0.5625 0.975
vt 0.5625 0.775
vt 0.5625 0.775
vt 0.5625 0.975
vt 0.6125 0.775
vt 0.5625 0.975
vt 0.6125 0.975
vt 0.6125 0.775
vt 0.5125 0.775
vt 0.5125 0.975
vt 0.5625 0.775
vt 0.5125 0.975
vt 0.5625 0.975
vt 0.5625 0.775
vt 0.5625 0.775
vt 0.5625 0.975
vt 0.6125 0.775
vt 0.5625 0.975
vt 0.6125 0.975
vt 0.6125 0.775
vt 0.5125 0.775
vt 0.5125 0.975
vt 0.5625 0.775
vt 0.5125 0.975
vt 0.5625 0.975
vt 0.5625 0.775
vt 0.5625 0.775
vt 0.5625 0.975
vt 0.6125 0.775
vt 0.5625 0.975
vt 0.6125 0.975
vt 0.6125 0.775
vt 0.5625 0.775
vt 0.5625 0.975
vt 0.575 0.975
vt 0.575 0.775
vt 0.5625 0.775
vt 0.575 0.975
vt 0.575 0.775
vt 0.575 0.975
vt 0.5875 0.975
vt 0.5875 0.775
vt 0.575 0.775
vt 0.5875 0.975
vt 0.5875 0.775
vt 0.5875 0.975
vt 0.6 0.975
vt 0.6 0.775
vt 0.5875 0.775
vt 0.6 0.975
vt 0.6 0.775
vt 0.6 0.975
vt 0.6125 0.975
vt 0.6125 0.775
vt 0.6 0.775
vt 0.6125 0.975
vt 0.5125 0.775
vt 0.5125 0.975
vt 0.525 0.975
vt 0.525 0.775
vt 0.5125 0.775
vt 0.525 0.975
vt 0.525 0.775
vt 0.525 0.975
vt 0.5375 0.975
vt 0.5375 0.775
vt 0.525 0.775
vt 0.5375 0.975
vt 0.5375 0.775
vt 0.5375 0.975
vt 0.55 0.975
vt 0.55 0.775
vt 0.5375 0.775
vt 0.55 0.975
vt 0.55 0.775
vt 0.55 0.975
vt 0.5625 0.975
vt 0.5625 0.775
vt 0.55 0.775
vt 0.5625 0.975
vt 0.5625 0.775
vt 0.5625 0.975
vt 0.575 0.775
vt 0.5625 0.975
vt 0.575 0.975
vt 0.575 0.775
vt 0.575 0.775
vt 0.575 0.975
vt 0.5875 0.775
vt 0.575 0.975
vt 0.5875 0.975
vt 0.5875 0.775
vt 0.5875 0.775
vt 0.5875 0.975
vt 0.6 0.775
vt 0.5875 0.975
vt 0.6 0.975
vt 0.6 0.775
vt 0.6 0.775
vt 0.6 0.975
vt 0.6125 0.775
vt 0.6 0.975
vt 0.6125 0.975
vt 0.6125 0.775
vt 0.5125 0.775
vt 0.5125 0.975
vt 0.525 0.775
vt 0.5125 0.975
vt 0.525 0.975
vt 0.525 0.775
vt 0.525 0.775
vt 0.525 0.975
vt 0.5375 0.775
vt 0.525 0.975
vt 0.5375 0.975
vt 0.5375 0.775
vt 0.5375 0.775
vt 0.5375 0.975
vt 0.55 0.775
vt 0.5375 0.975
vt 0.55 0.975
vt 0.55 0.775
vt 0.55 0.775
vt 0.55 0.975
vt 0.5625 0.775
vt 0.55 0.975
vt 0.5625 0.975
vt 0.5625 0.775
vt 0.5125 0.775
vt 0.5125 0.975
vt 0.5625 0.975
vt 0.5625 0.775
vt 0.5125 0.775
vt 0.5625 0.975
vt 0.5625 0.775
vt 0.5625 0.975
vt 0.6125 0.975
vt 0.6125 0.775
vt 0.5625 0.775
vt 0.6125 0.975
vt 0.5125 0.775
vt 0.5125 0.975
vt 0.5625 0.975
vt 0.5625 0.775
vt 0.5125 0.775
vt 0.5625 0.975
vt 0.5625 0.775
vt 0.5625 0.975
vt 0.6125 0.975
vt 0.6125 0.775
vt 0.5625 0.775
vt 0.6125 0.975
vt 0.5125 0.775
vt 0.5125 0.975
vt 0.5625 0.975
vt 0.5625 0.775
vt 0.5125 0.775
vt 0.5625 0.975
vt 0.5625 0.775
vt 0.5625 0.975
vt 0.6125 0.975
vt 0.6125 0.775
vt 0.5625 0.775
vt 0.6125 0.975
vt 0.5125 0.775
vt 0.5125 0.975
vt 0.5625 0.975
vt 0.5625 0.775
vt 0.5125 0.775
vt 0.5625 0.975
vt 0.5625 0.775
vt 0.5625 0.975
vt 0.6125 0.975
vt 0.6125 0.775
vt 0.5625 0.775
vt 0.6125 0.975
vt 0.5125 0.775
vt 0.5125 0.975
vt 0.5625 0.775
vt 0.5125 0.975
vt 0.5625 0.975
vt 0.5625 0.775
vt 0.5625 0.775
vt 0.5625 0.975
vt 0.6125 0.775
vt 0.5625 0.975
vt 0.6125 0.975
vt 0.6125 0.775
vt 0.5125 0.775
vt 0.5125 0.975
vt 0.5625 0.775
vt 0.5125 0.975
vt 0.5625 0.975
vt 0.5625 0.775
vt 0.5625 0.775
vt 0.5625 0.975
vt 0.6125 0.775
vt 0.5625 0.975
vt 0.6125 0.975
vt 0.6125 0.775
vt 0.5125 0.775
vt 0.5125 0.975
vt 0.5625 0.775
vt 0.5125 0.975
vt 0.5625 0.975
vt 0.5625 0.775
vt 0.5625 0.775
vt 0.5625 0.975
vt 0.6125 0.775
vt 0.5625 0.975
vt 0.6125 0.975
vt 0.6125 0.775
vt 0.5125 0.775
vt 0.5125 0.975
vt 0.5625 0.775
vt 0.5125 0.975
vt 0.5625 0.975
vt 0.5625 0.775
vt 0.5625 0.775
vt 0.5625 0.975
vt 0.6125 0.775
vt 0.5625 0.975
vt 0.6125 0.975
vt 0.6125 0.775
vt 0.5625 0.775
vt 0.5625 0.975
vt 0.575 0.975
vt 0.575 0.775
vt 0.5625 0.775
vt 0.575 0.975
vt 0.575 0.775
vt 0.575 0.975
vt 0.5875 0.975
vt 0.5875 0.775
vt 0.575 0.775
vt 0.5875 0.975
vt 0.5875 0.775
vt 0.5875 0.975
vt 0.6 0.975
vt 0.6 0.775
vt 0.5875 0.775
vt 0.6 0.975
vt 0.6 0.775
vt 0.6 0.975
vt 0.6125 0.975
vt 0.6125 0.775
vt 0.6 0.775
vt 0.6125 0.975
vt 0.5125 0.775
vt 0.5125 0.975
vt 0.525 0.975
vt 0.525 0.775
vt 0.5125 0.775
vt 0.525 0.975
vt 0.525 0.775
vt 0.525 0.975
vt 0.5375 0.975
vt 0.5375 0.775
vt 0.525 0.775
vt 0.5375 0.975
vt 0.5375 0.775
vt 0.5375 0.975
vt 0.55 0.975
vt 0.55 0.775
vt 0.5375 0.775
vt 0.55 0.975
vt 0.55 0.775
vt 0.55 0.975
vt 0.5625 0.975
vt 0.5625 0.775
vt 0.55 0.775
vt 0.5625 0.975
vt 0.5625 0.775
vt 0.5625 0.975
vt 0.575 0.775
vt 0.5625 0.975
vt 0.575 0.975
vt 0.575 0.775
vt 0.575 0.775
vt 0.575 0.975
vt 0.5875 0.775
vt 0.575 0.975
vt 0.5875 0.975
vt 0.5875 0.775
vt 0.5875 0.775
vt 0.5875 0.975
vt 0.6 0.775
vt 0.5875 0.975
vt 0.6 0.975
vt 0.6 0.775
vt 0.6 0.775
vt 0.6 0.975
vt 0.6125 0.775
vt 0.6 0.975
vt 0.6125 0.975
vt 0.6125 0.775
vt 0.5125 0.775
vt 0.5125 0.975
vt 0.525 0.775
vt 0.5125 0.975
vt 0.525 0.975
vt 0.525 0.775
vt 0.525 0.775
vt 0.525 0.975
vt 0.5375 0.775
vt 0.525 0.975
vt 0.5375 0.975
vt 0.5375 0.775
vt 0.5375 0.775
vt 0.5375 0.975
vt 0.55 0.775
vt 0.5375 0.975
vt 0.55 0.975
vt 0.55 0.775
vt 0.55 0.775
vt 0.55 0.975
vt 0.5625 0.775
vt 0.55 0.975
vt 0.5625 0.975
vt 0.5625 0.775
vt 0.5625 0.775
vt 0.5625 0.975
vt 0.575 0.975
vt 0.575 0.775
vt 0.5625 0.775
vt 0.575 0.975
vt 0.575 0.775
vt 0.575 0.975
vt 0.5875 0.975
vt 0.5875 0.775
vt 0.575 0.775
vt 0.5875 0.975
vt 0.5875 0.775
vt 0.5875 0.975
vt 0.6 0.975
vt 0.6 0.775
vt 0.5875 0.775
vt 0.6 0.975
vt 0.6 0.775
vt 0.6 0.975
vt 0.6125 0.975
vt 0.6125 0.775
vt 0.6 0.775
vt 0.6125 0.975
vt 0.5125 0.775
vt 0.5125 0.975
vt 0.525 0.975
vt 0.525 0.775
vt 0.5125 0.775
vt 0.525 0.975
vt 0.525 0.775
vt 0.525 0.975
vt 0.5375 0.975
vt 0.5375 0.775
vt 0.525 0.775
vt 0.5375 0.975
vt 0.5375 0.775
vt 0.5375 0.975
vt 0.55 0.975
vt 0.55 0.775
vt 0.5375 0.775
vt 0.55 0.975
vt 0.55 0.775
vt 0.55 0.975
vt 0.5625 0.975
vt 0.5625 0.775
vt 0.55 0.775
vt 0.5625 0.975
vt 0.5625 0.775
vt 0.5625 0.975
vt 0.575 0.775
vt 0.5625 0.975
vt 0.575 0.975
vt 0.575 0.775
vt 0.575 0.775
vt 0.575 0.975
vt 0.5875 0.775
vt 0.575 0.975
vt 0.5875 0.975
vt 0.5875 0.775
vt 0.5875 0.775
vt 0.5875 0.975
vt 0.6 0.775
vt 0.5875 0.975
vt 0.6 0.975
vt 0.6 0.775
vt 0.6 0.775
vt 0.6 0.975
vt 0.6125 0.775
vt 0.6 0.975
vt 0.6125 0.975
vt 0.6125 0.775
vt 0.5125 0.775
vt 0.5125 0.975
vt 0.525 0.775
vt 0.5125 0.975
vt 0.525 0.975
vt 0.525 0.775
vt 0.525 0.775
vt 0.525 0.975
vt 0.5375 0.775
vt 0.525 0.975
vt 0.5375 0.975
vt 0.5375 0.775
vt 0.5375 0.775
vt 0.5375 0.975
vt 0.55 0.775
vt 0.5375 0.975
vt 0.55 0.975
vt 0.55 0.775
vt 0.55 0.775
vt 0.55 0.975
vt 0.5625 0.775
vt 0.55 0.975
vt 0.5625 0.975
vt 0.5625 0.775
vt 0.5125 0.775
vt 0.5125 0.975
vt 0.5625 0.975
vt 0.5625 0.775
vt 0.5125 0.775
vt 0.5625 0.975
vt 0.5625 0.775
vt 0.5625 0.975
vt 0.6125 0.975
vt 0.6125 0.775
vt 0.5625 0.775
vt 0.6125 0.975
vt 0.5125 0.775
vt 0.5125 0.975
vt 0.5625 0.975
vt 0.5625 0.775
vt 0.5125 0.775
vt 0.5625 0.975
vt 0.5625 0.775
vt 0.5625 0.975
vt 0.6125 0.975
vt 0.6125 0.775
vt 0.5625 0.775
vt 0.6125 0.975
vt 0.5125 0.775
vt 0.5125 0.975
vt 0.5625 0.975
vt 0.5625 0.775
vt 0.5125 0.775
vt 0.5625 0.975
vt 0.5625 0.775
vt 0.5625 0.975
vt 0.6125 0.975
vt 0.6125 0.775
vt 0.5625 0.775
vt 0.6125 0.975
vt 0.5125 0.775
vt 0.5125 0.975
vt 0.5625 0.975
vt 0.5625 0.775
vt 0.5125 0.775
vt 0.5625 0.975
vt 0.5625 0.775
vt 0.5625 0.975
vt 0.6125 0.975
vt 0.6125 0.775
vt 0.5625 0.775
vt 0.6125 0.975
vt 0.5125 0.775
vt 0.5125 0.975
vt 0.5625 0.775
vt 0.5125 0.975
vt 0.5625 0.975
vt 0.5625 0.775
vt 0.5625 0.775
vt 0.5625 0.975
vt 0.6125 0.775
vt 0.5625 0.975
vt 0.6125 0.975
vt 0.6125 0.775
vt 0.5125 0.775
vt 0.5125 0.975
vt 0.5625 0.775
vt 0.5125 0.975
vt 0.5625 0.975
vt 0.5625 0.775
vt 0.5625 0.775
vt 0.5625 0.975
vt 0.6125 0.775
vt 0.5625 0.975
vt 0.6125 0.975
vt 0.6125 0.775
vt 0.5125 0.775
vt 0.5125 0.975
vt 0.5625 0.775
vt 0.5125 0.975
vt 0.5625 0.975
vt 0.5625 0.775
vt 0.5625 0.775
vt 0.5625 0.975
vt 0.6125 0.775
vt 0.5625 0.975
vt 0.6125 0.975
vt 0.6125 0.775
vt 0.5125 0.775
vt 0.5125 0.975
vt 0.5625 0.775
vt 0.5125 0.975
vt 0.5625 0.975
vt 0.5625 0.775
vt 0.5625 0.775
vt 0.5625 0.975
vt 0.6125 0.775
vt 0.5625 0.975
vt 0.6125 0.975
vt 0.6125 0.775
vt 0.5625 0.775
vt 0.5625 0.975
vt 0.575 0.975
vt 0.575 0.775
vt 0.5625 0.775
vt 0.575 0.975
vt 0.575 0.775
vt 0.575 0.975
vt 0.5875 0.975
vt 0.5875 0.775
vt 0.575 0.775
vt 0.5875 0.975
vt 0.5875 0.775
vt 0.5875 0.975
vt 0.6 0.975
vt 0.6 0.775
vt 0.5875 0.775
vt 0.6 0.975
vt 0.6 0.775
vt 0.6 0.975
vt 0.6125 0.975
vt 0.6125 0.775
vt 0.6 0.775
vt 0.6125 0.975
vt 0.5125 0.775
vt 0.5125 0.975
vt 0.525 0.975
vt 0.525 0.775
vt 0.5125 0.775
vt 0.525 0.975
vt 0.525 0.775
vt 0.525 0.975
vt 0.5375 0.975
vt 0.5375 0.775
vt 0.525 0.775
vt 0.5375 0.975
vt 0.5375 0.775
vt 0.5375 0.975
vt 0.55 0.975
vt 0.55 0.775
vt 0.5375 0.775
vt 0.55 0.975
vt 0.55 0.775
vt 0.55 0.975
vt 0.5625 0.975
vt 0.5625 0.775
vt 0.55 0.775
vt 0.5625 0.975
vt 0.5625 0.775
vt 0.5625 0.975
vt 0.575 0.775
vt 0.5625 0.975
vt 0.575 0.975
vt 0.575 0.775
vt 0.575 0.775
vt 0.575 0.975
vt 0.5875 0.775
vt 0.575 0.975
vt 0.5875 0.975
vt 0.5875 0.775
vt 0.5875 0.775
vt 0.5875 0.975
vt 0.6 0.775
vt 0.5875 0.975
vt 0.6 0.975
vt 0.6 0.775
vt 0.6 0.775
vt 0.6 0.975
vt 0.6125 0.775
vt 0.6 0.975
vt 0.6125 0.975
vt 0.6125 0.775
vt 0.5125 0.775
vt 0.5125 0.975
vt 0.525 0.775
vt 0.5125 0.975
vt 0.525 0.975
vt 0.525 0.775
vt 0.525 0.775
vt 0.525 0.975
vt 0.5375 0.775
vt 0.525 0.975
vt 0.5375 0.975
vt 0.5375 0.775
vt 0.5375 0.775
vt 0.5375 0.975
vt 0.55 0.775
vt 0.5375 0.975
vt 0.55 0.975
vt 0.55 0.775
vt 0.55 0.775
vt 0.55 0.975
vt 0.5625 0.775
vt 0.55 0.975
vt 0.5625 0.975
vt 0.5625 0.775
vt 0.5625 0.775
vt 0.5625 0.975
vt 0.575 0.975
vt 0.575 0.775
vt 0.5625 0.775
vt 0.575 0.975
vt 0.575 0.775
vt 0.575 0.975
vt 0.5875 0.975
vt 0.5875 0.775
vt 0.575 0.775
vt 0.5875 0.975
vt 0.5875 0.775
vt 0.5875 0.975
vt 0.6 0.975
vt 0.6 0.775
vt 0.5875 0.775
vt 0.6 0.975
vt 0.6 0.775
vt 0.6 0.975
vt 0.6125 0.975
vt 0.6125 0.775
vt 0.6 0.775
vt 0.6125 0.975
vt 0.5125 0.775
vt 0.5125 0.975
vt 0.525 0.975
vt 0.525 0.775
vt 0.5125 0.775
vt 0.525 0.975
vt 0.525 0.775
vt 0.525 0.975
vt 0.5375 0.975
vt 0.5375 0.775
vt 0.525 0.775
vt 0.5375 0.975
vt 0.5375 0.775
vt 0.5375 0.975
vt 0.55 0.975
vt 0.55 0.775
vt 0.5375 0.775
vt 0.55 0.975
vt 0.55 0.775
vt 0.55 0.975
vt 0.5625 0.975
vt 0.5625 0.775
vt 0.55 0.775
vt 0.5625 0.975
vt 0.5625 0.775
vt 0.5625 0.975
vt 0.575 0.775
vt 0.5625 0.975
vt 0.575 0.975
vt 0.575 0.775
vt 0.575 0.775
vt 0.575 0.975
vt 0.5875 0.775
vt 0.575 0.975
vt 0.5875 0.975
vt 0.5875 0.775
vt 0.5875 0.775
vt 0.5875 0.975
vt 0.6 0.775
vt 0.5875 0.975
vt 0.6 0.975
vt 0.6 0.775
vt 0.6 0.775
vt 0.6 0.975
vt 0.6125 0.775
vt 0.6 0.975
vt 0.6125 0.975
vt 0.6125 0.775
vt 0.5125 0.775
vt 0.5125 0.975
vt 0.525 0.775
vt 0.5125 0.975
vt 0.525 0.975
vt 0.525 0.775
vt 0.525 0.775
vt 0.525 0.975
vt 0.5375 0.775
vt 0.525 0.975
vt 0.5375 0.975
vt 0.5375 0.775
vt 0.5375 0.775
vt 0.5375 0.975
vt 0.55 0.775
vt 0.5375 0.975
vt 0.55 0.975
vt 0.55 0.775
vt 0.55 0.775
vt 0.55 0.975
vt 0.5625 0.775
vt 0.55 0.975
vt 0.5625 0.975
vt 0.5625 0.775
vt 0.5625 0.775
vt 0.5625 0.975
vt 0.575 0.975
vt 0.575 0.775
vt 0.5625 0.775
vt 0.575 0.975
vt 0.575 0.775
vt 0.575 0.975
vt 0.5875 0.975
vt 0.5875 0.775
vt 0.575 0.775
vt 0.5875 0.975
vt 0.5875 0.775
vt 0.5875 0.975
vt 0.6 0.975
vt 0.6 0.775
vt 0.5875 0.775
vt 0.6 0.975
vt 0.6 0.775
vt 0.6 0.975
vt 0.6125 0.975
vt 0.6125 0.775
vt 0.6 0.775
vt 0.6125 0.975
vt 0.5125 0.775
vt 0.5125 0.975
vt 0.525 0.975
vt 0.525 0.775
vt 0.5125 0.775
vt 0.525 0.975
vt 0.525 0.775
vt 0.525 0.975
vt 0.5375 0.975
vt 0.5375 0.775
vt 0.525 0.775
vt 0.5375 0.975
vt 0.5375 0.775
vt 0.5375 0.975
vt 0.55 0.975
vt 0.55 0.775
vt 0.5375 0.775
vt 0.55 0.975
vt 0.55 0.775
vt 0.55 0.975
vt 0.5625 0.975
vt 0.5625 0.775
vt 0.55 0.775
vt 0.5625 0.975
vt 0.5625 0.775
vt 0.5625 0.975
vt 0.575 0.775
vt 0.5625 0.975
vt 0.575 0.975
vt 0.575 0.775
vt 0.575 0.775
vt 0.575 0.975
vt 0.5875 0.775
vt 0.575 0.975
vt 0.5875 0.975
vt 0.5875 0.775
vt 0.5875 0.775
vt 0.5875 0.975
vt 0.6 0.775
vt 0.5875 0.975
vt 0.6 0.975
vt 0.6 0.775
vt 0.6 0.775
vt 0.6 0.975
vt 0.6125 0.775
vt 0.6 0.975
vt 0.6125 0.975
vt 0.6125 0.775
vt 0.5125 0.775
vt 0.5125 0.975
vt 0.525 0.775
vt 0.5125 0.975
vt 0.525 0.975
vt 0.525 0.775
vt 0.525 0.775
vt 0.525 0.975
vt 0.5375 0.775
vt 0.525 0.975
vt 0.5375 0.975
vt 0.5375 0.775
vt 0.5375 0.775
vt 0.5375 0.975
vt 0.55 0.775
vt 0.5375 0.975
vt 0.55 0.975
vt 0.55 0.775
vt 0.55 0.775
vt 0.55 0.975
vt 0.5625 0.775
vt 0.55 0.975
vt 0.5625 0.975
vt 0.5625 0.775
vt 0.5125 0.775
vt 0.5125 0.975
vt 0.5625 0.975
vt 0.5625 0.775
vt 0.5125 0.775
vt 0.5625 0.975
vt 0.5625 0.775
vt 0.5625 0.975
vt 0.6125 0.975
vt 0.6125 0.775
vt 0.5625 0.775
vt 0.6125 0.975
vt 0.5125 0.775
vt 0.5125 0.975
vt 0.5625 0.975
vt 0.5625 0.775
vt 0.5125 0.775
vt 0.5625 0.975
vt 0.5625 0.775
vt 0.5625 0.975
vt 0.6125 0.975
vt 0.6125 0.775
vt 0.5625 0.775
vt 0.6125 0.975
vt 0.5125 0.775
vt 0.5125 0.975
vt 0.5625 0.975
vt 0.5625 0.775
vt 0.5125 0.775
vt 0.5625 0.975
vt 0.5625 0.775
vt 0.5625 0.975
vt 0.6125 0.975
vt 0.6125 0.775
vt 0.5625 0.775
vt 0.6125 0.975
vt 0.5125 0.775
vt 0.5125 0.975
vt 0.5625 0.975
vt 0.5625 0.775
vt 0.5125 0.775
vt 0.5625 0.975
vt 0.5625 0.775
vt 0.5625 0.975
vt 0.6125 0.975
vt 0.6125 0.775
vt 0.5625 0.775
vt 0.6125 0.975
vt 0.5125 0.775
vt 0.5125 0.975
vt 0.5625 0.775
vt 0.5125 0.975
vt 0.5625 0.975
vt 0.5625 0.775
vt 0.5625 0.775
vt 0.5625 0.975
vt 0.6125 0.775
vt 0.5625 0.975
vt 0.6125 0.975
vt 0.6125 0.775
vt 0.5125 0.775
vt 0.5125 0.975
vt 0.5625 0.775
vt 0.5125 0.975
vt 0.5625 0.975
vt 0.5625 0.775
vt 0.5625 0.775
vt 0.5625 0.975
vt 0.6125 0.775
vt 0.5625 0.975
vt 0.6125 0.975
vt 0.6125 0.775
vt 0.5125 0.775
vt 0.5125 0.975
vt 0.5625 0.775
vt 0.5125 0.975
vt 0.5625 0.975
vt 0.5625 0.775
vt 0.5625 0.775
vt 0.5625 0.975
vt 0.6125 0.775
vt 0.5625 0.975
vt 0.6125 0.975
vt 0.6125 0.775
vt 0.5125 0.775
vt 0.5125 0.975
vt 0.5625 0.775
vt 0.5125 0.975
vt 0.5625 0.975
vt 0.5625 0.775
vt 0.5625 0.775
vt 0.5625 0.975
vt 0.6125 0.775
vt 0.5625 0.975
vt 0.6125 0.975
vt 0.6125 0.775
vt 0.5625 0.775
vt 0.5625 0.975
vt 0.575 0.975
vt 0.575 0.775
vt 0.5625 0.775
vt 0.575 0.975
vt 0.575 0.775
vt 0.575 0.975
vt 0.5875 0.975
vt 0.5875 0.775
vt 0.575 0.775
vt 0.5875 0.975
vt 0.5875 0.775
vt 0.5875 0.975
vt 0.6 0.975
vt 0.6 0.775
vt 0.5875 0.775
vt 0.6 0.975
vt 0.6 0.775
vt 0.6 0.975
vt 0.6125 0.975
vt 0.6125 0.775
vt 0.6 0.775
vt 0.6125 0.975
vt 0.5125 0.775
vt 0.5125 0.975
vt 0.525 0.975
vt 0.525 0.775
vt 0.5125 0.775
vt 0.525 0.975
vt 0.525 0.775
vt 0.525 0.975
vt 0.5375 0.975
vt 0.5375 0.775
vt 0.525 0.775
vt 0.5375 0.975
vt 0.5375 0.775
vt 0.5375 0.975
vt 0.55 0.975
vt 0.55 0.775
vt 0.5375 0.775
vt 0.55 0.975
vt 0.55 0.775
vt 0.55 0.975
vt 0.5625 0.975
vt 0.5625 0.775
vt 0.55 0.775
vt 0.5625 0.975
vt 0.5625 0.775
vt 0.5625 0.975
vt 0.575 0.775
vt 0.5625 0.975
vt 0.575 0.975
vt 0.575 0.775
vt 0.575 0.775
vt 0.575 0.975
vt 0.5875 0.775
vt 0.575 0.975
vt 0.5875 0.975
vt 0.5875 0.775
vt 0.5875 0.775
vt 0.5875 0.975
vt 0.6 0.775
vt 0.5875 0.975
vt 0.6 0.975
vt 0.6 0.775
vt 0.6 0.775
vt 0.6 0.975
vt 0.6125 0.775
vt 0.6 0.975
vt 0.6125 0.975
vt 0.6125 0.775
vt 0.5125 0.775
vt 0.5125 0.975
vt 0.525 0.775
vt 0.5125 0.975
vt 0.525 0.975
vt 0.525 0.775
vt 0.525 0.775
vt 0.525 0.975
vt 0.5375 0.775
vt 0.525 0.975
vt 0.5375 0.975
vt 0.5375 0.775
vt 0.5375 0.775
vt 0.5375 0.975
vt 0.55 0.775
vt 0.5375 0.975
vt 0.55 0.975
vt 0.55 0.775
vt 0.55 0.775
vt 0.55 0.975
vt 0.5625 0.775
vt 0.55 0.975
vt 0.5625 0.975
vt 0.5625 0.775
vt 0.5125 0.775
vt 0.5125 0.975
vt 0.5625 0.975
vt 0.5625 0.775
vt 0.5125 0.775
vt 0.5625 0.975
vt 0.5625 0.775
vt 0.5625 0.975
vt 0.6125 0.975
vt 0.6125 0.775
vt 0.5625 0.775
vt 0.6125 0.975
vt 0.5125 0.775
vt 0.5125 0.975
vt 0.5625 0.975
vt 0.5625 0.775
vt 0.5125 0.775
vt 0.5625 0.975
vt 0.5625 0.775
vt 0.5625 0.975
vt 0.6125 0.975
vt 0.6125 0.775
vt 0.5625 0.775
vt 0.6125 0.975
vt 0.5125 0.775
vt 0.5125 0.975
vt 0.5625 0.975
vt 0.5625 0.775
vt 0.5125 0.775
vt 0.5625 0.975
vt 0.5625 0.775
vt 0.5625 0.975
vt 0.6125 0.975
vt 0.6125 0.775
vt 0.5625 0.775
vt 0.6125 0.975
vt 0.5125 0.775
vt 0.5125 0.975
vt 0.5625 0.975
vt 0.5625 0.775
vt 0.5125 0.775
vt 0.5625 0.975
vt 0.5625 0.775
vt 0.5625 0.975
vt 0.6125 0.975
vt 0.6125 0.775
vt 0.5625 0.775
vt 0.6125 0.975
vt 0.5125 0.775
vt 0.5125 0.975
vt 0.5625 0.775
vt 0.5125 0.975
vt 0.5625 0.975
vt 0.5625 0.775
vt 0.5625 0.775
vt 0.5625 0.975
vt 0.6125 0.775
vt 0.5625 0.975
vt 0.6125 0.975
vt 0.6125 0.775
vt 0.5125 0.775
vt 0.5125 0.975
vt 0.5625 0.775
vt 0.5125 0.975
vt 0.5625 0.975
vt 0.5625 0.775
vt 0.5625 0.775
vt 0.5625 0.975
vt 0.6125 0.775
vt 0.5625 0.975
vt 0.6125 0.975
vt 0.6125 0.775
vt 0.5125 0.775
vt 0.5125 0.975
vt 0.5625 0.775
vt 0.5125 0.975
vt 0.5625 0.975
vt 0.5625 0.775
vt 0.5625 0.775
vt 0.5625 0.975
vt 0.6125 0.775
vt 0.5625 0.975
vt 0.6125 0.975
vt 0.6125 0.775
vt 0.5125 0.775
vt 0.5125 0.975
vt 0.5625 0.775
vt 0.5125 0.975
vt 0.5625 0.975
vt 0.5625 0.775
vt 0.5625 0.775
vt 0.5625 0.975
vt 0.6125 0.775
vt 0.5625 0.975
vt 0.6125 0.975
vt 0.6125 0.775
vt 0.5625 0.775
vt 0.5625 0.975
vt 0.575 0.975
vt 0.575 0.775
vt 0.5625 0.775
vt 0.575 0.975
vt 0.575 0.775
vt 0.575 0.975
vt 0.5875 0.975
vt 0.5875 0.775
vt 0.575 0.775
vt 0.5875 0.975
vt 0.5875 0.775
vt 0.5875 0.975
vt 0.6 0.975
vt 0.6 0.775
vt 0.5875 0.775
vt 0.6 0.975
vt 0.6 0.775
vt 0.6 0.975
vt 0.6125 0.975
vt 0.6125 0.775
vt 0.6 0.775
vt 0.6125 0.975
vt 0.5125 0.775
vt 0.5125 0.975
vt 0.525 0.975
vt 0.525 0.775
vt 0.5125 0.775
vt 0.525 0.975
vt 0.525 0.775
vt 0.525 0.975
vt 0.5375 0.975
vt 0.5375 0.775
vt 0.525 0.775
vt 0.5375 0.975
vt 0.5375 0.775
vt 0.5375 0.975
vt 0.55 0.975
vt 0.55 0.775
vt 0.5375 0.775
vt 0.55 0.975
vt 0.55 0.775
vt 0.55 0.975
vt 0.5625 0.975
vt 0.5625 0.775
vt 0.55 0.775
vt 0.5625 0.975
vt 0.5625 0.775
vt 0.5625 0.975
vt 0.575 0.775
vt 0.5625 0.975
vt 0.575 0.975
vt 0.575 0.775
vt 0.575 0.775
vt 0.575 0.975
vt 0.5875 0.775
vt 0.575 0.975
vt 0.5875 0.975
vt 0.5875 0.775
vt 0.5875 0.775
vt 0.5875 0.975
vt 0.6 0.775
vt 0.5875 0.975
vt 0.6 0.975
vt 0.6 0.775
vt 0.6 0.775
vt 0.6 0.975
vt 0.6125 0.775
vt 0.6 0.975
vt 0.6125 0.975
vt 0.6125 0.775
vt 0.5125 0.775
vt 0.5125 0.975
vt 0.525 0.775
vt 0.5125 0.975
vt 0.525 0.975
vt 0.525 0.775
vt 0.525 0.775
vt 0.525 0.975
vt 0.5375 0.775
vt 0.525 0.975
vt 0.5375 0.975
vt 0.5375 0.775
vt 0.5375 0.775
vt 0.5375 0.975
vt 0.55 0.775
vt 0.5375 0.975
vt 0.55 0.975
vt 0.55 0.775
vt 0.55 0.775
vt 0.55 0.975
vt 0.5625 0.775
vt 0.55 0.975
vt 0.5625 0.975
vt 0.5625 0.775
vt 0.5625 0.775
vt 0.5625 0.975
vt 0.575 0.975
vt 0.575 0.775
vt 0.5625 0.775
vt 0.575 0.975
vt 0.575 0.775
vt 0.575 0.975
vt 0.5875 0.975
vt 0.5875 0.775
vt 0.575 0.775
vt 0.5875 0.975
vt 0.5875 0.775
vt 0.5875 0.975
vt 0.6 0.975
vt 0.6 0.775
vt 0.5875 0.775
vt 0.6 0.975
vt 0.6 0.775
vt 0.6 0.975
vt 0.6125 0.975
vt 0.6125 0.775
vt 0.6 0.775
vt 0.6125 0.975
vt 0.5125 0.775
vt 0.5125 0.975
vt 0.525 0.975
vt 0.525 0.775
vt 0.5125 0.775
vt 0.525 0.975
vt 0.525 0.775
vt 0.525 0.975
vt 0.5375 0.975
vt 0.5375 0.775
vt 0.525 0.775
vt 0.5375 0.975
vt 0.5375 0.775
vt 0.5375 0.975
vt 0.55 0.975
vt 0.55 0.775
vt 0.5375 0.775
vt 0.55 0.975
vt 0.55 0.775
vt 0.55 0.975
vt 0.5625 0.975
vt 0.5625 0.775
vt 0.55 0.775
vt 0.5625 0.975
vt 0.5625 0.775
vt 0.5625 0.975
vt 0.575 0.775
vt 0.5625 0.975
vt 0.575 0.975
vt 0.575 0.775
vt 0.575 0.775
vt 0.575 0.975
vt 0.5875 0.775
vt 0.575 0.975
vt 0.5875 0.975
vt 0.5875 0.775
vt 0.5875 0.775
vt 0.5875 0.975
vt 0.6 0.775
vt 0.5875 0.975
vt 0.6 0.975
vt 0.6 0.775
vt 0.6 0.775
vt 0.6 0.975
vt 0.6125 0.775
vt 0.6 0.975
vt 0.6125 0.975
vt 0.6125 0.775
vt 0.5125 0.775
vt 0.5125 0.975
vt 0.525 0.775
vt 0.5125 0.975
vt 0.525 0.975
vt 0.525 0.775
vt 0.525 0.775
vt 0.525 0.975
vt 0.5375 0.775
vt 0.525 0.975
vt 0.5375 0.975
vt 0.5375 0.775
vt 0.5375 0.775
vt 0.5375 0.975
vt 0.55 0.775
vt 0.5375 0.975
vt 0.55 0.975
vt 0.55 0.775
vt 0.55 0.775
vt 0.55 0.975
vt 0.5625 0.775
vt 0.55 0.975
vt 0.5625 0.975
vt 0.5625 0.775
vt 0.5125 0.775
vt 0.5125 0.975
vt 0.5625 0.975
vt 0.5625 0.775
vt 0.5125 0.775
vt 0.5625 0.975
vt 0.5625 0.775
vt 0.5625 0.975
vt 0.6125 0.975
vt 0.6125 0.775
vt 0.5625 0.775
vt 0.6125 0.975
vt 0.5125 0.775
vt 0.5125 0.975
vt 0.5625 0.975
vt 0.5625 0.775
vt 0.5125 0.775
vt 0.5625 0.975
vt 0.5625 0.775
vt 0.5625 0.975
vt 0.6125 0.975
vt 0.6125 0.775
vt 0.5625 0.775
vt 0.6125 0.975
vt 0.5125 0.775
vt 0.5125 0.975
vt 0.5625 0.975
vt 0.5625 0.775
vt 0.5125 0.775
vt 0.5625 0.975
vt 0.5625 0.775
vt 0.5625 0.975
vt 0.6125 0.975
vt 0.6125 0.775
vt 0.5625 0.775
vt 0.6125 0.975
vt 0.5125 0.775
vt 0.5125 0.975
vt 0.5625 0.975
vt 0.5625 0.775
vt 0.5125 0.775
vt 0.5625 0.975
vt 0.5625 0.775
vt 0.5625 0.975
vt 0.6125 0.975
vt 0.6125 0.775
vt 0.5625 0.775
vt 0.6125 0.975
vt 0.5125 0.775
vt 0.5125 0.975
vt 0.5625 0.775
vt 0.5125 0.975
vt 0.5625 0.975
vt 0.5625 0.775
vt 0.5625 0.775
vt 0.5625 0.975
vt 0.6125 0.775
vt 0.5625 0.975
vt 0.6125 0.975
vt 0.6125 0.775
vt 0.5125 0.775
vt 0.5125 0.975
vt 0.5625 0.775
vt 0.5125 0.975
vt 0.5625 0.975
vt 0.5625 0.775
vt 0.5625 0.775
vt 0.5625 0.975
vt 0.6125 0.775
vt 0.5625 0.975
vt 0.6125 0.975
vt 0.6125 0.775
vt 0.5125 0.775
vt 0.5125 0.975
vt 0.5625 0.775
vt 0.5125 0.975
vt 0.5625 0.975
vt 0.5625 0.775
vt 0.5625 0.775
vt 0.5625 0.975
vt 0.6125 0.775
vt 0.5625 0.975
vt 0.6125 0.975
vt 0.6125 0.775
vt 0.5125 0.775
vt 0.5125 0.975
vt 0.5625 0.775
vt 0.5125 0.975
vt 0.5625 0.975
vt 0.5625 0.775
vt 0.5625 0.775
vt 0.5625 0.975
vt 0.6125 0.775
vt 0.5625 0.975
vt 0.6125 0.975
vt 0.6125 0.775
vt 0.5625 0.775
vt 0.5625 0.975
vt 0.575 0.975
vt 0.575 0.775
vt 0.5625 0.775
vt 0.575 0.975
vt 0.575 0.775
vt 0.575 0.975
vt 0.5875 0.975
vt 0.5875 0.775
vt 0.575 0.775
vt 0.5875 0.975
vt 0.5875 0.775
vt 0.5875 0.975
vt 0.6 0.975
vt 0.6 0.775
vt 0.5875 0.775
vt 0.6 0.975
vt 0.6 0.775
vt 0.6 0.975
vt 0.6125 0.975
vt 0.6125 0.775
vt 0.6 0.775
vt 0.6125 0.975
vt 0.5125 0.775
vt 0.5125 0.975
vt 0.525 0.975
vt 0.525 0.775
vt 0.5125 0.775
vt 0.525 0.975
vt 0.525 0.775
vt 0.525 0.975
vt 0.5375 0.975
vt 0.5375 0.775
vt 0.525 0.775
vt 0.5375 0.975
vt 0.5375 0.775
vt 0.5375 0.975
vt 0.55 0.975
vt 0.55 0.775
vt 0.5375 0.775
vt 0.55 0.975
vt 0.55 0.775
vt 0.55 0.975
vt 0.5625 0.975
vt 0.5625 0.775
vt 0.55 0.775
vt 0.5625 0.975
vt 0.5625 0.775
vt 0.5625 0.975
vt 0.575 0.775
vt 0.5625 0.975
vt 0.575 0.975
vt 0.575 0.775
vt 0.575 0.775
vt 0.575 0.975
vt 0.5875 0.775
vt 0.575 0.975
vt 0.5875 0.975
vt 0.5875 0.775
vt 0.5875 0.775
vt 0.5875 0.975
vt 0.6 0.775
vt 0.5875 0.975
vt 0.6 0.975
vt 0.6 0.775
vt 0.6 0.775
vt 0.6 0.975
vt 0.6125 0.775
vt 0.6 0.975
vt 0.6125 0.975
vt 0.6125 0.775
vt 0.5125 0.775
vt 0.5125 0.975
vt 0.525 0.775
vt 0.5125 0.975
vt 0.525 0.975
vt 0.525 0.775
vt 0.525 0.775
vt 0.525 0.975
vt 0.5375 0.775
vt 0.525 0.975
vt 0.5375 0.975
vt 0.5375 0.775
vt 0.5375 0.775
vt 0.5375 0.975
vt 0.55 0.775
vt 0.5375 0.975
vt 0.55 0.975
vt 0.55 0.775
vt 0.55 0.775
vt 0.55 0.975
vt 0.5625 0.775
vt 0.55 0.975
vt 0.5625 0.975
vt 0.5625 0.775
vt 0.5625 0.775
vt 0.5625 0.975
vt 0.575 0.975
vt 0.575 0.775
vt 0.5625 0.775
vt 0.575 0.975
vt 0.575 0.775
vt 0.575 0.975
vt 0.5875 0.975
vt 0.5875 0.775
vt 0.575 0.775
vt 0.5875 0.975
vt 0.5875 0.775
vt 0.5875 0.975
vt 0.6 0.975
vt 0.6 0.775
vt 0.5875 0.775
vt 0.6 0.975
vt 0.6 0.775
vt 0.6 0.975
vt 0.6125 0.975
vt 0.6125 0.775
vt 0.6 0.775
vt 0.6125 0.975
vt 0.5125 0.775
vt 0.5125 0.975
vt 0.525 0.975
vt 0.525 0.775
vt 0.5125 0.775
vt 0.525 0.975
vt 0.525 0.775
vt 0.525 0.975
vt 0.5375 0.975
vt 0.5375 0.775
vt 0.525 0.775
vt 0.5375 0.975
vt 0.5375 0.775
vt 0.5375 0.975
vt 0.55 0.975
vt 0.55 0.775
vt 0.5375 0.775
vt 0.55 0.975
vt 0.55 0.775
vt 0.55 0.975
vt 0.5625 0.975
vt 0.5625 0.775
vt 0.55 0.775
vt 0.5625 0.975
vt 0.5625 0.775
vt 0.5625 0.975
vt 0.575 0.775
vt 0.5625 0.975
vt 0.575 0.975
vt 0.575 0.775
vt 0.575 0.775
vt 0.575 0.975
vt 0.5875 0.775
vt 0.575 0.975
vt 0.5875 0.975
vt 0.5875 0.775
vt 0.5875 0.775
vt 0.5875 0.975
vt 0.6 0.775
vt 0.5875 0.975
vt 0.6 0.975
vt 0.6 0.775
vt 0.6 0.775
vt 0.6 0.975
vt 0.6125 0.775
vt 0.6 0.975
vt 0.6125 0.975
vt 0.6125 0.775
vt 0.5125 0.775
vt 0.5125 0.975
vt 0.525 0.775
vt 0.5125 0.975
vt 0.525 0.975
vt 0.525 0.775
vt 0.525 0.775
vt 0.525 0.975
vt 0.5375 0.775
vt 0.525 0.975
vt 0.5375 0.975
vt 0.5375 0.775
vt 0.5375 0.775
vt 0.5375 0.975
vt 0.55 0.775
vt 0.5375 0.975
vt 0.55 0.975
vt 0.55 0.775
vt 0.55 0.775
vt 0.55 0.975
vt 0.5625 0.775
vt 0.55 0.975
vt 0.5625 0.975
vt 0.5625 0.775
vt 0.5625 0.775
vt 0.5625 0.975
vt 0.575 0.975
vt 0.575 0.775
vt 0.5625 0.775
vt 0.575 0.975
vt 0.575 0.775
vt 0.575 0.975
vt 0.5875 0.975
vt 0.5875 0.775
vt 0.575 0.775
vt 0.5875 0.975
vt 0.5875 0.775
vt 0.5875 0.975
vt 0.6 0.975
vt 0.6 0.775
vt 0.5875 0.775
vt 0.6 0.975
vt 0.6 0.775
vt 0.6 0.975
vt 0.6125 0.975
vt 0.6125 0.775
vt 0.6 0.775
vt 0.6125 0.975
vt 0.5125 0.775
vt 0.5125 0.975
vt 0.525 0.975
vt 0.525 0.775
vt 0.5125 0.775
vt 0.525 0.975
vt 0.525 0.775
vt 0.525 0.975
vt 0.5375 0.975
vt 0.5375 0.775
vt 0.525 0.775
vt 0.5375 0.975
vt 0.5375 0.775
vt 0.5375 0.975
vt 0.55 0.975
vt 0.55 0.775
vt 0.5375 0.775
vt 0.55 0.975
vt 0.55 0.775
vt 0.55 0.975
vt 0.5625 0.975
vt 0.5625 0.775
vt 0.55 0.775
vt 0.5625 0.975
vt 0.5625 0.775
vt 0.5625 0.975
vt 0.575 0.775
vt 0.5625 0.975
vt 0.575 0.975
vt 0.575 0.775
vt 0.575 0.775
vt 0.575 0.975
vt 0.5875 0.775
vt 0.575 0.975
vt 0.5875 0.975
vt 0.5875 0.775
vt 0.5875 0.775
vt 0.5875 0.975
vt 0.6 0.775
vt 0.5875 0.975
vt 0.6 0.975
vt 0.6 0.775
vt 0.6 0.775
vt 0.6 0.975
vt 0.6125 0.775
vt 0.6 0.975
vt 0.6125 0.975
vt 0.6125 0.775
vt 0.5125 0.775
vt 0.5125 0.975
vt 0.525 0.775
vt 0.5125 0.975
vt 0.525 0.975
vt 0.525 0.775
vt 0.525 0.775
vt 0.525 0.975
vt 0.5375 0.775
vt 0.525 0.975
vt 0.5375 0.975
vt 0.5375 0.775
vt 0.5375 0.775
vt 0.5375 0.975
vt 0.55 0.775
vt 0.5375 0.975
vt 0.55 0.975
vt 0.55 0.775
vt 0.55 0.775
vt 0.55 0.975
vt 0.5625 0.775
vt 0.55 0.975
vt 0.5625 0.975
vt 0.5625 0.775
vt 0.5125 0.775
vt 0.5125 0.975
vt 0.5625 0.975
vt 0.5625 0.775
vt 0.5125 0.775
vt 0.5625 0.975
vt 0.5625 0.775
vt 0.5625 0.975
vt 0.6125 0.975
vt 0.6125 0.775
vt 0.5625 0.775
vt 0.6125 0.975
vt 0.5125 0.775
vt 0.5125 0.975
vt 0.5625 0.975
vt 0.5625 0.775
vt 0.5125 0.775
vt 0.5625 0.975
vt 0.5625 0.775
vt 0.5625 0.975
vt 0.6125 0.975
vt 0.6125 0.775
vt 0.5625 0.775
vt 0.6125 0.975
vt 0.5125 0.775
vt 0.5125 0.975
vt 0.5625 0.975
vt 0.5625 0.775
vt 0.5125 0.775
vt 0.5625 0.975
vt 0.5625 0.775
vt 0.5625 0.975
vt 0.6125 0.975
vt 0.6125 0.775
vt 0.5625 0.775
vt 0.6125 0.975
vt 0.5125 0.775
vt 0.5125 0.975
vt 0.5625 0.975
vt 0.5625 0.775
vt 0.5125 0.775
vt 0.5625 0.975
vt 0.5625 0.775
vt 0.5625 0.975
vt 0.6125 0.975
vt 0.6125 0.775
vt 0.5625 0.775
vt 0.6125 0.975
vt 0.5125 0.775
vt 0.5125 0.975
vt 0.5625 0.775
vt 0.5125 0.975
vt 0.5625 0.975
vt 0.5625 0.775
vt 0.5625 0.775
vt 0.5625 0.975
vt 0.6125 0.775
vt 0.5625 0.975
vt 0.6125 0.975
vt 0.6125 0.775
vt 0.5125 0.775
vt 0.5125 0.975
vt 0.5625 0.775
vt 0.5125 0.975
vt 0.5625 0.975
vt 0.5625 0.775
vt 0.5625 0.775
vt 0.5625 0.975
vt 0.6125 0.775
vt 0.5625 0.975
vt 0.6125 0.975
vt 0.6125 0.775
vt 0.5125 0.775
vt 0.5125 0.975
vt 0.5625 0.775
vt 0.5125 0.975
vt 0.5625 0.975
vt 0.5625 0.775
vt 0.5625 0.775
vt 0.5625 0.975
vt 0.6125 0.775
vt 0.5625 0.975
vt 0.6125 0.975
vt 0.6125 0.775
vt 0.5125 0.775
vt 0.5125 0.975
vt 0.5625 0.775
vt 0.5125 0.975
vt 0.5625 0.975
vt 0.5625 0.775
vt 0.5625 0.775
vt 0.5625 0.975
vt 0.6125 0.775
vt 0.5625 0.975
vt 0.6125 0.975
vt 0.6125 0.775
vt 0.5625 0.775
vt 0.5625 0.975
vt 0.575 0.975
vt 0.575 0.775
vt 0.5625 0.775
vt 0.575 0.975
vt 0.575 0.775
vt 0.575 0.975
vt 0.5875 0.975
vt 0.5875 0.775
vt 0.575 0.775
vt 0.5875 0.975
vt 0.5875 0.775
vt 0.5875 0.975
vt 0.6 0.975
vt 0.6 0.775
vt 0.5875 0.775
vt 0.6 0.975
vt 0.6 0.775
vt 0.6 0.975
vt 0.6125 0.975
vt 0.6125 0.775
vt 0.6 0.775
vt 0.6125 0.975
vt 0.5125 0.775
vt 0.5125 0.975
vt 0.525 0.975
vt 0.525 0.775
vt 0.5125 0.775
vt 0.525 0.975
vt 0.525 0.775
vt 0.525 0.975
vt 0.5375 0.975
vt 0.5375 0.775
vt 0.525 0.775
vt 0.5375 0.975
vt 0.5375 0.775
vt 0.5375 0.975
vt 0.55 0.975
vt 0.55 0.775
vt 0.5375 0.775
vt 0.55 0.975
vt 0.55 0.775
vt 0.55 0.975
vt 0.5625 0.975
vt 0.5625 0.775
vt 0.55 0.775
vt 0.5625 0.975
vt 0.5625 0.775
vt 0.5625 0.975
vt 0.575 0.775
vt 0.5625 0.975
vt 0.575 0.975
vt 0.575 0.775
vt 0.575 0.775
vt 0.575 0.975
vt 0.5875 0.775
vt 0.575 0.975
vt 0.5875 0.975
vt 0.5875 0.775
vt 0.5875 0.775
vt 0.5875 0.975
vt 0.6 0.775
vt 0.5875 0.975
vt 0.6 0.975
vt 0.6 0.775
vt 0.6 0.775
vt 0.6 0.975
vt 0.6125 0.775
vt 0.6 0.975
vt 0.6125 0.975
vt 0.6125 0.775
vt 0.5125 0.775
vt 0.5125 0.975
vt 0.525 0.775
vt 0.5125 0.975
vt 0.525 0.975
vt 0.525 0.775
vt 0.525 0.775
vt 0.525 0.975
vt 0.5375 0.775
vt 0.525 0.975
vt 0.5375 0.975
vt 0.5375 0.775
vt 0.5375 0.775
vt 0.5375 0.975
vt 0.55 0.775
vt 0.5375 0.975
vt 0.55 0.975
vt 0.55 0.775
vt 0.55 0.775
vt 0.55 0.975
vt 0.5625 0.775
vt 0.55 0.975
vt 0.5625 0.975
vt 0.5625 0.775
vt 0.5125 0.775
vt 0.5125 0.975
vt 0.5625 0.975
vt 0.5625 0.775
vt 0.5125 0.775
vt 0.5625 0.975
vt 0.5625 0.775
vt 0.5625 0.975
vt 0.6125 0.975
vt 0.6125 0.775
vt 0.5625 0.775
vt 0.6125 0.975
vt 0.5125 0.775
vt 0.5125 0.975
vt 0.5625 0.975
vt 0.5625 0.775
vt 0.5125 0.775
vt 0.5625 0.975
vt 0.5625 0.775
vt 0.5625 0.975
vt 0.6125 0.975
vt 0.6125 0.775
vt 0.5625 0.775
vt 0.6125 0.975
vt 0.5125 0.775
vt 0.5125 0.975
vt 0.5625 0.975
vt 0.5625 0.775
vt 0.5125 0.775
vt 0.5625 0.975
vt 0.5625 0.775
vt 0.5625 0.975
vt 0.6125 0.975
vt 0.6125 0.775
vt 0.5625 0.775
vt 0.6125 0.975
vt 0.5125 0.775
vt 0.5125 0.975
vt 0.5625 0.975
vt 0.5625 0.775
vt 0.5125 0.775
vt 0.5625 0.975
vt 0.5625 0.775
vt 0.5625 0.975
vt 0.6125 0.975
vt 0.6125 0.775
vt 0.5625 0.775
vt 0.6125 0.975
vt 0.5125 0.775
vt 0.5125 0.975
vt 0.5625 0.775
vt 0.5125 0.975
vt 0.5625 0.975
vt 0.5625 0.775
vt 0.5625 0.775
vt 0.5625 0.975
vt 0.6125 0.775
vt 0.5625 0.975
vt 0.6125 0.975
vt 0.6125 0.775
vt 0.5125 0.775
vt 0.5125 0.975
vt 0.5625 0.775
vt 0.5125 0.975
vt 0.5625 0.975
vt 0.5625 0.775
vt 0.5625 0.775
vt 0.5625 0.975
vt 0.6125 0.775
vt 0.5625 0.975
vt 0.6125 0.975
vt 0.6125 0.775
vt 0.5125 0.775
vt 0.5125 0.975
vt 0.5625 0.775
vt 0.5125 0.975
vt 0.5625 0.975
vt 0.5625 0.775
vt 0.5625 0.775
vt 0.5625 0.975
vt 0.6125 0.775
vt 0.5625 0.975
vt 0.6125 0.975
vt 0.6125 0.775
vt 0.5125 0.775
vt 0.5125 0.975
vt 0.5625 0.775
vt 0.5125 0.975
vt 0.5625 0.975
vt 0.5625 0.775
vt 0.5625 0.775
vt 0.5625 0.975
vt 0.6125 0.775
vt 0.5625 0.975
vt 0.6125 0.975
vt 0.6125 0.775
vt 0.5625 0.775
vt 0.5625 0.975
vt 0.575 0.975
vt 0.575 0.775
vt 0.5625 0.775
vt 0.575 0.975
vt 0.575 0.775
vt 0.575 0.975
vt 0.5875 0.975
vt 0.5875 0.775
vt 0.575 0.775
vt 0.5875 0.975
vt 0.5875 0.775
vt 0.5875 0.975
vt 0.6 0.975
vt 0.6 0.775
vt 0.5875 0.775
vt 0.6 0.975
vt 0.6 0.775
vt 0.6 0.975
vt 0.6125 0.975
vt 0.6125 0.775
vt 0.6 0.775
vt 0.6125 0.975
vt 0.5125 0.775
vt 0.5125 0.975
vt 0.525 0.975
vt 0.525 0.775
vt 0.5125 0.775
vt 0.525 0.975
vt 0.525 0.775
vt 0.525 0.975
vt 0.5375 0.975
vt 0.5375 0.775
vt 0.525 0.775
vt 0.5375 0.975
vt 0.5375 0.775
vt 0.5375 0.975
vt 0.55 0.975
vt 0.55 0.775
vt 0.5375 0.775
vt 0.55 0.975
vt 0.55 0.775
vt 0.55 0.975
vt 0.5625 0.975
vt 0.5625 0.775
vt 0.55 0.775
vt 0.5625 0.975
vt 0.5625 0.775
vt 0.5625 0.975
vt 0.575 0.775
vt 0.5625 0.975
vt 0.575 0.975
vt 0.575 0.775
vt 0.575 0.775
vt 0.575 0.975
vt 0.5875 0.775
vt 0.575 0.975
vt 0.5875 0.975
vt 0.5875 0.775
vt 0.5875 0.775
vt 0.5875 0.975
vt 0.6 0.775
vt 0.5875 0.975
vt 0.6 0.975
vt 0.6 0.775
vt 0.6 0.775
vt 0.6 0.975
vt 0.6125 0.775
vt 0.6 0.975
vt 0.6125 0.975
vt 0.6125 0.775
vt 0.5125 0.775
vt 0.5125 0.975
vt 0.525 0.775
vt 0.5125 0.975
vt 0.525 0.975
vt 0.525 0.775
vt 0.525 0.775
vt 0.525 0.975
vt 0.5375 0.775
vt 0.525 0.975
vt 0.5375 0.975
vt 0.5375 0.775
vt 0.5375 0.775
vt 0.5375 0.975
vt 0.55 0.775
vt 0.5375 0.975
vt 0.55 0.975
vt 0.55 0.775
vt 0.55 0.775
vt 0.55 0.975
vt 0.5625 0.775
vt 0.55 0.975
vt 0.5625 0.975
vt 0.5625 0.775
vt 0.5625 0.775
vt 0.5625 0.975
vt 0.575 0.975
vt 0.575 0.775
vt 0.5625 0.775
vt 0.575 0.975
vt 0.575 0.775
vt 0.575 0.975
vt 0.5875 0.975
vt 0.5875 0.775
vt 0.575 0.775
vt 0.5875 0.975
vt 0.5875 0.775
vt 0.5875 0.975
vt 0.6 0.975
vt 0.6 0.775
vt 0.5875 0.775
vt 0.6 0.975
vt 0.6 0.775
vt 0.6 0.975
vt 0.6125 0.975
vt 0.6125 0.775
vt 0.6 0.775
vt 0.6125 0.975
vt 0.5125 0.775
vt 0.5125 0.975
vt 0.525 0.975
vt 0.525 0.775
vt 0.5125 0.775
vt 0.525 0.975
vt 0.525 0.775
vt 0.525 0.975
vt 0.5375 0.975
vt 0.5375 0.775
vt 0.525 0.775
vt 0.5375 0.975
vt 0.5375 0.775
vt 0.5375 0.975
vt 0.55 0.975
vt 0.55 0.775
vt 0.5375 0.775
vt 0.55 0.975
vt 0.55 0.775
vt 0.55 0.975
vt 0.5625 0.975
vt 0.5625 0.775
vt 0.55 0.775
vt 0.5625 0.975
vt 0.5625 0.775
vt 0.5625 0.975
vt 0.575 0.775
vt 0.5625 0.975
vt 0.575 0.975
vt 0.575 0.775
vt 0.575 0.775
vt 0.575 0.975
vt 0.5875 0.775
vt 0.575 0.975
vt 0.5875 0.975
vt 0.5875 0.775
vt 0.5875 0.775
vt 0.5875 0.975
vt 0.6 0.775
vt 0.5875 0.975
vt 0.6 0.975
vt 0.6 0.775
vt 0.6 0.775
vt 0.6 0.975
vt 0.6125 0.775
vt 0.6 0.975
vt 0.6125 0.975
vt 0.6125 0.775
vt 0.5125 0.775
vt 0.5125 0.975
vt 0.525 0.775
vt 0.5125 0.975
vt 0.525 0.975
vt 0.525 0.775
vt 0.525 0.775
vt 0.525 0.975
vt 0.5375 0.775
vt 0.525 0.975
vt 0.5375 0.975
vt 0.5375 0.775
vt 0.5375 0.775
vt 0.5375 0.975
vt 0.55 0.775
vt 0.5375 0.975
vt 0.55 0.975
vt 0.55 0.775
vt 0.55 0.775
vt 0.55 0.975
vt 0.5625 0.775
vt 0.55 0.975
vt 0.5625 0.975
vt 0.5625 0.775
vt 0.5125 0.775
vt 0.5125 0.975
vt 0.5625 0.975
vt 0.5625 0.775
vt 0.5125 0.775
vt 0.5625 0.975
vt 0.5625 0.775
vt 0.5625 0.975
vt 0.6125 0.975
vt 0.6125 0.775
vt 0.5625 0.775
vt 0.6125 0.975
vt 0.5125 0.775
vt 0.5125 0.975
vt 0.5625 0.975
vt 0.5625 0.775
vt 0.5125 0.775
vt 0.5625 0.975
vt 0.5625 0.775
vt 0.5625 0.975
vt 0.6125 0.975
vt 0.6125 0.775
vt 0.5625 0.775
vt 0.6125 0.975
vt 0.5125 0.775
vt 0.5125 0.975
vt 0.5625 0.975
vt 0.5625 0.775
vt 0.5125 0.775
vt 0.5625 0.975
vt 0.5625 0.775
vt 0.5625 0.975
vt 0.6125 0.975
vt 0.6125 0.775
vt 0.5625 0.775
vt 0.6125 0.975
vt 0.5125 0.775
vt 0.5125 0.975
vt 0.5625 0.975
vt 0.5625 0.775
vt 0.5125 0.775
vt 0.5625 0.975
vt 0.5625 0.775
vt 0.5625 0.975
vt 0.6125 0.975
vt 0.6125 0.775
vt 0.5625 0.775
vt 0.6125 0.975
vt 0.5125 0.775
vt 0.5125 0.975
vt 0.5625 0.775
vt 0.5125 0.975
vt 0.5625 0.975
vt 0.5625 0.775
vt 0.5625 0.775
vt 0.5625 0.975
vt 0.6125 0.775
vt 0.5625 0.975
vt 0.6125 0.975
vt 0.6125 0.775
vt 0.5125 0.775
vt 0.5125 0.975
vt 0.5625 0.775
vt 0.5125 0.975
vt 0.5625 0.975
vt 0.5625 0.775
vt 0.5625 0.775
vt 0.5625 0.975
vt 0.6125 0.775
vt 0.5625 0.975
vt 0.6125 0.975
vt 0.6125 0.775
vt 0.5125 0.775
vt 0.5125 0.975
vt 0.5625 0.775
vt 0.5125 0.975
vt 0.5625 0.975
vt 0.5625 0.775
vt 0.5625 0.775
vt 0.5625 0.975
vt 0.6125 0.775
vt 0.5625 0.975
vt 0.6125 0.975
vt 0.6125 0.775
vt 0.5125 0.775
vt 0.5125 0.975
vt 0.5625 0.775
vt 0.5125 0.975
vt 0.5625 0.975
vt 0.5625 0.775
vt 0.5625 0.775
vt 0.5625 0.975
vt 0.6125 0.775
vt 0.5625 0.975
vt 0.6125 0.975
vt 0.6125 0.775
vt 0.5625 0.775
vt 0.5625 0.975
vt 0.575 0.975
vt 0.575 0.775
vt 0.5625 0.775
vt 0.575 0.975
vt 0.575 0.775
vt 0.575 0.975
vt 0.5875 0.975
vt 0.5875 0.775
vt 0.575 0.775
vt 0.5875 0.975
vt 0.5875 0.775
vt 0.5875 0.975
vt 0.6 0.975
vt 0.6 0.775
vt 0.5875 0.775
vt 0.6 0.975
vt 0.6 0.775
vt 0.6 0.975
vt 0.6125 0.975
vt 0.6125 0.775
vt 0.6 0.775
vt 0.6125 0.975
vt 0.5125 0.775
vt 0.5125 0.975
vt 0.525 0.975
vt 0.525 0.775
vt 0.5125 0.775
vt 0.525 0.975
vt 0.525 0.775
vt 0.525 0.975
vt 0.5375 0.975
vt 0.5375 0.775
vt 0.525 0.775
vt 0.5375 0.975
vt 0.5375 0.775
vt 0.5375 0.975
vt 0.55 0.975
vt 0.55 0.775
vt 0.5375 0.775
vt 0.55 0.975
vt 0.55 0.775
vt 0.55 0.975
vt 0.5625 0.975
vt 0.5625 0.775
vt 0.55 0.775
vt 0.5625 0.975
vt 0.5625 0.775
vt 0.5625 0.975
vt 0.575 0.775
vt 0.5625 0.975
vt 0.575 0.975
vt 0.575 0.775
vt 0.575 0.775
vt 0.575 0.975
vt 0.5875 0.775
vt 0.575 0.975
vt 0.5875 0.975
vt 0.5875 0.775
vt 0.5875 0.775
vt 0.5875 0.975
vt 0.6 0.775
vt 0.5875 0.975
vt 0.6 0.975
vt 0.6 0.775
vt 0.6 0.775
vt 0.6 0.975
vt 0.6125 0.775
vt 0.6 0.975
vt 0.6125 0.975
vt 0.6125 0.775
vt 0.5125 0.775
vt 0.5125 0.975
vt 0.525 0.775
vt 0.5125 0.975
vt 0.525 0.975
vt 0.525 0.775
vt 0.525 0.775
vt 0.525 0.975
vt 0.5375 0.775
vt 0.525 0.975
vt 0.5375 0.975
vt 0.5375 0.775
vt 0.5375 0.775
vt 0.5375 0.975
vt 0.55 0.775
vt 0.5375 0.975
vt 0.55 0.975
vt 0.55 0.775
vt 0.55 0.775
vt 0.55 0.975
vt 0.5625 0.775
vt 0.55 0.975
vt 0.5625 0.975
vt 0.5625 0.775
vt 0.5625 0.775
vt 0.5625 0.975
vt 0.575 0.975
vt 0.575 0.775
vt 0.5625 0.775
vt 0.575 0.975
vt 0.575 0.775
vt 0.575 0.975
vt 0.5875 0.975
vt 0.5875 0.775
vt 0.575 0.775
vt 0.5875 0.975
vt 0.5875 0.775
vt 0.5875 0.975
vt 0.6 0.975
vt 0.6 0.775
vt 0.5875 0.775
vt 0.6 0.975
vt 0.6 0.775
vt 0.6 0.975
vt 0.6125 0.975
vt 0.6125 0.775
vt 0.6 0.775
vt 0.6125 0.975
vt 0.5125 0.775
vt 0.5125 0.975
vt 0.525 0.975
vt 0.525 0.775
vt 0.5125 0.775
vt 0.525 0.975
vt 0.525 0.775
vt 0.525 0.975
vt 0.5375 0.975
vt 0.5375 0.775
vt 0.525 0.775
vt 0.5375 0.975
vt 0.5375 0.775
vt 0.5375 0.975
vt 0.55 0.975
vt 0.55 0.775
vt 0.5375 0.775
vt 0.55 0.975
vt 0.55 0.775
vt 0.55 0.975
vt 0.5625 0.975
vt 0.5625 0.775
vt 0.55 0.775
vt 0.5625 0.975
vt 0.5625 0.775
vt 0.5625 0.975
vt 0.575 0.775
vt 0.5625 0.975
vt 0.575 0.975
vt 0.575 0.775
vt 0.575 0.775
vt 0.575 0.975
vt 0.5875 0.775
vt 0.575 0.975
vt 0.5875 0.975
vt 0.5875 0.775
vt 0.5875 0.775
vt 0.5875 0.975
vt 0.6 0.775
vt 0.5875 0.975
vt 0.6 0.975
vt 0.6 0.775
vt 0.6 0.775
vt 0.6 0.975
vt 0.6125 0.775
vt 0.6 0.975
vt 0.6125 0.975
vt 0.6125 0.775
vt 0.5125 0.775
vt 0.5125 0.975
vt 0.525 0.775
vt 0.5125 0.975
vt 0.525 0.975
vt 0.525 0.775
vt 0.525 0.775
vt 0.525 0.975
vt 0.5375 0.775
vt 0.525 0.975
vt 0.5375 0.975
vt 0.5375 0.775
vt 0.5375 0.775
vt 0.5375 0.975
vt 0.55 0.775
vt 0.5375 0.975
vt 0.55 0.975
vt 0.55 0.775
vt 0.55 0.775
vt 0.55 0.975
vt 0.5625 0.775
vt 0.55 0.975
vt 0.5625 0.975
vt 0.5625 0.775
vt 0.5625 0.775
vt 0.5625 0.975
vt 0.575 0.975
vt 0.575 0.775
vt 0.5625 0.775
vt 0.575 0.975
vt 0.575 0.775
vt 0.575 0.975
vt 0.5875 0.975
vt 0.5875 0.775
vt 0.575 0.775
vt 0.5875 0.975
vt 0.5875 0.775
vt 0.5875 0.975
vt 0.6 0.975
vt 0.6 0.775
vt 0.5875 0.775
vt 0.6 0.975
vt 0.6 0.775
vt 0.6 0.975
vt 0.6125 0.975
vt 0.6125 0.775
vt 0.6 0.775
vt 0.6125 0.975
vt 0.5125 0.775
vt 0.5125 0.975
vt 0.525 0.975
vt 0.525 0.775
vt 0.5125 0.775
vt 0.525 0.975
vt 0.525 0.775
vt 0.525 0.975
vt 0.5375 0.975
vt 0.5375 0.775
vt 0.525 0.775
vt 0.5375 0.975
vt 0.5375 0.775
vt 0.5375 0.975
vt 0.55 0.975
vt 0.55 0.775
vt 0.5375 0.775
vt 0.55 0.975
vt 0.55 0.775
vt 0.55 0.975
vt 0.5625 0.975
vt 0.5625 0.775
vt 0.55 0.775
vt 0.5625 0.975
vt 0.5625 0.775
vt 0.5625 0.975
vt 0.575 0.775
vt 0.5625 0.975
vt 0.575 0.975
vt 0.575 0.775
vt 0.575 0.775
vt 0.575 0.975
vt 0.5875 0.775
vt 0.575 0.975
vt 0.5875 0.975
vt 0.5875 0.775
vt 0.5875 0.775
vt 0.5875 0.975
vt 0.6 0.775
vt 0.5875 0.975
vt 0.6 0.975
vt 0.6 0.775
vt 0.6 0.775
vt 0.6 0.975
vt 0.6125 0.775
vt 0.6 0.975
vt 0.6125 0.975
vt 0.6125 0.775
vt 0.5125 0.775
vt 0.5125 0.975
vt 0.525 0.775
vt 0.5125 0.975
vt 0.525 0.975
vt 0.525 0.775
vt 0.525 0.775
vt 0.525 0.975
vt 0.5375 0.775
vt 0.525 0.975
vt 0.5375 0.975
vt 0.5375 0.775
vt 0.5375 0.775
vt 0.5375 0.975
vt 0.55 0.775
vt 0.5375 0.975
vt 0.55 0.975
vt 0.55 0.775
vt 0.55 0.775
vt 0.55 0.975
vt 0.5625 0.775
vt 0.55 0.975
vt 0.5625 0.975
vt 0.5625 0.775
vt 0.5125 0.775
vt 0.5125 0.975
vt 0.5625 0.975
vt 0.5625 0.775
vt 0.5125 0.775
vt 0.5625 0.975
vt 0.5625 0.775
vt 0.5625 0.975
vt 0.6125 0.975
vt 0.6125 0.775
vt 0.5625 0.775
vt 0.6125 0.975
vt 0.5125 0.775
vt 0.5125 0.975
vt 0.5625 0.975
vt 0.5625 0.775
vt 0.5125 0.775
vt 0.5625 0.975
vt 0.5625 0.775
vt 0.5625 0.975
vt 0.6125 0.975
vt 0.6125 0.775
vt 0.5625 0.775
vt 0.6125 0.975
vt 0.5125 0.775
vt 0.5125 0.975
vt 0.5625 0.975
vt 0.5625 0.775
vt 0.5125 0.775
vt 0.5625 0.975
vt 0.5625 0.775
vt 0.5625 0.975
vt 0.6125 0.975
vt 0.6125 0.775
vt 0.5625 0.775
vt 0.6125 0.975
vt 0.5125 0.775
vt 0.5125 0.975
vt 0.5625 0.975
vt 0.5625 0.775
vt 0.5125 0.775
vt 0.5625 0.975
vt 0.5625 0.775
vt 0.5625 0.975
vt 0.6125 0.975
vt 0.6125 0.775
vt 0.5625 0.775
vt 0.6125 0.975
vt 0.5125 0.775
vt 0.5125 0.975
vt 0.5625 0.775
vt 0.5125 0.975
vt 0.5625 0.975
vt 0.5625 0.775
vt 0.5625 0.775
vt 0.5625 0.975
vt 0.6125 0.775
vt 0.5625 0.975
vt 0.6125 0.975
vt 0.6125 0.775
vt 0.5125 0.775
vt 0.5125 0.975
vt 0.5625 0.775
vt 0.5125 0.975
vt 0.5625 0.975
vt 0.5625 0.775
vt 0.5625 0.775
vt 0.5625 0.975
vt 0.6125 0.775
vt 0.5625 0.975
vt 0.6125 0.975
vt 0.6125 0.775
vt 0.5125 0.775
vt 0.5125 0.975
vt 0.5625 0.775
vt 0.5125 0.975
vt 0.5625 0.975
vt 0.5625 0.775
vt 0.5625 0.775
vt 0.5625 0.975
vt 0.6125 0.775
vt 0.5625 0.975
vt 0.6125 0.975
vt 0.6125 0.775
vt 0.5125 0.775
vt 0.5125 0.975
vt 0.5625 0.775
vt 0.5125 0.975
vt 0.5625 0.975
vt 0.5625 0.775
vt 0.5625 0.775
vt 0.5625 0.975
vt 0.6125 0.775
vt 0.5625 0.975
vt 0.6125 0.975
vt 0.6125 0.775
vt 0.5625 0.775
vt 0.5625 0.975
vt 0.575 0.975
vt 0.575 0.775
vt 0.5625 0.775
vt 0.575 0.975
vt 0.575 0.775
vt 0.575 0.975
vt 0.5875 0.975
vt 0.5875 0.775
vt 0.575 0.775
vt 0.5875 0.975
vt 0.5875 0.775
vt 0.5875 0.975
vt 0.6 0.975
vt 0.6 0.775
vt 0.5875 0.775
vt 0.6 0.975
vt 0.6 0.775
vt 0.6 0.975
vt 0.6125 0.975
vt 0.6125 0.775
vt 0.6 0.775
vt 0.6125 0.975
vt 0.5125 0.775
vt 0.5125 0.975
vt 0.525 0.975
vt 0.525 0.775
vt 0.5125 0.775
vt 0.525 0.975
vt 0.525 0.775
vt 0.525 0.975
vt 0.5375 0.975
vt 0.5375 0.775
vt 0.525 0.775
vt 0.5375 0.975
vt 0.5375 0.775
vt 0.5375 0.975
vt 0.55 0.975
vt 0.55 0.775
vt 0.5375 0.775
vt 0.55 0.975
vt 0.55 0.775
vt 0.55 0.975
vt 0.5625 0.975
vt 0.5625 0.775
vt 0.55 0.775
vt 0.5625 0.975
vt 0.5625 0.775
vt 0.5625 0.975
vt 0.575 0.775
vt 0.5625 0.975
vt 0.575 0.975
vt 0.575 0.775
vt 0.575 0.775
vt 0.575 0.975
vt 0.5875 0.775
vt 0.575 0.975
vt 0.5875 0.975
vt 0.5875 0.775
vt 0.5875 0.775
vt 0.5875 0.975
vt 0.6 0.775
vt 0.5875 0.975
vt 0.6 0.975
vt 0.6 0.775
vt 0.6 0.775
vt 0.6 0.975
vt 0.6125 0.775
vt 0.6 0.975
vt 0.6125 0.975
vt 0.6125 0.775
vt 0.5125 0.775
vt 0.5125 0.975
vt 0.525 0.775
vt 0.5125 0.975
vt 0.525 0.975
vt 0.525 0.775
vt 0.525 0.775
vt 0.525 0.975
vt 0.5375 0.775
vt 0.525 0.975
vt 0.5375 0.975
vt 0.5375 0.775
vt 0.5375 0.775
vt 0.5375 0.975
vt 0.55 0.775
vt 0.5375 0.975
vt 0.55 0.975
vt 0.55 0.775
vt 0.55 0.775
vt 0.55 0.975
vt 0.5625 0.775
vt 0.55 0.975
vt 0.5625 0.975
vt 0.5625 0.775
vt 0.5125 0.775
vt 0.5125 0.975
vt 0.5625 0.975
vt 0.5625 0.775
vt 0.5125 0.775
vt 0.5625 0.975
vt 0.5625 0.775
vt 0.5625 0.975
vt 0.6125 0.975
vt 0.6125 0.775
vt 0.5625 0.775
vt 0.6125 0.975
vt 0.5125 0.775
vt 0.5125 0.975
vt 0.5625 0.975
vt 0.5625 0.775
vt 0.5125 0.775
vt 0.5625 0.975
vt 0.5625 0.775
vt 0.5625 0.975
vt 0.6125 0.975
vt 0.6125 0.775
vt 0.5625 0.775
vt 0.6125 0.975
vt 0.5125 0.775
vt 0.5125 0.975
vt 0.5625 0.975
vt 0.5625 0.775
vt 0.5125 0.775
vt 0.5625 0.975
vt 0.5625 0.775
vt 0.5625 0.975
vt 0.6125 0.975
vt 0.6125 0.775
vt 0.5625 0.775
vt 0.6125 0.975
vt 0.5125 0.775
vt 0.5125 0.975
vt 0.5625 0.975
vt 0.5625 0.775
vt 0.5125 0.775
vt 0.5625 0.975
vt 0.5625 0.775
vt 0.5625 0.975
vt 0.6125 0.975
vt 0.6125 0.775
vt 0.5625 0.775
vt 0.6125 0.975
vt 0.5125 0.775
vt 0.5125 0.975
vt 0.5625 0.775
vt 0.5125 0.975
vt 0.5625 0.975
vt 0.5625 0.775
vt 0.5625 0.775
vt 0.5625 0.975
vt 0.6125 0.775
vt 0.5625 0.975
vt 0.6125 0.975
vt 0.6125 0.775
vt 0.5125 0.775
vt 0.5125 0.975
vt 0.5625 0.775
vt 0.5125 0.975
vt 0.5625 0.975
vt 0.5625 0.775
vt 0.5625 0.775
vt 0.5625 0.975
vt 0.6125 0.775
vt 0.5625 0.975
vt 0.6125 0.975
vt 0.6125 0.775
vt 0.5125 0.775
vt 0.5125 0.975
vt 0.5625 0.775
vt 0.5125 0.975
vt 0.5625 0.975
vt 0.5625 0.775
vt 0.5625 0.775
vt 0.5625 0.975
vt 0.6125 0.775
vt 0.5625 0.975
vt 0.6125 0.975
vt 0.6125 0.775
vt 0.5125 0.775
vt 0.5125 0.975
vt 0.5625 0.775
vt 0.5125 0.975
vt 0.5625 0.975
vt 0.5625 0.775
vt 0.5625 0.775
vt 0.5625 0.975
vt 0.6125 0.775
vt 0.5625 0.975
vt 0.6125 0.975
vt 0.6125 0.775
vt 0.5625 0.775
vt 0.5625 0.975
vt 0.575 0.975
vt 0.575 0.775
vt 0.5625 0.775
vt 0.575 0.975
vt 0.575 0.775
vt 0.575 0.975
vt 0.5875 0.975
vt 0.5875 0.775
vt 0.575 0.775
vt 0.5875 0.975
vt 0.5875 0.775
vt 0.5875 0.975
vt 0.6 0.975
vt 0.6 0.775
vt 0.5875 0.775
vt 0.6 0.975
vt 0.6 0.775
vt 0.6 0.975
vt 0.6125 0.975
vt 0.6125 0.775
vt 0.6 0.775
vt 0.6125 0.975
vt 0.5125 0.775
vt 0.5125 0.975
vt 0.525 0.975
vt 0.525 0.775
vt 0.5125 0.775
vt 0.525 0.975
vt 0.525 0.775
vt 0.525 0.975
vt 0.5375 0.975
vt 0.5375 0.775
vt 0.525 0.775
vt 0.5375 0.975
vt 0.5375 0.775
vt 0.5375 0.975
vt 0.55 0.975
vt 0.55 0.775
vt 0.5375 0.775
vt 0.55 0.975
vt 0.55 0.775
vt 0.55 0.975
vt 0.5625 0.975
vt 0.5625 0.775
vt 0.55 0.775
vt 0.5625 0.975
vt 0.5625 0.775
vt 0.5625 0.975
vt 0.575 0.775
vt 0.5625 0.975
vt 0.575 0.975
vt 0.575 0.775
vt 0.575 0.775
vt 0.575 0.975
vt 0.5875 0.775
vt 0.575 0.975
vt 0.5875 0.975
vt 0.5875 0.775
vt 0.5875 0.775
vt 0.5875 0.975
vt 0.6 0.775
vt 0.5875 0.975
vt 0.6 0.975
vt 0.6 0.775
vt 0.6 0.775
vt 0.6 0.975
vt 0.6125 0.775
vt 0.6 0.975
vt 0.6125 0.975
vt 0.6125 0.775
vt 0.5125 0.775
vt 0.5125 0.975
vt 0.525 0.775
vt 0.5125 0.975
vt 0.525 0.975
vt 0.525 0.775
vt 0.525 0.775
vt 0.525 0.975
vt 0.5375 0.775
vt 0.525 0.975
vt 0.5375 0.975
vt 0.5375 0.775
vt 0.5375 0.775
vt 0.5375 0.975
vt 0.55 0.775
vt 0.5375 0.975
vt 0.55 0.975
vt 0.55 0.775
vt 0.55 0.775
vt 0.55 0.975
vt 0.5625 0.775
vt 0.55 0.975
vt 0.5625 0.975
vt 0.5625 0.775
vt 0.5625 0.775
vt 0.5625 0.975
vt 0.575 0.975
vt 0.575 0.775
vt 0.5625 0.775
vt 0.575 0.975
vt 0.575 0.775
vt 0.575 0.975
vt 0.5875 0.975
vt 0.5875 0.775
vt 0.575 0.775
vt 0.5875 0.975
vt 0.5875 0.775
vt 0.5875 0.975
vt 0.6 0.975
vt 0.6 0.775
vt 0.5875 0.775
vt 0.6 0.975
vt 0.6 0.775
vt 0.6 0.975
vt 0.6125 0.975
vt 0.6125 0.775
vt 0.6 0.775
vt 0.6125 0.975
vt 0.5125 0.775
vt 0.5125 0.975
vt 0.525 0.975
vt 0.525 0.775
vt 0.5125 0.775
vt 0.525 0.975
vt 0.525 0.775
vt 0.525 0.975
vt 0.5375 0.975
vt 0.5375 0.775
vt 0.525 0.775
vt 0.5375 0.975
vt 0.5375 0.775
vt 0.5375 0.975
vt 0.55 0.975
vt 0.55 0.775
vt 0.5375 0.775
vt 0.55 0.975
vt 0.55 0.775
vt 0.55 0.975
vt 0.5625 0.975
vt 0.5625 0.775
vt 0.55 0.775
vt 0.5625 0.975
vt 0.5625 0.775
vt 0.5625 0.975
vt 0.575 0.775
vt 0.5625 0.975
vt 0.575 0.975
vt 0.575 0.775
vt 0.575 0.775
vt 0.575 0.975
vt 0.5875 0.775
vt 0.575 0.975
vt 0.5875 0.975
vt 0.5875 0.775
vt 0.5875 0.775
vt 0.5875 0.975
vt 0.6 0.775
vt 0.5875 0.975
vt 0.6 0.975
vt 0.6 0.775
vt 0.6 0.775
vt 0.6 0.975
vt 0.6125 0.775
vt 0.6 0.975
vt 0.6125 0.975
vt 0.6125 0.775
vt 0.5125 0.775
vt 0.5125 0.975
vt 0.525 0.775
vt 0.5125 0.975
vt 0.525 0.975
vt 0.525 0.775
vt 0.525 0.775
vt 0.525 0.975
vt 0.5375 0.775
vt 0.525 0.975
vt 0.5375 0.975
vt 0.5375 0.775
vt 0.5375 0.775
vt 0.5375 0.975
vt 0.55 0.775
vt 0.5375 0.975
vt 0.55 0.975
vt 0.55 0.775
vt 0.55 0.775
vt 0.55 0.975
vt 0.5625 0.775
vt 0.55 0.975
vt 0.5625 0.975
vt 0.5625 0.775
vt 0.5125 0.775
vt 0.5125 0.975
vt 0.5625 0.975
vt 0.5625 0.775
vt 0.5125 0.775
vt 0.5625 0.975
vt 0.5625 0.775
vt 0.5625 0.975
vt 0.6125 0.975
vt 0.6125 0.775
vt 0.5625 0.775
vt 0.6125 0.975
vt 0.5125 0.775
vt 0.5125 0.975
vt 0.5625 0.975
vt 0.5625 0.775
vt 0.5125 0.775
vt 0.5625 0.975
vt 0.5625 0.775
vt 0.5625 0.975
vt 0.6125 0.975
vt 0.6125 0.775
vt 0.5625 0.775
vt 0.6125 0.975
vt 0.5125 0.775
vt 0.5125 0.975
vt 0.5625 0.975
vt 0.5625 0.775
vt 0.5125 0.775
vt 0.5625 0.975
vt 0.5625 0.775
vt 0.5625 0.975
vt 0.6125 0.975
vt 0.6125 0.775
vt 0.5625 0.775
vt 0.6125 0.975
vt 0.5125 0.775
vt 0.5125 0.975
vt 0.5625 0.975
vt 0.5625 0.775
vt 0.5125 0.775
vt 0.5625 0.975
vt 0.5625 0.775
vt 0.5625 0.975
vt 0.6125 0.975
vt 0.6125 0.775
vt 0.5625 0.775
vt 0.6125 0.975
vt 0.5125 0.775
vt 0.5125 0.975
vt 0.5625 0.775
vt 0.5125 0.975
vt 0.5625 0.975
vt 0.5625 0.775
vt 0.5625 0.775
vt 0.5625 0.975
vt 0.6125 0.775
vt 0.5625 0.975
vt 0.6125 0.975
vt 0.6125 0.775
vt 0.5125 0.775
vt 0.5125 0.975
vt 0.5625 0.775
vt 0.5125 0.975
vt 0.5625 0.975
vt 0.5625 0.775
vt 0.5625 0.775
vt 0.5625 0.975
vt 0.6125 0.775
vt 0.5625 0.975
vt 0.6125 0.975
vt 0.6125 0.775
vt 0.5125 0.775
vt 0.5125 0.975
vt 0.5625 0.775
vt 0.5125 0.975
vt 0.5625 0.975
vt 0.5625 0.775
vt 0.5625 0.775
vt 0.5625 0.975
vt 0.6125 0.775
vt 0.5625 0.975
vt 0.6125 0.975
vt 0.6125 0.775
vt 0.5125 0.775
vt 0.5125 0.975
vt 0.5625 0.775
vt 0.5125 0.975
vt 0.5625 0.975
vt 0.5625 0.775
vt 0.5625 0.775
vt 0.5625 0.975
vt 0.6125 0.775
vt 0.5625 0.975
vt 0.6125 0.975
vt 0.6125 0.775
vt 0.5625 0.775
vt 0.5625 0.975
vt 0.575 0.975
vt 0.575 0.775
vt 0.5625 0.775
vt 0.575 0.975
vt 0.575 0.775
vt 0.575 0.975
vt 0.5875 0.975
vt 0.5875 0.775
vt 0.575 0.775
vt 0.5875 0.975
vt 0.5875 0.775
vt 0.5875 0.975
vt 0.6 0.975
vt 0.6 0.775
vt 0.5875 0.775
vt 0.6 0.975
vt 0.6 0.775
vt 0.6 0.975
vt 0.6125 0.975
vt 0.6125 0.775
vt 0.6 0.775
vt 0.6125 0.975
vt 0.5125 0.775
vt 0.5125 0.975
vt 0.525 0.975
vt 0.525 0.775
vt 0.5125 0.775
vt 0.525 0.975
vt 0.525 0.775
vt 0.525 0.975
vt 0.5375 0.975
vt 0.5375 0.775
vt 0.525 0.775
vt 0.5375 0.975
vt 0.5375 0.775
vt 0.5375 0.975
vt 0.55 0.975
vt 0.55 0.775
vt 0.5375 0.775
vt 0.55 0.975
vt 0.55 0.775
vt 0.55 0.975
vt 0.5625 0.975
vt 0.5625 0.775
vt 0.55 0.775
vt 0.5625 0.975
vt 0.5625 0.775
vt 0.5625 0.975
vt 0.575 0.775
vt 0.5625 0.975
vt 0.575 0.975
vt 0.575 0.775
vt 0.575 0.775
vt 0.575 0.975
vt 0.5875 0.775
vt 0.575 0.975
vt 0.5875 0.975
vt 0.5875 0.775
vt 0.5875 0.775
vt 0.5875 0.975
vt 0.6 0.775
vt 0.5875 0.975
vt 0.6 0.975
vt 0.6 0.775
vt 0.6 0.775
vt 0.6 0.975
vt 0.6125 0.775
vt 0.6 0.975
vt 0.6125 0.975
vt 0.6125 0.775
vt 0.5125 0.775
vt 0.5125 0.975
vt 0.525 0.775
vt 0.5125 0.975
vt 0.525 0.975
vt 0.525 0.775
vt 0.525 0.775
vt 0.525 0.975
vt 0.5375 0.775
vt 0.525 0.975
vt 0.5375 0.975
vt 0.5375 0.775
vt 0.5375 0.775
vt 0.5375 0.975
vt 0.55 0.775
vt 0.5375 0.975
vt 0.55 0.975
vt 0.55 0.775
vt 0.55 0.775
vt 0.55 0.975
vt 0.5625 0.775
vt 0.55 0.975
vt 0.5625 0.975
vt 0.5625 0.775
vt 0.5625 0.775
vt 0.5625 0.975
vt 0.575 0.975
vt 0.575 0.775
vt 0.5625 0.775
vt 0.575 0.975
vt 0.575 0.775
vt 0.575 0.975
vt 0.5875 0.975
vt 0.5875 0.775
vt 0.575 0.775
vt 0.5875 0.975
vt 0.5875 0.775
vt 0.5875 0.975
vt 0.6 0.975
vt 0.6 0.775
vt 0.5875 0.775
vt 0.6 0.975
vt 0.6 0.775
vt 0.6 0.975
vt 0.6125 0.975
vt 0.6125 0.775
vt 0.6 0.775
vt 0.6125 0.975
vt 0.5125 0.775
vt 0.5125 0.975
vt 0.525 0.975
vt 0.525 0.775
vt 0.5125 0.775
vt 0.525 0.975
vt 0.525 0.775
vt 0.525 0.975
vt 0.5375 0.975
vt 0.5375 0.775
vt 0.525 0.775
vt 0.5375 0.975
vt 0.5375 0.775
vt 0.5375 0.975
vt 0.55 0.975
vt 0.55 0.775
vt 0.5375 0.775
vt 0.55 0.975
vt 0.55 0.775
vt 0.55 0.975
vt 0.5625 0.975
vt 0.5625 0.775
vt 0.55 0.775
vt 0.5625 0.975
vt 0.5625 0.775
vt 0.5625 0.975
vt 0.575 0.775
vt 0.5625 0.975
vt 0.575 0.975
vt 0.575 0.775
vt 0.575 0.775
vt 0.575 0.975
vt 0.5875 0.775
vt 0.575 0.975
vt 0.5875 0.975
vt 0.5875 0.775
vt 0.5875 0.775
vt 0.5875 0.975
vt 0.6 0.775
vt 0.5875 0.975
vt 0.6 0.975
vt 0.6 0.775
vt 0.6 0.775
vt 0.6 0.975
vt 0.6125 0.775
vt 0.6 0.975
vt 0.6125 0.975
vt 0.6125 0.775
vt 0.5125 0.775
vt 0.5125 0.975
vt 0.525 0.775
vt 0.5125 0.975
vt 0.525 0.975
vt 0.525 0.775
vt 0.525 0.775
vt 0.525 0.975
vt 0.5375 0.775
vt 0.525 0.975
vt 0.5375 0.975
vt 0.5375 0.775
vt 0.5375 0.775
vt 0.5375 0.975
vt 0.55 0.775
vt 0.5375 0.975
vt 0.55 0.975
vt 0.55 0.775
vt 0.55 0.775
vt 0.55 0.975
vt 0.5625 0.775
vt 0.55 0.975
vt 0.5625 0.975
vt 0.5625 0.775
vt 0.5625 0.775
vt 0.5625 0.975
vt 0.575 0.975
vt 0.575 0.775
vt 0.5625 0.775
vt 0.575 0.975
vt 0.575 0.775
vt 0.575 0.975
vt 0.5875 0.975
vt 0.5875 0.775
vt 0.575 0.775
vt 0.5875 0.975
vt 0.5875 0.775
vt 0.5875 0.975
vt 0.6 0.975
vt 0.6 0.775
vt 0.5875 0.775
vt 0.6 0.975
vt 0.6 0.775
vt 0.6 0.975
vt 0.6125 0.975
vt 0.6125 0.775
vt 0.6 0.775
vt 0.6125 0.975
vt 0.5125 0.775
vt 0.5125 0.975
vt 0.525 0.975
vt 0.525 0.775
vt 0.5125 0.775
vt 0.525 0.975
vt 0.525 0.775
vt 0.525 0.975
vt 0.5375 0.975
vt 0.5375 0.775
vt 0.525 0.775
vt 0.5375 0.975
vt 0.5375 0.775
vt 0.5375 0.975
vt 0.55 0.975
vt 0.55 0.775
vt 0.5375 0.775
vt 0.55 0.975
vt 0.55 0.775
vt 0.55 0.975
vt 0.5625 0.975
vt 0.5625 0.775
vt 0.55 0.775
vt 0.5625 0.975
vt 0.5625 0.775
vt 0.5625 0.975
vt 0.575 0.775
vt 0.5625 0.975
vt 0.575 0.975
vt 0.575 0.775
vt 0.575 0.775
vt 0.575 0.975
vt 0.5875 0.775
vt 0.575 0.975
vt 0.5875 0.975
vt 0.5875 0.775
vt 0.5875 0.775
vt 0.5875 0.975
vt 0.6 0.775
vt 0.5875 0.975
vt 0.6 0.975
vt 0.6 0.775
vt 0.6 0.775
vt 0.6 0.975
vt 0.6125 0.775
vt 0.6 0.975
vt 0.6125 0.975
vt 0.6125 0.775
vt 0.5125 0.775
vt 0.5125 0.975
vt 0.525 0.775
vt 0.5125 0.975
vt 0.525 0.975
vt 0.525 0.775
vt 0.525 0.775
vt 0.525 0.975
vt 0.5375 0.775
vt 0.525 0.975
vt 0.5375 0.975
vt 0.5375 0.775
vt 0.5375 0.775
vt 0.5375 0.975
vt 0.55 0.775
vt 0.5375 0.975
vt 0.55 0.975
vt 0.55 0.775
vt 0.55 0.775
vt 0.55 0.975
vt 0.5625 0.775
vt 0.55 0.975
vt 0.5625 0.975
vt 0.5625 0.775
vt 0.5125 0.775
vt 0.5125 0.975
vt 0.5625 0.975
vt 0.5625 0.775
vt 0.5125 0.775
vt 0.5625 0.975
vt 0.5625 0.775
vt 0.5625 0.975
vt 0.6125 0.975
vt 0.6125 0.775
vt 0.5625 0.775
vt 0.6125 0.975
vt 0.5125 0.775
vt 0.5125 0.975
vt 0.5625 0.975
vt 0.5625 0.775
vt 0.5125 0.775
vt 0.5625 0.975
vt 0.5625 0.775
vt 0.5625 0.975
vt 0.6125 0.975
vt 0.6125 0.775
vt 0.5625 0.775
vt 0.6125 0.975
vt 0.5125 0.775
vt 0.5125 0.975
vt 0.5625 0.975
vt 0.5625 0.775
vt 0.5125 0.775
vt 0.5625 0.975
vt 0.5625 0.775
vt 0.5625 0.975
vt 0.6125 0.975
vt 0.6125 0.775
vt 0.5625 0.775
vt 0.6125 0.975
vt 0.5125 0.775
vt 0.5125 0.975
vt 0.5625 0.975
vt 0.5625 0.775
vt 0.5125 0.775
vt 0.5625 0.975
vt 0.5625 0.775
vt 0.5625 0.975
vt 0.6125 0.975
vt 0.6125 0.775
vt 0.5625 0.775
vt 0.6125 0.975
vt 0.5125 0.775
vt 0.5125 0.975
vt 0.5625 0.775
vt 0.5125 0.975
vt 0.5625 0.975
vt 0.5625 0.775
vt 0.5625 0.775
vt 0.5625 0.975
vt 0.6125 0.775
vt 0.5625 0.975
vt 0.6125 0.975
vt 0.6125 0.775
vt 0.5125 0.775
vt 0.5125 0.975
vt 0.5625 0.775
vt 0.5125 0.975
vt 0.5625 0.975
vt 0.5625 0.775
vt 0.5625 0.775
vt 0.5625 0.975
vt 0.6125 0.775
vt 0.5625 0.975
vt 0.6125 0.975
vt 0.6125 0.775
vt 0.5125 0.775
vt 0.5125 0.975
vt 0.5625 0.775
vt 0.5125 0.975
vt 0.5625 0.975
vt 0.5625 0.775
vt 0.5625 0.775
vt 0.5625 0.975
vt 0.6125 0.775
vt 0.5625 0.975
vt 0.6125 0.975
vt 0.6125 0.775
vt 0.5125 0.775
vt 0.5125 0.975
vt 0.5625 0.775
vt 0.5125 0.975
vt 0.5625 0.975
vt 0.5625 0.775
vt 0.5625 0.775
vt 0.5625 0.975
vt 0.6125 0.775
vt 0.5625 0.975
vt 0.6125 0.975
vt 0.6125 0.775
vt 0.5625 0.775
vt 0.5625 0.975
vt 0.575 0.975
vt 0.575 0.775
vt 0.5625 0.775
vt 0.575 0.975
vt 0.575 0.775
vt 0.575 0.975
vt 0.5875 0.975
vt 0.5875 0.775
vt 0.575 0.775
vt 0.5875 0.975
vt 0.5875 0.775
vt 0.5875 0.975
vt 0.6 0.975
vt 0.6 0.775
vt 0.5875 0.775
vt 0.6 0.975
vt 0.6 0.775
vt 0.6 0.975
vt 0.6125 0.975
vt 0.6125 0.775
vt 0.6 0.775
vt 0.6125 0.975
vt 0.5125 0.775
vt 0.5125 0.975
vt 0.525 0.975
vt 0.525 0.775
vt 0.5125 0.775
vt 0.525 0.975
vt 0.525 0.775
vt 0.525 0.975
vt 0.5375 0.975
vt 0.5375 0.775
vt 0.525 0.775
vt 0.5375 0.975
vt 0.5375 0.775
vt 0.5375 0.975
vt 0.55 0.975
vt 0.55 0.775
vt 0.5375 0.775
vt 0.55 0.975
vt 0.55 0.775
vt 0.55 0.975
vt 0.5625 0.975
vt 0.5625 0.775
vt 0.55 0.775
vt 0.5625 0.975
vt 0.5625 0.775
vt 0.5625 0.975
vt 0.575 0.775
vt 0.5625 0.975
vt 0.575 0.975
vt 0.575 0.775
vt 0.575 0.775
vt 0.575 0.975
vt 0.5875 0.775
vt 0.575 0.975
vt 0.5875 0.975
vt 0.5875 0.775
vt 0.5875 0.775
vt 0.5875 0.975
vt 0.6 0.775
vt 0.5875 0.975
vt 0.6 0.975
vt 0.6 0.775
vt 0.6 0.775
vt 0.6 0.975
vt 0.6125 0.775
vt 0.6 0.975
vt 0.6125 0.975
vt 0.6125 0.775
vt 0.5125 0.775
vt 0.5125 0.975
vt 0.525 0.775
vt 0.5125 0.975
vt 0.525 0.975
vt 0.525 0.775
vt 0.525 0.775
vt 0.525 0.975
vt 0.5375 0.775
vt 0.525 0.975
vt 0.5375 0.975
vt 0.5375 0.775
vt 0.5375 0.775
vt 0.5375 0.975
vt 0.55 0.775
vt 0.5375 0.975
vt 0.55 0.975
vt 0.55 0.775
vt 0.55 0.775
vt 0.55 0.975
vt 0.5625 0.775
vt 0.55 0.975
vt 0.5625 0.975
vt 0.5625 0.775
vt 0.5125 0.775
vt 0.5125 0.975
vt 0.5625 0.975
vt 0.5625 0.775
vt 0.5125 0.775
vt 0.5625 0.975
vt 0.5625 0.775
vt 0.5625 0.975
vt 0.6125 0.975
vt 0.6125 0.775
vt 0.5625 0.775
vt 0.6125 0.975
vt 0.5125 0.775
vt 0.5125 0.975
vt 0.5625 0.975
vt 0.5625 0.775
vt 0.5125 0.775
vt 0.5625 0.975
vt 0.5625 0.775
vt 0.5625 0.975
vt 0.6125 0.975
vt 0.6125 0.775
vt 0.5625 0.775
vt 0.6125 0.975
vt 0.5125 0.775
vt 0.5125 0.975
vt 0.5625 0.975
vt 0.5625 0.775
vt 0.5125 0.775
vt 0.5625 0.975
vt 0.5625 0.775
vt 0.5625 0.975
vt 0.6125 0.975
vt 0.6125 0.775
vt 0.5625 0.775
vt 0.6125 0.975
vt 0.5125 0.775
vt 0.5125 0.975
vt 0.5625 0.975
vt 0.5625 0.775
vt 0.5125 0.775
vt 0.5625 0.975
vt 0.5625 0.775
vt 0.5625 0.975
vt 0.6125 0.975
vt 0.6125 0.775
vt 0.5625 0.775
vt 0.6125 0.975
vt 0.5125 0.775
vt 0.5125 0.975
vt 0.5625 0.775
vt 0.5125 0.975
vt 0.5625 0.975
vt 0.5625 0.775
vt 0.5625 0.775
vt 0.5625 0.975
vt 0.6125 0.775
vt 0.5625 0.975
vt 0.6125 0.975
vt 0.6125 0.775
vt 0.5125 0.775
vt 0.5125 0.975
vt 0.5625 0.775
vt 0.5125 0.975
vt 0.5625 0.975
vt 0.5625 0.775
vt 0.5625 0.775
vt 0.5625 0.975
vt 0.6125 0.775
vt 0.5625 0.975
vt 0.6125 0.975
vt 0.6125 0.775
vt 0.5125 0.775
vt 0.5125 0.975
vt 0.5625 0.775
vt 0.5125 0.975
vt 0.5625 0.975
vt 0.5625 0.775
vt 0.5625 0.775
vt 0.5625 0.975
vt 0.6125 0.775
vt 0.5625 0.975
vt 0.6125 0.975
vt 0.6125 0.775
vt 0.5125 0.775
vt 0.5125 0.975
vt 0.5625 0.775
vt 0.5125 0.975
vt 0.5625 0.975
vt 0.5625 0.775
vt 0.5625 0.775
vt 0.5625 0.975
vt 0.6125 0.775
vt 0.5625 0.975
vt 0.6125 0.975
vt 0.6125 0.775
vt 0.5625 0.775
vt 0.5625 0.975
vt 0.575 0.975
vt 0.575 0.775
vt 0.5625 0.775
vt 0.575 0.975
vt 0.575 0.775
vt 0.575 0.975
vt 0.5875 0.975
vt 0.5875 0.775
vt 0.575 0.775
vt 0.5875 0.975
vt 0.5875 0.775
vt 0.5875 0.975
vt 0.6 0.975
vt 0.6 0.775
vt 0.5875 0.775
vt 0.6 0.975
vt 0.6 0.775
vt 0.6 0.975
vt 0.6125 0.975
vt 0.6125 0.775
vt 0.6 0.775
vt 0.6125 0.975
vt 0.5125 0.775
vt 0.5125 0.975
vt 0.525 0.975
vt 0.525 0.775
vt 0.5125 0.775
vt 0.525 0.975
vt 0.525 0.775
vt 0.525 0.975
vt 0.5375 0.975
vt 0.5375 0.775
vt 0.525 0.775
vt 0.5375 0.975
vt 0.5375 0.775
vt 0.5375 0.975
vt 0.55 0.975
vt 0.55 0.775
vt 0.5375 0.775
vt 0.55 0.975
vt 0.55 0.775
vt 0.55 0.975
vt 0.5625 0.975
vt 0.5625 0.775
vt 0.55 0.775
vt 0.5625 0.975
vt 0.5625 0.775
vt 0.5625 0.975
vt 0.575 0.775
vt 0.5625 0.975
vt 0.575 0.975
vt 0.575 0.775
vt 0.575 0.775
vt 0.575 0.975
vt 0.5875 0.775
vt 0.575 0.975
vt 0.5875 0.975
vt 0.5875 0.775
vt 0.5875 0.775
vt 0.5875 0.975
vt 0.6 0.775
vt 0.5875 0.975
vt 0.6 0.975
vt 0.6 0.775
vt 0.6 0.775
vt 0.6 0.975
vt 0.6125 0.775
vt 0.6 0.975
vt 0.6125 0.975
vt 0.6125 0.775
vt 0.5125 0.775
vt 0.5125 0.975
vt 0.525 0.775
vt 0.5125 0.975
vt 0.525 0.975
vt 0.525 0.775
vt 0.525 0.775
vt 0.525 0.975
vt 0.5375 0.775
vt 0.525 0.975
vt 0.5375 0.975
vt 0.5375 0.775
vt 0.5375 0.775
vt 0.5375 0.975
vt 0.55 0.775
vt 0.5375 0.975
vt 0.55 0.975
vt 0.55 0.775
vt 0.55 0.775
vt 0.55 0.975
vt 0.5625 0.775
vt 0.55 0.975
vt 0.5625 0.975
vt 0.5625 0.775
vt 0.5625 0.775
vt 0.5625 0.975
vt 0.575 0.975
vt 0.575 0.775
vt 0.5625 0.775
vt 0.575 0.975
vt 0.575 0.775
vt 0.575 0.975
vt 0.5875 0.975
vt 0.5875 0.775
vt 0.575 0.775
vt 0.5875 0.975
vt 0.5875 0.775
vt 0.5875 0.975
vt 0.6 0.975
vt 0.6 0.775
vt 0.5875 0.775
vt 0.6 0.975
vt 0.6 0.775
vt 0.6 0.975
vt 0.6125 0.975
vt 0.6125 0.775
vt 0.6 0.775
vt 0.6125 0.975
vt 0.5125 0.775
vt 0.5125 0.975
vt 0.525 0.975
vt 0.525 0.775
vt 0.5125 0.775
vt 0.525 0.975
vt 0.525 0.775
vt 0.525 0.975
vt 0.5375 0.975
vt 0.5375 0.775
vt 0.525 0.775
vt 0.5375 0.975
vt 0.5375 0.775
vt 0.5375 0.975
vt 0.55 0.975
vt 0.55 0.775
vt 0.5375 0.775
vt 0.55 0.975
vt 0.55 0.775
vt 0.55 0.975
vt 0.5625 0.975
vt 0.5625 0.775
vt 0.55 0.775
vt 0.5625 0.975
vt 0.5625 0.775
vt 0.5625 0.975
vt 0.575 0.775
vt 0.5625 0.975
vt 0.575 0.975
vt 0.575 0.775
vt 0.575 0.775
vt 0.575 0.975
vt 0.5875 0.775
vt 0.575 0.975
vt 0.5875 0.975
vt 0.5875 0.775
vt 0.5875 0.775
vt 0.5875 0.975
vt 0.6 0.775
vt 0.5875 0.975
vt 0.6 0.975
vt 0.6 0.775
vt 0.6 0.775
vt 0.6 0.975
vt 0.6125 0.775
vt 0.6 0.975
vt 0.6125 0.975
vt 0.6125 0.775
vt 0.5125 0.775
vt 0.5125 0.975
vt 0.525 0.775
vt 0.5125 0.975
vt 0.525 0.975
vt 0.525 0.775
vt 0.525 0.775
vt 0.525 0.975
vt 0.5375 0.775
vt 0.525 0.975
vt 0.5375 0.975
vt 0.5375 0.775
vt 0.5375 0.775
vt 0.5375 0.975
vt 0.55 0.775
vt 0.5375 0.975
vt 0.55 0.975
vt 0.55 0.775
vt 0.55 0.775
vt 0.55 0.975
vt 0.5625 0.775
vt 0.55 0.975
vt 0.5625 0.975
vt 0.5625 0.775
vt 0.5125 0.775
vt 0.5125 0.975
vt 0.5625 0.975
vt 0.5625 0.775
vt 0.5125 0.775
vt 0.5625 0.975
vt 0.5625 0.775
vt 0.5625 0.975
vt 0.6125 0.975
vt 0.6125 0.775
vt 0.5625 0.775
vt 0.6125 0.975
vt 0.5125 0.775
vt 0.5125 0.975
vt 0.5625 0.975
vt 0.5625 0.775
vt 0.5125 0.775
vt 0.5625 0.975
vt 0.5625 0.775
vt 0.5625 0.975
vt 0.6125 0.975
vt 0.6125 0.775
vt 0.5625 0.775
vt 0.6125 0.975
vt 0.5125 0.775
vt 0.5125 0.975
vt 0.5625 0.975
vt 0.5625 0.775
vt 0.5125 0.775
vt 0.5625 0.975
vt 0.5625 0.775
vt 0.5625 0.975
vt 0.6125 0.975
vt 0.6125 0.775
vt 0.5625 0.775
vt 0.6125 0.975
vt 0.5125 0.775
vt 0.5125 0.975
vt 0.5625 0.975
vt 0.5625 0.775
vt 0.5125 0.775
vt 0.5625 0.975
vt 0.5625 0.775
vt 0.5625 0.975
vt 0.6125 0.975
vt 0.6125 0.775
vt 0.5625 0.775
vt 0.6125 0.975
vt 0.5125 0.775
vt 0.5125 0.975
vt 0.5625 0.775
vt 0.5125 0.975
vt 0.5625 0.975
vt 0.5625 0.775
vt 0.5625 0.775
vt 0.5625 0.975
vt 0.6125 0.775
vt 0.5625 0.975
vt 0.6125 0.975
vt 0.6125 0.775
vt 0.5125 0.775
vt 0.5125 0.975
vt 0.5625 0.775
vt 0.5125 0.975
vt 0.5625 0.975
vt 0.5625 0.775
vt 0.5625 0.775
vt 0.5625 0.975
vt 0.6125 0.775
vt 0.5625 0.975
vt 0.6125 0.975
vt 0.6125 0.775
vt 0.5125 0.775
vt 0.5125 0.975
vt 0.5625 0.775
vt 0.5125 0.975
vt 0.5625 0.975
vt 0.5625 0.775
vt 0.5625 0.775
vt 0.5625 0.975
vt 0.6125 0.775
vt 0.5625 0.975
vt 0.6125 0.975
vt 0.6125 0.775
vt 0.5125 0.775
vt 0.5125 0.975
vt 0.5625 0.775
vt 0.5125 0.975
vt 0.5625 0.975
vt 0.5625 0.775
vt 0.5625 0.775
vt 0.5625 0.975
vt 0.6125 0.775
vt 0.5625 0.975
vt 0.6125 0.975
vt 0.6125 0.775
vt 0.5625 0.775
vt 0.5625 0.975
vt 0.575 0.975
vt 0.575 0.775
vt 0.5625 0.775
vt 0.575 0.975
vt 0.575 0.775
vt 0.575 0.975
vt 0.5875 0.975
vt 0.5875 0.775
vt 0.575 0.775
vt 0.5875 0.975
vt 0.5875 0.775
vt 0.5875 0.975
vt 0.6 0.975
vt 0.6 0.775
vt 0.5875 0.775
vt 0.6 0.975
vt 0.6 0.775
vt 0.6 0.975
vt 0.6125 0.975
vt 0.6125 0.775
vt 0.6 0.775
vt 0.6125 0.975
vt 0.5125 0.775
vt 0.5125 0.975
vt 0.525 0.975
vt 0.525 0.775
vt 0.5125 0.775
vt 0.525 0.975
vt 0.525 0.775
vt 0.525 0.975
vt 0.5375 0.975
vt 0.5375 0.775
vt 0.525 0.775
vt 0.5375 0.975
vt 0.5375 0.775
vt 0.5375 0.975
vt 0.55 0.975
vt 0.55 0.775
vt 0.5375 0.775
vt 0.55 0.975
vt 0.55 0.775
vt 0.55 0.975
vt 0.5625 0.975
vt 0.5625 0.775
vt 0.55 0.775
vt 0.5625 0.975
vt 0.5625 0.775
vt 0.5625 0.975
vt 0.575 0.775
vt 0.5625 0.975
vt 0.575 0.975
vt 0.575 0.775
vt 0.575 0.775
vt 0.575 0.975
vt 0.5875 0.775
vt 0.575 0.975
vt 0.5875 0.975
vt 0.5875 0.775
vt 0.5875 0.775
vt 0.5875 0.975
vt 0.6 0.775
vt 0.5875 0.975
vt 0.6 0.975
vt 0.6 0.775
vt 0.6 0.775
vt 0.6 0.975
vt 0.6125 0.775
vt 0.6 0.975
vt 0.6125 0.975
vt 0.6125 0.775
vt 0.5125 0.775
vt 0.5125 0.975
vt 0.525 0.775
vt 0.5125 0.975
vt 0.525 0.975
vt 0.525 0.775
vt 0.525 0.775
vt 0.525 0.975
vt 0.5375 0.775
vt 0.525 0.975
vt 0.5375 0.975
vt 0.5375 0.775
vt 0.5375 0.775
vt 0.5375 0.975
vt 0.55 0.775
vt 0.5375 0.975
vt 0.55 0.975
vt 0.55 0.775
vt 0.55 0.775
vt 0.55 0.975
vt 0.5625 0.775
vt 0.55 0.975
vt 0.5625 0.975
vt 0.5625 0.775
vt 0.5625 0.775
vt 0.5625 0.975
vt 0.575 0.975
vt 0.575 0.775
vt 0.5625 0.775
vt 0.575 0.975
vt 0.575 0.775
vt 0.575 0.975
vt 0.5875 0.975
vt 0.5875 0.775
vt 0.575 0.775
vt 0.5875 0.975
vt 0.5875 0.775
vt 0.5875 0.975
vt 0.6 0.975
vt 0.6 0.775
vt 0.5875 0.775
vt 0.6 0.975
vt 0.6 0.775
vt 0.6 0.975
vt 0.6125 0.975
vt 0.6125 0.775
vt 0.6 0.775
vt 0.6125 0.975
vt 0.5125 0.775
vt 0.5125 0.975
vt 0.525 0.975
vt 0.525 0.775
vt 0.5125 0.775
vt 0.525 0.975
vt 0.525 0.775
vt 0.525 0.975
vt 0.5375 0.975
vt 0.5375 0.775
vt 0.525 0.775
vt 0.5375 0.975
vt 0.5375 0.775
vt 0.5375 0.975
vt 0.55 0.975
vt 0.55 0.775
vt 0.5375 0.775
vt 0.55 0.975
vt 0.55 0.775
vt 0.55 0.975
vt 0.5625 0.975
vt 0.5625 0.775
vt 0.55 0.775
vt 0.5625 0.975
vt 0.5625 0.775
vt 0.5625 0.975
vt 0.575 0.775
vt 0.5625 0.975
vt 0.575 0.975
vt 0.575 0.775
vt 0.575 0.775
vt 0.575 0.975
vt 0.5875 0.775
vt 0.575 0.975
vt 0.5875 0.975
vt 0.5875 0.775
vt 0.5875 0.775
vt 0.5875 0.975
vt 0.6 0.775
vt 0.5875 0.975
vt 0.6 0.975
vt 0.6 0.775
vt 0.6 0.775
vt 0.6 0.975
vt 0.6125 0.775
vt 0.6 0.975
vt 0.6125 0.975
vt 0.6125 0.775
vt 0.5125 0.775
vt 0.5125 0.975
vt 0.525 0.775
vt 0.5125 0.975
vt 0.525 0.975
vt 0.525 0.775
vt 0.525 0.775
vt 0.525 0.975
vt 0.5375 0.775
vt 0.525 0.975
vt 0.5375 0.975
vt 0.5375 0.775
vt 0.5375 0.775
vt 0.5375 0.975
vt 0.55 0.775
vt 0.5375 0.975
vt 0.55 0.975
vt 0.55 0.775
vt 0.55 0.775
vt 0.55 0.975
vt 0.5625 0.775
vt 0.55 0.975
vt 0.5625 0.975
vt 0.5625 0.775
vt 0.5625 0.775
vt 0.5625 0.975
vt 0.575 0.975
vt 0.575 0.775
vt 0.5625 0.775
vt 0.575 0.975
vt 0.575 0.775
vt 0.575 0.975
vt 0.5875 0.975
vt 0.5875 0.775
vt 0.575 0.775
vt 0.5875 0.975
vt 0.5875 0.775
vt 0.5875 0.975
vt 0.6 0.975
vt 0.6 0.775
vt 0.5875 0.775
vt 0.6 0.975
vt 0.6 0.775
vt 0.6 0.975
vt 0.6125 0.975
vt 0.6125 0.775
vt 0.6 0.775
vt 0.6125 0.975
vt 0.5125 0.775
vt 0.5125 0.975
vt 0.525 0.975
vt 0.525 0.775
vt 0.5125 0.775
vt 0.525 0.975
vt 0.525 0.775
vt 0.525 0.975
vt 0.5375 0.975
vt 0.5375 0.775
vt 0.525 0.775
vt 0.5375 0.975
vt 0.5375 0.775
vt 0.5375 0.975
vt 0.55 0.975
vt 0.55 0.775
vt 0.5375 0.775
vt 0.55 0.975
vt 0.55 0.775
vt 0.55 0.975
vt 0.5625 0.975
vt 0.5625 0.775
vt 0.55 0.775
vt 0.5625 0.975
vt 0.5625 0.775
vt 0.5625 0.975
vt 0.575 0.775
vt 0.5625 0.975
vt 0.575 0.975
vt 0.575 0.775
vt 0.575 0.775
vt 0.575 0.975
vt 0.5875 0.775
vt 0.575 0.975
vt 0.5875 0.975
vt 0.5875 0.775
vt 0.5875 0.775
vt 0.5875 0.975
vt 0.6 0.775
vt 0.5875 0.975
vt 0.6 0.975
vt 0.6 0.775
vt 0.6 0.775
vt 0.6 0.975
vt 0.6125 0.775
vt 0.6 0.975
vt 0.6125 0.975
vt 0.6125 0.775
vt 0.5125 0.775
vt 0.5125 0.975
vt 0.525 0.775
vt 0.5125 0.975
vt 0.525 0.975
vt 0.525 0.775
vt 0.525 0.775
vt 0.525 0.975
vt 0.5375 0.775
vt 0.525 0.975
vt 0.5375 0.975
vt 0.5375 0.775
vt 0.5375 0.775
vt 0.5375 0.975
vt 0.55 0.775
vt 0.5375 0.975
vt 0.55 0.975
vt 0.55 0.775
vt 0.55 0.775
vt 0.55 0.975
vt 0.5625 0.775
vt 0.55 0.975
vt 0.5625 0.975
vt 0.5625 0.775
vt 0.5125 0.775
vt 0.5125 0.975
vt 0.5625 0.975
vt 0.5625 0.775
vt 0.5125 0.775
vt 0.5625 0.975
vt 0.5625 0.775
vt 0.5625 0.975
vt 0.6125 0.975
vt 0.6125 0.775
vt 0.5625 0.775
vt 0.6125 0.975
vt 0.5125 0.775
vt 0.5125 0.975
vt 0.5625 0.975
vt 0.5625 0.775
vt 0.5125 0.775
vt 0.5625 0.975
vt 0.5625 0.775
vt 0.5625 0.975
vt 0.6125 0.975
vt 0.6125 0.775
vt 0.5625 0.775
vt 0.6125 0.975
vt 0.5125 0.775
vt 0.5125 0.975
vt 0.5625 0.975
vt 0.5625 0.775
vt 0.5125 0.775
vt 0.5625 0.975
vt 0.5625 0.775
vt 0.5625 0.975
vt 0.6125 0.975
vt 0.6125 0.775
vt 0.5625 0.775
vt 0.6125 0.975
vt 0.5125 0.775
vt 0.5125 0.975
vt 0.5625 0.975
vt 0.5625 0.775
vt 0.5125 0.775
vt 0.5625 0.975
vt 0.5625 0.775
vt 0.5625 0.975
vt 0.6125 0.975
vt 0.6125 0.775
vt 0.5625 0.775
vt 0.6125 0.975
vt 0.5125 0.775
vt 0.5125 0.975
vt 0.5625 0.775
vt 0.5125 0.975
vt 0.5625 0.975
vt 0.5625 0.775
vt 0.5625 0.775
vt 0.5625 0.975
vt 0.6125 0.775
vt 0.5625 0.975
vt 0.6125 0.975
vt 0.6125 0.775
vt 0.5125 0.775
vt 0.5125 0.975
vt 0.5625 0.775
vt 0.5125 0.975
vt 0.5625 0.975
vt 0.5625 0.775
vt 0.5625 0.775
vt 0.5625 0.975
vt 0.6125 0.775
vt 0.5625 0.975
vt 0.6125 0.975
vt 0.6125 0.775
vt 0.5125 0.775
vt 0.5125 0.975
vt 0.5625 0.775
vt 0.5125 0.975
vt 0.5625 0.975
vt 0.5625 0.775
vt 0.5625 0.775
vt 0.5625 0.975
vt 0.6125 0.775
vt 0.5625 0.975
vt 0.6125 0.975
vt 0.6125 0.775
vt 0.5125 0.775
vt 0.5125 0.975
vt 0.5625 0.775
vt 0.5125 0.975
vt 0.5625 0.975
vt 0.5625 0.775
vt 0.5625 0.775
vt 0.5625 0.975
vt 0.6125 0.775
vt 0.5625 0.975
vt 0.6125 0.975
vt 0.6125 0.775
vt 0.5625 0.775
vt 0.5625 0.975
vt 0.575 0.975
vt 0.575 0.775
vt 0.5625 0.775
vt 0.575 0.975
vt 0.575 0.775
vt 0.575 0.975
vt 0.5875 0.975
vt 0.5875 0.775
vt 0.575 0.775
vt 0.5875 0.975
vt 0.5875 0.775
vt 0.5875 0.975
vt 0.6 0.975
vt 0.6 0.775
vt 0.5875 0.775
vt 0.6 0.975
vt 0.6 0.775
vt 0.6 0.975
vt 0.6125 0.975
vt 0.6125 0.775
vt 0.6 0.775
vt 0.6125 0.975
vt 0.5125 0.775
vt 0.5125 0.975
vt 0.525 0.975
vt 0.525 0.775
vt 0.5125 0.775
vt 0.525 0.975
vt 0.525 0.775
vt 0.525 0.975
vt 0.5375 0.975
vt 0.5375 0.775
vt 0.525 0.775
vt 0.5375 0.975
vt 0.5375 0.775
vt 0.5375 0.975
vt 0.55 0.975
vt 0.55 0.775
vt 0.5375 0.775
vt 0.55 0.975
vt 0.55 0.775
vt 0.55 0.975
vt 0.5625 0.975
vt 0.5625 0.775
vt 0.55 0.775
vt 0.5625 0.975
vt 0.5625 0.775
vt 0.5625 0.975
vt 0.575 0.775
vt 0.5625 0.975
vt 0.575 0.975
vt 0.575 0.775
vt 0.575 0.775
vt 0.575 0.975
vt 0.5875 0.775
vt 0.575 0.975
vt 0.5875 0.975
vt 0.5875 0.775
vt 0.5875 0.775
vt 0.5875 0.975
vt 0.6 0.775
vt 0.5875 0.975
vt 0.6 0.975
vt 0.6 0.775
vt 0.6 0.775
vt 0.6 0.975
vt 0.6125 0.775
vt 0.6 0.975
vt 0.6125 0.975
vt 0.6125 0.775
vt 0.5125 0.775
vt 0.5125 0.975
vt 0.525 0.775
vt 0.5125 0.975
vt 0.525 0.975
vt 0.525 0.775
vt 0.525 0.775
vt 0.525 0.975
vt 0.5375 0.775
vt 0.525 0.975
vt 0.5375 0.975
vt 0.5375 0.775
vt 0.5375 0.775
vt 0.5375 0.975
vt 0.55 0.775
vt 0.5375 0.975
vt 0.55 0.975
vt 0.55 0.775
vt 0.55 0.775
vt 0.55 0.975
vt 0.5625 0.775
vt 0.55 0.975
vt 0.5625 0.975
vt 0.5625 0.775
vt 0.5125 0.775
vt 0.5125 0.975
vt 0.5625 0.975
vt 0.5625 0.775
vt 0.5125 0.775
vt 0.5625 0.975
vt 0.5625 0.775
vt 0.5625 0.975
vt 0.6125 0.975
vt 0.6125 0.775
vt 0.5625 0.775
vt 0.6125 0.975
vt 0.5125 0.775
vt 0.5125 0.975
vt 0.5625 0.975
vt 0.5625 0.775
vt 0.5125 0.775
vt 0.5625 0.975
vt 0.5625 0.775
vt 0.5625 0.975
vt 0.6125 0.975
vt 0.6125 0.775
vt 0.5625 0.775
vt 0.6125 0.975
vt 0.5125 0.775
vt 0.5125 0.975
vt 0.5625 0.975
vt 0.5625 0.775
vt 0.5125 0.775
vt 0.5625 0.975
vt 0.5625 0.775
vt 0.5625 0.975
vt 0.6125 0.975
vt 0.6125 0.775
vt 0.5625 0.775
vt 0.6125 0.975
vt 0.5125 0.775
vt 0.5125 0.975
vt 0.5625 0.975
vt 0.5625 0.775
vt 0.5125 0.775
vt 0.5625 0.975
vt 0.5625 0.775
vt 0.5625 0.975
vt 0.6125 0.975
vt 0.6125 0.775
vt 0.5625 0.775
vt 0.6125 0.975
vt 0.5125 0.775
vt 0.5125 0.975
vt 0.5625 0.775
vt 0.5125 0.975
vt 0.5625 0.975
vt 0.5625 0.775
vt 0.5625 0.775
vt 0.5625 0.975
vt 0.6125 0.775
vt 0.5625 0.975
vt 0.6125 0.975
vt 0.6125 0.775
vt 0.5125 0.775
vt 0.5125 0.975
vt 0.5625 0.775
vt 0.5125 0.975
vt 0.5625 0.975
vt 0.5625 0.775
vt 0.5625 0.775
vt 0.5625 0.975
vt 0.6125 0.775
vt 0.5625 0.975
vt 0.6125 0.975
vt 0.6125 0.775
vt 0.5125 0.775
vt 0.5125 0.975
vt 0.5625 0.775
vt 0.5125 0.975
vt 0.5625 0.975
vt 0.5625 0.775
vt 0.5625 0.775
vt 0.5625 0.975
vt 0.6125 0.775
vt 0.5625 0.975
vt 0.6125 0.975
vt 0.6125 0.775
vt 0.5125 0.775
vt 0.5125 0.975
vt 0.5625 0.775
vt 0.5125 0.975
vt 0.5625 0.975
vt 0.5625 0.775
vt 0.5625 0.775
vt 0.5625 0.975
vt 0.6125 0.775
vt 0.5625 0.975
vt 0.6125 0.975
vt 0.6125 0.775
vt 0.5625 0.775
vt 0.5625 0.975
vt 0.575 0.975
vt 0.575 0.775
vt 0.5625 0.775
vt 0.575 0.975
vt 0.575 0.775
vt 0.575 0.975
vt 0.5875 0.975
vt 0.5875 0.775
vt 0.575 0.775
vt 0.5875 0.975
vt 0.5875 0.775
vt 0.5875 0.975
vt 0.6 0.975
vt 0.6 0.775
vt 0.5875 0.775
vt 0.6 0.975
vt 0.6 0.775
vt 0.6 0.975
vt 0.6125 0.975
vt 0.6125 0.775
vt 0.6 0.775
vt 0.6125 0.975
vt 0.5125 0.775
vt 0.5125 0.975
vt 0.525 0.975
vt 0.525 0.775
vt 0.5125 0.775
vt 0.525 0.975
vt 0.525 0.775
vt 0.525 0.975
vt 0.5375 0.975
vt 0.5375 0.775
vt 0.525 0.775
vt 0.5375 0.975
vt 0.5375 0.775
vt 0.5375 0.975
vt 0.55 0.975
vt 0.55 0.775
vt 0.5375 0.775
vt 0.55 0.975
vt 0.55 0.775
vt 0.55 0.975
vt 0.5625 0.975
vt 0.5625 0.775
vt 0.55 0.775
vt 0.5625 0.975
vt 0.5625 0.775
vt 0.5625 0.975
vt 0.575 0.775
vt 0.5625 0.975
vt 0.575 0.975
vt 0.575 0.775
vt 0.575 0.775
vt 0.575 0.975
vt 0.5875 0.775
vt 0.575 0.975
vt 0.5875 0.975
vt 0.5875 0.775
vt 0.5875 0.775
vt 0.5875 0.975
vt 0.6 0.775
vt 0.5875 0.975
vt 0.6 0.975
vt 0.6 0.775
vt 0.6 0.775
vt 0.6 0.975
vt 0.6125 0.775
vt 0.6 0.975
vt 0.6125 0.975
vt 0.6125 0.775
vt 0.5125 0.775
vt 0.5125 0.975
vt 0.525 0.775
vt 0.5125 0.975
vt 0.525 0.975
vt 0.525 0.775
vt 0.525 0.775
vt 0.525 0.975
vt 0.5375 0.775
vt 0.525 0.975
vt 0.5375 0.975
vt 0.5375 0.775
vt 0.5375 0.775
vt 0.5375 0.975
vt 0.55 0.775
vt 0.5375 0.975
vt 0.55 0.975
vt 0.55 0.775
vt 0.55 0.775
vt 0.55 0.975
vt 0.5625 0.775
vt 0.55 0.975
vt 0.5625 0.975
vt 0.5625 0.775
vt 0.5625 0.775
vt 0.5625 0.975
vt 0.575 0.975
vt 0.575 0.775
vt 0.5625 0.775
vt 0.575 0.975
vt 0.575 0.775
vt 0.575 0.975
vt 0.5875 0.975
vt 0.5875 0.775
vt 0.575 0.775
vt 0.5875 0.975
vt 0.5875 0.775
vt 0.5875 0.975
vt 0.6 0.975
vt 0.6 0.775
vt 0.5875 0.775
vt 0.6 0.975
vt 0.6 0.775
vt 0.6 0.975
vt 0.6125 0.975
vt 0.6125 0.775
vt 0.6 0.775
vt 0.6125 0.975
vt 0.5125 0.775
vt 0.5125 0.975
vt 0.525 0.975
vt 0.525 0.775
vt 0.5125 0.775
vt 0.525 0.975
vt 0.525 0.775
vt 0.525 0.975
vt 0.5375 0.975
vt 0.5375 0.775
vt 0.525 0.775
vt 0.5375 0.975
vt 0.5375 0.775
vt 0.5375 0.975
vt 0.55 0.975
vt 0.55 0.775
vt 0.5375 0.775
vt 0.55 0.975
vt 0.55 0.775
vt 0.55 0.975
vt 0.5625 0.975
vt 0.5625 0.775
vt 0.55 0.775
vt 0.5625 0.975
vt 0.5625 0.775
vt 0.5625 0.975
vt 0.575 0.775
vt 0.5625 0.975
vt 0.575 0.975
vt 0.575 0.775
vt 0.575 0.775
vt 0.575 0.975
vt 0.5875 0.775
vt 0.575 0.975
vt 0.5875 0.975
vt 0.5875 0.775
vt 0.5875 0.775
vt 0.5875 0.975
vt 0.6 0.775
vt 0.5875 0.975
vt 0.6 0.975
vt 0.6 0.775
vt 0.6 0.775
vt 0.6 0.975
vt 0.6125 0.775
vt 0.6 0.975
vt 0.6125 0.975
vt 0.6125 0.775
vt 0.5125 0.775
vt 0.5125 0.975
vt 0.525 0.775
vt 0.5125 0.975
vt 0.525 0.975
vt 0.525 0.775
vt 0.525 0.775
vt 0.525 0.975
vt 0.5375 0.775
vt 0.525 0.975
vt 0.5375 0.975
vt 0.5375 0.775
vt 0.5375 0.775
vt 0.5375 0.975
vt 0.55 0.775
vt 0.5375 0.975
vt 0.55 0.975
vt 0.55 0.775
vt 0.55 0.775
vt 0.55 0.975
vt 0.5625 0.775
vt 0.55 0.975
vt 0.5625 0.975
vt 0.5625 0.775
vt 0.5125 0.775
vt 0.5125 0.975
vt 0.5625 0.975
vt 0.5625 0.775
vt 0.5125 0.775
vt 0.5625 0.975
vt 0.5625 0.775
vt 0.5625 0.975
vt 0.6125 0.975
vt 0.6125 0.775
vt 0.5625 0.775
vt 0.6125 0.975
vt 0.5125 0.775
vt 0.5125 0.975
vt 0.5625 0.975
vt 0.5625 0.775
vt 0.5125 0.775
vt 0.5625 0.975
vt 0.5625 0.775
vt 0.5625 0.975
vt 0.6125 0.975
vt 0.6125 0.775
vt 0.5625 0.775
vt 0.6125 0.975
vt 0.5125 0.775
vt 0.5125 0.975
vt 0.5625 0.975
vt 0.5625 0.775
vt 0.5125 0.775
vt 0.5625 0.975
vt 0.5625 0.775
vt 0.5625 0.975
vt 0.6125 0.975
vt 0.6125 0.775
vt 0.5625 0.775
vt 0.6125 0.975
vt 0.5125 0.775
vt 0.5125 0.975
vt 0.5625 0.975
vt 0.5625 0.775
vt 0.5125 0.775
vt 0.5625 0.975
vt 0.5625 0.775
vt 0.5625 0.975
vt 0.6125 0.975
vt 0.6125 0.775
vt 0.5625 0.775
vt 0.6125 0.975
vt 0.5125 0.775
vt 0.5125 0.975
vt 0.5625 0.775
vt 0.5125 0.975
vt 0.5625 0.975
vt 0.5625 0.775
vt 0.5625 0.775
vt 0.5625 0.975
vt 0.6125 0.775
vt 0.5625 0.975
vt 0.6125 0.975
vt 0.6125 0.775
vt 0.5125 0.775
vt 0.5125 0.975
vt 0.5625 0.775
vt 0.5125 0.975
vt 0.5625 0.975
vt 0.5625 0.775
vt 0.5625 0.775
vt 0.5625 0.975
vt 0.6125 0.775
vt 0.5625 0.975
vt 0.6125 0.975
vt 0.6125 0.775
vt 0.5125 0.775
vt 0.5125 0.975
vt 0.5625 0.775
vt 0.5125 0.975
vt 0.5625 0.975
vt 0.5625 0.775
vt 0.5625 0.775
vt 0.5625 0.975
vt 0.6125 0.775
vt 0.5625 0.975
vt 0.6125 0.975
vt 0.6125 0.775
vt 0.5125 0.775
vt 0.5125 0.975
vt 0.5625 0.775
vt 0.5125 0.975
vt 0.5625 0.975
vt 0.5625 0.775
vt 0.5625 0.775
vt 0.5625 0.975
vt 0.6125 0.775
vt 0.5625 0.975
vt 0.6125 0.975
vt 0.6125 0.775
vt 0.5625 0.775
vt 0.5625 0.975
vt 0.575 0.975
vt 0.575 0.775
vt 0.5625 0.775
vt 0.575 0.975
vt 0.575 0.775
vt 0.575 0.975
vt 0.5875 0.975
vt 0.5875 0.775
vt 0.575 0.775
vt 0.5875 0.975
vt 0.5875 0.775
vt 0.5875 0.975
vt 0.6 0.975
vt 0.6 0.775
vt 0.5875 0.775
vt 0.6 0.975
vt 0.6 0.775
vt 0.6 0.975
vt 0.6125 0.975
vt 0.6125 0.775
vt 0.6 0.775
vt 0.6125 0.975
vt 0.5125 0.775
vt 0.5125 0.975
vt 0.525 0.975
vt 0.525 0.775
vt 0.5125 0.775
vt 0.525 0.975
vt 0.525 0.775
vt 0.525 0.975
vt 0.5375 0.975
vt 0.5375 0.775
vt 0.525 0.775
vt 0.5375 0.975
vt 0.5375 0.775
vt 0.5375 0.975
vt 0.55 0.975
vt 0.55 0.775
vt 0.5375 0.775
vt 0.55 0.975
vt 0.55 0.775
vt 0.55 0.975
vt 0.5625 0.975
vt 0.5625 0.775
vt 0.55 0.775
vt 0.5625 0.975
vt 0.5625 0.775
vt 0.5625 0.975
vt 0.575 0.775
vt 0.5625 0.975
vt 0.575 0.975
vt 0.575 0.775
vt 0.575 0.775
vt 0.575 0.975
vt 0.5875 0.775
vt 0.575 0.975
vt 0.5875 0.975
vt 0.5875 0.775
vt 0.5875 0.775
vt 0.5875 0.975
vt 0.6 0.775
vt 0.5875 0.975
vt 0.6 0.975
vt 0.6 0.775
vt 0.6 0.775
vt 0.6 0.975
vt 0.6125 0.775
vt 0.6 0.975
vt 0.6125 0.975
vt 0.6125 0.775
vt 0.5125 0.775
vt 0.5125 0.975
vt 0.525 0.775
vt 0.5125 0.975
vt 0.525 0.975
vt 0.525 0.775
vt 0.525 0.775
vt 0.525 0.975
vt 0.5375 0.775
vt 0.525 0.975
vt 0.5375 0.975
vt 0.5375 0.775
vt 0.5375 0.775
vt 0.5375 0.975
vt 0.55 0.775
vt 0.5375 0.975
vt 0.55 0.975
vt 0.55 0.775
vt 0.55 0.775
vt 0.55 0.975
vt 0.5625 0.775
vt 0.55 0.975
vt 0.5625 0.975
vt 0.5625 0.775
vt 0.5625 0.775
vt 0.5625 0.975
vt 0.575 0.975
vt 0.575 0.775
vt 0.5625 0.775
vt 0.575 0.975
vt 0.575 0.775
vt 0.575 0.975
vt 0.5875 0.975
vt 0.5875 0.775
vt 0.575 0.775
vt 0.5875 0.975
vt 0.5875 0.775
vt 0.5875 0.975
vt 0.6 0.975
vt 0.6 0.775
vt 0.5875 0.775
vt 0.6 0.975
vt 0.6 0.775
vt 0.6 0.975
vt 0.6125 0.975
vt 0.6125 0.775
vt 0.6 0.775
vt 0.6125 0.975
vt 0.5125 0.775
vt 0.5125 0.975
vt 0.525 0.975
vt 0.525 0.775
vt 0.5125 0.775
vt 0.525 0.975
vt 0.525 0.775
vt 0.525 0.975
vt 0.5375 0.975
vt 0.5375 0.775
vt 0.525 0.775
vt 0.5375 0.975
vt 0.5375 0.775
vt 0.5375 0.975
vt 0.55 0.975
vt 0.55 0.775
vt 0.5375 0.775
vt 0.55 0.975
vt 0.55 0.775
vt 0.55 0.975
vt 0.5625 0.975
vt 0.5625 0.775
vt 0.55 0.775
vt 0.5625 0.975
vt 0.5625 0.775
vt 0.5625 0.975
vt 0.575 0.775
vt 0.5625 0.975
vt 0.575 0.975
vt 0.575 0.775
vt 0.575 0.775
vt 0.575 0.975
vt 0.5875 0.775
vt 0.575 0.975
vt 0.5875 0.975
vt 0.5875 0.775
vt 0.5875 0.775
vt 0.5875 0.975
vt 0.6 0.775
vt 0.5875 0.975
vt 0.6 0.975
vt 0.6 0.775
vt 0.6 0.775
vt 0.6 0.975
vt 0.6125 0.775
vt 0.6 0.975
vt 0.6125 0.975
vt 0.6125 0.775
vt 0.5125 0.775
vt 0.5125 0.975
vt 0.525 0.775
vt 0.5125 0.975
vt 0.525 0.975
vt 0.525 0.775
vt 0.525 0.775
vt 0.525 0.975
vt 0.5375 0.775
vt 0.525 0.975
vt 0.5375 0.975
vt 0.5375 0.775
vt 0.5375 0.775
vt 0.5375 0.975
vt 0.55 0.775
vt 0.5375 0.975
vt 0.55 0.975
vt 0.55 0.775
vt 0.55 0.775
vt 0.55 0.975
vt 0.5625 0.775
vt 0.55 0.975
vt 0.5625 0.975
vt 0.5625 0.775
vt 0.6375 0.525
vt 0.6375 0.725
vt 0.64306 0.725
vt 0.64306 0.525
vt 0.6375 0.525
vt 0.64306 0.725
vt 0.64306 0.525
vt 0.64306 0.725
vt 0.64861 0.725
vt 0.64861 0.525
vt 0.64306 0.525
vt 0.64861 0.725
vt 0.64861 0.525
vt 0.64861 0.725
vt 0.7375 0.725
vt 0.7375 0.525
vt 0.64861 0.525
vt 0.7375 0.725
vt 0.6375 0.525
vt 0.6375 0.725
vt 0.64306 0.725
vt 0.64306 0.525
vt 0.6375 0.525
vt 0.64306 0.725
vt 0.64306 0.525
vt 0.64306 0.725
vt 0.64861 0.725
vt 0.64861 0.525
vt 0.64306 0.525
vt 0.64861 0.725
vt 0.64861 0.525
vt 0.64861 0.725
vt 0.7375 0.725
vt 0.7375 0.525
vt 0.64861 0.525
vt 0.7375 0.725
vt 0.6375 0.525
vt 0.6375 0.725
vt 0.64306 0.525
vt 0.6375 0.725
vt 0.64306 0.725
vt 0.64306 0.525
vt 0.64306 0.525
vt 0.64306 0.725
vt 0.64861 0.525
vt 0.64306 0.725
vt 0.64861 0.725
vt 0.64861 0.525
vt 0.64861 0.525
vt 0.64861 0.725
vt 0.7375 0.525
vt 0.64861 0.725
vt 0.7375 0.725
vt 0.7375 0.525
vt 0.6375 0.525
vt 0.6375 0.725
vt 0.64306 0.525
vt 0.6375 0.725
vt 0.64306 0.725
vt 0.64306 0.525
vt 0.64306 0.525
vt 0.64306 0.725
vt 0.64861 0.525
vt 0.64306 0.725
vt 0.64861 0.725
vt 0.64861 0.525
vt 0.64861 0.525
vt 0.64861 0.725
vt 0.7375 0.525
vt 0.64861 0.725
vt 0.7375 0.725
vt 0.7375 0.525
vt 0.0625 0.525
vt 0.0625 0.725
vt 0.06528 0.725
vt 0.06528 0.525
vt 0.0625 0.525
vt 0.06528 0.725
vt 0.06528 0.525
vt 0.06528 0.725
vt 0.06806 0.725
vt 0.06806 0.525
vt 0.06528 0.525
vt 0.06806 0.725
vt 0.06806 0.525
vt 0.06806 0.725
vt 0.1125 0.725
vt 0.1125 0.525
vt 0.06806 0.525
vt 0.1125 0.725
vt 0.0125 0.525
vt 0.0125 0.725
vt 0.01528 0.725
vt 0.01528 0.525
vt 0.0125 0.525
vt 0.01528 0.725
vt 0.01528 0.525
vt 0.01528 0.725
vt 0.01806 0.725
vt 0.01806 0.525
vt 0.01528 0.525
vt 0.01806 0.725
vt 0.01806 0.525
vt 0.01806 0.725
vt 0.0625 0.725
vt 0.0625 0.525
vt 0.01806 0.525
vt 0.0625 0.725
vt 0.0625 0.525
vt 0.0625 0.725
vt 0.06528 0.525
vt 0.0625 0.725
vt 0.06528 0.725
vt 0.06528 0.525
vt 0.06528 0.525
vt 0.06528 0.725
vt 0.06806 0.525
vt 0.06528 0.725
vt 0.06806 0.725
vt 0.06806 0.525
vt 0.06806 0.525
vt 0.06806 0.725
vt 0.1125 0.525
vt 0.06806 0.725
vt 0.1125 0.725
vt 0.1125 0.525
vt 0.0125 0.525
vt 0.0125 0.725
vt 0.01528 0.525
vt 0.0125 0.725
vt 0.01528 0.725
vt 0.01528 0.525
vt 0.01528 0.525
vt 0.01528 0.725
vt 0.01806 0.525
vt 0.01528 0.725
vt 0.01806 0.725
vt 0.01806 0.525
vt 0.01806 0.525
vt 0.01806 0.725
vt 0.0625 0.525
vt 0.01806 0.725
vt 0.0625 0.725
vt 0.0625 0.525
vt 0.5125 0.775
vt 0.5125 0.975
vt 0.51806 0.975
vt 0.51806 0.775
vt 0.5125 0.775
vt 0.51806 0.975
vt 0.51806 0.775
vt 0.51806 0.975
vt 0.52361 0.975
vt 0.52361 0.775
vt 0.51806 0.775
vt 0.52361 0.975
vt 0.52361 0.775
vt 0.52361 0.975
vt 0.6125 0.975
vt 0.6125 0.775
vt 0.52361 0.775
vt 0.6125 0.975
vt 0.5125 0.775
vt 0.5125 0.975
vt 0.51806 0.975
vt 0.51806 0.775
vt 0.5125 0.775
vt 0.51806 0.975
vt 0.51806 0.775
vt 0.51806 0.975
vt 0.52361 0.975
vt 0.52361 0.775
vt 0.51806 0.775
vt 0.52361 0.975
vt 0.52361 0.775
vt 0.52361 0.975
vt 0.6125 0.975
vt 0.6125 0.775
vt 0.52361 0.775
vt 0.6125 0.975
vt 0.5125 0.775
vt 0.5125 0.975
vt 0.51806 0.775
vt 0.5125 0.975
vt 0.51806 0.975
vt 0.51806 0.775
vt 0.51806 0.775
vt 0.51806 0.975
vt 0.52361 0.775
vt 0.51806 0.975
vt 0.52361 0.975
vt 0.52361 0.775
vt 0.52361 0.775
vt 0.52361 0.975
vt 0.6125 0.775
vt 0.52361 0.975
vt 0.6125 0.975
vt 0.6125 0.775
vt 0.5125 0.775
vt 0.5125 0.975
vt 0.51806 0.775
vt 0.5125 0.975
vt 0.51806 0.975
vt 0.51806 0.775
vt 0.51806 0.775
vt 0.51806 0.975
vt 0.52361 0.775
vt 0.51806 0.975
vt 0.52361 0.975
vt 0.52361 0.775
vt 0.52361 0.775
vt 0.52361 0.975
vt 0.6125 0.775
vt 0.52361 0.975
vt 0.6125 0.975
vt 0.6125 0.775
vt 0.6375 0.525
vt 0.6375 0.725
vt 0.7375 0.725
vt 0.7375 0.525
vt 0.6375 0.525
vt 0.7375 0.725
vt 0.6375 0.525
vt 0.6375 0.725
vt 0.7375 0.725
vt 0.7375 0.525
vt 0.6375 0.525
vt 0.7375 0.725
vt 0.6375 0.525
vt 0.6375 0.725
vt 0.7375 0.725
vt 0.7375 0.525
vt 0.6375 0.525
vt 0.7375 0.725
vt 0.6375 0.525
vt 0.6375 0.725
vt 0.7375 0.725
vt 0.7375 0.525
vt 0.6375 0.525
vt 0.7375 0.725
vt 0.6375 0.525
vt 0.6375 0.725
vt 0.7375 0.525
vt 0.6375 0.725
vt 0.7375 0.725
vt 0.7375 0.525
vt 0.6375 0.525
vt 0.6375 0.725
vt 0.7375 0.525
vt 0.6375 0.725
vt 0.7375 0.725
vt 0.7375 0.525
vt 0.6375 0.525
vt 0.6375 0.725
vt 0.7375 0.525
vt 0.6375 0.725
vt 0.7375 0.725
vt 0.7375 0.525
vt 0.6375 0.525
vt 0.6375 0.725
vt 0.7375 0.525
vt 0.6375 0.725
vt 0.7375 0.725
vt 0.7375 0.525
vt 0.6875 0.525
vt 0.6875 0.725
vt 0.7125 0.725
vt 0.7125 0.525
vt 0.6875 0.525
vt 0.7125 0.725
vt 0.7125 0.525
vt 0.7125 0.725
vt 0.7375 0.725
vt 0.7375 0.525
vt 0.7125 0.525
vt 0.7375 0.725
vt 0.6375 0.525
vt 0.6375 0.725
vt 0.6625 0.725
vt 0.6625 0.525
vt 0.6375 0.525
vt 0.6625 0.725
vt 0.6625 0.525
vt 0.6625 0.725
vt 0.6875 0.725
vt 0.6875 0.525
vt 0.6625 0.525
vt 0.6875 0.725
vt 0.6875 0.525
vt 0.6875 0.725
vt 0.7125 0.525
vt 0.6875 0.725
vt 0.7125 0.725
vt 0.7125 0.525
vt 0.7125 0.525
vt 0.7125 0.725
vt 0.7375 0.525
vt 0.7125 0.725
vt 0.7375 0.725
vt 0.7375 0.525
vt 0.6375 0.525
vt 0.6375 0.725
vt 0.6625 0.525
vt 0.6375 0.725
vt 0.6625 0.725
vt 0.6625 0.525
vt 0.6625 0.525
vt 0.6625 0.725
vt 0.6875 0.525
vt 0.6625 0.725
vt 0.6875 0.725
vt 0.6875 0.525
vt 0.1875 0.275
vt 0.1875 0.475
vt 0.2125 0.475
vt 0.2125 0.275
vt 0.1875 0.275
vt 0.2125 0.475
vt 0.2125 0.275
vt 0.2125 0.475
vt 0.2375 0.475
vt 0.2375 0.275
vt 0.2125 0.275
vt 0.2375 0.475
vt 0.1375 0.275
vt 0.1375 0.475
vt 0.1625 0.475
vt 0.1625 0.275
vt 0.1375 0.275
vt 0.1625 0.475
vt 0.1625 0.275
vt 0.1625 0.475
vt 0.1875 0.475
vt 0.1875 0.275
vt 0.1625 0.275
vt 0.1875 0.475
vt 0.1875 0.275
vt 0.1875 0.475
vt 0.2125 0.275
vt 0.1875 0.475
vt 0.2125 0.475
vt 0.2125 0.275
vt 0.2125 0.275
vt 0.2125 0.475
vt 0.2375 0.275
vt 0.2125 0.475
vt 0.2375 0.475
vt 0.2375 0.275
vt 0.1375 0.275
vt 0.1375 0.475
vt 0.1625 0.275
vt 0.1375 0.475
vt 0.1625 0.475
vt 0.1625 0.275
vt 0.1625 0.275
vt 0.1625 0.475
vt 0.1875 0.275
vt 0.1625 0.475
vt 0.1875 0.475
vt 0.1875 0.275
vt 0.6875 0.525
vt 0.6875 0.725
vt 0.7125 0.725
vt 0.7125 0.525
vt 0.6875 0.525
vt 0.7125 0.725
vt 0.7125 0.525
vt 0.7125 0.725
vt 0.7375 0.725
vt 0.7375 0.525
vt 0.7125 0.525
vt 0.7375 0.725
vt 0.6375 0.525
vt 0.6375 0.725
vt 0.6625 0.725
vt 0.6625 0.525
vt 0.6375 0.525
vt 0.6625 0.725
vt 0.6625 0.525
vt 0.6625 0.725
vt 0.6875 0.725
vt 0.6875 0.525
vt 0.6625 0.525
vt 0.6875 0.725
vt 0.6875 0.525
vt 0.6875 0.725
vt 0.7125 0.525
vt 0.6875 0.725
vt 0.7125 0.725
vt 0.7125 0.525
vt 0.7125 0.525
vt 0.7125 0.725
vt 0.7375 0.525
vt 0.7125 0.725
vt 0.7375 0.725
vt 0.7375 0.525
vt 0.6375 0.525
vt 0.6375 0.725
vt 0.6625 0.525
vt 0.6375 0.725
vt 0.6625 0.725
vt 0.6625 0.525
vt 0.6625 0.525
vt 0.6625 0.725
vt 0.6875 0.525
vt 0.6625 0.725
vt 0.6875 0.725
vt 0.6875 0.525
vt 0.1375 0.275
vt 0.1375 0.475
vt 0.1875 0.475
vt 0.1875 0.275
vt 0.1375 0.275
vt 0.1875 0.475
vt 0.1875 0.275
vt 0.1875 0.475
vt 0.2375 0.475
vt 0.2375 0.275
vt 0.1875 0.275
vt 0.2375 0.475
vt 0.1375 0.275
vt 0.1375 0.475
vt 0.1875 0.475
vt 0.1875 0.275
vt 0.1375 0.275
vt 0.1875 0.475
vt 0.1875 0.275
vt 0.1875 0.475
vt 0.2375 0.475
vt 0.2375 0.275
vt 0.1875 0.275
vt 0.2375 0.475
vt 0.1375 0.275
vt 0.1375 0.475
vt 0.1875 0.275
vt 0.1375 0.475
vt 0.1875 0.475
vt 0.1875 0.275
vt 0.1875 0.275
vt 0.1875 0.475
vt 0.2375 0.275
vt 0.1875 0.475
vt 0.2375 0.475
vt 0.2375 0.275
vt 0.1375 0.275
vt 0.1375 0.475
vt 0.1875 0.275
vt 0.1375 0.475
vt 0.1875 0.475
vt 0.1875 0.275
vt 0.1875 0.275
vt 0.1875 0.475
vt 0.2375 0.275
vt 0.1875 0.475
vt 0.2375 0.475
vt 0.2375 0.275
vt 0.6375 0.525
vt 0.6375 0.725
vt 0.6875 0.725
vt 0.6875 0.525
vt 0.6375 0.525
vt 0.6875 0.725
vt 0.6875 0.525
vt 0.6875 0.725
vt 0.7375 0.725
vt 0.7375 0.525
vt 0.6875 0.525
vt 0.7375 0.725
vt 0.6375 0.525
vt 0.6375 0.725
vt 0.6875 0.725
vt 0.6875 0.525
vt 0.6375 0.525
vt 0.6875 0.725
vt 0.6875 0.525
vt 0.6875 0.725
vt 0.7375 0.725
vt 0.7375 0.525
vt 0.6875 0.525
vt 0.7375 0.725
vt 0.6375 0.525
vt 0.6375 0.725
vt 0.6875 0.525
vt 0.6375 0.725
vt 0.6875 0.725
vt 0.6875 0.525
vt 0.6875 0.525
vt 0.6875 0.725
vt 0.7375 0.525
vt 0.6875 0.725
vt 0.7375 0.725
vt 0.7375 0.525
vt 0.6375 0.525
vt 0.6375 0.725
vt 0.6875 0.525
vt 0.6375 0.725
vt 0.6875 0.725
vt 0.6875 0.525
vt 0.6875 0.525
vt 0.6875 0.725
vt 0.7375 0.525
vt 0.6875 0.725
vt 0.7375 0.725
vt 0.7375 0.525
vt 0.1375 0.275
vt 0.1375 0.475
vt 0.1875 0.475
vt 0.1875 0.275
vt 0.1375 0.275
vt 0.1875 0.475
vt 0.1875 0.275
vt 0.1875 0.475
vt 0.2375 0.475
vt 0.2375 0.275
vt 0.1875 0.275
vt 0.2375 0.475
vt 0.1375 0.275
vt 0.1375 0.475
vt 0.1875 0.475
vt 0.1875 0.275
vt 0.1375 0.275
vt 0.1875 0.475
vt 0.1875 0.275
vt 0.1875 0.475
vt 0.2375 0.475
vt 0.2375 0.275
vt 0.1875 0.275
vt 0.2375 0.475
vt 0.1375 0.275
vt 0.1375 0.475
vt 0.1875 0.275
vt 0.1375 0.475
vt 0.1875 0.475
vt 0.1875 0.275
vt 0.1875 0.275
vt 0.1875 0.475
vt 0.2375 0.275
vt 0.1875 0.475
vt 0.2375 0.475
vt 0.2375 0.275
vt 0.1375 0.275
vt 0.1375 0.475
vt 0.1875 0.275
vt 0.1375 0.475
vt 0.1875 0.475
vt 0.1875 0.275
vt 0.1875 0.275
vt 0.1875 0.475
vt 0.2375 0.275
vt 0.1875 0.475
vt 0.2375 0.475
vt 0.2375 0.275
vt 0.6375 0.525
vt 0.6375 0.725
vt 0.6875 0.725
vt 0.6875 0.525
vt 0.6375 0.525
vt 0.6875 0.725
vt 0.6875 0.525
vt 0.6875 0.725
vt 0.7375 0.725
vt 0.7375 0.525
vt 0.6875 0.525
vt 0.7375 0.725
vt 0.6375 0.525
vt 0.6375 0.725
vt 0.6875 0.725
vt 0.6875 0.525
vt 0.6375 0.525
vt 0.6875 0.725
vt 0.6875 0.525
vt 0.6875 0.725
vt 0.7375 0.725
vt 0.7375 0.525
vt 0.6875 0.525
vt 0.7375 0.725
vt 0.6375 0.525
vt 0.6375 0.725
vt 0.6875 0.525
vt 0.6375 0.725
vt 0.6875 0.725
vt 0.6875 0.525
vt 0.6875 0.525
vt 0.6875 0.725
vt 0.7375 0.525
vt 0.6875 0.725
vt 0.7375 0.725
vt 0.7375 0.525
vt 0.6375 0.525
vt 0.6375 0.725
vt 0.6875 0.525
vt 0.6375 0.725
vt 0.6875 0.725
vt 0.6875 0.525
vt 0.6875 0.525
vt 0.6875 0.725
vt 0.7375 0.525
vt 0.6875 0.725
vt 0.7375 0.725
vt 0.7375 0.525
vt 0.1375 0.275
vt 0.1375 0.475
vt 0.2375 0.475
vt 0.2375 0.275
vt 0.1375 0.275
vt 0.2375 0.475
vt 0.1375 0.275
vt 0.1375 0.475
vt 0.2375 0.475
vt 0.2375 0.275
vt 0.1375 0.275
vt 0.2375 0.475
vt 0.1375 0.275
vt 0.1375 0.475
vt 0.2375 0.475
vt 0.2375 0.275
vt 0.1375 0.275
vt 0.2375 0.475
vt 0.1375 0.275
vt 0.1375 0.475
vt 0.2375 0.475
vt 0.2375 0.275
vt 0.1375 0.275
vt 0.2375 0.475
vt 0.1375 0.275
vt 0.1375 0.475
vt 0.2375 0.275
vt 0.1375 0.475
vt 0.2375 0.475
vt 0.2375 0.275
vt 0.1375 0.275
vt 0.1375 0.475
vt 0.2375 0.275
vt 0.1375 0.475
vt 0.2375 0.475
vt 0.2375 0.275
vt 0.1375 0.275
vt 0.1375 0.475
vt 0.2375 0.275
vt 0.1375 0.475
vt 0.2375 0.475
vt 0.2375 0.275
vt 0.1375 0.275
vt 0.1375 0.475
vt 0.2375 0.275
vt 0.1375 0.475
vt 0.2375 0.475
vt 0.2375 0.275
vt 0.6375 0.525
vt 0.6375 0.725
vt 0.7375 0.725
vt 0.7375 0.525
vt 0.6375 0.525
vt 0.7375 0.725
vt 0.6375 0.525
vt 0.6375 0.725
vt 0.7375 0.725
vt 0.7375 0.525
vt 0.6375 0.525
vt 0.7375 0.725
vt 0.6375 0.525
vt 0.6375 0.725
vt 0.7375 0.725
vt 0.7375 0.525
vt 0.6375 0.525
vt 0.7375 0.725
vt 0.6375 0.525
vt 0.6375 0.725
vt 0.7375 0.725
vt 0.7375 0.525
vt 0.6375 0.525
vt 0.7375 0.725
vt 0.6375 0.525
vt 0.6375 0.725
vt 0.7375 0.525
vt 0.6375 0.725
vt 0.7375 0.725
vt 0.7375 0.525
vt 0.6375 0.525
vt 0.6375 0.725
vt 0.7375 0.525
vt 0.6375 0.725
vt 0.7375 0.725
vt 0.7375 0.525
vt 0.6375 0.525
vt 0.6375 0.725
vt 0.7375 0.525
vt 0.6375 0.725
vt 0.7375 0.725
vt 0.7375 0.525
vt 0.6375 0.525
vt 0.6375 0.725
vt 0.7375 0.525
vt 0.6375 0.725
vt 0.7375 0.725
vt 0.7375 0.525
vt 0.6875 0.525
vt 0.6875 0.725
vt 0.7125 0.725
vt 0.7125 0.525
vt 0.6875 0.525
vt 0.7125 0.725
vt 0.7125 0.525
vt 0.7125 0.725
vt 0.7375 0.725
vt 0.7375 0.525
vt 0.7125 0.525
vt 0.7375 0.725
vt 0.6375 0.525
vt 0.6375 0.725
vt 0.6625 0.725
vt 0.6625 0.525
vt 0.6375 0.525
vt 0.6625 0.725
vt 0.6625 0.525
vt 0.6625 0.725
vt 0.6875 0.725
vt 0.6875 0.525
vt 0.6625 0.525
vt 0.6875 0.725
vt 0.6875 0.525
vt 0.6875 0.725
vt 0.7125 0.525
vt 0.6875 0.725
vt 0.7125 0.725
vt 0.7125 0.525
vt 0.7125 0.525
vt 0.7125 0.725
vt 0.7375 0.525
vt 0.7125 0.725
vt 0.7375 0.725
vt 0.7375 0.525
vt 0.6375 0.525
vt 0.6375 0.725
vt 0.6625 0.525
vt 0.6375 0.725
vt 0.6625 0.725
vt 0.6625 0.525
vt 0.6625 0.525
vt 0.6625 0.725
vt 0.6875 0.525
vt 0.6625 0.725
vt 0.6875 0.725
vt 0.6875 0.525
vt 0.1875 0.275
vt 0.1875 0.475
vt 0.2125 0.475
vt 0.2125 0.275
vt 0.1875 0.275
vt 0.2125 0.475
vt 0.2125 0.275
vt 0.2125 0.475
vt 0.2375 0.475
vt 0.2375 0.275
vt 0.2125 0.275
vt 0.2375 0.475
vt 0.1375 0.275
vt 0.1375 0.475
vt 0.1625 0.475
vt 0.1625 0.275
vt 0.1375 0.275
vt 0.1625 0.475
vt 0.1625 0.275
vt 0.1625 0.475
vt 0.1875 0.475
vt 0.1875 0.275
vt 0.1625 0.275
vt 0.1875 0.475
vt 0.1875 0.275
vt 0.1875 0.475
vt 0.2125 0.275
vt 0.1875 0.475
vt 0.2125 0.475
vt 0.2125 0.275
vt 0.2125 0.275
vt 0.2125 0.475
vt 0.2375 0.275
vt 0.2125 0.475
vt 0.2375 0.475
vt 0.2375 0.275
vt 0.1375 0.275
vt 0.1375 0.475
vt 0.1625 0.275
vt 0.1375 0.475
vt 0.1625 0.475
vt 0.1625 0.275
vt 0.1625 0.275
vt 0.1625 0.475
vt 0.1875 0.275
vt 0.1625 0.475
vt 0.1875 0.475
vt 0.1875 0.275
vt 0.6875 0.525
vt 0.6875 0.725
vt 0.7125 0.725
vt 0.7125 0.525
vt 0.6875 0.525
vt 0.7125 0.725
vt 0.7125 0.525
vt 0.7125 0.725
vt 0.7375 0.725
vt 0.7375 0.525
vt 0.7125 0.525
vt 0.7375 0.725
vt 0.6375 0.525
vt 0.6375 0.725
vt 0.6625 0.725
vt 0.6625 0.525
vt 0.6375 0.525
vt 0.6625 0.725
vt 0.6625 0.525
vt 0.6625 0.725
vt 0.6875 0.725
vt 0.6875 0.525
vt 0.6625 0.525
vt 0.6875 0.725
vt 0.6875 0.525
vt 0.6875 0.725
vt 0.7125 0.525
vt 0.6875 0.725
vt 0.7125 0.725
vt 0.7125 0.525
vt 0.7125 0.525
vt 0.7125 0.725
vt 0.7375 0.525
vt 0.7125 0.725
vt 0.7375 0.725
vt 0.7375 0.525
vt 0.6375 0.525
vt 0.6375 0.725
vt 0.6625 0.525
vt 0.6375 0.725
vt 0.6625 0.725
vt 0.6625 0.525
vt 0.6625 0.525
vt 0.6625 0.725
vt 0.6875 0.525
vt 0.6625 0.725
vt 0.6875 0.725
vt 0.6875 0.525
vt 0.1375 0.275
vt 0.1375 0.475
vt 0.1875 0.475
vt 0.1875 0.275
vt 0.1375 0.275
vt 0.1875 0.475
vt 0.1875 0.275
vt 0.1875 0.475
vt 0.2375 0.475
vt 0.2375 0.275
vt 0.1875 0.275
vt 0.2375 0.475
vt 0.1375 0.275
vt 0.1375 0.475
vt 0.1875 0.475
vt 0.1875 0.275
vt 0.1375 0.275
vt 0.1875 0.475
vt 0.1875 0.275
vt 0.1875 0.475
vt 0.2375 0.475
vt 0.2375 0.275
vt 0.1875 0.275
vt 0.2375 0.475
vt 0.1375 0.275
vt 0.1375 0.475
vt 0.1875 0.275
vt 0.1375 0.475
vt 0.1875 0.475
vt 0.1875 0.275
vt 0.1875 0.275
vt 0.1875 0.475
vt 0.2375 0.275
vt 0.1875 0.475
vt 0.2375 0.475
vt 0.2375 0.275
vt 0.1375 0.275
vt 0.1375 0.475
vt 0.1875 0.275
vt 0.1375 0.475
vt 0.1875 0.475
vt 0.1875 0.275
vt 0.1875 0.275
vt 0.1875 0.475
vt 0.2375 0.275
vt 0.1875 0.475
vt 0.2375 0.475
vt 0.2375 0.275
vt 0.6375 0.525
vt 0.6375 0.725
vt 0.6875 0.725
vt 0.6875 0.525
vt 0.6375 0.525
vt 0.6875 0.725
vt 0.6875 0.525
vt 0.6875 0.725
vt 0.7375 0.725
vt 0.7375 0.525
vt 0.6875 0.525
vt 0.7375 0.725
vt 0.6375 0.525
vt 0.6375 0.725
vt 0.6875 0.725
vt 0.6875 0.525
vt 0.6375 0.525
vt 0.6875 0.725
vt 0.6875 0.525
vt 0.6875 0.725
vt 0.7375 0.725
vt 0.7375 0.525
vt 0.6875 0.525
vt 0.7375 0.725
vt 0.6375 0.525
vt 0.6375 0.725
vt 0.6875 0.525
vt 0.6375 0.725
vt 0.6875 0.725
vt 0.6875 0.525
vt 0.6875 0.525
vt 0.6875 0.725
vt 0.7375 0.525
vt 0.6875 0.725
vt 0.7375 0.725
vt 0.7375 0.525
vt 0.6375 0.525
vt 0.6375 0.725
vt 0.6875 0.525
vt 0.6375 0.725
vt 0.6875 0.725
vt 0.6875 0.525
vt 0.6875 0.525
vt 0.6875 0.725
vt 0.7375 0.525
vt 0.6875 0.725
vt 0.7375 0.725
vt 0.7375 0.525
vt 0.1375 0.275
vt 0.1375 0.475
vt 0.1875 0.475
vt 0.1875 0.275
vt 0.1375 0.275
vt 0.1875 0.475
vt 0.1875 0.275
vt 0.1875 0.475
vt 0.2375 0.475
vt 0.2375 0.275
vt 0.1875 0.275
vt 0.2375 0.475
vt 0.1375 0.275
vt 0.1375 0.475
vt 0.1875 0.475
vt 0.1875 0.275
vt 0.1375 0.275
vt 0.1875 0.475
vt 0.1875 0.275
vt 0.1875 0.475
vt 0.2375 0.475
vt 0.2375 0.275
vt 0.1875 0.275
vt 0.2375 0.475
vt 0.1375 0.275
vt 0.1375 0.475
vt 0.1875 0.275
vt 0.1375 0.475
vt 0.1875 0.475
vt 0.1875 0.275
vt 0.1875 0.275
vt 0.1875 0.475
vt 0.2375 0.275
vt 0.1875 0.475
vt 0.2375 0.475
vt 0.2375 0.275
vt 0.1375 0.275
vt 0.1375 0.475
vt 0.1875 0.275
vt 0.1375 0.475
vt 0.1875 0.475
vt 0.1875 0.275
vt 0.1875 0.275
vt 0.1875 0.475
vt 0.2375 0.275
vt 0.1875 0.475
vt 0.2375 0.475
vt 0.2375 0.275
vt 0.6375 0.525
vt 0.6375 0.725
vt 0.6875 0.725
vt 0.6875 0.525
vt 0.6375 0.525
vt 0.6875 0.725
vt 0.6875 0.525
vt 0.6875 0.725
vt 0.7375 0.725
vt 0.7375 0.525
vt 0.6875 0.525
vt 0.7375 0.725
vt 0.6375 0.525
vt 0.6375 0.725
vt 0.6875 0.725
vt 0.6875 0.525
vt 0.6375 0.525
vt 0.6875 0.725
vt 0.6875 0.525
vt 0.6875 0.725
vt 0.7375 0.725
vt 0.7375 0.525
vt 0.6875 0.525
vt 0.7375 0.725
vt 0.6375 0.525
vt 0.6375 0.725
vt 0.6875 0.525
vt 0.6375 0.725
vt 0.6875 0.725
vt 0.6875 0.525
vt 0.6875 0.525
vt 0.6875 0.725
vt 0.7375 0.525
vt 0.6875 0.725
vt 0.7375 0.725
vt 0.7375 0.525
vt 0.6375 0.525
vt 0.6375 0.725
vt 0.6875 0.525
vt 0.6375 0.725
vt 0.6875 0.725
vt 0.6875 0.525
vt 0.6875 0.525
vt 0.6875 0.725
vt 0.7375 0.525
vt 0.6875 0.725
vt 0.7375 0.725
vt 0.7375 0.525
vt 0.1375 0.275
vt 0.1375 0.475
vt 0.2375 0.475
vt 0.2375 0.275
vt 0.1375 0.275
vt 0.2375 0.475
vt 0.1375 0.275
vt 0.1375 0.475
vt 0.2375 0.475
vt 0.2375 0.275
vt 0.1375 0.275
vt 0.2375 0.475
vt 0.1375 0.275
vt 0.1375 0.475
vt 0.2375 0.475
vt 0.2375 0.275
vt 0.1375 0.275
vt 0.2375 0.475
vt 0.1375 0.275
vt 0.1375 0.475
vt 0.2375 0.475
vt 0.2375 0.275
vt 0.1375 0.275
vt 0.2375 0.475
vt 0.1375 0.275
vt 0.1375 0.475
vt 0.2375 0.275
vt 0.1375 0.475
vt 0.2375 0.475
vt 0.2375 0.275
vt 0.1375 0.275
vt 0.1375 0.475
vt 0.2375 0.275
vt 0.1375 0.475
vt 0.2375 0.475
vt 0.2375 0.275
vt 0.1375 0.275
vt 0.1375 0.475
vt 0.2375 0.275
vt 0.1375 0.475
vt 0.2375 0.475
vt 0.2375 0.275
vt 0.1375 0.275
vt 0.1375 0.475
vt 0.2375 0.275
vt 0.1375 0.475
vt 0.2375 0.475
vt 0.2375 0.275
vt 0.6375 0.525
vt 0.6375 0.725
vt 0.7375 0.725
vt 0.7375 0.525
vt 0.6375 0.525
vt 0.7375 0.725
vt 0.6375 0.525
vt 0.6375 0.725
vt 0.7375 0.725
vt 0.7375 0.525
vt 0.6375 0.525
vt 0.7375 0.725
vt 0.6375 0.525
vt 0.6375 0.725
vt 0.7375 0.725
vt 0.7375 0.525
vt 0.6375 0.525
vt 0.7375 0.725
vt 0.6375 0.525
vt 0.6375 0.725
vt 0.7375 0.725
vt 0.7375 0.525
vt 0.6375 0.525
vt 0.7375 0.725
vt 0.6375 0.525
vt 0.6375 0.725
vt 0.7375 0.525
vt 0.6375 0.725
vt 0.7375 0.725
vt 0.7375 0.525
vt 0.6375 0.525
vt 0.6375 0.725
vt 0.7375 0.525
vt 0.6375 0.725
vt 0.7375 0.725
vt 0.7375 0.525
vt 0.6375 0.525
vt 0.6375 0.725
vt 0.7375 0.525
vt 0.6375 0.725
vt 0.7375 0.725
vt 0.7375 0.525
vt 0.6375 0.525
vt 0.6375 0.725
vt 0.7375 0.525
vt 0.6375 0.725
vt 0.7375 0.725
vt 0.7375 0.525
vt 0.1875 0.275
vt 0.1875 0.475
vt 0.2125 0.475
vt 0.2125 0.275
vt 0.1875 0.275
vt 0.2125 0.475
vt 0.2125 0.275
vt 0.2125 0.475
vt 0.2375 0.475
vt 0.2375 0.275
vt 0.2125 0.275
vt 0.2375 0.475
vt 0.1375 0.275
vt 0.1375 0.475
vt 0.1625 0.475
vt 0.1625 0.275
vt 0.1375 0.275
vt 0.1625 0.475
vt 0.1625 0.275
vt 0.1625 0.475
vt 0.1875 0.475
vt 0.1875 0.275
vt 0.1625 0.275
vt 0.1875 0.475
vt 0.1875 0.275
vt 0.1875 0.475
vt 0.2125 0.275
vt 0.1875 0.475
vt 0.2125 0.475
vt 0.2125 0.275
vt 0.2125 0.275
vt 0.2125 0.475
vt 0.2375 0.275
vt 0.2125 0.475
vt 0.2375 0.475
vt 0.2375 0.275
vt 0.1375 0.275
vt 0.1375 0.475
vt 0.1625 0.275
vt 0.1375 0.475
vt 0.1625 0.475
vt 0.1625 0.275
vt 0.1625 0.275
vt 0.1625 0.475
vt 0.1875 0.275
vt 0.1625 0.475
vt 0.1875 0.475
vt 0.1875 0.275
vt 0.6875 0.525
vt 0.6875 0.725
vt 0.7125 0.725
vt 0.7125 0.525
vt 0.6875 0.525
vt 0.7125 0.725
vt 0.7125 0.525
vt 0.7125 0.725
vt 0.7375 0.725
vt 0.7375 0.525
vt 0.7125 0.525
vt 0.7375 0.725
vt 0.6375 0.525
vt 0.6375 0.725
vt 0.6625 0.725
vt 0.6625 0.525
vt 0.6375 0.525
vt 0.6625 0.725
vt 0.6625 0.525
vt 0.6625 0.725
vt 0.6875 0.725
vt 0.6875 0.525
vt 0.6625 0.525
vt 0.6875 0.725
vt 0.6875 0.525
vt 0.6875 0.725
vt 0.7125 0.525
vt 0.6875 0.725
vt 0.7125 0.725
vt 0.7125 0.525
vt 0.7125 0.525
vt 0.7125 0.725
vt 0.7375 0.525
vt 0.7125 0.725
vt 0.7375 0.725
vt 0.7375 0.525
vt 0.6375 0.525
vt 0.6375 0.725
vt 0.6625 0.525
vt 0.6375 0.725
vt 0.6625 0.725
vt 0.6625 0.525
vt 0.6625 0.525
vt 0.6625 0.725
vt 0.6875 0.525
vt 0.6625 0.725
vt 0.6875 0.725
vt 0.6875 0.525
vt 0.1875 0.275
vt 0.1875 0.475
vt 0.2125 0.475
vt 0.2125 0.275
vt 0.1875 0.275
vt 0.2125 0.475
vt 0.2125 0.275
vt 0.2125 0.475
vt 0.2375 0.475
vt 0.2375 0.275
vt 0.2125 0.275
vt 0.2375 0.475
vt 0.1375 0.275
vt 0.1375 0.475
vt 0.1625 0.475
vt 0.1625 0.275
vt 0.1375 0.275
vt 0.1625 0.475
vt 0.1625 0.275
vt 0.1625 0.475
vt 0.1875 0.475
vt 0.1875 0.275
vt 0.1625 0.275
vt 0.1875 0.475
vt 0.1875 0.275
vt 0.1875 0.475
vt 0.2125 0.275
vt 0.1875 0.475
vt 0.2125 0.475
vt 0.2125 0.275
vt 0.2125 0.275
vt 0.2125 0.475
vt 0.2375 0.275
vt 0.2125 0.475
vt 0.2375 0.475
vt 0.2375 0.275
vt 0.1375 0.275
vt 0.1375 0.475
vt 0.1625 0.275
vt 0.1375 0.475
vt 0.1625 0.475
vt 0.1625 0.275
vt 0.1625 0.275
vt 0.1625 0.475
vt 0.1875 0.275
vt 0.1625 0.475
vt 0.1875 0.475
vt 0.1875 0.275
vt 0.6375 0.525
vt 0.6375 0.725
vt 0.6875 0.725
vt 0.6875 0.525
vt 0.6375 0.525
vt 0.6875 0.725
vt 0.6875 0.525
vt 0.6875 0.725
vt 0.7375 0.725
vt 0.7375 0.525
vt 0.6875 0.525
vt 0.7375 0.725
vt 0.6375 0.525
vt 0.6375 0.725
vt 0.6875 0.725
vt 0.6875 0.525
vt 0.6375 0.525
vt 0.6875 0.725
vt 0.6875 0.525
vt 0.6875 0.725
vt 0.7375 0.725
vt 0.7375 0.525
vt 0.6875 0.525
vt 0.7375 0.725
vt 0.6375 0.525
vt 0.6375 0.725
vt 0.6875 0.525
vt 0.6375 0.725
vt 0.6875 0.725
vt 0.6875 0.525
vt 0.6875 0.525
vt 0.6875 0.725
vt 0.7375 0.525
vt 0.6875 0.725
vt 0.7375 0.725
vt 0.7375 0.525
vt 0.6375 0.525
vt 0.6375 0.725
vt 0.6875 0.525
vt 0.6375 0.725
vt 0.6875 0.725
vt 0.6875 0.525
vt 0.6875 0.525
vt 0.6875 0.725
vt 0.7375 0.525
vt 0.6875 0.725
vt 0.7375 0.725
vt 0.7375 0.525
vt 0.1375 0.275
vt 0.1375 0.475
vt 0.1875 0.475
vt 0.1875 0.275
vt 0.1375 0.275
vt 0.1875 0.475
vt 0.1875 0.275
vt 0.1875 0.475
vt 0.2375 0.475
vt 0.2375 0.275
vt 0.1875 0.275
vt 0.2375 0.475
vt 0.1375 0.275
vt 0.1375 0.475
vt 0.1875 0.475
vt 0.1875 0.275
vt 0.1375 0.275
vt 0.1875 0.475
vt 0.1875 0.275
vt 0.1875 0.475
vt 0.2375 0.475
vt 0.2375 0.275
vt 0.1875 0.275
vt 0.2375 0.475
vt 0.1375 0.275
vt 0.1375 0.475
vt 0.1875 0.275
vt 0.1375 0.475
vt 0.1875 0.475
vt 0.1875 0.275
vt 0.1875 0.275
vt 0.1875 0.475
vt 0.2375 0.275
vt 0.1875 0.475
vt 0.2375 0.475
vt 0.2375 0.275
vt 0.1375 0.275
vt 0.1375 0.475
vt 0.1875 0.275
vt 0.1375 0.475
vt 0.1875 0.475
vt 0.1875 0.275
vt 0.1875 0.275
vt 0.1875 0.475
vt 0.2375 0.275
vt 0.1875 0.475
vt 0.2375 0.475
vt 0.2375 0.275
vt 0.6375 0.525
vt 0.6375 0.725
vt 0.6875 0.725
vt 0.6875 0.525
vt 0.6375 0.525
vt 0.6875 0.725
vt 0.6875 0.525
vt 0.6875 0.725
vt 0.7375 0.725
vt 0.7375 0.525
vt 0.6875 0.525
vt 0.7375 0.725
vt 0.6375 0.525
vt 0.6375 0.725
vt 0.6875 0.725
vt 0.6875 0.525
vt 0.6375 0.525
vt 0.6875 0.725
vt 0.6875 0.525
vt 0.6875 0.725
vt 0.7375 0.725
vt 0.7375 0.525
vt 0.6875 0.525
vt 0.7375 0.725
vt 0.6375 0.525
vt 0.6375 0.725
vt 0.6875 0.525
vt 0.6375 0.725
vt 0.6875 0.725
vt 0.6875 0.525
vt 0.6875 0.525
vt 0.6875 0.725
vt 0.7375 0.525
vt 0.6875 0.725
vt 0.7375 0.725
vt 0.7375 0.525
vt 0.6375 0.525
vt 0.6375 0.725
vt 0.6875 0.525
vt 0.6375 0.725
vt 0.6875 0.725
vt 0.6875 0.525
vt 0.6875 0.525
vt 0.6875 0.725
vt 0.7375 0.525
vt 0.6875 0.725
vt 0.7375 0.725
vt 0.7375 0.525
vt 0.1375 0.275
vt 0.1375 0.475
vt 0.1875 0.475
vt 0.1875 0.275
vt 0.1375 0.275
vt 0.1875 0.475
vt 0.1875 0.275
vt 0.1875 0.475
vt 0.2375 0.475
vt 0.2375 0.275
vt 0.1875 0.275
vt 0.2375 0.475
vt 0.1375 0.275
vt 0.1375 0.475
vt 0.1875 0.475
vt 0.1875 0.275
vt 0.1375 0.275
vt 0.1875 0.475
vt 0.1875 0.275
vt 0.1875 0.475
vt 0.2375 0.475
vt 0.2375 0.275
vt 0.1875 0.275
vt 0.2375 0.475
vt 0.1375 0.275
vt 0.1375 0.475
vt 0.1875 0.275
vt 0.1375 0.475
vt 0.1875 0.475
vt 0.1875 0.275
vt 0.1875 0.275
vt 0.1875 0.475
vt 0.2375 0.275
vt 0.1875 0.475
vt 0.2375 0.475
vt 0.2375 0.275
vt 0.1375 0.275
vt 0.1375 0.475
vt 0.1875 0.275
vt 0.1375 0.475
vt 0.1875 0.475
vt 0.1875 0.275
vt 0.1875 0.275
vt 0.1875 0.475
vt 0.2375 0.275
vt 0.1875 0.475
vt 0.2375 0.475
vt 0.2375 0.275
vt 0.6375 0.525
vt 0.6375 0.725
vt 0.7375 0.725
vt 0.7375 0.525
vt 0.6375 0.525
vt 0.7375 0.725
vt 0.6375 0.525
vt 0.6375 0.725
vt 0.7375 0.725
vt 0.7375 0.525
vt 0.6375 0.525
vt 0.7375 0.725
vt 0.6375 0.525
vt 0.6375 0.725
vt 0.7375 0.725
vt 0.7375 0.525
vt 0.6375 0.525
vt 0.7375 0.725
vt 0.6375 0.525
vt 0.6375 0.725
vt 0.7375 0.725
vt 0.7375 0.525
vt 0.6375 0.525
vt 0.7375 0.725
vt 0.6375 0.525
vt 0.6375 0.725
vt 0.7375 0.525
vt 0.6375 0.725
vt 0.7375 0.725
vt 0.7375 0.525
vt 0.6375 0.525
vt 0.6375 0.725
vt 0.7375 0.525
vt 0.6375 0.725
vt 0.7375 0.725
vt 0.7375 0.525
vt 0.6375 0.525
vt 0.6375 0.725
vt 0.7375 0.525
vt 0.6375 0.725
vt 0.7375 0.725
vt 0.7375 0.525
vt 0.6375 0.525
vt 0.6375 0.725
vt 0.7375 0.525
vt 0.6375 0.725
vt 0.7375 0.725
vt 0.7375 0.525
vt 0.6375 0.525
vt 0.6375 0.725
vt 0.7375 0.725
vt 0.7375 0.525
vt 0.6375 0.525
vt 0.7375 0.725
vt 0.6375 0.525
vt 0.6375 0.725
vt 0.7375 0.725
vt 0.7375 0.525
vt 0.6375 0.525
vt 0.7375 0.725
vt 0.6375 0.525
vt 0.6375 0.725
vt 0.7375 0.725
vt 0.7375 0.525
vt 0.6375 0.525
vt 0.7375 0.725
vt 0.6375 0.525
vt 0.6375 0.725
vt 0.7375 0.725
vt 0.7375 0.525
vt 0.6375 0.525
vt 0.7375 0.725
vt 0.6375 0.525
vt 0.6375 0.725
vt 0.7375 0.525
vt 0.6375 0.725
vt 0.7375 0.725
vt 0.7375 0.525
vt 0.6375 0.525
vt 0.6375 0.725
vt 0.7375 0.525
vt 0.6375 0.725
vt 0.7375 0.725
vt 0.7375 0.525
vt 0.6375 0.525
vt 0.6375 0.725
vt 0.7375 0.525
vt 0.6375 0.725
vt 0.7375 0.725
vt 0.7375 0.525
vt 0.6375 0.525
vt 0.6375 0.725
vt 0.7375 0.525
vt 0.6375 0.725
vt 0.7375 0.725
vt 0.7375 0.525
vt 0.1875 0.275
vt 0.1875 0.475
vt 0.2125 0.475
vt 0.2125 0.275
vt 0.1875 0.275
vt 0.2125 0.475
vt 0.2125 0.275
vt 0.2125 0.475
vt 0.2375 0.475
vt 0.2375 0.275
vt 0.2125 0.275
vt 0.2375 0.475
vt 0.1375 0.275
vt 0.1375 0.475
vt 0.1625 0.475
vt 0.1625 0.275
vt 0.1375 0.275
vt 0.1625 0.475
vt 0.1625 0.275
vt 0.1625 0.475
vt 0.1875 0.475
vt 0.1875 0.275
vt 0.1625 0.275
vt 0.1875 0.475
vt 0.1875 0.275
vt 0.1875 0.475
vt 0.2125 0.275
vt 0.1875 0.475
vt 0.2125 0.475
vt 0.2125 0.275
vt 0.2125 0.275
vt 0.2125 0.475
vt 0.2375 0.275
vt 0.2125 0.475
vt 0.2375 0.475
vt 0.2375 0.275
vt 0.1375 0.275
vt 0.1375 0.475
vt 0.1625 0.275
vt 0.1375 0.475
vt 0.1625 0.475
vt 0.1625 0.275
vt 0.1625 0.275
vt 0.1625 0.475
vt 0.1875 0.275
vt 0.1625 0.475
vt 0.1875 0.475
vt 0.1875 0.275
vt 0.6875 0.525
vt 0.6875 0.725
vt 0.7125 0.725
vt 0.7125 0.525
vt 0.6875 0.525
vt 0.7125 0.725
vt 0.7125 0.525
vt 0.7125 0.725
vt 0.7375 0.725
vt 0.7375 0.525
vt 0.7125 0.525
vt 0.7375 0.725
vt 0.6375 0.525
vt 0.6375 0.725
vt 0.6625 0.725
vt 0.6625 0.525
vt 0.6375 0.525
vt 0.6625 0.725
vt 0.6625 0.525
vt 0.6625 0.725
vt 0.6875 0.725
vt 0.6875 0.525
vt 0.6625 0.525
vt 0.6875 0.725
vt 0.6875 0.525
vt 0.6875 0.725
vt 0.7125 0.525
vt 0.6875 0.725
vt 0.7125 0.725
vt 0.7125 0.525
vt 0.7125 0.525
vt 0.7125 0.725
vt 0.7375 0.525
vt 0.7125 0.725
vt 0.7375 0.725
vt 0.7375 0.525
vt 0.6375 0.525
vt 0.6375 0.725
vt 0.6625 0.525
vt 0.6375 0.725
vt 0.6625 0.725
vt 0.6625 0.525
vt 0.6625 0.525
vt 0.6625 0.725
vt 0.6875 0.525
vt 0.6625 0.725
vt 0.6875 0.725
vt 0.6875 0.525
vt 0.1875 0.275
vt 0.1875 0.475
vt 0.2125 0.475
vt 0.2125 0.275
vt 0.1875 0.275
vt 0.2125 0.475
vt 0.2125 0.275
vt 0.2125 0.475
vt 0.2375 0.475
vt 0.2375 0.275
vt 0.2125 0.275
vt 0.2375 0.475
vt 0.1375 0.275
vt 0.1375 0.475
vt 0.1625 0.475
vt 0.1625 0.275
vt 0.1375 0.275
vt 0.1625 0.475
vt 0.1625 0.275
vt 0.1625 0.475
vt 0.1875 0.475
vt 0.1875 0.275
vt 0.1625 0.275
vt 0.1875 0.475
vt 0.1875 0.275
vt 0.1875 0.475
vt 0.2125 0.275
vt 0.1875 0.475
vt 0.2125 0.475
vt 0.2125 0.275
vt 0.2125 0.275
vt 0.2125 0.475
vt 0.2375 0.275
vt 0.2125 0.475
vt 0.2375 0.475
vt 0.2375 0.275
vt 0.1375 0.275
vt 0.1375 0.475
vt 0.1625 0.275
vt 0.1375 0.475
vt 0.1625 0.475
vt 0.1625 0.275
vt 0.1625 0.275
vt 0.1625 0.475
vt 0.1875 0.275
vt 0.1625 0.475
vt 0.1875 0.475
vt 0.1875 0.275
vt 0.6375 0.525
vt 0.6375 0.725
vt 0.6875 0.725
vt 0.6875 0.525
vt 0.6375 0.525
vt 0.6875 0.725
vt 0.6875 0.525
vt 0.6875 0.725
vt 0.7375 0.725
vt 0.7375 0.525
vt 0.6875 0.525
vt 0.7375 0.725
vt 0.6375 0.525
vt 0.6375 0.725
vt 0.6875 0.725
vt 0.6875 0.525
vt 0.6375 0.525
vt 0.6875 0.725
vt 0.6875 0.525
vt 0.6875 0.725
vt 0.7375 0.725
vt 0.7375 0.525
vt 0.6875 0.525
vt 0.7375 0.725
vt 0.6375 0.525
vt 0.6375 0.725
vt 0.6875 0.525
vt 0.6375 0.725
vt 0.6875 0.725
vt 0.6875 0.525
vt 0.6875 0.525
vt 0.6875 0.725
vt 0.7375 0.525
vt 0.6875 0.725
vt 0.7375 0.725
vt 0.7375 0.525
vt 0.6375 0.525
vt 0.6375 0.725
vt 0.6875 0.525
vt 0.6375 0.725
vt 0.6875 0.725
vt 0.6875 0.525
vt 0.6875 0.525
vt 0.6875 0.725
vt 0.7375 0.525
vt 0.6875 0.725
vt 0.7375 0.725
vt 0.7375 0.525
vt 0.1375 0.275
vt 0.1375 0.475
vt 0.1875 0.475
vt 0.1875 0.275
vt 0.1375 0.275
vt 0.1875 0.475
vt 0.1875 0.275
vt 0.1875 0.475
vt 0.2375 0.475
vt 0.2375 0.275
vt 0.1875 0.275
vt 0.2375 0.475
vt 0.1375 0.275
vt 0.1375 0.475
vt 0.1875 0.475
vt 0.1875 0.275
vt 0.1375 0.275
vt 0.1875 0.475
vt 0.1875 0.275
vt 0.1875 0.475
vt 0.2375 0.475
vt 0.2375 0.275
vt 0.1875 0.275
vt 0.2375 0.475
vt 0.1375 0.275
vt 0.1375 0.475
vt 0.1875 0.275
vt 0.1375 0.475
vt 0.1875 0.475
vt 0.1875 0.275
vt 0.1875 0.275
vt 0.1875 0.475
vt 0.2375 0.275
vt 0.1875 0.475
vt 0.2375 0.475
vt 0.2375 0.275
vt 0.1375 0.275
vt 0.1375 0.475
vt 0.1875 0.275
vt 0.1375 0.475
vt 0.1875 0.475
vt 0.1875 0.275
vt 0.1875 0.275
vt 0.1875 0.475
vt 0.2375 0.275
vt 0.1875 0.475
vt 0.2375 0.475
vt 0.2375 0.275
vt 0.6375 0.525
vt 0.6375 0.725
vt 0.6875 0.725
vt 0.6875 0.525
vt 0.6375 0.525
vt 0.6875 0.725
vt 0.6875 0.525
vt 0.6875 0.725
vt 0.7375 0.725
vt 0.7375 0.525
vt 0.6875 0.525
vt 0.7375 0.725
vt 0.6375 0.525
vt 0.6375 0.725
vt 0.6875 0.725
vt 0.6875 0.525
vt 0.6375 0.525
vt 0.6875 0.725
vt 0.6875 0.525
vt 0.6875 0.725
vt 0.7375 0.725
vt 0.7375 0.525
vt 0.6875 0.525
vt 0.7375 0.725
vt 0.6375 0.525
vt 0.6375 0.725
vt 0.6875 0.525
vt 0.6375 0.725
vt 0.6875 0.725
vt 0.6875 0.525
vt 0.6875 0.525
vt 0.6875 0.725
vt 0.7375 0.525
vt 0.6875 0.725
vt 0.7375 0.725
vt 0.7375 0.525
vt 0.6375 0.525
vt 0.6375 0.725
vt 0.6875 0.525
vt 0.6375 0.725
vt 0.6875 0.725
vt 0.6875 0.525
vt 0.6875 0.525
vt 0.6875 0.725
vt 0.7375 0.525
vt 0.6875 0.725
vt 0.7375 0.725
vt 0.7375 0.525
vt 0.1375 0.275
vt 0.1375 0.475
vt 0.1875 0.475
vt 0.1875 0.275
vt 0.1375 0.275
vt 0.1875 0.475
vt 0.1875 0.275
vt 0.1875 0.475
vt 0.2375 0.475
vt 0.2375 0.275
vt 0.1875 0.275
vt 0.2375 0.475
vt 0.1375 0.275
vt 0.1375 0.475
vt 0.1875 0.475
vt 0.1875 0.275
vt 0.1375 0.275
vt 0.1875 0.475
vt 0.1875 0.275
vt 0.1875 0.475
vt 0.2375 0.475
vt 0.2375 0.275
vt 0.1875 0.275
vt 0.2375 0.475
vt 0.1375 0.275
vt 0.1375 0.475
vt 0.1875 0.275
vt 0.1375 0.475
vt 0.1875 0.475
vt 0.1875 0.275
vt 0.1875 0.275
vt 0.1875 0.475
vt 0.2375 0.275
vt 0.1875 0.475
vt 0.2375 0.475
vt 0.2375 0.275
vt 0.1375 0.275
vt 0.1375 0.475
vt 0.1875 0.275
vt 0.1375 0.475
vt 0.1875 0.475
vt 0.1875 0.275
vt 0.1875 0.275
vt 0.1875 0.475
vt 0.2375 0.275
vt 0.1875 0.475
vt 0.2375 0.475
vt 0.2375 0.275
vt 0.6375 0.525
vt 0.6375 0.725
vt 0.7375 0.725
vt 0.7375 0.525
vt 0.6375 0.525
vt 0.7375 0.725
vt 0.6375 0.525
vt 0.6375 0.725
vt 0.7375 0.725
vt 0.7375 0.525
vt 0.6375 0.525
vt 0.7375 0.725
vt 0.6375 0.525
vt 0.6375 0.725
vt 0.7375 0.725
vt 0.7375 0.525
vt 0.6375 0.525
vt 0.7375 0.725
vt 0.6375 0.525
vt 0.6375 0.725
vt 0.7375 0.725
vt 0.7375 0.525
vt 0.6375 0.525
vt 0.7375 0.725
vt 0.6375 0.525
vt 0.6375 0.725
vt 0.7375 0.525
vt 0.6375 0.725
vt 0.7375 0.725
vt 0.7375 0.525
vt 0.6375 0.525
vt 0.6375 0.725
vt 0.7375 0.525
vt 0.6375 0.725
vt 0.7375 0.725
vt 0.7375 0.525
vt 0.6375 0.525
vt 0.6375 0.725
vt 0.7375 0.525
vt 0.6375 0.725
vt 0.7375 0.725
vt 0.7375 0.525
vt 0.6375 0.525
vt 0.6375 0.725
vt 0.7375 0.525
vt 0.6375 0.725
vt 0.7375 0.725
vt 0.7375 0.525
vt 0.5125 0.775
vt 0.5125 0.955
vt 0.6125 0.775
vt 0.6125 0.775
vt 0.5125 0.955
vt 0.6125 0.955
vt 0.5125 0.955
vt 0.5125 0.975
vt 0.6125 0.955
vt 0.6125 0.955
vt 0.5125 0.975
vt 0.6125 0.975
vt 0.5125 0.775
vt 0.6125 0.775
vt 0.5125 0.955
vt 0.6125 0.775
vt 0.6125 0.955
vt 0.5125 0.955
vt 0.5125 0.955
vt 0.6125 0.955
vt 0.5125 0.975
vt 0.6125 0.955
vt 0.6125 0.975
vt 0.5125 0.975
vt 0.87625 0.025
vt 0.87625 0.205
vt 0.87625 0.025
vt 0.87625 0.025
vt 0.87625 0.205
vt 0.87625 0.205
vt 0.87625 0.205
vt 0.87625 0.225
vt 0.87625 0.205
vt 0.87625 0.205
vt 0.87625 0.225
vt 0.87625 0.225
vt 0.87625 0.025
vt 0.87625 0.025
vt 0.87625 0.205
vt 0.87625 0.025
vt 0.87625 0.205
vt 0.87625 0.205
vt 0.87625 0.205
vt 0.87625 0.205
vt 0.87625 0.225
vt 0.87625 0.205
vt 0.87625 0.225
vt 0.87625 0.225
vt 0.87625 0.025
vt 0.87625 0.205
vt 0.87625 0.025
vt 0.87625 0.025
vt 0.87625 0.205
vt 0.87625 0.225
vt 0.87625 0.205
vt 0.87625 0.225
vt 0.87625 0.225
vt 0.87625 0.025
vt 0.87625 0.025
vt 0.87625 0.205
vt 0.87625 0.025
vt 0.87625 0.225
vt 0.87625 0.205
vt 0.87625 0.205
vt 0.87625 0.225
vt 0.87625 0.225
vt 0.5125 0.955
vt 0.5125 0.775
vt 0.6125 0.775
vt 0.5125 0.955
vt 0.6125 0.775
vt 0.6125 0.955
vt 0.5125 0.975
vt 0.5125 0.955
vt 0.6125 0.955
vt 0.5125 0.975
vt 0.6125 0.955
vt 0.6125 0.975
vt 0.5125 0.955
vt 0.6125 0.775
vt 0.5125 0.775
vt 0.5125 0.955
vt 0.6125 0.955
vt 0.6125 0.775
vt 0.5125 0.975
vt 0.6125 0.955
vt 0.5125 0.955
vt 0.5125 0.975
vt 0.6125 0.975
vt 0.6125 0.955
vt 0.87625 0.205
vt 0.87625 0.025
vt 0.87625 0.025
vt 0.87625 0.205
vt 0.87625 0.025
vt 0.87625 0.205
vt 0.87625 0.225
vt 0.87625 0.205
vt 0.87625 0.205
vt 0.87625 0.225
vt 0.87625 0.205
vt 0.87625 0.225
vt 0.87625 0.205
vt 0.87625 0.025
vt 0.87625 0.025
vt 0.87625 0.205
vt 0.87625 0.205
vt 0.87625 0.025
vt 0.87625 0.225
vt 0.87625 0.205
vt 0.87625 0.205
vt 0.87625 0.225
vt 0.87625 0.225
vt 0.87625 0.205
vt 0.87625 0.205
vt 0.87625 0.025
vt 0.87625 0.025
vt 0.87625 0.205
vt 0.87625 0.025
vt 0.87625 0.225
vt 0.87625 0.225
vt 0.87625 0.205
vt 0.87625 0.225
vt 0.87625 0.205
vt 0.87625 0.025
vt 0.87625 0.025
vt 0.87625 0.205
vt 0.87625 0.225
vt 0.87625 0.025
vt 0.87625 0.225
vt 0.87625 0.225
vt 0.87625 0.205
vt 0.2625 0.275
vt 0.2625 0.455
vt 0.3625 0.275
vt 0.3625 0.275
vt 0.2625 0.455
vt 0.3625 0.455
vt 0.2625 0.455
vt 0.2625 0.475
vt 0.3625 0.455
vt 0.3625 0.455
vt 0.2625 0.475
vt 0.3625 0.475
vt 0.2625 0.275
vt 0.3625 0.275
vt 0.2625 0.455
vt 0.3625 0.275
vt 0.3625 0.455
vt 0.2625 0.455
vt 0.2625 0.455
vt 0.3625 0.455
vt 0.2625 0.475
vt 0.3625 0.455
vt 0.3625 0.475
vt 0.2625 0.475
vt 0.2625 0.275
vt 0.2625 0.455
vt 0.3625 0.275
vt 0.3625 0.275
vt 0.2625 0.455
vt 0.3625 0.455
vt 0.2625 0.455
vt 0.2625 0.475
vt 0.3625 0.455
vt 0.3625 0.455
vt 0.2625 0.475
vt 0.3625 0.475
vt 0.2625 0.275
vt 0.3625 0.275
vt 0.2625 0.455
vt 0.3625 0.275
vt 0.3625 0.455
vt 0.2625 0.455
vt 0.2625 0.455
vt 0.3625 0.455
vt 0.2625 0.475
vt 0.3625 0.455
vt 0.3625 0.475
vt 0.2625 0.475
vt 0.1375 0.275
vt 0.1375 0.455
vt 0.2375 0.275
vt 0.2375 0.275
vt 0.1375 0.455
vt 0.2375 0.475
vt 0.1375 0.455
vt 0.1375 0.475
vt 0.2375 0.475
vt 0.1375 0.275
vt 0.2375 0.275
vt 0.1375 0.455
vt 0.2375 0.275
vt 0.2375 0.475
vt 0.1375 0.455
vt 0.1375 0.455
vt 0.2375 0.475
vt 0.1375 0.475
vt 0.2625 0.455
vt 0.2625 0.275
vt 0.3625 0.275
vt 0.2625 0.455
vt 0.3625 0.275
vt 0.3625 0.455
vt 0.2625 0.475
vt 0.2625 0.455
vt 0.3625 0.455
vt 0.2625 0.475
vt 0.3625 0.455
vt 0.3625 0.475
vt 0.2625 0.455
vt 0.3625 0.275
vt 0.2625 0.275
vt 0.2625 0.455
vt 0.3625 0.455
vt 0.3625 0.275
vt 0.2625 0.475
vt 0.3625 0.455
vt 0.2625 0.455
vt 0.2625 0.475
vt 0.3625 0.475
vt 0.3625 0.455
vt 0.2625 0.455
vt 0.2625 0.275
vt 0.3625 0.275
vt 0.2625 0.455
vt 0.3625 0.275
vt 0.3625 0.455
vt 0.2625 0.475
vt 0.2625 0.455
vt 0.3625 0.455
vt 0.2625 0.475
vt 0.3625 0.455
vt 0.3625 0.475
vt 0.2625 0.455
vt 0.3625 0.275
vt 0.2625 0.275
vt 0.2625 0.455
vt 0.3625 0.455
vt 0.3625 0.275
vt 0.2625 0.475
vt 0.3625 0.455
vt 0.2625 0.455
vt 0.2625 0.475
vt 0.3625 0.475
vt 0.3625 0.455
vt 0.1375 0.455
vt 0.1375 0.275
vt 0.2375 0.275
vt 0.1375 0.455
vt 0.2375 0.275
vt 0.2375 0.475
vt 0.1375 0.475
vt 0.1375 0.455
vt 0.2375 0.475
vt 0.1375 0.455
vt 0.2375 0.275
vt 0.1375 0.275
vt 0.1375 0.455
vt 0.2375 0.475
vt 0.2375 0.275
vt 0.1375 0.475
vt 0.2375 0.475
vt 0.1375 0.455
vt 0.5125 0.775
vt 0.5125 0.955
vt 0.6125 0.775
vt 0.6125 0.775
vt 0.5125 0.955
vt 0.6125 0.955
vt 0.5125 0.955
vt 0.5125 0.975
vt 0.6125 0.955
vt 0.6125 0.955
vt 0.5125 0.975
vt 0.6125 0.975
vt 0.5125 0.775
vt 0.6125 0.775
vt 0.5125 0.955
vt 0.6125 0.775
vt 0.6125 0.955
vt 0.5125 0.955
vt 0.5125 0.955
vt 0.6125 0.955
vt 0.5125 0.975
vt 0.6125 0.955
vt 0.6125 0.975
vt 0.5125 0.975
vt 0.87625 0.025
vt 0.87625 0.205
vt 0.87625 0.025
vt 0.87625 0.025
vt 0.87625 0.205
vt 0.87625 0.205
vt 0.87625 0.205
vt 0.87625 0.225
vt 0.87625 0.205
vt 0.87625 0.205
vt 0.87625 0.225
vt 0.87625 0.225
vt 0.87625 0.025
vt 0.87625 0.025
vt 0.87625 0.205
vt 0.87625 0.025
vt 0.87625 0.205
vt 0.87625 0.205
vt 0.87625 0.205
vt 0.87625 0.205
vt 0.87625 0.225
vt 0.87625 0.205
vt 0.87625 0.225
vt 0.87625 0.225
vt 0.87625 0.025
vt 0.87625 0.205
vt 0.87625 0.025
vt 0.87625 0.025
vt 0.87625 0.205
vt 0.87625 0.225
vt 0.87625 0.205
vt 0.87625 0.225
vt 0.87625 0.225
vt 0.87625 0.025
vt 0.87625 0.025
vt 0.87625 0.205
vt 0.87625 0.025
vt 0.87625 0.225
vt 0.87625 0.205
vt 0.87625 0.205
vt 0.87625 0.225
vt 0.87625 0.225
vt 0.5125 0.955
vt 0.5125 0.775
vt 0.6125 0.775
vt 0.5125 0.955
vt 0.6125 0.775
vt 0.6125 0.955
vt 0.5125 0.975
vt 0.5125 0.955
vt 0.6125 0.955
vt 0.5125 0.975
vt 0.6125 0.955
vt 0.6125 0.975
vt 0.5125 0.955
vt 0.6125 0.775
vt 0.5125 0.775
vt 0.5125 0.955
vt 0.6125 0.955
vt 0.6125 0.775
vt 0.5125 0.975
vt 0.6125 0.955
vt 0.5125 0.955
vt 0.5125 0.975
vt 0.6125 0.975
vt 0.6125 0.955
vt 0.87625 0.205
vt 0.87625 0.025
vt 0.87625 0.025
vt 0.87625 0.205
vt 0.87625 0.025
vt 0.87625 0.205
vt 0.87625 0.225
vt 0.87625 0.205
vt 0.87625 0.205
vt 0.87625 0.225
vt 0.87625 0.205
vt 0.87625 0.225
vt 0.87625 0.205
vt 0.87625 0.025
vt 0.87625 0.025
vt 0.87625 0.205
vt 0.87625 0.205
vt 0.87625 0.025
vt 0.87625 0.225
vt 0.87625 0.205
vt 0.87625 0.205
vt 0.87625 0.225
vt 0.87625 0.225
vt 0.87625 0.205
vt 0.87625 0.205
vt 0.87625 0.025
vt 0.87625 0.025
vt 0.87625 0.205
vt 0.87625 0.025
vt 0.87625 0.225
vt 0.87625 0.225
vt 0.87625 0.205
vt 0.87625 0.225
vt 0.87625 0.205
vt 0.87625 0.025
vt 0.87625 0.025
vt 0.87625 0.205
vt 0.87625 0.225
vt 0.87625 0.025
vt 0.87625 0.225
vt 0.87625 0.225
vt 0.87625 0.205
vt 0.3875 0.775
vt 0.3875 0.935
vt 0.4875 0.775
vt 0.4875 0.775
vt 0.3875 0.935
vt 0.4875 0.935
vt 0.3875 0.935
vt 0.3875 0.975
vt 0.4875 0.935
vt 0.4875 0.935
vt 0.3875 0.975
vt 0.4875 0.975
vt 0.3875 0.775
vt 0.4875 0.775
vt 0.3875 0.935
vt 0.4875 0.775
vt 0.4875 0.935
vt 0.3875 0.935
vt 0.3875 0.935
vt 0.4875 0.935
vt 0.3875 0.975
vt 0.4875 0.935
vt 0.4875 0.975
vt 0.3875 0.975
vt 0.3875 0.775
vt 0.3875 0.935
vt 0.4875 0.775
vt 0.4875 0.775
vt 0.3875 0.935
vt 0.4875 0.935
vt 0.3875 0.935
vt 0.3875 0.975
vt 0.4875 0.935
vt 0.4875 0.935
vt 0.3875 0.975
vt 0.4875 0.975
vt 0.3875 0.775
vt 0.4875 0.775
vt 0.3875 0.935
vt 0.4875 0.775
vt 0.4875 0.935
vt 0.3875 0.935
vt 0.3875 0.935
vt 0.4875 0.935
vt 0.3875 0.975
vt 0.4875 0.935
vt 0.4875 0.975
vt 0.3875 0.975
vt 0.2625 0.275
vt 0.2625 0.435
vt 0.3625 0.275
vt 0.3625 0.275
vt 0.2625 0.435
vt 0.3625 0.435
vt 0.2625 0.435
vt 0.2625 0.475
vt 0.3625 0.435
vt 0.3625 0.435
vt 0.2625 0.475
vt 0.3625 0.475
vt 0.2625 0.275
vt 0.3625 0.275
vt 0.2625 0.435
vt 0.3625 0.275
vt 0.3625 0.435
vt 0.2625 0.435
vt 0.2625 0.435
vt 0.3625 0.435
vt 0.2625 0.475
vt 0.3625 0.435
vt 0.3625 0.475
vt 0.2625 0.475
vt 0.2625 0.275
vt 0.2625 0.435
vt 0.3625 0.275
vt 0.3625 0.275
vt 0.2625 0.435
vt 0.3625 0.475
vt 0.2625 0.435
vt 0.2625 0.475
vt 0.3625 0.475
vt 0.2625 0.275
vt 0.3625 0.275
vt 0.2625 0.435
vt 0.3625 0.275
vt 0.3625 0.475
vt 0.2625 0.435
vt 0.2625 0.435
vt 0.3625 0.475
vt 0.2625 0.475
vt 0.3875 0.935
vt 0.3875 0.775
vt 0.4875 0.775
vt 0.3875 0.935
vt 0.4875 0.775
vt 0.4875 0.935
vt 0.3875 0.975
vt 0.3875 0.935
vt 0.4875 0.935
vt 0.3875 0.975
vt 0.4875 0.935
vt 0.4875 0.975
vt 0.3875 0.935
vt 0.4875 0.775
vt 0.3875 0.775
vt 0.3875 0.935
vt 0.4875 0.935
vt 0.4875 0.775
vt 0.3875 0.975
vt 0.4875 0.935
vt 0.3875 0.935
vt 0.3875 0.975
vt 0.4875 0.975
vt 0.4875 0.935
vt 0.3875 0.935
vt 0.3875 0.775
vt 0.4875 0.775
vt 0.3875 0.935
vt 0.4875 0.775
vt 0.4875 0.935
vt 0.3875 0.975
vt 0.3875 0.935
vt 0.4875 0.935
vt 0.3875 0.975
vt 0.4875 0.935
vt 0.4875 0.975
vt 0.3875 0.935
vt 0.4875 0.775
vt 0.3875 0.775
vt 0.3875 0.935
vt 0.4875 0.935
vt 0.4875 0.775
vt 0.3875 0.975
vt 0.4875 0.935
vt 0.3875 0.935
vt 0.3875 0.975
vt 0.4875 0.975
vt 0.4875 0.935
vt 0.2625 0.435
vt 0.2625 0.275
vt 0.3625 0.275
vt 0.2625 0.435
vt 0.3625 0.275
vt 0.3625 0.435
vt 0.2625 0.475
vt 0.2625 0.435
vt 0.3625 0.435
vt 0.2625 0.475
vt 0.3625 0.435
vt 0.3625 0.475
vt 0.2625 0.435
vt 0.3625 0.275
vt 0.2625 0.275
vt 0.2625 0.435
vt 0.3625 0.435
vt 0.3625 0.275
vt 0.2625 0.475
vt 0.3625 0.435
vt 0.2625 0.435
vt 0.2625 0.475
vt 0.3625 0.475
vt 0.3625 0.435
vt 0.2625 0.435
vt 0.2625 0.275
vt 0.3625 0.275
vt 0.2625 0.435
vt 0.3625 0.275
vt 0.3625 0.475
vt 0.2625 0.475
vt 0.2625 0.435
vt 0.3625 0.475
vt 0.2625 0.435
vt 0.3625 0.275
vt 0.2625 0.275
vt 0.2625 0.435
vt 0.3625 0.475
vt 0.3625 0.275
vt 0.2625 0.475
vt 0.3625 0.475
vt 0.2625 0.435

f 9/1 1/2 2/3
f 10/4 9/5 2/6
f 10/7 2/8 3/9
f 11/10 10/11 3/12
f 11/13 3/14 4/15
f 12/16 11/17 4/18
f 12/19 4/20 5/21
f 13/22 12/23 5/24
f 13/25 5/26 14/27
f 5/28 6/29 14/30
f 14/31 6/32 15/33
f 6/34 7/35 15/36
f 15/37 7/38 16/39
f 7/40 8/41 16/42
f 16/43 8/44 9/45
f 8/46 1/47 9/48
f 17/49 9/50 10/51
f 18/52 17/53 10/54
f 18/55 10/56 11/57
f 19/58 18/59 11/60
f 19/61 11/62 12/63
f 20/64 19/65 12/66
f 20/67 12/68 13/69
f 21/70 20/71 13/72
f 21/73 13/74 22/75
f 13/76 14/77 22/78
f 22/79 14/80 23/81
f 14/82 15/83 23/84
f 23/85 15/86 24/87
f 15/88 16/89 24/90
f 24/91 16/92 17/93
f 16/94 9/95 17/96
f 25/97 17/98 18/99
f 26/100 25/101 18/102
f 26/103 18/104 19/105
f 27/106 26/107 19/108
f 27/109 19/110 20/111
f 28/112 27/113 20/114
f 28/115 20/116 21/117
f 29/118 28/119 21/120
f 29/121 21/122 30/123
f 21/124 22/125 30/126
f 30/127 22/128 31/129
f 22/130 23/131 31/132
f 31/133 23/134 32/135
f 23/136 24/137 32/138
f 32/139 24/140 25/141
f 24/142 17/143 25/144
f 33/145 25/146 26/147
f 34/148 33/149 26/150
f 34/151 26/152 27/153
f 35/154 34/155 27/156
f 35/157 27/158 28/159
f 36/160 35/161 28/162
f 36/163 28/164 29/165
f 37/166 36/167 29/168
f 37/169 29/170 38/171
f 29/172 30/173 38/174
f 38/175 30/176 39/177
f 30/178 31/179 39/180
f 39/181 31/182 40/183
f 31/184 32/185 40/186
f 40/187 32/188 33/189
f 32/190 25/191 33/192
f 41/193 33/194 34/195
f 42/196 41/197 34/198
f 42/199 34/200 35/201
f 43/202 42/203 35/204
f 43/205 35/206 36/207
f 44/208 43/209 36/210
f 44/211 36/212 37/213
f 45/214 44/215 37/216
f 45/217 37/218 46/219
f 37/220 38/221 46/222
f 46/223 38/224 47/225
f 38/226 39/227 47/228
f 47/229 39/230 48/231
f 39/232 40/233 48/234
f 48/235 40/236 41/237
f 40/238 33/239 41/240
f 49/241 41/242 42/243
f 50/244 49/245 42/246
f 50/247 42/248 43/249
f 51/250 50/251 43/252
f 51/253 43/254 44/255
f 52/256 51/257 44/258
f 52/259 44/260 45/261
f 53/262 52/263 45/264
f 53/265 45/266 54/267
f 45/268 46/269 54/270
f 54/271 46/272 55/273
f 46/274 47/275 55/276
f 55/277 47/278 56/279
f 47/280 48/281 56/282
f 56/283 48/284 49/285
f 48/286 41/287 49/288
f 57/289 49/290 50/291
f 58/292 57/293 50/294
f 58/295 50/296 51/297
f 59/298 58/299 51/300
f 59/301 51/302 52/303
f 60/304 59/305 52/306
f 60/307 52/308 53/309
f 61/310 60/311 53/312
f 61/313 53/314 62/315
f 53/316 54/317 62/318
f 62/319 54/320 63/321
f 54/322 55/323 63/324
f 63/325 55/326 64/327
f 55/328 56/329 64/330
f 64/331 56/332 57/333
f 56/334 49/335 57/336
f 73/337 65/338 66/339
f 74/340 73/341 66/342
f 74/343 66/344 67/345
f 75/346 74/347 67/348
f 75/349 67/350 68/351
f 76/352 75/353 68/354
f 76/355 68/356 69/357
f 77/358 76/359 69/360
f 77/361 69/362 78/363
f 69/364 70/365 78/366
f 78/367 70/368 79/369
f 70/370 71/371 79/372
f 79/373 71/374 80/375
f 71/376 72/377 80/378
f 80/379 72/380 73/381
f 72/382 65/383 73/384
f 81/385 73/386 74/387
f 82/388 81/389 74/390
f 82/391 74/392 75/393
f 83/394 82/395 75/396
f 83/397 75/398 76/399
f 84/400 83/401 76/402
f 84/403 76/404 77/405
f 85/406 84/407 77/408
f 85/409 77/410 86/411
f 77/412 78/413 86/414
f 86/415 78/416 87/417
f 78/418 79/419 87/420
f 87/421 79/422 88/423
f 79/424 80/425 88/426
f 88/427 80/428 81/429
f 80/430 73/431 81/432
f 89/433 81/434 82/435
f 90/436 89/437 82/438
f 90/439 82/440 83/441
f 91/442 90/443 83/444
f 91/445 83/446 84/447
f 92/448 91/449 84/450
f 92/451 84/452 85/453
f 93/454 92/455 85/456
f 93/457 85/458 94/459
f 85/460 86/461 94/462
f 94/463 86/464 95/465
f 86/466 87/467 95/468
f 95/469 87/470 96/471
f 87/472 88/473 96/474
f 96/475 88/476 89/477
f 88/478 81/479 89/480
f 105/481 97/482 98/483
f 106/484 105/485 98/486
f 106/487 98/488 99/489
f 107/490 106/491 99/492
f 107/493 99/494 100/495
f 108/496 107/497 100/498
f 108/499 100/500 101/501
f 109/502 108/503 101/504
f 109/505 101/506 110/507
f 101/508 102/509 110/510
f 110/511 102/512 111/513
f 102/514 103/515 111/516
f 111/517 103/518 112/519
f 103/520 104/521 112/522
f 112/523 104/524 105/525
f 104/526 97/527 105/528
f 113/529 105/530 106/531
f 114/532 113/533 106/534
f 114/535 106/536 107/537
f 115/538 114/539 107/540
f 115/541 107/542 108/543
f 116/544 115/545 108/546
f 116/547 108/548 109/549
f 117/550 116/551 109/552
f 117/553 109/554 118/555
f 109/556 110/557 118/558
f 118/559 110/560 119/561
f 110/562 111/563 119/564
f 119/565 111/566 120/567
f 111/568 112/569 120/570
f 120/571 112/572 113/573
f 112/574 105/575 113/576
f 121/577 113/578 114/579
f 122/580 121/581 114/582
f 122/583 114/584 115/585
f 123/586 122/587 115/588
f 123/589 115/590 116/591
f 124/592 123/593 116/594
f 124/595 116/596 117/597
f 125/598 124/599 117/600
f 125/601 117/602 126/603
f 117/604 118/605 126/606
f 126/607 118/608 127/609
f 118/610 119/611 127/612
f 127/613 119/614 128/615
f 119/616 120/617 128/618
f 128/619 120/620 121/621
f 120/622 113/623 121/624
f 129/625 121/626 122/627
f 130/628 129/629 122/630
f 130/631 122/632 123/633
f 131/634 130/635 123/636
f 131/637 123/638 124/639
f 132/640 131/641 124/642
f 132/643 124/644 125/645
f 133/646 132/647 125/648
f 133/649 125/650 134/651
f 125/652 126/653 134/654
f 134/655 126/656 135/657
f 126/658 127/659 135/660
f 135/661 127/662 136/663
f 127/664 128/665 136/666
f 136/667 128/668 129/669
f 128/670 121/671 129/672
f 142/673 137/674 138/675
f 143/676 142/677 138/678
f 143/679 138/680 139/681
f 144/682 143/683 139/684
f 144/685 139/686 140/687
f 145/688 144/689 140/690
f 145/691 140/692 146/693
f 140/694 141/695 146/696
f 146/697 141/698 142/699
f 141/700 137/701 142/702
f 147/703 142/704 143/705
f 148/706 147/707 143/708
f 148/709 143/710 144/711
f 149/712 148/713 144/714
f 149/715 144/716 145/717
f 150/718 149/719 145/720
f 150/721 145/722 151/723
f 145/724 146/725 151/726
f 151/727 146/728 147/729
f 146/730 142/731 147/732
f 152/733 147/734 148/735
f 153/736 152/737 148/738
f 153/739 148/740 149/741
f 154/742 153/743 149/744
f 154/745 149/746 150/747
f 155/748 154/749 150/750
f 155/751 150/752 156/753
f 150/754 151/755 156/756
f 156/757 151/758 152/759
f 151/760 147/761 152/762
f 157/763 152/764 153/765
f 158/766 157/767 153/768
f 158/769 153/770 154/771
f 159/772 158/773 154/774
f 159/775 154/776 155/777
f 160/778 159/779 155/780
f 160/781 155/782 161/783
f 155/784 156/785 161/786
f 161/787 156/788 157/789
f 156/790 152/791 157/792
f 167/793 162/794 163/795
f 168/796 167/797 163/798
f 168/799 163/800 164/801
f 169/802 168/803 164/804
f 169/805 164/806 165/807
f 170/808 169/809 165/810
f 170/811 165/812 171/813
f 165/814 166/815 171/816
f 171/817 166/818 167/819
f 166/820 162/821 167/822
f 172/823 167/824 168/825
f 173/826 172/827 168/828
f 173/829 168/830 169/831
f 174/832 173/833 169/834
f 174/835 169/836 170/837
f 175/838 174/839 170/840
f 175/841 170/842 176/843
f 170/844 171/845 176/846
f 176/847 171/848 172/849
f 171/850 167/851 172/852
f 177/853 172/854 173/855
f 178/856 177/857 173/858
f 178/859 173/860 174/861
f 179/862 178/863 174/864
f 179/865 174/866 175/867
f 180/868 179/869 175/870
f 180/871 175/872 181/873
f 175/874 176/875 181/876
f 181/877 176/878 177/879
f 176/880 172/881 177/882
f 182/883 177/884 178/885
f 183/886 182/887 178/888
f 183/889 178/890 179/891
f 184/892 183/893 179/894
f 184/895 179/896 180/897
f 185/898 184/899 180/900
f 185/901 180/902 186/903
f 180/904 181/905 186/906
f 186/907 181/908 182/909
f 181/910 177/911 182/912
f 199/913 187/914 188/915
f 200/916 199/917 188/918
f 200/919 188/920 189/921
f 201/922 200/923 189/924
f 201/925 189/926 190/927
f 202/928 201/929 190/930
f 202/931 190/932 191/933
f 203/934 202/935 191/936
f 203/937 191/938 192/939
f 204/940 203/941 192/942
f 204/943 192/944 193/945
f 205/946 204/947 193/948
f 205/949 193/950 206/951
f 193/952 194/953 206/954
f 206/955 194/956 207/957
f 194/958 195/959 207/960
f 207/961 195/962 208/963
f 195/964 196/965 208/966
f 208/967 196/968 209/969
f 196/970 197/971 209/972
f 209/973 197/974 210/975
f 197/976 198/977 210/978
f 210/979 198/980 199/981
f 198/982 187/983 199/984
f 211/985 199/986 200/987
f 212/988 211/989 200/990
f 212/991 200/992 201/993
f 213/994 212/995 201/996
f 213/997 201/998 202/999
f 214/1000 213/1001 202/1002
f 214/1003 202/1004 203/1005
f 215/1006 214/1007 203/1008
f 215/1009 203/1010 204/1011
f 216/1012 215/1013 204/1014
f 216/1015 204/1016 205/1017
f 217/1018 216/1019 205/1020
f 217/1021 205/1022 218/1023
f 205/1024 206/1025 218/1026
f 218/1027 206/1028 219/1029
f 206/1030 207/1031 219/1032
f 219/1033 207/1034 220/1035
f 207/1036 208/1037 220/1038
f 220/1039 208/1040 221/1041
f 208/1042 209/1043 221/1044
f 221/1045 209/1046 222/1047
f 209/1048 210/1049 222/1050
f 222/1051 210/1052 211/1053
f 210/1054 199/1055 211/1056
f 223/1057 211/1058 212/1059
f 224/1060 223/1061 212/1062
f 224/1063 212/1064 213/1065
f 225/1066 224/1067 213/1068
f 225/1069 213/1070 214/1071
f 226/1072 225/1073 214/1074
f 226/1075 214/1076 215/1077
f 227/1078 226/1079 215/1080
f 227/1081 215/1082 216/1083
f 228/1084 227/1085 216/1086
f 228/1087 216/1088 217/1089
f 229/1090 228/1091 217/1092
f 229/1093 217/1094 230/1095
f 217/1096 218/1097 230/1098
f 230/1099 218/1100 231/1101
f 218/1102 219/1103 231/1104
f 231/1105 219/1106 232/1107
f 219/1108 220/1109 232/1110
f 232/1111 220/1112 233/1113
f 220/1114 221/1115 233/1116
f 233/1117 221/1118 234/1119
f 221/1120 222/1121 234/1122
f 234/1123 222/1124 223/1125
f 222/1126 211/1127 223/1128
f 235/1129 223/1130 224/1131
f 236/1132 235/1133 224/1134
f 236/1135 224/1136 225/1137
f 237/1138 236/1139 225/1140
f 237/1141 225/1142 226/1143
f 238/1144 237/1145 226/1146
f 238/1147 226/1148 227/1149
f 239/1150 238/1151 227/1152
f 239/1153 227/1154 228/1155
f 240/1156 239/1157 228/1158
f 240/1159 228/1160 229/1161
f 241/1162 240/1163 229/1164
f 241/1165 229/1166 242/1167
f 229/1168 230/1169 242/1170
f 242/1171 230/1172 243/1173
f 230/1174 231/1175 243/1176
f 243/1177 231/1178 244/1179
f 231/1180 232/1181 244/1182
f 244/1183 232/1184 245/1185
f 232/1186 233/1187 245/1188
f 245/1189 233/1190 246/1191
f 233/1192 234/1193 246/1194
f 246/1195 234/1196 235/1197
f 234/1198 223/1199 235/1200
f 247/1201 235/1202 236/1203
f 248/1204 247/1205 236/1206
f 248/1207 236/1208 237/1209
f 249/1210 248/1211 237/1212
f 249/1213 237/1214 238/1215
f 250/1216 249/1217 238/1218
f 250/1219 238/1220 239/1221
f 251/1222 250/1223 239/1224
f 251/1225 239/1226 240/1227
f 252/1228 251/1229 240/1230
f 252/1231 240/1232 241/1233
f 253/1234 252/1235 241/1236
f 253/1237 241/1238 254/1239
f 241/1240 242/1241 254/1242
f 254/1243 242/1244 255/1245
f 242/1246 243/1247 255/1248
f 255/1249 243/1250 256/1251
f 243/1252 244/1253 256/1254
f 256/1255 244/1256 257/1257
f 244/1258 245/1259 257/1260
f 257/1261 245/1262 258/1263
f 245/1264 246/1265 258/1266
f 258/1267 246/1268 247/1269
f 246/1270 235/1271 247/1272
f 259/1273 247/1274 248/1275
f 260/1276 259/1277 248/1278
f 260/1279 248/1280 249/1281
f 261/1282 260/1283 249/1284
f 261/1285 249/1286 250/1287
f 262/1288 261/1289 250/1290
f 262/1291 250/1292 251/1293
f 263/1294 262/1295 251/1296
f 263/1297 251/1298 252/1299
f 264/1300 263/1301 252/1302
f 264/1303 252/1304 253/1305
f 265/1306 264/1307 253/1308
f 265/1309 253/1310 266/1311
f 253/1312 254/1313 266/1314
f 266/1315 254/1316 267/1317
f 254/1318 255/1319 267/1320
f 267/1321 255/1322 268/1323
f 255/1324 256/1325 268/1326
f 268/1327 256/1328 269/1329
f 256/1330 257/1331 269/1332
f 269/1333 257/1334 270/1335
f 257/1336 258/1337 270/1338
f 270/1339 258/1340 259/1341
f 258/1342 247/1343 259/1344
f 271/1345 259/1346 260/1347
f 272/1348 271/1349 260/1350
f 272/1351 260/1352 261/1353
f 273/1354 272/1355 261/1356
f 273/1357 261/1358 262/1359
f 274/1360 273/1361 262/1362
f 274/1363 262/1364 263/1365
f 275/1366 274/1367 263/1368
f 275/1369 263/1370 264/1371
f 276/1372 275/1373 264/1374
f 276/1375 264/1376 265/1377
f 277/1378 276/1379 265/1380
f 277/1381 265/1382 278/1383
f 265/1384 266/1385 278/1386
f 278/1387 266/1388 279/1389
f 266/1390 267/1391 279/1392
f 279/1393 267/1394 280/1395
f 267/1396 268/1397 280/1398
f 280/1399 268/1400 281/1401
f 268/1402 269/1403 281/1404
f 281/1405 269/1406 282/1407
f 269/1408 270/1409 282/1410
f 282/1411 270/1412 271/1413
f 270/1414 259/1415 271/1416
f 295/1417 283/1418 284/1419
f 296/1420 295/1421 284/1422
f 296/1423 284/1424 285/1425
f 297/1426 296/1427 285/1428
f 297/1429 285/1430 286/1431
f 298/1432 297/1433 286/1434
f 298/1435 286/1436 287/1437
f 299/1438 298/1439 287/1440
f 299/1441 287/1442 288/1443
f 300/1444 299/1445 288/1446
f 300/1447 288/1448 289/1449
f 301/1450 300/1451 289/1452
f 301/1453 289/1454 302/1455
f 289/1456 290/1457 302/1458
f 302/1459 290/1460 303/1461
f 290/1462 291/1463 303/1464
f 303/1465 291/1466 304/1467
f 291/1468 292/1469 304/1470
f 304/1471 292/1472 305/1473
f 292/1474 293/1475 305/1476
f 305/1477 293/1478 306/1479
f 293/1480 294/1481 306/1482
f 306/1483 294/1484 295/1485
f 294/1486 283/1487 295/1488
f 307/1489 295/1490 296/1491
f 308/1492 307/1493 296/1494
f 308/1495 296/1496 297/1497
f 309/1498 308/1499 297/1500
f 309/1501 297/1502 298/1503
f 310/1504 309/1505 298/1506
f 310/1507 298/1508 299/1509
f 311/1510 310/1511 299/1512
f 311/1513 299/1514 300/1515
f 312/1516 311/1517 300/1518
f 312/1519 300/1520 301/1521
f 313/1522 312/1523 301/1524
f 313/1525 301/1526 314/1527
f 301/1528 302/1529 314/1530
f 314/1531 302/1532 315/1533
f 302/1534 303/1535 315/1536
f 315/1537 303/1538 316/1539
f 303/1540 304/1541 316/1542
f 316/1543 304/1544 317/1545
f 304/1546 305/1547 317/1548
f 317/1549 305/1550 318/1551
f 305/1552 306/1553 318/1554
f 318/1555 306/1556 307/1557
f 306/1558 295/1559 307/1560
f 319/1561 307/1562 308/1563
f 320/1564 319/1565 308/1566
f 320/1567 308/1568 309/1569
f 321/1570 320/1571 309/1572
f 321/1573 309/1574 310/1575
f 322/1576 321/1577 310/1578
f 322/1579 310/1580 311/1581
f 323/1582 322/1583 311/1584
f 323/1585 311/1586 312/1587
f 324/1588 323/1589 312/1590
f 324/1591 312/1592 313/1593
f 325/1594 324/1595 313/1596
f 325/1597 313/1598 326/1599
f 313/1600 314/1601 326/1602
f 326/1603 314/1604 327/1605
f 314/1606 315/1607 327/1608
f 327/1609 315/1610 328/1611
f 315/1612 316/1613 328/1614
f 328/1615 316/1616 329/1617
f 316/1618 317/1619 329/1620
f 329/1621 317/1622 330/1623
f 317/1624 318/1625 330/1626
f 330/1627 318/1628 319/1629
f 318/1630 307/1631 319/1632
f 331/1633 319/1634 320/1635
f 332/1636 331/1637 320/1638
f 332/1639 320/1640 321/1641
f 333/1642 332/1643 321/1644
f 333/1645 321/1646 322/1647
f 334/1648 333/1649 322/1650
f 334/1651 322/1652 323/1653
f 335/1654 334/1655 323/1656
f 335/1657 323/1658 324/1659
f 336/1660 335/1661 324/1662
f 336/1663 324/1664 325/1665
f 337/1666 336/1667 325/1668
f 337/1669 325/1670 338/1671
f 325/1672 326/1673 338/1674
f 338/1675 326/1676 339/1677
f 326/1678 327/1679 339/1680
f 339/1681 327/1682 340/1683
f 327/1684 328/1685 340/1686
f 340/1687 328/1688 341/1689
f 328/1690 329/1691 341/1692
f 341/1693 329/1694 342/1695
f 329/1696 330/1697 342/1698
f 342/1699 330/1700 331/1701
f 330/1702 319/1703 331/1704
f 343/1705 331/1706 332/1707
f 344/1708 343/1709 332/1710
f 344/1711 332/1712 333/1713
f 345/1714 344/1715 333/1716
f 345/1717 333/1718 334/1719
f 346/1720 345/1721 334/1722
f 346/1723 334/1724 335/1725
f 347/1726 346/1727 335/1728
f 347/1729 335/1730 336/1731
f 348/1732 347/1733 336/1734
f 348/1735 336/1736 337/1737
f 349/1738 348/1739 337/1740
f 349/1741 337/1742 350/1743
f 337/1744 338/1745 350/1746
f 350/1747 338/1748 351/1749
f 338/1750 339/1751 351/1752
f 351/1753 339/1754 352/1755
f 339/1756 340/1757 352/1758
f 352/1759 340/1760 353/1761
f 340/1762 341/1763 353/1764
f 353/1765 341/1766 354/1767
f 341/1768 342/1769 354/1770
f 354/1771 342/1772 343/1773
f 342/1774 331/1775 343/1776
f 355/1777 343/1778 344/1779
f 356/1780 355/1781 344/1782
f 356/1783 344/1784 345/1785
f 357/1786 356/1787 345/1788
f 357/1789 345/1790 346/1791
f 358/1792 357/1793 346/1794
f 358/1795 346/1796 347/1797
f 359/1798 358/1799 347/1800
f 359/1801 347/1802 348/1803
f 360/1804 359/1805 348/1806
f 360/1807 348/1808 349/1809
f 361/1810 360/1811 349/1812
f 361/1813 349/1814 362/1815
f 349/1816 350/1817 362/1818
f 362/1819 350/1820 363/1821
f 350/1822 351/1823 363/1824
f 363/1825 351/1826 364/1827
f 351/1828 352/1829 364/1830
f 364/1831 352/1832 365/1833
f 352/1834 353/1835 365/1836
f 365/1837 353/1838 366/1839
f 353/1840 354/1841 366/1842
f 366/1843 354/1844 355/1845
f 354/1846 343/1847 355/1848
f 367/1849 355/1850 356/1851
f 368/1852 367/1853 356/1854
f 368/1855 356/1856 357/1857
f 369/1858 368/1859 357/1860
f 369/1861 357/1862 358/1863
f 370/1864 369/1865 358/1866
f 370/1867 358/1868 359/1869
f 371/1870 370/1871 359/1872
f 371/1873 359/1874 360/1875
f 372/1876 371/1877 360/1878
f 372/1879 360/1880 361/1881
f 373/1882 372/1883 361/1884
f 373/1885 361/1886 374/1887
f 361/1888 362/1889 374/1890
f 374/1891 362/1892 375/1893
f 362/1894 363/1895 375/1896
f 375/1897 363/1898 376/1899
f 363/1900 364/1901 376/1902
f 376/1903 364/1904 377/1905
f 364/1906 365/1907 377/1908
f 377/1909 365/1910 378/1911
f 365/1912 366/1913 378/1914
f 378/1915 366/1916 367/1917
f 366/1918 355/1919 367/1920
f 391/1921 379/1922 380/1923
f 392/1924 391/1925 380/1926
f 392/1927 380/1928 381/1929
f 393/1930 392/1931 381/1932
f 393/1933 381/1934 382/1935
f 394/1936 393/1937 382/1938
f 394/1939 382/1940 383/1941
f 395/1942 394/1943 383/1944
f 395/1945 383/1946 384/1947
f 396/1948 395/1949 384/1950
f 396/1951 384/1952 385/1953
f 397/1954 396/1955 385/1956
f 397/1957 385/1958 398/1959
f 385/1960 386/1961 398/1962
f 398/1963 386/1964 399/1965
f 386/1966 387/1967 399/1968
f 399/1969 387/1970 400/1971
f 387/1972 388/1973 400/1974
f 400/1975 388/1976 401/1977
f 388/1978 389/1979 401/1980
f 401/1981 389/1982 402/1983
f 389/1984 390/1985 402/1986
f 402/1987 390/1988 391/1989
f 390/1990 379/1991 391/1992
f 403/1993 391/1994 392/1995
f 404/1996 403/1997 392/1998
f 404/1999 392/2000 393/2001
f 405/2002 404/2003 393/2004
f 405/2005 393/2006 394/2007
f 406/2008 405/2009 394/2010
f 406/2011 394/2012 395/2013
f 407/2014 406/2015 395/2016
f 407/2017 395/2018 396/2019
f 408/2020 407/2021 396/2022
f 408/2023 396/2024 397/2025
f 409/2026 408/2027 397/2028
f 409/2029 397/2030 410/2031
f 397/2032 398/2033 410/2034
f 410/2035 398/2036 411/2037
f 398/2038 399/2039 411/2040
f 411/2041 399/2042 412/2043
f 399/2044 400/2045 412/2046
f 412/2047 400/2048 413/2049
f 400/2050 401/2051 413/2052
f 413/2053 401/2054 414/2055
f 401/2056 402/2057 414/2058
f 414/2059 402/2060 403/2061
f 402/2062 391/2063 403/2064
f 415/2065 403/2066 404/2067
f 416/2068 415/2069 404/2070
f 416/2071 404/2072 405/2073
f 417/2074 416/2075 405/2076
f 417/2077 405/2078 406/2079
f 418/2080 417/2081 406/2082
f 418/2083 406/2084 407/2085
f 419/2086 418/2087 407/2088
f 419/2089 407/2090 408/2091
f 420/2092 419/2093 408/2094
f 420/2095 408/2096 409/2097
f 421/2098 420/2099 409/2100
f 421/2101 409/2102 422/2103
f 409/2104 410/2105 422/2106
f 422/2107 410/2108 423/2109
f 410/2110 411/2111 423/2112
f 423/2113 411/2114 424/2115
f 411/2116 412/2117 424/2118
f 424/2119 412/2120 425/2121
f 412/2122 413/2123 425/2124
f 425/2125 413/2126 426/2127
f 413/2128 414/2129 426/2130
f 426/2131 414/2132 415/2133
f 414/2134 403/2135 415/2136
f 427/2137 415/2138 416/2139
f 428/2140 427/2141 416/2142
f 428/2143 416/2144 417/2145
f 429/2146 428/2147 417/2148
f 429/2149 417/2150 418/2151
f 430/2152 429/2153 418/2154
f 430/2155 418/2156 419/2157
f 431/2158 430/2159 419/2160
f 431/2161 419/2162 420/2163
f 432/2164 431/2165 420/2166
f 432/2167 420/2168 421/2169
f 433/2170 432/2171 421/2172
f 433/2173 421/2174 434/2175
f 421/2176 422/2177 434/2178
f 434/2179 422/2180 435/2181
f 422/2182 423/2183 435/2184
f 435/2185 423/2186 436/2187
f 423/2188 424/2189 436/2190
f 436/2191 424/2192 437/2193
f 424/2194 425/2195 437/2196
f 437/2197 425/2198 438/2199
f 425/2200 426/2201 438/2202
f 438/2203 426/2204 427/2205
f 426/2206 415/2207 427/2208
f 439/2209 427/2210 428/2211
f 440/2212 439/2213 428/2214
f 440/2215 428/2216 429/2217
f 441/2218 440/2219 429/2220
f 441/2221 429/2222 430/2223
f 442/2224 441/2225 430/2226
f 442/2227 430/2228 431/2229
f 443/2230 442/2231 431/2232
f 443/2233 431/2234 432/2235
f 444/2236 443/2237 432/2238
f 444/2239 432/2240 433/2241
f 445/2242 444/2243 433/2244
f 445/2245 433/2246 446/2247
f 433/2248 434/2249 446/2250
f 446/2251 434/2252 447/2253
f 434/2254 435/2255 447/2256
f 447/2257 435/2258 448/2259
f 435/2260 436/2261 448/2262
f 448/2263 436/2264 449/2265
f 436/2266 437/2267 449/2268
f 449/2269 437/2270 450/2271
f 437/2272 438/2273 450/2274
f 450/2275 438/2276 439/2277
f 438/2278 427/2279 439/2280
f 451/2281 439/2282 440/2283
f 452/2284 451/2285 440/2286
f 452/2287 440/2288 441/2289
f 453/2290 452/2291 441/2292
f 453/2293 441/2294 442/2295
f 454/2296 453/2297 442/2298
f 454/2299 442/2300 443/2301
f 455/2302 454/2303 443/2304
f 455/2305 443/2306 444/2307
f 456/2308 455/2309 444/2310
f 456/2311 444/2312 445/2313
f 457/2314 456/2315 445/2316
f 457/2317 445/2318 458/2319
f 445/2320 446/2321 458/2322
f 458/2323 446/2324 459/2325
f 446/2326 447/2327 459/2328
f 459/2329 447/2330 460/2331
f 447/2332 448/2333 460/2334
f 460/2335 448/2336 461/2337
f 448/2338 449/2339 461/2340
f 461/2341 449/2342 462/2343
f 449/2344 450/2345 462/2346
f 462/2347 450/2348 451/2349
f 450/2350 439/2351 451/2352
f 463/2353 451/2354 452/2355
f 464/2356 463/2357 452/2358
f 464/2359 452/2360 453/2361
f 465/2362 464/2363 453/2364
f 465/2365 453/2366 454/2367
f 466/2368 465/2369 454/2370
f 466/2371 454/2372 455/2373
f 467/2374 466/2375 455/2376
f 467/2377 455/2378 456/2379
f 468/2380 467/2381 456/2382
f 468/2383 456/2384 457/2385
f 469/2386 468/2387 457/2388
f 469/2389 457/2390 470/2391
f 457/2392 458/2393 470/2394
f 470/2395 458/2396 471/2397
f 458/2398 459/2399 471/2400
f 471/2401 459/2402 472/2403
f 459/2404 460/2405 472/2406
f 472/2407 460/2408 473/2409
f 460/2410 461/2411 473/2412
f 473/2413 461/2414 474/2415
f 461/2416 462/2417 474/2418
f 474/2419 462/2420 463/2421
f 462/2422 451/2423 463/2424
f 487/2425 475/2426 476/2427
f 488/2428 487/2429 476/2430
f 488/2431 476/2432 477/2433
f 489/2434 488/2435 477/2436
f 489/2437 477/2438 478/2439
f 490/2440 489/2441 478/2442
f 490/2443 478/2444 479/2445
f 491/2446 490/2447 479/2448
f 491/2449 479/2450 480/2451
f 492/2452 491/2453 480/2454
f 492/2455 480/2456 481/2457
f 493/2458 492/2459 481/2460
f 493/2461 481/2462 494/2463
f 481/2464 482/2465 494/2466
f 494/2467 482/2468 495/2469
f 482/2470 483/2471 495/2472
f 495/2473 483/2474 496/2475
f 483/2476 484/2477 496/2478
f 496/2479 484/2480 497/2481
f 484/2482 485/2483 497/2484
f 497/2485 485/2486 498/2487
f 485/2488 486/2489 498/2490
f 498/2491 486/2492 487/2493
f 486/2494 475/2495 487/2496
f 499/2497 487/2498 488/2499
f 500/2500 499/2501 488/2502
f 500/2503 488/2504 489/2505
f 501/2506 500/2507 489/2508
f 501/2509 489/2510 490/2511
f 502/2512 501/2513 490/2514
f 502/2515 490/2516 491/2517
f 503/2518 502/2519 491/2520
f 503/2521 491/2522 492/2523
f 504/2524 503/2525 492/2526
f 504/2527 492/2528 493/2529
f 505/2530 504/2531 493/2532
f 505/2533 493/2534 506/2535
f 493/2536 494/2537 506/2538
f 506/2539 494/2540 507/2541
f 494/2542 495/2543 507/2544
f 507/2545 495/2546 508/2547
f 495/2548 496/2549 508/2550
f 508/2551 496/2552 509/2553
f 496/2554 497/2555 509/2556
f 509/2557 497/2558 510/2559
f 497/2560 498/2561 510/2562
f 510/2563 498/2564 499/2565
f 498/2566 487/2567 499/2568
f 511/2569 499/2570 500/2571
f 512/2572 511/2573 500/2574
f 512/2575 500/2576 501/2577
f 513/2578 512/2579 501/2580
f 513/2581 501/2582 502/2583
f 514/2584 513/2585 502/2586
f 514/2587 502/2588 503/2589
f 515/2590 514/2591 503/2592
f 515/2593 503/2594 504/2595
f 516/2596 515/2597 504/2598
f 516/2599 504/2600 505/2601
f 517/2602 516/2603 505/2604
f 517/2605 505/2606 518/2607
f 505/2608 506/2609 518/2610
f 518/2611 506/2612 519/2613
f 506/2614 507/2615 519/2616
f 519/2617 507/2618 520/2619
f 507/2620 508/2621 520/2622
f 520/2623 508/2624 521/2625
f 508/2626 509/2627 521/2628
f 521/2629 509/2630 522/2631
f 509/2632 510/2633 522/2634
f 522/2635 510/2636 511/2637
f 510/2638 499/2639 511/2640
f 523/2641 511/2642 512/2643
f 524/2644 523/2645 512/2646
f 524/2647 512/2648 513/2649
f 525/2650 524/2651 513/2652
f 525/2653 513/2654 514/2655
f 526/2656 525/2657 514/2658
f 526/2659 514/2660 515/2661
f 527/2662 526/2663 515/2664
f 527/2665 515/2666 516/2667
f 528/2668 527/2669 516/2670
f 528/2671 516/2672 517/2673
f 529/2674 528/2675 517/2676
f 529/2677 517/2678 530/2679
f 517/2680 518/2681 530/2682
f 530/2683 518/2684 531/2685
f 518/2686 519/2687 531/2688
f 531/2689 519/2690 532/2691
f 519/2692 520/2693 532/2694
f 532/2695 520/2696 533/2697
f 520/2698 521/2699 533/2700
f 533/2701 521/2702 534/2703
f 521/2704 522/2705 534/2706
f 534/2707 522/2708 523/2709
f 522/2710 511/2711 523/2712
f 535/2713 523/2714 524/2715
f 536/2716 535/2717 524/2718
f 536/2719 524/2720 525/2721
f 537/2722 536/2723 525/2724
f 537/2725 525/2726 526/2727
f 538/2728 537/2729 526/2730
f 538/2731 526/2732 527/2733
f 539/2734 538/2735 527/2736
f 539/2737 527/2738 528/2739
f 540/2740 539/2741 528/2742
f 540/2743 528/2744 529/2745
f 541/2746 540/2747 529/2748
f 541/2749 529/2750 542/2751
f 529/2752 530/2753 542/2754
f 542/2755 530/2756 543/2757
f 530/2758 531/2759 543/2760
f 543/2761 531/2762 544/2763
f 531/2764 532/2765 544/2766
f 544/2767 532/2768 545/2769
f 532/2770 533/2771 545/2772
f 545/2773 533/2774 546/2775
f 533/2776 534/2777 546/2778
f 546/2779 534/2780 535/2781
f 534/2782 523/2783 535/2784
f 547/2785 535/2786 536/2787
f 548/2788 547/2789 536/2790
f 548/2791 536/2792 537/2793
f 549/2794 548/2795 537/2796
f 549/2797 537/2798 538/2799
f 550/2800 549/2801 538/2802
f 550/2803 538/2804 539/2805
f 551/2806 550/2807 539/2808
f 551/2809 539/2810 540/2811
f 552/2812 551/2813 540/2814
f 552/2815 540/2816 541/2817
f 553/2818 552/2819 541/2820
f 553/2821 541/2822 554/2823
f 541/2824 542/2825 554/2826
f 554/2827 542/2828 555/2829
f 542/2830 543/2831 555/2832
f 555/2833 543/2834 556/2835
f 543/2836 544/2837 556/2838
f 556/2839 544/2840 557/2841
f 544/2842 545/2843 557/2844
f 557/2845 545/2846 558/2847
f 545/2848 546/2849 558/2850
f 558/2851 546/2852 547/2853
f 546/2854 535/2855 547/2856
f 559/2857 547/2858 548/2859
f 560/2860 559/2861 548/2862
f 560/2863 548/2864 549/2865
f 561/2866 560/2867 549/2868
f 561/2869 549/2870 550/2871
f 562/2872 561/2873 550/2874
f 562/2875 550/2876 551/2877
f 563/2878 562/2879 551/2880
f 563/2881 551/2882 552/2883
f 564/2884 563/2885 552/2886
f 564/2887 552/2888 553/2889
f 565/2890 564/2891 553/2892
f 565/2893 553/2894 566/2895
f 553/2896 554/2897 566/2898
f 566/2899 554/2900 567/2901
f 554/2902 555/2903 567/2904
f 567/2905 555/2906 568/2907
f 555/2908 556/2909 568/2910
f 568/2911 556/2912 569/2913
f 556/2914 557/2915 569/2916
f 569/2917 557/2918 570/2919
f 557/2920 558/2921 570/2922
f 570/2923 558/2924 559/2925
f 558/2926 547/2927 559/2928
f 583/2929 571/2930 572/2931
f 584/2932 583/2933 572/2934
f 584/2935 572/2936 573/2937
f 585/2938 584/2939 573/2940
f 585/2941 573/2942 574/2943
f 586/2944 585/2945 574/2946
f 586/2947 574/2948 575/2949
f 587/2950 586/2951 575/2952
f 587/2953 575/2954 576/2955
f 588/2956 587/2957 576/2958
f 588/2959 576/2960 577/2961
f 589/2962 588/2963 577/2964
f 589/2965 577/2966 590/2967
f 577/2968 578/2969 590/2970
f 590/2971 578/2972 591/2973
f 578/2974 579/2975 591/2976
f 591/2977 579/2978 592/2979
f 579/2980 580/2981 592/2982
f 592/2983 580/2984 593/2985
f 580/2986 581/2987 593/2988
f 593/2989 581/2990 594/2991
f 581/2992 582/2993 594/2994
f 594/2995 582/2996 583/2997
f 582/2998 571/2999 583/3000
f 595/3001 583/3002 584/3003
f 596/3004 595/3005 584/3006
f 596/3007 584/3008 585/3009
f 597/3010 596/3011 585/3012
f 597/3013 585/3014 586/3015
f 598/3016 597/3017 586/3018
f 598/3019 586/3020 587/3021
f 599/3022 598/3023 587/3024
f 599/3025 587/3026 588/3027
f 600/3028 599/3029 588/3030
f 600/3031 588/3032 589/3033
f 601/3034 600/3035 589/3036
f 601/3037 589/3038 602/3039
f 589/3040 590/3041 602/3042
f 602/3043 590/3044 603/3045
f 590/3046 591/3047 603/3048
f 603/3049 591/3050 604/3051
f 591/3052 592/3053 604/3054
f 604/3055 592/3056 605/3057
f 592/3058 593/3059 605/3060
f 605/3061 593/3062 606/3063
f 593/3064 594/3065 606/3066
f 606/3067 594/3068 595/3069
f 594/3070 583/3071 595/3072
f 607/3073 595/3074 596/3075
f 608/3076 607/3077 596/3078
f 608/3079 596/3080 597/3081
f 609/3082 608/3083 597/3084
f 609/3085 597/3086 598/3087
f 610/3088 609/3089 598/3090
f 610/3091 598/3092 599/3093
f 611/3094 610/3095 599/3096
f 611/3097 599/3098 600/3099
f 612/3100 611/3101 600/3102
f 612/3103 600/3104 601/3105
f 613/3106 612/3107 601/3108
f 613/3109 601/3110 614/3111
f 601/3112 602/3113 614/3114
f 614/3115 602/3116 615/3117
f 602/3118 603/3119 615/3120
f 615/3121 603/3122 616/3123
f 603/3124 604/3125 616/3126
f 616/3127 604/3128 617/3129
f 604/3130 605/3131 617/3132
f 617/3133 605/3134 618/3135
f 605/3136 606/3137 618/3138
f 618/3139 606/3140 607/3141
f 606/3142 595/3143 607/3144
f 619/3145 607/3146 608/3147
f 620/3148 619/3149 608/3150
f 620/3151 608/3152 609/3153
f 621/3154 620/3155 609/3156
f 621/3157 609/3158 610/3159
f 622/3160 621/3161 610/3162
f 622/3163 610/3164 611/3165
f 623/3166 622/3167 611/3168
f 623/3169 611/3170 612/3171
f 624/3172 623/3173 612/3174
f 624/3175 612/3176 613/3177
f 625/3178 624/3179 613/3180
f 625/3181 613/3182 626/3183
f 613/3184 614/3185 626/3186
f 626/3187 614/3188 627/3189
f 614/3190 615/3191 627/3192
f 627/3193 615/3194 628/3195
f 615/3196 616/3197 628/3198
f 628/3199 616/3200 629/3201
f 616/3202 617/3203 629/3204
f 629/3205 617/3206 630/3207
f 617/3208 618/3209 630/3210
f 630/3211 618/3212 619/3213
f 618/3214 607/3215 619/3216
f 631/3217 619/3218 620/3219
f 632/3220 631/3221 620/3222
f 632/3223 620/3224 621/3225
f 633/3226 632/3227 621/3228
f 633/3229 621/3230 622/3231
f 634/3232 633/3233 622/3234
f 634/3235 622/3236 623/3237
f 635/3238 634/3239 623/3240
f 635/3241 623/3242 624/3243
f 636/3244 635/3245 624/3246
f 636/3247 624/3248 625/3249
f 637/3250 636/3251 625/3252
f 637/3253 625/3254 638/3255
f 625/3256 626/3257 638/3258
f 638/3259 626/3260 639/3261
f 626/3262 627/3263 639/3264
f 639/3265 627/3266 640/3267
f 627/3268 628/3269 640/3270
f 640/3271 628/3272 641/3273
f 628/3274 629/3275 641/3276
f 641/3277 629/3278 642/3279
f 629/3280 630/3281 642/3282
f 642/3283 630/3284 631/3285
f 630/3286 619/3287 631/3288
f 643/3289 631/3290 632/3291
f 644/3292 643/3293 632/3294
f 644/3295 632/3296 633/3297
f 645/3298 644/3299 633/3300
f 645/3301 633/3302 634/3303
f 646/3304 645/3305 634/3306
f 646/3307 634/3308 635/3309
f 647/3310 646/3311 635/3312
f 647/3313 635/3314 636/3315
f 648/3316 647/3317 636/3318
f 648/3319 636/3320 637/3321
f 649/3322 648/3323 637/3324
f 649/3325 637/3326 650/3327
f 637/3328 638/3329 650/3330
f 650/3331 638/3332 651/3333
f 638/3334 639/3335 651/3336
f 651/3337 639/3338 652/3339
f 639/3340 640/3341 652/3342
f 652/3343 640/3344 653/3345
f 640/3346 641/3347 653/3348
f 653/3349 641/3350 654/3351
f 641/3352 642/3353 654/3354
f 654/3355 642/3356 643/3357
f 642/3358 631/3359 643/3360
f 655/3361 643/3362 644/3363
f 656/3364 655/3365 644/3366
f 656/3367 644/3368 645/3369
f 657/3370 656/3371 645/3372
f 657/3373 645/3374 646/3375
f 658/3376 657/3377 646/3378
f 658/3379 646/3380 647/3381
f 659/3382 658/3383 647/3384
f 659/3385 647/3386 648/3387
f 660/3388 659/3389 648/3390
f 660/3391 648/3392 649/3393
f 661/3394 660/3395 649/3396
f 661/3397 649/3398 662/3399
f 649/3400 650/3401 662/3402
f 662/3403 650/3404 663/3405
f 650/3406 651/3407 663/3408
f 663/3409 651/3410 664/3411
f 651/3412 652/3413 664/3414
f 664/3415 652/3416 665/3417
f 652/3418 653/3419 665/3420
f 665/3421 653/3422 666/3423
f 653/3424 654/3425 666/3426
f 666/3427 654/3428 655/3429
f 654/3430 643/3431 655/3432
f 679/3433 667/3434 668/3435
f 680/3436 679/3437 668/3438
f 680/3439 668/3440 669/3441
f 681/3442 680/3443 669/3444
f 681/3445 669/3446 670/3447
f 682/3448 681/3449 670/3450
f 682/3451 670/3452 671/3453
f 683/3454 682/3455 671/3456
f 683/3457 671/3458 672/3459
f 684/3460 683/3461 672/3462
f 684/3463 672/3464 673/3465
f 685/3466 684/3467 673/3468
f 685/3469 673/3470 686/3471
f 673/3472 674/3473 686/3474
f 686/3475 674/3476 687/3477
f 674/3478 675/3479 687/3480
f 687/3481 675/3482 688/3483
f 675/3484 676/3485 688/3486
f 688/3487 676/3488 689/3489
f 676/3490 677/3491 689/3492
f 689/3493 677/3494 690/3495
f 677/3496 678/3497 690/3498
f 690/3499 678/3500 679/3501
f 678/3502 667/3503 679/3504
f 691/3505 679/3506 680/3507
f 692/3508 691/3509 680/3510
f 692/3511 680/3512 681/3513
f 693/3514 692/3515 681/3516
f 693/3517 681/3518 682/3519
f 694/3520 693/3521 682/3522
f 694/3523 682/3524 683/3525
f 695/3526 694/3527 683/3528
f 695/3529 683/3530 684/3531
f 696/3532 695/3533 684/3534
f 696/3535 684/3536 685/3537
f 697/3538 696/3539 685/3540
f 697/3541 685/3542 698/3543
f 685/3544 686/3545 698/3546
f 698/3547 686/3548 699/3549
f 686/3550 687/3551 699/3552
f 699/3553 687/3554 700/3555
f 687/3556 688/3557 700/3558
f 700/3559 688/3560 701/3561
f 688/3562 689/3563 701/3564
f 701/3565 689/3566 702/3567
f 689/3568 690/3569 702/3570
f 702/3571 690/3572 691/3573
f 690/3574 679/3575 691/3576
f 703/3577 691/3578 692/3579
f 704/3580 703/3581 692/3582
f 704/3583 692/3584 693/3585
f 705/3586 704/3587 693/3588
f 705/3589 693/3590 694/3591
f 706/3592 705/3593 694/3594
f 706/3595 694/3596 695/3597
f 707/3598 706/3599 695/3600
f 707/3601 695/3602 696/3603
f 708/3604 707/3605 696/3606
f 708/3607 696/3608 697/3609
f 709/3610 708/3611 697/3612
f 709/3613 697/3614 710/3615
f 697/3616 698/3617 710/3618
f 710/3619 698/3620 711/3621
f 698/3622 699/3623 711/3624
f 711/3625 699/3626 712/3627
f 699/3628 700/3629 712/3630
f 712/3631 700/3632 713/3633
f 700/3634 701/3635 713/3636
f 713/3637 701/3638 714/3639
f 701/3640 702/3641 714/3642
f 714/3643 702/3644 703/3645
f 702/3646 691/3647 703/3648
f 715/3649 703/3650 704/3651
f 716/3652 715/3653 704/3654
f 716/3655 704/3656 705/3657
f 717/3658 716/3659 705/3660
f 717/3661 705/3662 706/3663
f 718/3664 717/3665 706/3666
f 718/3667 706/3668 707/3669
f 719/3670 718/3671 707/3672
f 719/3673 707/3674 708/3675
f 720/3676 719/3677 708/3678
f 720/3679 708/3680 709/3681
f 721/3682 720/3683 709/3684
f 721/3685 709/3686 722/3687
f 709/3688 710/3689 722/3690
f 722/3691 710/3692 723/3693
f 710/3694 711/3695 723/3696
f 723/3697 711/3698 724/3699
f 711/3700 712/3701 724/3702
f 724/3703 712/3704 725/3705
f 712/3706 713/3707 725/3708
f 725/3709 713/3710 726/3711
f 713/3712 714/3713 726/3714
f 726/3715 714/3716 715/3717
f 714/3718 703/3719 715/3720
f 727/3721 715/3722 716/3723
f 728/3724 727/3725 716/3726
f 728/3727 716/3728 717/3729
f 729/3730 728/3731 717/3732
f 729/3733 717/3734 718/3735
f 730/3736 729/3737 718/3738
f 730/3739 718/3740 719/3741
f 731/3742 730/3743 719/3744
f 731/3745 719/3746 720/3747
f 732/3748 731/3749 720/3750
f 732/3751 720/3752 721/3753
f 733/3754 732/3755 721/3756
f 733/3757 721/3758 734/3759
f 721/3760 722/3761 734/3762
f 734/3763 722/3764 735/3765
f 722/3766 723/3767 735/3768
f 735/3769 723/3770 736/3771
f 723/3772 724/3773 736/3774
f 736/3775 724/3776 737/3777
f 724/3778 725/3779 737/3780
f 737/3781 725/3782 738/3783
f 725/3784 726/3785 738/3786
f 738/3787 726/3788 727/3789
f 726/3790 715/3791 727/3792
f 739/3793 727/3794 728/3795
f 740/3796 739/3797 728/3798
f 740/3799 728/3800 729/3801
f 741/3802 740/3803 729/3804
f 741/3805 729/3806 730/3807
f 742/3808 741/3809 730/3810
f 742/3811 730/3812 731/3813
f 743/3814 742/3815 731/3816
f 743/3817 731/3818 732/3819
f 744/3820 743/3821 732/3822
f 744/3823 732/3824 733/3825
f 745/3826 744/3827 733/3828
f 745/3829 733/3830 746/3831
f 733/3832 734/3833 746/3834
f 746/3835 734/3836 747/3837
f 734/3838 735/3839 747/3840
f 747/3841 735/3842 748/3843
f 735/3844 736/3845 748/3846
f 748/3847 736/3848 749/3849
f 736/3850 737/3851 749/3852
f 749/3853 737/3854 750/3855
f 737/3856 738/3857 750/3858
f 750/3859 738/3860 739/3861
f 738/3862 727/3863 739/3864
f 751/3865 739/3866 740/3867
f 752/3868 751/3869 740/3870
f 752/3871 740/3872 741/3873
f 753/3874 752/3875 741/3876
f 753/3877 741/3878 742/3879
f 754/3880 753/3881 742/3882
f 754/3883 742/3884 743/3885
f 755/3886 754/3887 743/3888
f 755/3889 743/3890 744/3891
f 756/3892 755/3893 744/3894
f 756/3895 744/3896 745/3897
f 757/3898 756/3899 745/3900
f 757/3901 745/3902 758/3903
f 745/3904 746/3905 758/3906
f 758/3907 746/3908 759/3909
f 746/3910 747/3911 759/3912
f 759/3913 747/3914 760/3915
f 747/3916 748/3917 760/3918
f 760/3919 748/3920 761/3921
f 748/3922 749/3923 761/3924
f 761/3925 749/3926 762/3927
f 749/3928 750/3929 762/3930
f 762/3931 750/3932 751/3933
f 750/3934 739/3935 751/3936
f 775/3937 763/3938 764/3939
f 776/3940 775/3941 764/3942
f 776/3943 764/3944 765/3945
f 777/3946 776/3947 765/3948
f 777/3949 765/3950 766/3951
f 778/3952 777/3953 766/3954
f 778/3955 766/3956 767/3957
f 779/3958 778/3959 767/3960
f 779/3961 767/3962 768/3963
f 780/3964 779/3965 768/3966
f 780/3967 768/3968 769/3969
f 781/3970 780/3971 769/3972
f 781/3973 769/3974 782/3975
f 769/3976 770/3977 782/3978
f 782/3979 770/3980 783/3981
f 770/3982 771/3983 783/3984
f 783/3985 771/3986 784/3987
f 771/3988 772/3989 784/3990
f 784/3991 772/3992 785/3993
f 772/3994 773/3995 785/3996
f 785/3997 773/3998 786/3999
f 773/4000 774/4001 786/4002
f 786/4003 774/4004 775/4005
f 774/4006 763/4007 775/4008
f 787/4009 775/4010 776/4011
f 788/4012 787/4013 776/4014
f 788/4015 776/4016 777/4017
f 789/4018 788/4019 777/4020
f 789/4021 777/4022 778/4023
f 790/4024 789/4025 778/4026
f 790/4027 778/4028 779/4029
f 791/4030 790/4031 779/4032
f 791/4033 779/4034 780/4035
f 792/4036 791/4037 780/4038
f 792/4039 780/4040 781/4041
f 793/4042 792/4043 781/4044
f 793/4045 781/4046 794/4047
f 781/4048 782/4049 794/4050
f 794/4051 782/4052 795/4053
f 782/4054 783/4055 795/4056
f 795/4057 783/4058 796/4059
f 783/4060 784/4061 796/4062
f 796/4063 784/4064 797/4065
f 784/4066 785/4067 797/4068
f 797/4069 785/4070 798/4071
f 785/4072 786/4073 798/4074
f 798/4075 786/4076 787/4077
f 786/4078 775/4079 787/4080
f 799/4081 787/4082 788/4083
f 800/4084 799/4085 788/4086
f 800/4087 788/4088 789/4089
f 801/4090 800/4091 789/4092
f 801/4093 789/4094 790/4095
f 802/4096 801/4097 790/4098
f 802/4099 790/4100 791/4101
f 803/4102 802/4103 791/4104
f 803/4105 791/4106 792/4107
f 804/4108 803/4109 792/4110
f 804/4111 792/4112 793/4113
f 805/4114 804/4115 793/4116
f 805/4117 793/4118 806/4119
f 793/4120 794/4121 806/4122
f 806/4123 794/4124 807/4125
f 794/4126 795/4127 807/4128
f 807/4129 795/4130 808/4131
f 795/4132 796/4133 808/4134
f 808/4135 796/4136 809/4137
f 796/4138 797/4139 809/4140
f 809/4141 797/4142 810/4143
f 797/4144 798/4145 810/4146
f 810/4147 798/4148 799/4149
f 798/4150 787/4151 799/4152
f 811/4153 799/4154 800/4155
f 812/4156 811/4157 800/4158
f 812/4159 800/4160 801/4161
f 813/4162 812/4163 801/4164
f 813/4165 801/4166 802/4167
f 814/4168 813/4169 802/4170
f 814/4171 802/4172 803/4173
f 815/4174 814/4175 803/4176
f 815/4177 803/4178 804/4179
f 816/4180 815/4181 804/4182
f 816/4183 804/4184 805/4185
f 817/4186 816/4187 805/4188
f 817/4189 805/4190 818/4191
f 805/4192 806/4193 818/4194
f 818/4195 806/4196 819/4197
f 806/4198 807/4199 819/4200
f 819/4201 807/4202 820/4203
f 807/4204 808/4205 820/4206
f 820/4207 808/4208 821/4209
f 808/4210 809/4211 821/4212
f 821/4213 809/4214 822/4215
f 809/4216 810/4217 822/4218
f 822/4219 810/4220 811/4221
f 810/4222 799/4223 811/4224
f 823/4225 811/4226 812/4227
f 824/4228 823/4229 812/4230
f 824/4231 812/4232 813/4233
f 825/4234 824/4235 813/4236
f 825/4237 813/4238 814/4239
f 826/4240 825/4241 814/4242
f 826/4243 814/4244 815/4245
f 827/4246 826/4247 815/4248
f 827/4249 815/4250 816/4251
f 828/4252 827/4253 816/4254
f 828/4255 816/4256 817/4257
f 829/4258 828/4259 817/4260
f 829/4261 817/4262 830/4263
f 817/4264 818/4265 830/4266
f 830/4267 818/4268 831/4269
f 818/4270 819/4271 831/4272
f 831/4273 819/4274 832/4275
f 819/4276 820/4277 832/4278
f 832/4279 820/4280 833/4281
f 820/4282 821/4283 833/4284
f 833/4285 821/4286 834/4287
f 821/4288 822/4289 834/4290
f 834/4291 822/4292 823/4293
f 822/4294 811/4295 823/4296
f 835/4297 823/4298 824/4299
f 836/4300 835/4301 824/4302
f 836/4303 824/4304 825/4305
f 837/4306 836/4307 825/4308
f 837/4309 825/4310 826/4311
f 838/4312 837/4313 826/4314
f 838/4315 826/4316 827/4317
f 839/4318 838/4319 827/4320
f 839/4321 827/4322 828/4323
f 840/4324 839/4325 828/4326
f 840/4327 828/4328 829/4329
f 841/4330 840/4331 829/4332
f 841/4333 829/4334 842/4335
f 829/4336 830/4337 842/4338
f 842/4339 830/4340 843/4341
f 830/4342 831/4343 843/4344
f 843/4345 831/4346 844/4347
f 831/4348 832/4349 844/4350
f 844/4351 832/4352 845/4353
f 832/4354 833/4355 845/4356
f 845/4357 833/4358 846/4359
f 833/4360 834/4361 846/4362
f 846/4363 834/4364 835/4365
f 834/4366 823/4367 835/4368
f 847/4369 835/4370 836/4371
f 848/4372 847/4373 836/4374
f 848/4375 836/4376 837/4377
f 849/4378 848/4379 837/4380
f 849/4381 837/4382 838/4383
f 850/4384 849/4385 838/4386
f 850/4387 838/4388 839/4389
f 851/4390 850/4391 839/4392
f 851/4393 839/4394 840/4395
f 852/4396 851/4397 840/4398
f 852/4399 840/4400 841/4401
f 853/4402 852/4403 841/4404
f 853/4405 841/4406 854/4407
f 841/4408 842/4409 854/4410
f 854/4411 842/4412 855/4413
f 842/4414 843/4415 855/4416
f 855/4417 843/4418 856/4419
f 843/4420 844/4421 856/4422
f 856/4423 844/4424 857/4425
f 844/4426 845/4427 857/4428
f 857/4429 845/4430 858/4431
f 845/4432 846/4433 858/4434
f 858/4435 846/4436 847/4437
f 846/4438 835/4439 847/4440
f 871/4441 859/4442 860/4443
f 872/4444 871/4445 860/4446
f 872/4447 860/4448 861/4449
f 873/4450 872/4451 861/4452
f 873/4453 861/4454 862/4455
f 874/4456 873/4457 862/4458
f 874/4459 862/4460 863/4461
f 875/4462 874/4463 863/4464
f 875/4465 863/4466 864/4467
f 876/4468 875/4469 864/4470
f 876/4471 864/4472 865/4473
f 877/4474 876/4475 865/4476
f 877/4477 865/4478 878/4479
f 865/4480 866/4481 878/4482
f 878/4483 866/4484 879/4485
f 866/4486 867/4487 879/4488
f 879/4489 867/4490 880/4491
f 867/4492 868/4493 880/4494
f 880/4495 868/4496 881/4497
f 868/4498 869/4499 881/4500
f 881/4501 869/4502 882/4503
f 869/4504 870/4505 882/4506
f 882/4507 870/4508 871/4509
f 870/4510 859/4511 871/4512
f 883/4513 871/4514 872/4515
f 884/4516 883/4517 872/4518
f 884/4519 872/4520 873/4521
f 885/4522 884/4523 873/4524
f 885/4525 873/4526 874/4527
f 886/4528 885/4529 874/4530
f 886/4531 874/4532 875/4533
f 887/4534 886/4535 875/4536
f 887/4537 875/4538 876/4539
f 888/4540 887/4541 876/4542
f 888/4543 876/4544 877/4545
f 889/4546 888/4547 877/4548
f 889/4549 877/4550 890/4551
f 877/4552 878/4553 890/4554
f 890/4555 878/4556 891/4557
f 878/4558 879/4559 891/4560
f 891/4561 879/4562 892/4563
f 879/4564 880/4565 892/4566
f 892/4567 880/4568 893/4569
f 880/4570 881/4571 893/4572
f 893/4573 881/4574 894/4575
f 881/4576 882/4577 894/4578
f 894/4579 882/4580 883/4581
f 882/4582 871/4583 883/4584
f 895/4585 883/4586 884/4587
f 896/4588 895/4589 884/4590
f 896/4591 884/4592 885/4593
f 897/4594 896/4595 885/4596
f 897/4597 885/4598 886/4599
f 898/4600 897/4601 886/4602
f 898/4603 886/4604 887/4605
f 899/4606 898/4607 887/4608
f 899/4609 887/4610 888/4611
f 900/4612 899/4613 888/4614
f 900/4615 888/4616 889/4617
f 901/4618 900/4619 889/4620
f 901/4621 889/4622 902/4623
f 889/4624 890/4625 902/4626
f 902/4627 890/4628 903/4629
f 890/4630 891/4631 903/4632
f 903/4633 891/4634 904/4635
f 891/4636 892/4637 904/4638
f 904/4639 892/4640 905/4641
f 892/4642 893/4643 905/4644
f 905/4645 893/4646 906/4647
f 893/4648 894/4649 906/4650
f 906/4651 894/4652 895/4653
f 894/4654 883/4655 895/4656
f 907/4657 895/4658 896/4659
f 908/4660 907/4661 896/4662
f 908/4663 896/4664 897/4665
f 909/4666 908/4667 897/4668
f 909/4669 897/4670 898/4671
f 910/4672 909/4673 898/4674
f 910/4675 898/4676 899/4677
f 911/4678 910/4679 899/4680
f 911/4681 899/4682 900/4683
f 912/4684 911/4685 900/4686
f 912/4687 900/4688 901/4689
f 913/4690 912/4691 901/4692
f 913/4693 901/4694 914/4695
f 901/4696 902/4697 914/4698
f 914/4699 902/4700 915/4701
f 902/4702 903/4703 915/4704
f 915/4705 903/4706 916/4707
f 903/4708 904/4709 916/4710
f 916/4711 904/4712 917/4713
f 904/4714 905/4715 917/4716
f 917/4717 905/4718 918/4719
f 905/4720 906/4721 918/4722
f 918/4723 906/4724 907/4725
f 906/4726 895/4727 907/4728
f 919/4729 907/4730 908/4731
f 920/4732 919/4733 908/4734
f 920/4735 908/4736 909/4737
f 921/4738 920/4739 909/4740
f 921/4741 909/4742 910/4743
f 922/4744 921/4745 910/4746
f 922/4747 910/4748 911/4749
f 923/4750 922/4751 911/4752
f 923/4753 911/4754 912/4755
f 924/4756 923/4757 912/4758
f 924/4759 912/4760 913/4761
f 925/4762 924/4763 913/4764
f 925/4765 913/4766 926/4767
f 913/4768 914/4769 926/4770
f 926/4771 914/4772 927/4773
f 914/4774 915/4775 927/4776
f 927/4777 915/4778 928/4779
f 915/4780 916/4781 928/4782
f 928/4783 916/4784 929/4785
f 916/4786 917/4787 929/4788
f 929/4789 917/4790 930/4791
f 917/4792 918/4793 930/4794
f 930/4795 918/4796 919/4797
f 918/4798 907/4799 919/4800
f 931/4801 919/4802 920/4803
f 932/4804 931/4805 920/4806
f 932/4807 920/4808 921/4809
f 933/4810 932/4811 921/4812
f 933/4813 921/4814 922/4815
f 934/4816 933/4817 922/4818
f 934/4819 922/4820 923/4821
f 935/4822 934/4823 923/4824
f 935/4825 923/4826 924/4827
f 936/4828 935/4829 924/4830
f 936/4831 924/4832 925/4833
f 937/4834 936/4835 925/4836
f 937/4837 925/4838 938/4839
f 925/4840 926/4841 938/4842
f 938/4843 926/4844 939/4845
f 926/4846 927/4847 939/4848
f 939/4849 927/4850 940/4851
f 927/4852 928/4853 940/4854
f 940/4855 928/4856 941/4857
f 928/4858 929/4859 941/4860
f 941/4861 929/4862 942/4863
f 929/4864 930/4865 942/4866
f 942/4867 930/4868 931/4869
f 930/4870 919/4871 931/4872
f 943/4873 931/4874 932/4875
f 944/4876 943/4877 932/4878
f 944/4879 932/4880 933/4881
f 945/4882 944/4883 933/4884
f 945/4885 933/4886 934/4887
f 946/4888 945/4889 934/4890
f 946/4891 934/4892 935/4893
f 947/4894 946/4895 935/4896
f 947/4897 935/4898 936/4899
f 948/4900 947/4901 936/4902
f 948/4903 936/4904 937/4905
f 949/4906 948/4907 937/4908
f 949/4909 937/4910 950/4911
f 937/4912 938/4913 950/4914
f 950/4915 938/4916 951/4917
f 938/4918 939/4919 951/4920
f 951/4921 939/4922 952/4923
f 939/4924 940/4925 952/4926
f 952/4927 940/4928 953/4929
f 940/4930 941/4931 953/4932
f 953/4933 941/4934 954/4935
f 941/4936 942/4937 954/4938
f 954/4939 942/4940 943/4941
f 942/4942 931/4943 943/4944
f 955/4945 943/4946 944/4947
f 956/4948 955/4949 944/4950
f 956/4951 944/4952 945/4953
f 957/4954 956/4955 945/4956
f 957/4957 945/4958 946/4959
f 958/4960 957/4961 946/4962
f 958/4963 946/4964 947/4965
f 959/4966 958/4967 947/4968
f 959/4969 947/4970 948/4971
f 960/4972 959/4973 948/4974
f 960/4975 948/4976 949/4977
f 961/4978 960/4979 949/4980
f 961/4981 949/4982 962/4983
f 949/4984 950/4985 962/4986
f 962/4987 950/4988 963/4989
f 950/4990 951/4991 963/4992
f 963/4993 951/4994 964/4995
f 951/4996 952/4997 964/4998
f 964/4999 952/5000 965/5001
f 952/5002 953/5003 965/5004
f 965/5005 953/5006 966/5007
f 953/5008 954/5009 966/5010
f 966/5011 954/5012 955/5013
f 954/5014 943/5015 955/5016
f 967/5017 955/5018 956/5019
f 968/5020 967/5021 956/5022
f 968/5023 956/5024 957/5025
f 969/5026 968/5027 957/5028
f 969/5029 957/5030 958/5031
f 970/5032 969/5033 958/5034
f 970/5035 958/5036 959/5037
f 971/5038 970/5039 959/5040
f 971/5041 959/5042 960/5043
f 972/5044 971/5045 960/5046
f 972/5047 960/5048 961/5049
f 973/5050 972/5051 961/5052
f 973/5053 961/5054 974/5055
f 961/5056 962/5057 974/5058
f 974/5059 962/5060 975/5061
f 962/5062 963/5063 975/5064
f 975/5065 963/5066 976/5067
f 963/5068 964/5069 976/5070
f 976/5071 964/5072 977/5073
f 964/5074 965/5075 977/5076
f 977/5077 965/5078 978/5079
f 965/5080 966/5081 978/5082
f 978/5083 966/5084 967/5085
f 966/5086 955/5087 967/5088
f 979/5089 967/5090 968/5091
f 980/5092 979/5093 968/5094
f 980/5095 968/5096 969/5097
f 981/5098 980/5099 969/5100
f 981/5101 969/5102 970/5103
f 982/5104 981/5105 970/5106
f 982/5107 970/5108 971/5109
f 983/5110 982/5111 971/5112
f 983/5113 971/5114 972/5115
f 984/5116 983/5117 972/5118
f 984/5119 972/5120 973/5121
f 985/5122 984/5123 973/5124
f 985/5125 973/5126 986/5127
f 973/5128 974/5129 986/5130
f 986/5131 974/5132 987/5133
f 974/5134 975/5135 987/5136
f 987/5137 975/5138 988/5139
f 975/5140 976/5141 988/5142
f 988/5143 976/5144 989/5145
f 976/5146 977/5147 989/5148
f 989/5149 977/5150 990/5151
f 977/5152 978/5153 990/5154
f 990/5155 978/5156 979/5157
f 978/5158 967/5159 979/5160
f 991/5161 979/5162 980/5163
f 992/5164 991/5165 980/5166
f 992/5167 980/5168 981/5169
f 993/5170 992/5171 981/5172
f 993/5173 981/5174 982/5175
f 994/5176 993/5177 982/5178
f 994/5179 982/5180 983/5181
f 995/5182 994/5183 983/5184
f 995/5185 983/5186 984/5187
f 996/5188 995/5189 984/5190
f 996/5191 984/5192 985/5193
f 997/5194 996/5195 985/5196
f 997/5197 985/5198 998/5199
f 985/5200 986/5201 998/5202
f 998/5203 986/5204 999/5205
f 986/5206 987/5207 999/5208
f 999/5209 987/5210 1000/5211
f 987/5212 988/5213 1000/5214
f 1000/5215 988/5216 1001/5217
f 988/5218 989/5219 1001/5220
f 1001/5221 989/5222 1002/5223
f 989/5224 990/5225 1002/5226
f 1002/5227 990/5228 991/5229
f 990/5230 979/5231 991/5232
f 1015/5233 1003/5234 1004/5235
f 1016/5236 1015/5237 1004/5238
f 1016/5239 1004/5240 1005/5241
f 1017/5242 1016/5243 1005/5244
f 1017/5245 1005/5246 1006/5247
f 1018/5248 1017/5249 1006/5250
f 1018/5251 1006/5252 1007/5253
f 1019/5254 1018/5255 1007/5256
f 1019/5257 1007/5258 1008/5259
f 1020/5260 1019/5261 1008/5262
f 1020/5263 1008/5264 1009/5265
f 1021/5266 1020/5267 1009/5268
f 1021/5269 1009/5270 1022/5271
f 1009/5272 1010/5273 1022/5274
f 1022/5275 1010/5276 1023/5277
f 1010/5278 1011/5279 1023/5280
f 1023/5281 1011/5282 1024/5283
f 1011/5284 1012/5285 1024/5286
f 1024/5287 1012/5288 1025/5289
f 1012/5290 1013/5291 1025/5292
f 1025/5293 1013/5294 1026/5295
f 1013/5296 1014/5297 1026/5298
f 1026/5299 1014/5300 1015/5301
f 1014/5302 1003/5303 1015/5304
f 1027/5305 1015/5306 1016/5307
f 1028/5308 1027/5309 1016/5310
f 1028/5311 1016/5312 1017/5313
f 1029/5314 1028/5315 1017/5316
f 1029/5317 1017/5318 1018/5319
f 1030/5320 1029/5321 1018/5322
f 1030/5323 1018/5324 1019/5325
f 1031/5326 1030/5327 1019/5328
f 1031/5329 1019/5330 1020/5331
f 1032/5332 1031/5333 1020/5334
f 1032/5335 1020/5336 1021/5337
f 1033/5338 1032/5339 1021/5340
f 1033/5341 1021/5342 1034/5343
f 1021/5344 1022/5345 1034/5346
f 1034/5347 1022/5348 1035/5349
f 1022/5350 1023/5351 1035/5352
f 1035/5353 1023/5354 1036/5355
f 1023/5356 1024/5357 1036/5358
f 1036/5359 1024/5360 1037/5361
f 1024/5362 1025/5363 1037/5364
f 1037/5365 1025/5366 1038/5367
f 1025/5368 1026/5369 1038/5370
f 1038/5371 1026/5372 1027/5373
f 1026/5374 1015/5375 1027/5376
f 1039/5377 1027/5378 1028/5379
f 1040/5380 1039/5381 1028/5382
f 1040/5383 1028/5384 1029/5385
f 1041/5386 1040/5387 1029/5388
f 1041/5389 1029/5390 1030/5391
f 1042/5392 1041/5393 1030/5394
f 1042/5395 1030/5396 1031/5397
f 1043/5398 1042/5399 1031/5400
f 1043/5401 1031/5402 1032/5403
f 1044/5404 1043/5405 1032/5406
f 1044/5407 1032/5408 1033/5409
f 1045/5410 1044/5411 1033/5412
f 1045/5413 1033/5414 1046/5415
f 1033/5416 1034/5417 1046/5418
f 1046/5419 1034/5420 1047/5421
f 1034/5422 1035/5423 1047/5424
f 1047/5425 1035/5426 1048/5427
f 1035/5428 1036/5429 1048/5430
f 1048/5431 1036/5432 1049/5433
f 1036/5434 1037/5435 1049/5436
f 1049/5437 1037/5438 1050/5439
f 1037/5440 1038/5441 1050/5442
f 1050/5443 1038/5444 1039/5445
f 1038/5446 1027/5447 1039/5448
f 1051/5449 1039/5450 1040/5451
f 1052/5452 1051/5453 1040/5454
f 1052/5455 1040/5456 1041/5457
f 1053/5458 1052/5459 1041/5460
f 1053/5461 1041/5462 1042/5463
f 1054/5464 1053/5465 1042/5466
f 1054/5467 1042/5468 1043/5469
f 1055/5470 1054/5471 1043/5472
f 1055/5473 1043/5474 1044/5475
f 1056/5476 1055/5477 1044/5478
f 1056/5479 1044/5480 1045/5481
f 1057/5482 1056/5483 1045/5484
f 1057/5485 1045/5486 1058/5487
f 1045/5488 1046/5489 1058/5490
f 1058/5491 1046/5492 1059/5493
f 1046/5494 1047/5495 1059/5496
f 1059/5497 1047/5498 1060/5499
f 1047/5500 1048/5501 1060/5502
f 1060/5503 1048/5504 1061/5505
f 1048/5506 1049/5507 1061/5508
f 1061/5509 1049/5510 1062/5511
f 1049/5512 1050/5513 1062/5514
f 1062/5515 1050/5516 1051/5517
f 1050/5518 1039/5519 1051/5520
f 1063/5521 1051/5522 1052/5523
f 1064/5524 1063/5525 1052/5526
f 1064/5527 1052/5528 1053/5529
f 1065/5530 1064/5531 1053/5532
f 1065/5533 1053/5534 1054/5535
f 1066/5536 1065/5537 1054/5538
f 1066/5539 1054/5540 1055/5541
f 1067/5542 1066/5543 1055/5544
f 1067/5545 1055/5546 1056/5547
f 1068/5548 1067/5549 1056/5550
f 1068/5551 1056/5552 1057/5553
f 1069/5554 1068/5555 1057/5556
f 1069/5557 1057/5558 1070/5559
f 1057/5560 1058/5561 1070/5562
f 1070/5563 1058/5564 1071/5565
f 1058/5566 1059/5567 1071/5568
f 1071/5569 1059/5570 1072/5571
f 1059/5572 1060/5573 1072/5574
f 1072/5575 1060/5576 1073/5577
f 1060/5578 1061/5579 1073/5580
f 1073/5581 1061/5582 1074/5583
f 1061/5584 1062/5585 1074/5586
f 1074/5587 1062/5588 1063/5589
f 1062/5590 1051/5591 1063/5592
f 1075/5593 1063/5594 1064/5595
f 1076/5596 1075/5597 1064/5598
f 1076/5599 1064/5600 1065/5601
f 1077/5602 1076/5603 1065/5604
f 1077/5605 1065/5606 1066/5607
f 1078/5608 1077/5609 1066/5610
f 1078/5611 1066/5612 1067/5613
f 1079/5614 1078/5615 1067/5616
f 1079/5617 1067/5618 1068/5619
f 1080/5620 1079/5621 1068/5622
f 1080/5623 1068/5624 1069/5625
f 1081/5626 1080/5627 1069/5628
f 1081/5629 1069/5630 1082/5631
f 1069/5632 1070/5633 1082/5634
f 1082/5635 1070/5636 1083/5637
f 1070/5638 1071/5639 1083/5640
f 1083/5641 1071/5642 1084/5643
f 1071/5644 1072/5645 1084/5646
f 1084/5647 1072/5648 1085/5649
f 1072/5650 1073/5651 1085/5652
f 1085/5653 1073/5654 1086/5655
f 1073/5656 1074/5657 1086/5658
f 1086/5659 1074/5660 1075/5661
f 1074/5662 1063/5663 1075/5664
f 1087/5665 1075/5666 1076/5667
f 1088/5668 1087/5669 1076/5670
f 1088/5671 1076/5672 1077/5673
f 1089/5674 1088/5675 1077/5676
f 1089/5677 1077/5678 1078/5679
f 1090/5680 1089/5681 1078/5682
f 1090/5683 1078/5684 1079/5685
f 1091/5686 1090/5687 1079/5688
f 1091/5689 1079/5690 1080/5691
f 1092/5692 1091/5693 1080/5694
f 1092/5695 1080/5696 1081/5697
f 1093/5698 1092/5699 1081/5700
f 1093/5701 1081/5702 1094/5703
f 1081/5704 1082/5705 1094/5706
f 1094/5707 1082/5708 1095/5709
f 1082/5710 1083/5711 1095/5712
f 1095/5713 1083/5714 1096/5715
f 1083/5716 1084/5717 1096/5718
f 1096/5719 1084/5720 1097/5721
f 1084/5722 1085/5723 1097/5724
f 1097/5725 1085/5726 1098/5727
f 1085/5728 1086/5729 1098/5730
f 1098/5731 1086/5732 1087/5733
f 1086/5734 1075/5735 1087/5736
f 1099/5737 1087/5738 1088/5739
f 1100/5740 1099/5741 1088/5742
f 1100/5743 1088/5744 1089/5745
f 1101/5746 1100/5747 1089/5748
f 1101/5749 1089/5750 1090/5751
f 1102/5752 1101/5753 1090/5754
f 1102/5755 1090/5756 1091/5757
f 1103/5758 1102/5759 1091/5760
f 1103/5761 1091/5762 1092/5763
f 1104/5764 1103/5765 1092/5766
f 1104/5767 1092/5768 1093/5769
f 1105/5770 1104/5771 1093/5772
f 1105/5773 1093/5774 1106/5775
f 1093/5776 1094/5777 1106/5778
f 1106/5779 1094/5780 1107/5781
f 1094/5782 1095/5783 1107/5784
f 1107/5785 1095/5786 1108/5787
f 1095/5788 1096/5789 1108/5790
f 1108/5791 1096/5792 1109/5793
f 1096/5794 1097/5795 1109/5796
f 1109/5797 1097/5798 1110/5799
f 1097/5800 1098/5801 1110/5802
f 1110/5803 1098/5804 1099/5805
f 1098/5806 1087/5807 1099/5808
f 1111/5809 1099/5810 1100/5811
f 1112/5812 1111/5813 1100/5814
f 1112/5815 1100/5816 1101/5817
f 1113/5818 1112/5819 1101/5820
f 1113/5821 1101/5822 1102/5823
f 1114/5824 1113/5825 1102/5826
f 1114/5827 1102/5828 1103/5829
f 1115/5830 1114/5831 1103/5832
f 1115/5833 1103/5834 1104/5835
f 1116/5836 1115/5837 1104/5838
f 1116/5839 1104/5840 1105/5841
f 1117/5842 1116/5843 1105/5844
f 1117/5845 1105/5846 1118/5847
f 1105/5848 1106/5849 1118/5850
f 1118/5851 1106/5852 1119/5853
f 1106/5854 1107/5855 1119/5856
f 1119/5857 1107/5858 1120/5859
f 1107/5860 1108/5861 1120/5862
f 1120/5863 1108/5864 1121/5865
f 1108/5866 1109/5867 1121/5868
f 1121/5869 1109/5870 1122/5871
f 1109/5872 1110/5873 1122/5874
f 1122/5875 1110/5876 1111/5877
f 1110/5878 1099/5879 1111/5880
f 1123/5881 1111/5882 1112/5883
f 1124/5884 1123/5885 1112/5886
f 1124/5887 1112/5888 1113/5889
f 1125/5890 1124/5891 1113/5892
f 1125/5893 1113/5894 1114/5895
f 1126/5896 1125/5897 1114/5898
f 1126/5899 1114/5900 1115/5901
f 1127/5902 1126/5903 1115/5904
f 1127/5905 1115/5906 1116/5907
f 1128/5908 1127/5909 1116/5910
f 1128/5911 1116/5912 1117/5913
f 1129/5914 1128/5915 1117/5916
f 1129/5917 1117/5918 1130/5919
f 1117/5920 1118/5921 1130/5922
f 1130/5923 1118/5924 1131/5925
f 1118/5926 1119/5927 1131/5928
f 1131/5929 1119/5930 1132/5931
f 1119/5932 1120/5933 1132/5934
f 1132/5935 1120/5936 1133/5937
f 1120/5938 1121/5939 1133/5940
f 1133/5941 1121/5942 1134/5943
f 1121/5944 1122/5945 1134/5946
f 1134/5947 1122/5948 1123/5949
f 1122/5950 1111/5951 1123/5952
f 1135/5953 1123/5954 1124/5955
f 1136/5956 1135/5957 1124/5958
f 1136/5959 1124/5960 1125/5961
f 1137/5962 1136/5963 1125/5964
f 1137/5965 1125/5966 1126/5967
f 1138/5968 1137/5969 1126/5970
f 1138/5971 1126/5972 1127/5973
f 1139/5974 1138/5975 1127/5976
f 1139/5977 1127/5978 1128/5979
f 1140/5980 1139/5981 1128/5982
f 1140/5983 1128/5984 1129/5985
f 1141/5986 1140/5987 1129/5988
f 1141/5989 1129/5990 1142/5991
f 1129/5992 1130/5993 1142/5994
f 1142/5995 1130/5996 1143/5997
f 1130/5998 1131/5999 1143/6000
f 1143/6001 1131/6002 1144/6003
f 1131/6004 1132/6005 1144/6006
f 1144/6007 1132/6008 1145/6009
f 1132/6010 1133/6011 1145/6012
f 1145/6013 1133/6014 1146/6015
f 1133/6016 1134/6017 1146/6018
f 1146/6019 1134/6020 1135/6021
f 1134/6022 1123/6023 1135/6024
f 1159/6025 1147/6026 1148/6027
f 1160/6028 1159/6029 1148/6030
f 1160/6031 1148/6032 1149/6033
f 1161/6034 1160/6035 1149/6036
f 1161/6037 1149/6038 1150/6039
f 1162/6040 1161/6041 1150/6042
f 1162/6043 1150/6044 1151/6045
f 1163/6046 1162/6047 1151/6048
f 1163/6049 1151/6050 1152/6051
f 1164/6052 1163/6053 1152/6054
f 1164/6055 1152/6056 1153/6057
f 1165/6058 1164/6059 1153/6060
f 1165/6061 1153/6062 1166/6063
f 1153/6064 1154/6065 1166/6066
f 1166/6067 1154/6068 1167/6069
f 1154/6070 1155/6071 1167/6072
f 1167/6073 1155/6074 1168/6075
f 1155/6076 1156/6077 1168/6078
f 1168/6079 1156/6080 1169/6081
f 1156/6082 1157/6083 1169/6084
f 1169/6085 1157/6086 1170/6087
f 1157/6088 1158/6089 1170/6090
f 1170/6091 1158/6092 1159/6093
f 1158/6094 1147/6095 1159/6096
f 1171/6097 1159/6098 1160/6099
f 1172/6100 1171/6101 1160/6102
f 1172/6103 1160/6104 1161/6105
f 1173/6106 1172/6107 1161/6108
f 1173/6109 1161/6110 1162/6111
f 1174/6112 1173/6113 1162/6114
f 1174/6115 1162/6116 1163/6117
f 1175/6118 1174/6119 1163/6120
f 1175/6121 1163/6122 1164/6123
f 1176/6124 1175/6125 1164/6126
f 1176/6127 1164/6128 1165/6129
f 1177/6130 1176/6131 1165/6132
f 1177/6133 1165/6134 1178/6135
f 1165/6136 1166/6137 1178/6138
f 1178/6139 1166/6140 1179/6141
f 1166/6142 1167/6143 1179/6144
f 1179/6145 1167/6146 1180/6147
f 1167/6148 1168/6149 1180/6150
f 1180/6151 1168/6152 1181/6153
f 1168/6154 1169/6155 1181/6156
f 1181/6157 1169/6158 1182/6159
f 1169/6160 1170/6161 1182/6162
f 1182/6163 1170/6164 1171/6165
f 1170/6166 1159/6167 1171/6168
f 1183/6169 1171/6170 1172/6171
f 1184/6172 1183/6173 1172/6174
f 1184/6175 1172/6176 1173/6177
f 1185/6178 1184/6179 1173/6180
f 1185/6181 1173/6182 1174/6183
f 1186/6184 1185/6185 1174/6186
f 1186/6187 1174/6188 1175/6189
f 1187/6190 1186/6191 1175/6192
f 1187/6193 1175/6194 1176/6195
f 1188/6196 1187/6197 1176/6198
f 1188/6199 1176/6200 1177/6201
f 1189/6202 1188/6203 1177/6204
f 1189/6205 1177/6206 1190/6207
f 1177/6208 1178/6209 1190/6210
f 1190/6211 1178/6212 1191/6213
f 1178/6214 1179/6215 1191/6216
f 1191/6217 1179/6218 1192/6219
f 1179/6220 1180/6221 1192/6222
f 1192/6223 1180/6224 1193/6225
f 1180/6226 1181/6227 1193/6228
f 1193/6229 1181/6230 1194/6231
f 1181/6232 1182/6233 1194/6234
f 1194/6235 1182/6236 1183/6237
f 1182/6238 1171/6239 1183/6240
f 1195/6241 1183/6242 1184/6243
f 1196/6244 1195/6245 1184/6246
f 1196/6247 1184/6248 1185/6249
f 1197/6250 1196/6251 1185/6252
f 1197/6253 1185/6254 1186/6255
f 1198/6256 1197/6257 1186/6258
f 1198/6259 1186/6260 1187/6261
f 1199/6262 1198/6263 1187/6264
f 1199/6265 1187/6266 1188/6267
f 1200/6268 1199/6269 1188/6270
f 1200/6271 1188/6272 1189/6273
f 1201/6274 1200/6275 1189/6276
f 1201/6277 1189/6278 1202/6279
f 1189/6280 1190/6281 1202/6282
f 1202/6283 1190/6284 1203/6285
f 1190/6286 1191/6287 1203/6288
f 1203/6289 1191/6290 1204/6291
f 1191/6292 1192/6293 1204/6294
f 1204/6295 1192/6296 1205/6297
f 1192/6298 1193/6299 1205/6300
f 1205/6301 1193/6302 1206/6303
f 1193/6304 1194/6305 1206/6306
f 1206/6307 1194/6308 1195/6309
f 1194/6310 1183/6311 1195/6312
f 1207/6313 1195/6314 1196/6315
f 1208/6316 1207/6317 1196/6318
f 1208/6319 1196/6320 1197/6321
f 1209/6322 1208/6323 1197/6324
f 1209/6325 1197/6326 1198/6327
f 1210/6328 1209/6329 1198/6330
f 1210/6331 1198/6332 1199/6333
f 1211/6334 1210/6335 1199/6336
f 1211/6337 1199/6338 1200/6339
f 1212/6340 1211/6341 1200/6342
f 1212/6343 1200/6344 1201/6345
f 1213/6346 1212/6347 1201/6348
f 1213/6349 1201/6350 1214/6351
f 1201/6352 1202/6353 1214/6354
f 1214/6355 1202/6356 1215/6357
f 1202/6358 1203/6359 1215/6360
f 1215/6361 1203/6362 1216/6363
f 1203/6364 1204/6365 1216/6366
f 1216/6367 1204/6368 1217/6369
f 1204/6370 1205/6371 1217/6372
f 1217/6373 1205/6374 1218/6375
f 1205/6376 1206/6377 1218/6378
f 1218/6379 1206/6380 1207/6381
f 1206/6382 1195/6383 1207/6384
f 1219/6385 1207/6386 1208/6387
f 1220/6388 1219/6389 1208/6390
f 1220/6391 1208/6392 1209/6393
f 1221/6394 1220/6395 1209/6396
f 1221/6397 1209/6398 1210/6399
f 1222/6400 1221/6401 1210/6402
f 1222/6403 1210/6404 1211/6405
f 1223/6406 1222/6407 1211/6408
f 1223/6409 1211/6410 1212/6411
f 1224/6412 1223/6413 1212/6414
f 1224/6415 1212/6416 1213/6417
f 1225/6418 1224/6419 1213/6420
f 1225/6421 1213/6422 1226/6423
f 1213/6424 1214/6425 1226/6426
f 1226/6427 1214/6428 1227/6429
f 1214/6430 1215/6431 1227/6432
f 1227/6433 1215/6434 1228/6435
f 1215/6436 1216/6437 1228/6438
f 1228/6439 1216/6440 1229/6441
f 1216/6442 1217/6443 1229/6444
f 1229/6445 1217/6446 1230/6447
f 1217/6448 1218/6449 1230/6450
f 1230/6451 1218/6452 1219/6453
f 1218/6454 1207/6455 1219/6456
f 1231/6457 1219/6458 1220/6459
f 1232/6460 1231/6461 1220/6462
f 1232/6463 1220/6464 1221/6465
f 1233/6466 1232/6467 1221/6468
f 1233/6469 1221/6470 1222/6471
f 1234/6472 1233/6473 1222/6474
f 1234/6475 1222/6476 1223/6477
f 1235/6478 1234/6479 1223/6480
f 1235/6481 1223/6482 1224/6483
f 1236/6484 1235/6485 1224/6486
f 1236/6487 1224/6488 1225/6489
f 1237/6490 1236/6491 1225/6492
f 1237/6493 1225/6494 1238/6495
f 1225/6496 1226/6497 1238/6498
f 1238/6499 1226/6500 1239/6501
f 1226/6502 1227/6503 1239/6504
f 1239/6505 1227/6506 1240/6507
f 1227/6508 1228/6509 1240/6510
f 1240/6511 1228/6512 1241/6513
f 1228/6514 1229/6515 1241/6516
f 1241/6517 1229/6518 1242/6519
f 1229/6520 1230/6521 1242/6522
f 1242/6523 1230/6524 1231/6525
f 1230/6526 1219/6527 1231/6528
f 1255/6529 1243/6530 1244/6531
f 1256/6532 1255/6533 1244/6534
f 1256/6535 1244/6536 1245/6537
f 1257/6538 1256/6539 1245/6540
f 1257/6541 1245/6542 1246/6543
f 1258/6544 1257/6545 1246/6546
f 1258/6547 1246/6548 1247/6549
f 1259/6550 1258/6551 1247/6552
f 1259/6553 1247/6554 1248/6555
f 1260/6556 1259/6557 1248/6558
f 1260/6559 1248/6560 1249/6561
f 1261/6562 1260/6563 1249/6564
f 1261/6565 1249/6566 1262/6567
f 1249/6568 1250/6569 1262/6570
f 1262/6571 1250/6572 1263/6573
f 1250/6574 1251/6575 1263/6576
f 1263/6577 1251/6578 1264/6579
f 1251/6580 1252/6581 1264/6582
f 1264/6583 1252/6584 1265/6585
f 1252/6586 1253/6587 1265/6588
f 1265/6589 1253/6590 1266/6591
f 1253/6592 1254/6593 1266/6594
f 1266/6595 1254/6596 1255/6597
f 1254/6598 1243/6599 1255/6600
f 1267/6601 1255/6602 1256/6603
f 1268/6604 1267/6605 1256/6606
f 1268/6607 1256/6608 1257/6609
f 1269/6610 1268/6611 1257/6612
f 1269/6613 1257/6614 1258/6615
f 1270/6616 1269/6617 1258/6618
f 1270/6619 1258/6620 1259/6621
f 1271/6622 1270/6623 1259/6624
f 1271/6625 1259/6626 1260/6627
f 1272/6628 1271/6629 1260/6630
f 1272/6631 1260/6632 1261/6633
f 1273/6634 1272/6635 1261/6636
f 1273/6637 1261/6638 1274/6639
f 1261/6640 1262/6641 1274/6642
f 1274/6643 1262/6644 1275/6645
f 1262/6646 1263/6647 1275/6648
f 1275/6649 1263/6650 1276/6651
f 1263/6652 1264/6653 1276/6654
f 1276/6655 1264/6656 1277/6657
f 1264/6658 1265/6659 1277/6660
f 1277/6661 1265/6662 1278/6663
f 1265/6664 1266/6665 1278/6666
f 1278/6667 1266/6668 1267/6669
f 1266/6670 1255/6671 1267/6672
f 1279/6673 1267/6674 1268/6675
f 1280/6676 1279/6677 1268/6678
f 1280/6679 1268/6680 1269/6681
f 1281/6682 1280/6683 1269/6684
f 1281/6685 1269/6686 1270/6687
f 1282/6688 1281/6689 1270/6690
f 1282/6691 1270/6692 1271/6693
f 1283/6694 1282/6695 1271/6696
f 1283/6697 1271/6698 1272/6699
f 1284/6700 1283/6701 1272/6702
f 1284/6703 1272/6704 1273/6705
f 1285/6706 1284/6707 1273/6708
f 1285/6709 1273/6710 1286/6711
f 1273/6712 1274/6713 1286/6714
f 1286/6715 1274/6716 1287/6717
f 1274/6718 1275/6719 1287/6720
f 1287/6721 1275/6722 1288/6723
f 1275/6724 1276/6725 1288/6726
f 1288/6727 1276/6728 1289/6729
f 1276/6730 1277/6731 1289/6732
f 1289/6733 1277/6734 1290/6735
f 1277/6736 1278/6737 1290/6738
f 1290/6739 1278/6740 1279/6741
f 1278/6742 1267/6743 1279/6744
f 1291/6745 1279/6746 1280/6747
f 1292/6748 1291/6749 1280/6750
f 1292/6751 1280/6752 1281/6753
f 1293/6754 1292/6755 1281/6756
f 1293/6757 1281/6758 1282/6759
f 1294/6760 1293/6761 1282/6762
f 1294/6763 1282/6764 1283/6765
f 1295/6766 1294/6767 1283/6768
f 1295/6769 1283/6770 1284/6771
f 1296/6772 1295/6773 1284/6774
f 1296/6775 1284/6776 1285/6777
f 1297/6778 1296/6779 1285/6780
f 1297/6781 1285/6782 1298/6783
f 1285/6784 1286/6785 1298/6786
f 1298/6787 1286/6788 1299/6789
f 1286/6790 1287/6791 1299/6792
f 1299/6793 1287/6794 1300/6795
f 1287/6796 1288/6797 1300/6798
f 1300/6799 1288/6800 1301/6801
f 1288/6802 1289/6803 1301/6804
f 1301/6805 1289/6806 1302/6807
f 1289/6808 1290/6809 1302/6810
f 1302/6811 1290/6812 1291/6813
f 1290/6814 1279/6815 1291/6816
f 1303/6817 1291/6818 1292/6819
f 1304/6820 1303/6821 1292/6822
f 1304/6823 1292/6824 1293/6825
f 1305/6826 1304/6827 1293/6828
f 1305/6829 1293/6830 1294/6831
f 1306/6832 1305/6833 1294/6834
f 1306/6835 1294/6836 1295/6837
f 1307/6838 1306/6839 1295/6840
f 1307/6841 1295/6842 1296/6843
f 1308/6844 1307/6845 1296/6846
f 1308/6847 1296/6848 1297/6849
f 1309/6850 1308/6851 1297/6852
f 1309/6853 1297/6854 1310/6855
f 1297/6856 1298/6857 1310/6858
f 1310/6859 1298/6860 1311/6861
f 1298/6862 1299/6863 1311/6864
f 1311/6865 1299/6866 1312/6867
f 1299/6868 1300/6869 1312/6870
f 1312/6871 1300/6872 1313/6873
f 1300/6874 1301/6875 1313/6876
f 1313/6877 1301/6878 1314/6879
f 1301/6880 1302/6881 1314/6882
f 1314/6883 1302/6884 1303/6885
f 1302/6886 1291/6887 1303/6888
f 1315/6889 1303/6890 1304/6891
f 1316/6892 1315/6893 1304/6894
f 1316/6895 1304/6896 1305/6897
f 1317/6898 1316/6899 1305/6900
f 1317/6901 1305/6902 1306/6903
f 1318/6904 1317/6905 1306/6906
f 1318/6907 1306/6908 1307/6909
f 1319/6910 1318/6911 1307/6912
f 1319/6913 1307/6914 1308/6915
f 1320/6916 1319/6917 1308/6918
f 1320/6919 1308/6920 1309/6921
f 1321/6922 1320/6923 1309/6924
f 1321/6925 1309/6926 1322/6927
f 1309/6928 1310/6929 1322/6930
f 1322/6931 1310/6932 1323/6933
f 1310/6934 1311/6935 1323/6936
f 1323/6937 1311/6938 1324/6939
f 1311/6940 1312/6941 1324/6942
f 1324/6943 1312/6944 1325/6945
f 1312/6946 1313/6947 1325/6948
f 1325/6949 1313/6950 1326/6951
f 1313/6952 1314/6953 1326/6954
f 1326/6955 1314/6956 1315/6957
f 1314/6958 1303/6959 1315/6960
f 1327/6961 1315/6962 1316/6963
f 1328/6964 1327/6965 1316/6966
f 1328/6967 1316/6968 1317/6969
f 1329/6970 1328/6971 1317/6972
f 1329/6973 1317/6974 1318/6975
f 1330/6976 1329/6977 1318/6978
f 1330/6979 1318/6980 1319/6981
f 1331/6982 1330/6983 1319/6984
f 1331/6985 1319/6986 1320/6987
f 1332/6988 1331/6989 1320/6990
f 1332/6991 1320/6992 1321/6993
f 1333/6994 1332/6995 1321/6996
f 1333/6997 1321/6998 1334/6999
f 1321/7000 1322/7001 1334/7002
f 1334/7003 1322/7004 1335/7005
f 1322/7006 1323/7007 1335/7008
f 1335/7009 1323/7010 1336/7011
f 1323/7012 1324/7013 1336/7014
f 1336/7015 1324/7016 1337/7017
f 1324/7018 1325/7019 1337/7020
f 1337/7021 1325/7022 1338/7023
f 1325/7024 1326/7025 1338/7026
f 1338/7027 1326/7028 1327/7029
f 1326/7030 1315/7031 1327/7032
f 1351/7033 1339/7034 1340/7035
f 1352/7036 1351/7037 1340/7038
f 1352/7039 1340/7040 1341/7041
f 1353/7042 1352/7043 1341/7044
f 1353/7045 1341/7046 1342/7047
f 1354/7048 1353/7049 1342/7050
f 1354/7051 1342/7052 1343/7053
f 1355/7054 1354/7055 1343/7056
f 1355/7057 1343/7058 1344/7059
f 1356/7060 1355/7061 1344/7062
f 1356/7063 1344/7064 1345/7065
f 1357/7066 1356/7067 1345/7068
f 1357/7069 1345/7070 1358/7071
f 1345/7072 1346/7073 1358/7074
f 1358/7075 1346/7076 1359/7077
f 1346/7078 1347/7079 1359/7080
f 1359/7081 1347/7082 1360/7083
f 1347/7084 1348/7085 1360/7086
f 1360/7087 1348/7088 1361/7089
f 1348/7090 1349/7091 1361/7092
f 1361/7093 1349/7094 1362/7095
f 1349/7096 1350/7097 1362/7098
f 1362/7099 1350/7100 1351/7101
f 1350/7102 1339/7103 1351/7104
f 1363/7105 1351/7106 1352/7107
f 1364/7108 1363/7109 1352/7110
f 1364/7111 1352/7112 1353/7113
f 1365/7114 1364/7115 1353/7116
f 1365/7117 1353/7118 1354/7119
f 1366/7120 1365/7121 1354/7122
f 1366/7123 1354/7124 1355/7125
f 1367/7126 1366/7127 1355/7128
f 1367/7129 1355/7130 1356/7131
f 1368/7132 1367/7133 1356/7134
f 1368/7135 1356/7136 1357/7137
f 1369/7138 1368/7139 1357/7140
f 1369/7141 1357/7142 1370/7143
f 1357/7144 1358/7145 1370/7146
f 1370/7147 1358/7148 1371/7149
f 1358/7150 1359/7151 1371/7152
f 1371/7153 1359/7154 1372/7155
f 1359/7156 1360/7157 1372/7158
f 1372/7159 1360/7160 1373/7161
f 1360/7162 1361/7163 1373/7164
f 1373/7165 1361/7166 1374/7167
f 1361/7168 1362/7169 1374/7170
f 1374/7171 1362/7172 1363/7173
f 1362/7174 1351/7175 1363/7176
f 1375/7177 1363/7178 1364/7179
f 1376/7180 1375/7181 1364/7182
f 1376/7183 1364/7184 1365/7185
f 1377/7186 1376/7187 1365/7188
f 1377/7189 1365/7190 1366/7191
f 1378/7192 1377/7193 1366/7194
f 1378/7195 1366/7196 1367/7197
f 1379/7198 1378/7199 1367/7200
f 1379/7201 1367/7202 1368/7203
f 1380/7204 1379/7205 1368/7206
f 1380/7207 1368/7208 1369/7209
f 1381/7210 1380/7211 1369/7212
f 1381/7213 1369/7214 1382/7215
f 1369/7216 1370/7217 1382/7218
f 1382/7219 1370/7220 1383/7221
f 1370/7222 1371/7223 1383/7224
f 1383/7225 1371/7226 1384/7227
f 1371/7228 1372/7229 1384/7230
f 1384/7231 1372/7232 1385/7233
f 1372/7234 1373/7235 1385/7236
f 1385/7237 1373/7238 1386/7239
f 1373/7240 1374/7241 1386/7242
f 1386/7243 1374/7244 1375/7245
f 1374/7246 1363/7247 1375/7248
f 1387/7249 1375/7250 1376/7251
f 1388/7252 1387/7253 1376/7254
f 1388/7255 1376/7256 1377/7257
f 1389/7258 1388/7259 1377/7260
f 1389/7261 1377/7262 1378/7263
f 1390/7264 1389/7265 1378/7266
f 1390/7267 1378/7268 1379/7269
f 1391/7270 1390/7271 1379/7272
f 1391/7273 1379/7274 1380/7275
f 1392/7276 1391/7277 1380/7278
f 1392/7279 1380/7280 1381/7281
f 1393/7282 1392/7283 1381/7284
f 1393/7285 1381/7286 1394/7287
f 1381/7288 1382/7289 1394/7290
f 1394/7291 1382/7292 1395/7293
f 1382/7294 1383/7295 1395/7296
f 1395/7297 1383/7298 1396/7299
f 1383/7300 1384/7301 1396/7302
f 1396/7303 1384/7304 1397/7305
f 1384/7306 1385/7307 1397/7308
f 1397/7309 1385/7310 1398/7311
f 1385/7312 1386/7313 1398/7314
f 1398/7315 1386/7316 1387/7317
f 1386/7318 1375/7319 1387/7320
f 1399/7321 1387/7322 1388/7323
f 1400/7324 1399/7325 1388/7326
f 1400/7327 1388/7328 1389/7329
f 1401/7330 1400/7331 1389/7332
f 1401/7333 1389/7334 1390/7335
f 1402/7336 1401/7337 1390/7338
f 1402/7339 1390/7340 1391/7341
f 1403/7342 1402/7343 1391/7344
f 1403/7345 1391/7346 1392/7347
f 1404/7348 1403/7349 1392/7350
f 1404/7351 1392/7352 1393/7353
f 1405/7354 1404/7355 1393/7356
f 1405/7357 1393/7358 1406/7359
f 1393/7360 1394/7361 1406/7362
f 1406/7363 1394/7364 1407/7365
f 1394/7366 1395/7367 1407/7368
f 1407/7369 1395/7370 1408/7371
f 1395/7372 1396/7373 1408/7374
f 1408/7375 1396/7376 1409/7377
f 1396/7378 1397/7379 1409/7380
f 1409/7381 1397/7382 1410/7383
f 1397/7384 1398/7385 1410/7386
f 1410/7387 1398/7388 1399/7389
f 1398/7390 1387/7391 1399/7392
f 1411/7393 1399/7394 1400/7395
f 1412/7396 1411/7397 1400/7398
f 1412/7399 1400/7400 1401/7401
f 1413/7402 1412/7403 1401/7404
f 1413/7405 1401/7406 1402/7407
f 1414/7408 1413/7409 1402/7410
f 1414/7411 1402/7412 1403/7413
f 1415/7414 1414/7415 1403/7416
f 1415/7417 1403/7418 1404/7419
f 1416/7420 1415/7421 1404/7422
f 1416/7423 1404/7424 1405/7425
f 1417/7426 1416/7427 1405/7428
f 1417/7429 1405/7430 1418/7431
f 1405/7432 1406/7433 1418/7434
f 1418/7435 1406/7436 1419/7437
f 1406/7438 1407/7439 1419/7440
f 1419/7441 1407/7442 1420/7443
f 1407/7444 1408/7445 1420/7446
f 1420/7447 1408/7448 1421/7449
f 1408/7450 1409/7451 1421/7452
f 1421/7453 1409/7454 1422/7455
f 1409/7456 1410/7457 1422/7458
f 1422/7459 1410/7460 1411/7461
f 1410/7462 1399/7463 1411/7464
f 1435/7465 1423/7466 1424/7467
f 1436/7468 1435/7469 1424/7470
f 1436/7471 1424/7472 1425/7473
f 1437/7474 1436/7475 1425/7476
f 1437/7477 1425/7478 1426/7479
f 1438/7480 1437/7481 1426/7482
f 1438/7483 1426/7484 1427/7485
f 1439/7486 1438/7487 1427/7488
f 1439/7489 1427/7490 1428/7491
f 1440/7492 1439/7493 1428/7494
f 1440/7495 1428/7496 1429/7497
f 1441/7498 1440/7499 1429/7500
f 1441/7501 1429/7502 1442/7503
f 1429/7504 1430/7505 1442/7506
f 1442/7507 1430/7508 1443/7509
f 1430/7510 1431/7511 1443/7512
f 1443/7513 1431/7514 1444/7515
f 1431/7516 1432/7517 1444/7518
f 1444/7519 1432/7520 1445/7521
f 1432/7522 1433/7523 1445/7524
f 1445/7525 1433/7526 1446/7527
f 1433/7528 1434/7529 1446/7530
f 1446/7531 1434/7532 1435/7533
f 1434/7534 1423/7535 1435/7536
f 1447/7537 1435/7538 1436/7539
f 1448/7540 1447/7541 1436/7542
f 1448/7543 1436/7544 1437/7545
f 1449/7546 1448/7547 1437/7548
f 1449/7549 1437/7550 1438/7551
f 1450/7552 1449/7553 1438/7554
f 1450/7555 1438/7556 1439/7557
f 1451/7558 1450/7559 1439/7560
f 1451/7561 1439/7562 1440/7563
f 1452/7564 1451/7565 1440/7566
f 1452/7567 1440/7568 1441/7569
f 1453/7570 1452/7571 1441/7572
f 1453/7573 1441/7574 1454/7575
f 1441/7576 1442/7577 1454/7578
f 1454/7579 1442/7580 1455/7581
f 1442/7582 1443/7583 1455/7584
f 1455/7585 1443/7586 1456/7587
f 1443/7588 1444/7589 1456/7590
f 1456/7591 1444/7592 1457/7593
f 1444/7594 1445/7595 1457/7596
f 1457/7597 1445/7598 1458/7599
f 1445/7600 1446/7601 1458/7602
f 1458/7603 1446/7604 1447/7605
f 1446/7606 1435/7607 1447/7608
f 1459/7609 1447/7610 1448/7611
f 1460/7612 1459/7613 1448/7614
f 1460/7615 1448/7616 1449/7617
f 1461/7618 1460/7619 1449/7620
f 1461/7621 1449/7622 1450/7623
f 1462/7624 1461/7625 1450/7626
f 1462/7627 1450/7628 1451/7629
f 1463/7630 1462/7631 1451/7632
f 1463/7633 1451/7634 1452/7635
f 1464/7636 1463/7637 1452/7638
f 1464/7639 1452/7640 1453/7641
f 1465/7642 1464/7643 1453/7644
f 1465/7645 1453/7646 1466/7647
f 1453/7648 1454/7649 1466/7650
f 1466/7651 1454/7652 1467/7653
f 1454/7654 1455/7655 1467/7656
f 1467/7657 1455/7658 1468/7659
f 1455/7660 1456/7661 1468/7662
f 1468/7663 1456/7664 1469/7665
f 1456/7666 1457/7667 1469/7668
f 1469/7669 1457/7670 1470/7671
f 1457/7672 1458/7673 1470/7674
f 1470/7675 1458/7676 1459/7677
f 1458/7678 1447/7679 1459/7680
f 1471/7681 1459/7682 1460/7683
f 1472/7684 1471/7685 1460/7686
f 1472/7687 1460/7688 1461/7689
f 1473/7690 1472/7691 1461/7692
f 1473/7693 1461/7694 1462/7695
f 1474/7696 1473/7697 1462/7698
f 1474/7699 1462/7700 1463/7701
f 1475/7702 1474/7703 1463/7704
f 1475/7705 1463/7706 1464/7707
f 1476/7708 1475/7709 1464/7710
f 1476/7711 1464/7712 1465/7713
f 1477/7714 1476/7715 1465/7716
f 1477/7717 1465/7718 1478/7719
f 1465/7720 1466/7721 1478/7722
f 1478/7723 1466/7724 1479/7725
f 1466/7726 1467/7727 1479/7728
f 1479/7729 1467/7730 1480/7731
f 1467/7732 1468/7733 1480/7734
f 1480/7735 1468/7736 1481/7737
f 1468/7738 1469/7739 1481/7740
f 1481/7741 1469/7742 1482/7743
f 1469/7744 1470/7745 1482/7746
f 1482/7747 1470/7748 1471/7749
f 1470/7750 1459/7751 1471/7752
f 1483/7753 1471/7754 1472/7755
f 1484/7756 1483/7757 1472/7758
f 1484/7759 1472/7760 1473/7761
f 1485/7762 1484/7763 1473/7764
f 1485/7765 1473/7766 1474/7767
f 1486/7768 1485/7769 1474/7770
f 1486/7771 1474/7772 1475/7773
f 1487/7774 1486/7775 1475/7776
f 1487/7777 1475/7778 1476/7779
f 1488/7780 1487/7781 1476/7782
f 1488/7783 1476/7784 1477/7785
f 1489/7786 1488/7787 1477/7788
f 1489/7789 1477/7790 1490/7791
f 1477/7792 1478/7793 1490/7794
f 1490/7795 1478/7796 1491/7797
f 1478/7798 1479/7799 1491/7800
f 1491/7801 1479/7802 1492/7803
f 1479/7804 1480/7805 1492/7806
f 1492/7807 1480/7808 1493/7809
f 1480/7810 1481/7811 1493/7812
f 1493/7813 1481/7814 1494/7815
f 1481/7816 1482/7817 1494/7818
f 1494/7819 1482/7820 1483/7821
f 1482/7822 1471/7823 1483/7824
f 1495/7825 1483/7826 1484/7827
f 1496/7828 1495/7829 1484/7830
f 1496/7831 1484/7832 1485/7833
f 1497/7834 1496/7835 1485/7836
f 1497/7837 1485/7838 1486/7839
f 1498/7840 1497/7841 1486/7842
f 1498/7843 1486/7844 1487/7845
f 1499/7846 1498/7847 1487/7848
f 1499/7849 1487/7850 1488/7851
f 1500/7852 1499/7853 1488/7854
f 1500/7855 1488/7856 1489/7857
f 1501/7858 1500/7859 1489/7860
f 1501/7861 1489/7862 1502/7863
f 1489/7864 1490/7865 1502/7866
f 1502/7867 1490/7868 1503/7869
f 1490/7870 1491/7871 1503/7872
f 1503/7873 1491/7874 1504/7875
f 1491/7876 1492/7877 1504/7878
f 1504/7879 1492/7880 1505/7881
f 1492/7882 1493/7883 1505/7884
f 1505/7885 1493/7886 1506/7887
f 1493/7888 1494/7889 1506/7890
f 1506/7891 1494/7892 1495/7893
f 1494/7894 1483/7895 1495/7896
f 1523/7897 1507/7898 1508/7899
f 1524/7900 1523/7901 1508/7902
f 1524/7903 1508/7904 1509/7905
f 1525/7906 1524/7907 1509/7908
f 1525/7909 1509/7910 1510/7911
f 1526/7912 1525/7913 1510/7914
f 1526/7915 1510/7916 1511/7917
f 1527/7918 1526/7919 1511/7920
f 1527/7921 1511/7922 1512/7923
f 1528/7924 1527/7925 1512/7926
f 1528/7927 1512/7928 1513/7929
f 1529/7930 1528/7931 1513/7932
f 1529/7933 1513/7934 1514/7935
f 1530/7936 1529/7937 1514/7938
f 1530/7939 1514/7940 1515/7941
f 1531/7942 1530/7943 1515/7944
f 1531/7945 1515/7946 1532/7947
f 1515/7948 1516/7949 1532/7950
f 1532/7951 1516/7952 1533/7953
f 1516/7954 1517/7955 1533/7956
f 1533/7957 1517/7958 1534/7959
f 1517/7960 1518/7961 1534/7962
f 1534/7963 1518/7964 1535/7965
f 1518/7966 1519/7967 1535/7968
f 1535/7969 1519/7970 1536/7971
f 1519/7972 1520/7973 1536/7974
f 1536/7975 1520/7976 1537/7977
f 1520/7978 1521/7979 1537/7980
f 1537/7981 1521/7982 1538/7983
f 1521/7984 1522/7985 1538/7986
f 1538/7987 1522/7988 1523/7989
f 1522/7990 1507/7991 1523/7992
f 1539/7993 1523/7994 1524/7995
f 1540/7996 1539/7997 1524/7998
f 1540/7999 1524/8000 1525/8001
f 1541/8002 1540/8003 1525/8004
f 1541/8005 1525/8006 1526/8007
f 1542/8008 1541/8009 1526/8010
f 1542/8011 1526/8012 1527/8013
f 1543/8014 1542/8015 1527/8016
f 1543/8017 1527/8018 1528/8019
f 1544/8020 1543/8021 1528/8022
f 1544/8023 1528/8024 1529/8025
f 1545/8026 1544/8027 1529/8028
f 1545/8029 1529/8030 1530/8031
f 1546/8032 1545/8033 1530/8034
f 1546/8035 1530/8036 1531/8037
f 1547/8038 1546/8039 1531/8040
f 1547/8041 1531/8042 1548/8043
f 1531/8044 1532/8045 1548/8046
f 1548/8047 1532/8048 1549/8049
f 1532/8050 1533/8051 1549/8052
f 1549/8053 1533/8054 1550/8055
f 1533/8056 1534/8057 1550/8058
f 1550/8059 1534/8060 1551/8061
f 1534/8062 1535/8063 1551/8064
f 1551/8065 1535/8066 1552/8067
f 1535/8068 1536/8069 1552/8070
f 1552/8071 1536/8072 1553/8073
f 1536/8074 1537/8075 1553/8076
f 1553/8077 1537/8078 1554/8079
f 1537/8080 1538/8081 1554/8082
f 1554/8083 1538/8084 1539/8085
f 1538/8086 1523/8087 1539/8088
f 1555/8089 1539/8090 1540/8091
f 1556/8092 1555/8093 1540/8094
f 1556/8095 1540/8096 1541/8097
f 1557/8098 1556/8099 1541/8100
f 1557/8101 1541/8102 1542/8103
f 1558/8104 1557/8105 1542/8106
f 1558/8107 1542/8108 1543/8109
f 1559/8110 1558/8111 1543/8112
f 1559/8113 1543/8114 1544/8115
f 1560/8116 1559/8117 1544/8118
f 1560/8119 1544/8120 1545/8121
f 1561/8122 1560/8123 1545/8124
f 1561/8125 1545/8126 1546/8127
f 1562/8128 1561/8129 1546/8130
f 1562/8131 1546/8132 1547/8133
f 1563/8134 1562/8135 1547/8136
f 1563/8137 1547/8138 1564/8139
f 1547/8140 1548/8141 1564/8142
f 1564/8143 1548/8144 1565/8145
f 1548/8146 1549/8147 1565/8148
f 1565/8149 1549/8150 1566/8151
f 1549/8152 1550/8153 1566/8154
f 1566/8155 1550/8156 1567/8157
f 1550/8158 1551/8159 1567/8160
f 1567/8161 1551/8162 1568/8163
f 1551/8164 1552/8165 1568/8166
f 1568/8167 1552/8168 1569/8169
f 1552/8170 1553/8171 1569/8172
f 1569/8173 1553/8174 1570/8175
f 1553/8176 1554/8177 1570/8178
f 1570/8179 1554/8180 1555/8181
f 1554/8182 1539/8183 1555/8184
f 1571/8185 1555/8186 1556/8187
f 1572/8188 1571/8189 1556/8190
f 1572/8191 1556/8192 1557/8193
f 1573/8194 1572/8195 1557/8196
f 1573/8197 1557/8198 1558/8199
f 1574/8200 1573/8201 1558/8202
f 1574/8203 1558/8204 1559/8205
f 1575/8206 1574/8207 1559/8208
f 1575/8209 1559/8210 1560/8211
f 1576/8212 1575/8213 1560/8214
f 1576/8215 1560/8216 1561/8217
f 1577/8218 1576/8219 1561/8220
f 1577/8221 1561/8222 1562/8223
f 1578/8224 1577/8225 1562/8226
f 1578/8227 1562/8228 1563/8229
f 1579/8230 1578/8231 1563/8232
f 1579/8233 1563/8234 1580/8235
f 1563/8236 1564/8237 1580/8238
f 1580/8239 1564/8240 1581/8241
f 1564/8242 1565/8243 1581/8244
f 1581/8245 1565/8246 1582/8247
f 1565/8248 1566/8249 1582/8250
f 1582/8251 1566/8252 1583/8253
f 1566/8254 1567/8255 1583/8256
f 1583/8257 1567/8258 1584/8259
f 1567/8260 1568/8261 1584/8262
f 1584/8263 1568/8264 1585/8265
f 1568/8266 1569/8267 1585/8268
f 1585/8269 1569/8270 1586/8271
f 1569/8272 1570/8273 1586/8274
f 1586/8275 1570/8276 1571/8277
f 1570/8278 1555/8279 1571/8280
f 1587/8281 1571/8282 1572/8283
f 1588/8284 1587/8285 1572/8286
f 1588/8287 1572/8288 1573/8289
f 1589/8290 1588/8291 1573/8292
f 1589/8293 1573/8294 1574/8295
f 1590/8296 1589/8297 1574/8298
f 1590/8299 1574/8300 1575/8301
f 1591/8302 1590/8303 1575/8304
f 1591/8305 1575/8306 1576/8307
f 1592/8308 1591/8309 1576/8310
f 1592/8311 1576/8312 1577/8313
f 1593/8314 1592/8315 1577/8316
f 1593/8317 1577/8318 1578/8319
f 1594/8320 1593/8321 1578/8322
f 1594/8323 1578/8324 1579/8325
f 1595/8326 1594/8327 1579/8328
f 1595/8329 1579/8330 1596/8331
f 1579/8332 1580/8333 1596/8334
f 1596/8335 1580/8336 1597/8337
f 1580/8338 1581/8339 1597/8340
f 1597/8341 1581/8342 1598/8343
f 1581/8344 1582/8345 1598/8346
f 1598/8347 1582/8348 1599/8349
f 1582/8350 1583/8351 1599/8352
f 1599/8353 1583/8354 1600/8355
f 1583/8356 1584/8357 1600/8358
f 1600/8359 1584/8360 1601/8361
f 1584/8362 1585/8363 1601/8364
f 1601/8365 1585/8366 1602/8367
f 1585/8368 1586/8369 1602/8370
f 1602/8371 1586/8372 1587/8373
f 1586/8374 1571/8375 1587/8376
f 1603/8377 1587/8378 1588/8379
f 1604/8380 1603/8381 1588/8382
f 1604/8383 1588/8384 1589/8385
f 1605/8386 1604/8387 1589/8388
f 1605/8389 1589/8390 1590/8391
f 1606/8392 1605/8393 1590/8394
f 1606/8395 1590/8396 1591/8397
f 1607/8398 1606/8399 1591/8400
f 1607/8401 1591/8402 1592/8403
f 1608/8404 1607/8405 1592/8406
f 1608/8407 1592/8408 1593/8409
f 1609/8410 1608/8411 1593/8412
f 1609/8413 1593/8414 1594/8415
f 1610/8416 1609/8417 1594/8418
f 1610/8419 1594/8420 1595/8421
f 1611/8422 1610/8423 1595/8424
f 1611/8425 1595/8426 1612/8427
f 1595/8428 1596/8429 1612/8430
f 1612/8431 1596/8432 1613/8433
f 1596/8434 1597/8435 1613/8436
f 1613/8437 1597/8438 1614/8439
f 1597/8440 1598/8441 1614/8442
f 1614/8443 1598/8444 1615/8445
f 1598/8446 1599/8447 1615/8448
f 1615/8449 1599/8450 1616/8451
f 1599/8452 1600/8453 1616/8454
f 1616/8455 1600/8456 1617/8457
f 1600/8458 1601/8459 1617/8460
f 1617/8461 1601/8462 1618/8463
f 1601/8464 1602/8465 1618/8466
f 1618/8467 1602/8468 1603/8469
f 1602/8470 1587/8471 1603/8472
f 1619/8473 1603/8474 1604/8475
f 1620/8476 1619/8477 1604/8478
f 1620/8479 1604/8480 1605/8481
f 1621/8482 1620/8483 1605/8484
f 1621/8485 1605/8486 1606/8487
f 1622/8488 1621/8489 1606/8490
f 1622/8491 1606/8492 1607/8493
f 1623/8494 1622/8495 1607/8496
f 1623/8497 1607/8498 1608/8499
f 1624/8500 1623/8501 1608/8502
f 1624/8503 1608/8504 1609/8505
f 1625/8506 1624/8507 1609/8508
f 1625/8509 1609/8510 1610/8511
f 1626/8512 1625/8513 1610/8514
f 1626/8515 1610/8516 1611/8517
f 1627/8518 1626/8519 1611/8520
f 1627/8521 1611/8522 1628/8523
f 1611/8524 1612/8525 1628/8526
f 1628/8527 1612/8528 1629/8529
f 1612/8530 1613/8531 1629/8532
f 1629/8533 1613/8534 1630/8535
f 1613/8536 1614/8537 1630/8538
f 1630/8539 1614/8540 1631/8541
f 1614/8542 1615/8543 1631/8544
f 1631/8545 1615/8546 1632/8547
f 1615/8548 1616/8549 1632/8550
f 1632/8551 1616/8552 1633/8553
f 1616/8554 1617/8555 1633/8556
f 1633/8557 1617/8558 1634/8559
f 1617/8560 1618/8561 1634/8562
f 1634/8563 1618/8564 1619/8565
f 1618/8566 1603/8567 1619/8568
f 1635/8569 1619/8570 1620/8571
f 1636/8572 1635/8573 1620/8574
f 1636/8575 1620/8576 1621/8577
f 1637/8578 1636/8579 1621/8580
f 1637/8581 1621/8582 1622/8583
f 1638/8584 1637/8585 1622/8586
f 1638/8587 1622/8588 1623/8589
f 1639/8590 1638/8591 1623/8592
f 1639/8593 1623/8594 1624/8595
f 1640/8596 1639/8597 1624/8598
f 1640/8599 1624/8600 1625/8601
f 1641/8602 1640/8603 1625/8604
f 1641/8605 1625/8606 1626/8607
f 1642/8608 1641/8609 1626/8610
f 1642/8611 1626/8612 1627/8613
f 1643/8614 1642/8615 1627/8616
f 1643/8617 1627/8618 1644/8619
f 1627/8620 1628/8621 1644/8622
f 1644/8623 1628/8624 1645/8625
f 1628/8626 1629/8627 1645/8628
f 1645/8629 1629/8630 1646/8631
f 1629/8632 1630/8633 1646/8634
f 1646/8635 1630/8636 1647/8637
f 1630/8638 1631/8639 1647/8640
f 1647/8641 1631/8642 1648/8643
f 1631/8644 1632/8645 1648/8646
f 1648/8647 1632/8648 1649/8649
f 1632/8650 1633/8651 1649/8652
f 1649/8653 1633/8654 1650/8655
f 1633/8656 1634/8657 1650/8658
f 1650/8659 1634/8660 1635/8661
f 1634/8662 1619/8663 1635/8664
f 1651/8665 1635/8666 1636/8667
f 1652/8668 1651/8669 1636/8670
f 1652/8671 1636/8672 1637/8673
f 1653/8674 1652/8675 1637/8676
f 1653/8677 1637/8678 1638/8679
f 1654/8680 1653/8681 1638/8682
f 1654/8683 1638/8684 1639/8685
f 1655/8686 1654/8687 1639/8688
f 1655/8689 1639/8690 1640/8691
f 1656/8692 1655/8693 1640/8694
f 1656/8695 1640/8696 1641/8697
f 1657/8698 1656/8699 1641/8700
f 1657/8701 1641/8702 1642/8703
f 1658/8704 1657/8705 1642/8706
f 1658/8707 1642/8708 1643/8709
f 1659/8710 1658/8711 1643/8712
f 1659/8713 1643/8714 1660/8715
f 1643/8716 1644/8717 1660/8718
f 1660/8719 1644/8720 1661/8721
f 1644/8722 1645/8723 1661/8724
f 1661/8725 1645/8726 1662/8727
f 1645/8728 1646/8729 1662/8730
f 1662/8731 1646/8732 1663/8733
f 1646/8734 1647/8735 1663/8736
f 1663/8737 1647/8738 1664/8739
f 1647/8740 1648/8741 1664/8742
f 1664/8743 1648/8744 1665/8745
f 1648/8746 1649/8747 1665/8748
f 1665/8749 1649/8750 1666/8751
f 1649/8752 1650/8753 1666/8754
f 1666/8755 1650/8756 1651/8757
f 1650/8758 1635/8759 1651/8760
f 1683/8761 1667/8762 1668/8763
f 1684/8764 1683/8765 1668/8766
f 1684/8767 1668/8768 1669/8769
f 1685/8770 1684/8771 1669/8772
f 1685/8773 1669/8774 1670/8775
f 1686/8776 1685/8777 1670/8778
f 1686/8779 1670/8780 1671/8781
f 1687/8782 1686/8783 1671/8784
f 1687/8785 1671/8786 1672/8787
f 1688/8788 1687/8789 1672/8790
f 1688/8791 1672/8792 1673/8793
f 1689/8794 1688/8795 1673/8796
f 1689/8797 1673/8798 1674/8799
f 1690/8800 1689/8801 1674/8802
f 1690/8803 1674/8804 1675/8805
f 1691/8806 1690/8807 1675/8808
f 1691/8809 1675/8810 1692/8811
f 1675/8812 1676/8813 1692/8814
f 1692/8815 1676/8816 1693/8817
f 1676/8818 1677/8819 1693/8820
f 1693/8821 1677/8822 1694/8823
f 1677/8824 1678/8825 1694/8826
f 1694/8827 1678/8828 1695/8829
f 1678/8830 1679/8831 1695/8832
f 1695/8833 1679/8834 1696/8835
f 1679/8836 1680/8837 1696/8838
f 1696/8839 1680/8840 1697/8841
f 1680/8842 1681/8843 1697/8844
f 1697/8845 1681/8846 1698/8847
f 1681/8848 1682/8849 1698/8850
f 1698/8851 1682/8852 1683/8853
f 1682/8854 1667/8855 1683/8856
f 1699/8857 1683/8858 1684/8859
f 1700/8860 1699/8861 1684/8862
f 1700/8863 1684/8864 1685/8865
f 1701/8866 1700/8867 1685/8868
f 1701/8869 1685/8870 1686/8871
f 1702/8872 1701/8873 1686/8874
f 1702/8875 1686/8876 1687/8877
f 1703/8878 1702/8879 1687/8880
f 1703/8881 1687/8882 1688/8883
f 1704/8884 1703/8885 1688/8886
f 1704/8887 1688/8888 1689/8889
f 1705/8890 1704/8891 1689/8892
f 1705/8893 1689/8894 1690/8895
f 1706/8896 1705/8897 1690/8898
f 1706/8899 1690/8900 1691/8901
f 1707/8902 1706/8903 1691/8904
f 1707/8905 1691/8906 1708/8907
f 1691/8908 1692/8909 1708/8910
f 1708/8911 1692/8912 1709/8913
f 1692/8914 1693/8915 1709/8916
f 1709/8917 1693/8918 1710/8919
f 1693/8920 1694/8921 1710/8922
f 1710/8923 1694/8924 1711/8925
f 1694/8926 1695/8927 1711/8928
f 1711/8929 1695/8930 1712/8931
f 1695/8932 1696/8933 1712/8934
f 1712/8935 1696/8936 1713/8937
f 1696/8938 1697/8939 1713/8940
f 1713/8941 1697/8942 1714/8943
f 1697/8944 1698/8945 1714/8946
f 1714/8947 1698/8948 1699/8949
f 1698/8950 1683/8951 1699/8952
f 1715/8953 1699/8954 1700/8955
f 1716/8956 1715/8957 1700/8958
f 1716/8959 1700/8960 1701/8961
f 1717/8962 1716/8963 1701/8964
f 1717/8965 1701/8966 1702/8967
f 1718/8968 1717/8969 1702/8970
f 1718/8971 1702/8972 1703/8973
f 1719/8974 1718/8975 1703/8976
f 1719/8977 1703/8978 1704/8979
f 1720/8980 1719/8981 1704/8982
f 1720/8983 1704/8984 1705/8985
f 1721/8986 1720/8987 1705/8988
f 1721/8989 1705/8990 1706/8991
f 1722/8992 1721/8993 1706/8994
f 1722/8995 1706/8996 1707/8997
f 1723/8998 1722/8999 1707/9000
f 1723/9001 1707/9002 1724/9003
f 1707/9004 1708/9005 1724/9006
f 1724/9007 1708/9008 1725/9009
f 1708/9010 1709/9011 1725/9012
f 1725/9013 1709/9014 1726/9015
f 1709/9016 1710/9017 1726/9018
f 1726/9019 1710/9020 1727/9021
f 1710/9022 1711/9023 1727/9024
f 1727/9025 1711/9026 1728/9027
f 1711/9028 1712/9029 1728/9030
f 1728/9031 1712/9032 1729/9033
f 1712/9034 1713/9035 1729/9036
f 1729/9037 1713/9038 1730/9039
f 1713/9040 1714/9041 1730/9042
f 1730/9043 1714/9044 1715/9045
f 1714/9046 1699/9047 1715/9048
f 1731/9049 1715/9050 1716/9051
f 1732/9052 1731/9053 1716/9054
f 1732/9055 1716/9056 1717/9057
f 1733/9058 1732/9059 1717/9060
f 1733/9061 1717/9062 1718/9063
f 1734/9064 1733/9065 1718/9066
f 1734/9067 1718/9068 1719/9069
f 1735/9070 1734/9071 1719/9072
f 1735/9073 1719/9074 1720/9075
f 1736/9076 1735/9077 1720/9078
f 1736/9079 1720/9080 1721/9081
f 1737/9082 1736/9083 1721/9084
f 1737/9085 1721/9086 1722/9087
f 1738/9088 1737/9089 1722/9090
f 1738/9091 1722/9092 1723/9093
f 1739/9094 1738/9095 1723/9096
f 1739/9097 1723/9098 1740/9099
f 1723/9100 1724/9101 1740/9102
f 1740/9103 1724/9104 1741/9105
f 1724/9106 1725/9107 1741/9108
f 1741/9109 1725/9110 1742/9111
f 1725/9112 1726/9113 1742/9114
f 1742/9115 1726/9116 1743/9117
f 1726/9118 1727/9119 1743/9120
f 1743/9121 1727/9122 1744/9123
f 1727/9124 1728/9125 1744/9126
f 1744/9127 1728/9128 1745/9129
f 1728/9130 1729/9131 1745/9132
f 1745/9133 1729/9134 1746/9135
f 1729/9136 1730/9137 1746/9138
f 1746/9139 1730/9140 1731/9141
f 1730/9142 1715/9143 1731/9144
f 1747/9145 1731/9146 1732/9147
f 1748/9148 1747/9149 1732/9150
f 1748/9151 1732/9152 1733/9153
f 1749/9154 1748/9155 1733/9156
f 1749/9157 1733/9158 1734/9159
f 1750/9160 1749/9161 1734/9162
f 1750/9163 1734/9164 1735/9165
f 1751/9166 1750/9167 1735/9168
f 1751/9169 1735/9170 1736/9171
f 1752/9172 1751/9173 1736/9174
f 1752/9175 1736/9176 1737/9177
f 1753/9178 1752/9179 1737/9180
f 1753/9181 1737/9182 1738/9183
f 1754/9184 1753/9185 1738/9186
f 1754/9187 1738/9188 1739/9189
f 1755/9190 1754/9191 1739/9192
f 1755/9193 1739/9194 1756/9195
f 1739/9196 1740/9197 1756/9198
f 1756/9199 1740/9200 1757/9201
f 1740/9202 1741/9203 1757/9204
f 1757/9205 1741/9206 1758/9207
f 1741/9208 1742/9209 1758/9210
f 1758/9211 1742/9212 1759/9213
f 1742/9214 1743/9215 1759/9216
f 1759/9217 1743/9218 1760/9219
f 1743/9220 1744/9221 1760/9222
f 1760/9223 1744/9224 1761/9225
f 1744/9226 1745/9227 1761/9228
f 1761/9229 1745/9230 1762/9231
f 1745/9232 1746/9233 1762/9234
f 1762/9235 1746/9236 1747/9237
f 1746/9238 1731/9239 1747/9240
f 1763/9241 1747/9242 1748/9243
f 1764/9244 1763/9245 1748/9246
f 1764/9247 1748/9248 1749/9249
f 1765/9250 1764/9251 1749/9252
f 1765/9253 1749/9254 1750/9255
f 1766/9256 1765/9257 1750/9258
f 1766/9259 1750/9260 1751/9261
f 1767/9262 1766/9263 1751/9264
f 1767/9265 1751/9266 1752/9267
f 1768/9268 1767/9269 1752/9270
f 1768/9271 1752/9272 1753/9273
f 1769/9274 1768/9275 1753/9276
f 1769/9277 1753/9278 1754/9279
f 1770/9280 1769/9281 1754/9282
f 1770/9283 1754/9284 1755/9285
f 1771/9286 1770/9287 1755/9288
f 1771/9289 1755/9290 1772/9291
f 1755/9292 1756/9293 1772/9294
f 1772/9295 1756/9296 1773/9297
f 1756/9298 1757/9299 1773/9300
f 1773/9301 1757/9302 1774/9303
f 1757/9304 1758/9305 1774/9306
f 1774/9307 1758/9308 1775/9309
f 1758/9310 1759/9311 1775/9312
f 1775/9313 1759/9314 1776/9315
f 1759/9316 1760/9317 1776/9318
f 1776/9319 1760/9320 1777/9321
f 1760/9322 1761/9323 1777/9324
f 1777/9325 1761/9326 1778/9327
f 1761/9328 1762/9329 1778/9330
f 1778/9331 1762/9332 1763/9333
f 1762/9334 1747/9335 1763/9336
f 1779/9337 1763/9338 1764/9339
f 1780/9340 1779/9341 1764/9342
f 1780/9343 1764/9344 1765/9345
f 1781/9346 1780/9347 1765/9348
f 1781/9349 1765/9350 1766/9351
f 1782/9352 1781/9353 1766/9354
f 1782/9355 1766/9356 1767/9357
f 1783/9358 1782/9359 1767/9360
f 1783/9361 1767/9362 1768/9363
f 1784/9364 1783/9365 1768/9366
f 1784/9367 1768/9368 1769/9369
f 1785/9370 1784/9371 1769/9372
f 1785/9373 1769/9374 1770/9375
f 1786/9376 1785/9377 1770/9378
f 1786/9379 1770/9380 1771/9381
f 1787/9382 1786/9383 1771/9384
f 1787/9385 1771/9386 1788/9387
f 1771/9388 1772/9389 1788/9390
f 1788/9391 1772/9392 1789/9393
f 1772/9394 1773/9395 1789/9396
f 1789/9397 1773/9398 1790/9399
f 1773/9400 1774/9401 1790/9402
f 1790/9403 1774/9404 1791/9405
f 1774/9406 1775/9407 1791/9408
f 1791/9409 1775/9410 1792/9411
f 1775/9412 1776/9413 1792/9414
f 1792/9415 1776/9416 1793/9417
f 1776/9418 1777/9419 1793/9420
f 1793/9421 1777/9422 1794/9423
f 1777/9424 1778/9425 1794/9426
f 1794/9427 1778/9428 1779/9429
f 1778/9430 1763/9431 1779/9432
f 1795/9433 1779/9434 1780/9435
f 1796/9436 1795/9437 1780/9438
f 1796/9439 1780/9440 1781/9441
f 1797/9442 1796/9443 1781/9444
f 1797/9445 1781/9446 1782/9447
f 1798/9448 1797/9449 1782/9450
f 1798/9451 1782/9452 1783/9453
f 1799/9454 1798/9455 1783/9456
f 1799/9457 1783/9458 1784/9459
f 1800/9460 1799/9461 1784/9462
f 1800/9463 1784/9464 1785/9465
f 1801/9466 1800/9467 1785/9468
f 1801/9469 1785/9470 1786/9471
f 1802/9472 1801/9473 1786/9474
f 1802/9475 1786/9476 1787/9477
f 1803/9478 1802/9479 1787/9480
f 1803/9481 1787/9482 1804/9483
f 1787/9484 1788/9485 1804/9486
f 1804/9487 1788/9488 1805/9489
f 1788/9490 1789/9491 1805/9492
f 1805/9493 1789/9494 1806/9495
f 1789/9496 1790/9497 1806/9498
f 1806/9499 1790/9500 1807/9501
f 1790/9502 1791/9503 1807/9504
f 1807/9505 1791/9506 1808/9507
f 1791/9508 1792/9509 1808/9510
f 1808/9511 1792/9512 1809/9513
f 1792/9514 1793/9515 1809/9516
f 1809/9517 1793/9518 1810/9519
f 1793/9520 1794/9521 1810/9522
f 1810/9523 1794/9524 1795/9525
f 1794/9526 1779/9527 1795/9528
f 1811/9529 1795/9530 1796/9531
f 1812/9532 1811/9533 1796/9534
f 1812/9535 1796/9536 1797/9537
f 1813/9538 1812/9539 1797/9540
f 1813/9541 1797/9542 1798/9543
f 1814/9544 1813/9545 1798/9546
f 1814/9547 1798/9548 1799/9549
f 1815/9550 1814/9551 1799/9552
f 1815/9553 1799/9554 1800/9555
f 1816/9556 1815/9557 1800/9558
f 1816/9559 1800/9560 1801/9561
f 1817/9562 1816/9563 1801/9564
f 1817/9565 1801/9566 1802/9567
f 1818/9568 1817/9569 1802/9570
f 1818/9571 1802/9572 1803/9573
f 1819/9574 1818/9575 1803/9576
f 1819/9577 1803/9578 1820/9579
f 1803/9580 1804/9581 1820/9582
f 1820/9583 1804/9584 1821/9585
f 1804/9586 1805/9587 1821/9588
f 1821/9589 1805/9590 1822/9591
f 1805/9592 1806/9593 1822/9594
f 1822/9595 1806/9596 1823/9597
f 1806/9598 1807/9599 1823/9600
f 1823/9601 1807/9602 1824/9603
f 1807/9604 1808/9605 1824/9606
f 1824/9607 1808/9608 1825/9609
f 1808/9610 1809/9611 1825/9612
f 1825/9613 1809/9614 1826/9615
f 1809/9616 1810/9617 1826/9618
f 1826/9619 1810/9620 1811/9621
f 1810/9622 1795/9623 1811/9624
f 1843/9625 1827/9626 1828/9627
f 1844/9628 1843/9629 1828/9630
f 1844/9631 1828/9632 1829/9633
f 1845/9634 1844/9635 1829/9636
f 1845/9637 1829/9638 1830/9639
f 1846/9640 1845/9641 1830/9642
f 1846/9643 1830/9644 1831/9645
f 1847/9646 1846/9647 1831/9648
f 1847/9649 1831/9650 1832/9651
f 1848/9652 1847/9653 1832/9654
f 1848/9655 1832/9656 1833/9657
f 1849/9658 1848/9659 1833/9660
f 1849/9661 1833/9662 1834/9663
f 1850/9664 1849/9665 1834/9666
f 1850/9667 1834/9668 1835/9669
f 1851/9670 1850/9671 1835/9672
f 1851/9673 1835/9674 1852/9675
f 1835/9676 1836/9677 1852/9678
f 1852/9679 1836/9680 1853/9681
f 1836/9682 1837/9683 1853/9684
f 1853/9685 1837/9686 1854/9687
f 1837/9688 1838/9689 1854/9690
f 1854/9691 1838/9692 1855/9693
f 1838/9694 1839/9695 1855/9696
f 1855/9697 1839/9698 1856/9699
f 1839/9700 1840/9701 1856/9702
f 1856/9703 1840/9704 1857/9705
f 1840/9706 1841/9707 1857/9708
f 1857/9709 1841/9710 1858/9711
f 1841/9712 1842/9713 1858/9714
f 1858/9715 1842/9716 1843/9717
f 1842/9718 1827/9719 1843/9720
f 1859/9721 1843/9722 1844/9723
f 1860/9724 1859/9725 1844/9726
f 1860/9727 1844/9728 1845/9729
f 1861/9730 1860/9731 1845/9732
f 1861/9733 1845/9734 1846/9735
f 1862/9736 1861/9737 1846/9738
f 1862/9739 1846/9740 1847/9741
f 1863/9742 1862/9743 1847/9744
f 1863/9745 1847/9746 1848/9747
f 1864/9748 1863/9749 1848/9750
f 1864/9751 1848/9752 1849/9753
f 1865/9754 1864/9755 1849/9756
f 1865/9757 1849/9758 1850/9759
f 1866/9760 1865/9761 1850/9762
f 1866/9763 1850/9764 1851/9765
f 1867/9766 1866/9767 1851/9768
f 1867/9769 1851/9770 1868/9771
f 1851/9772 1852/9773 1868/9774
f 1868/9775 1852/9776 1869/9777
f 1852/9778 1853/9779 1869/9780
f 1869/9781 1853/9782 1870/9783
f 1853/9784 1854/9785 1870/9786
f 1870/9787 1854/9788 1871/9789
f 1854/9790 1855/9791 1871/9792
f 1871/9793 1855/9794 1872/9795
f 1855/9796 1856/9797 1872/9798
f 1872/9799 1856/9800 1873/9801
f 1856/9802 1857/9803 1873/9804
f 1873/9805 1857/9806 1874/9807
f 1857/9808 1858/9809 1874/9810
f 1874/9811 1858/9812 1859/9813
f 1858/9814 1843/9815 1859/9816
f 1875/9817 1859/9818 1860/9819
f 1876/9820 1875/9821 1860/9822
f 1876/9823 1860/9824 1861/9825
f 1877/9826 1876/9827 1861/9828
f 1877/9829 1861/9830 1862/9831
f 1878/9832 1877/9833 1862/9834
f 1878/9835 1862/9836 1863/9837
f 1879/9838 1878/9839 1863/9840
f 1879/9841 1863/9842 1864/9843
f 1880/9844 1879/9845 1864/9846
f 1880/9847 1864/9848 1865/9849
f 1881/9850 1880/9851 1865/9852
f 1881/9853 1865/9854 1866/9855
f 1882/9856 1881/9857 1866/9858
f 1882/9859 1866/9860 1867/9861
f 1883/9862 1882/9863 1867/9864
f 1883/9865 1867/9866 1884/9867
f 1867/9868 1868/9869 1884/9870
f 1884/9871 1868/9872 1885/9873
f 1868/9874 1869/9875 1885/9876
f 1885/9877 1869/9878 1886/9879
f 1869/9880 1870/9881 1886/9882
f 1886/9883 1870/9884 1887/9885
f 1870/9886 1871/9887 1887/9888
f 1887/9889 1871/9890 1888/9891
f 1871/9892 1872/9893 1888/9894
f 1888/9895 1872/9896 1889/9897
f 1872/9898 1873/9899 1889/9900
f 1889/9901 1873/9902 1890/9903
f 1873/9904 1874/9905 1890/9906
f 1890/9907 1874/9908 1875/9909
f 1874/9910 1859/9911 1875/9912
f 1891/9913 1875/9914 1876/9915
f 1892/9916 1891/9917 1876/9918
f 1892/9919 1876/9920 1877/9921
f 1893/9922 1892/9923 1877/9924
f 1893/9925 1877/9926 1878/9927
f 1894/9928 1893/9929 1878/9930
f 1894/9931 1878/9932 1879/9933
f 1895/9934 1894/9935 1879/9936
f 1895/9937 1879/9938 1880/9939
f 1896/9940 1895/9941 1880/9942
f 1896/9943 1880/9944 1881/9945
f 1897/9946 1896/9947 1881/9948
f 1897/9949 1881/9950 1882/9951
f 1898/9952 1897/9953 1882/9954
f 1898/9955 1882/9956 1883/9957
f 1899/9958 1898/9959 1883/9960
f 1899/9961 1883/9962 1900/9963
f 1883/9964 1884/9965 1900/9966
f 1900/9967 1884/9968 1901/9969
f 1884/9970 1885/9971 1901/9972
f 1901/9973 1885/9974 1902/9975
f 1885/9976 1886/9977 1902/9978
f 1902/9979 1886/9980 1903/9981
f 1886/9982 1887/9983 1903/9984
f 1903/9985 1887/9986 1904/9987
f 1887/9988 1888/9989 1904/9990
f 1904/9991 1888/9992 1905/9993
f 1888/9994 1889/9995 1905/9996
f 1905/9997 1889/9998 1906/9999
f 1889/10000 1890/10001 1906/10002
f 1906/10003 1890/10004 1891/10005
f 1890/10006 1875/10007 1891/10008
f 1907/10009 1891/10010 1892/10011
f 1908/10012 1907/10013 1892/10014
f 1908/10015 1892/10016 1893/10017
f 1909/10018 1908/10019 1893/10020
f 1909/10021 1893/10022 1894/10023
f 1910/10024 1909/10025 1894/10026
f 1910/10027 1894/10028 1895/10029
f 1911/10030 1910/10031 1895/10032
f 1911/10033 1895/10034 1896/10035
f 1912/10036 1911/10037 1896/10038
f 1912/10039 1896/10040 1897/10041
f 1913/10042 1912/10043 1897/10044
f 1913/10045 1897/10046 1898/10047
f 1914/10048 1913/10049 1898/10050
f 1914/10051 1898/10052 1899/10053
f 1915/10054 1914/10055 1899/10056
f 1915/10057 1899/10058 1916/10059
f 1899/10060 1900/10061 1916/10062
f 1916/10063 1900/10064 1917/10065
f 1900/10066 1901/10067 1917/10068
f 1917/10069 1901/10070 1918/10071
f 1901/10072 1902/10073 1918/10074
f 1918/10075 1902/10076 1919/10077
f 1902/10078 1903/10079 1919/10080
f 1919/10081 1903/10082 1920/10083
f 1903/10084 1904/10085 1920/10086
f 1920/10087 1904/10088 1921/10089
f 1904/10090 1905/10091 1921/10092
f 1921/10093 1905/10094 1922/10095
f 1905/10096 1906/10097 1922/10098
f 1922/10099 1906/10100 1907/10101
f 1906/10102 1891/10103 1907/10104
f 1923/10105 1907/10106 1908/10107
f 1924/10108 1923/10109 1908/10110
f 1924/10111 1908/10112 1909/10113
f 1925/10114 1924/10115 1909/10116
f 1925/10117 1909/10118 1910/10119
f 1926/10120 1925/10121 1910/10122
f 1926/10123 1910/10124 1911/10125
f 1927/10126 1926/10127 1911/10128
f 1927/10129 1911/10130 1912/10131
f 1928/10132 1927/10133 1912/10134
f 1928/10135 1912/10136 1913/10137
f 1929/10138 1928/10139 1913/10140
f 1929/10141 1913/10142 1914/10143
f 1930/10144 1929/10145 1914/10146
f 1930/10147 1914/10148 1915/10149
f 1931/10150 1930/10151 1915/10152
f 1931/10153 1915/10154 1932/10155
f 1915/10156 1916/10157 1932/10158
f 1932/10159 1916/10160 1933/10161
f 1916/10162 1917/10163 1933/10164
f 1933/10165 1917/10166 1934/10167
f 1917/10168 1918/10169 1934/10170
f 1934/10171 1918/10172 1935/10173
f 1918/10174 1919/10175 1935/10176
f 1935/10177 1919/10178 1936/10179
f 1919/10180 1920/10181 1936/10182
f 1936/10183 1920/10184 1937/10185
f 1920/10186 1921/10187 1937/10188
f 1937/10189 1921/10190 1938/10191
f 1921/10192 1922/10193 1938/10194
f 1938/10195 1922/10196 1923/10197
f 1922/10198 1907/10199 1923/10200
f 1939/10201 1923/10202 1924/10203
f 1940/10204 1939/10205 1924/10206
f 1940/10207 1924/10208 1925/10209
f 1941/10210 1940/10211 1925/10212
f 1941/10213 1925/10214 1926/10215
f 1942/10216 1941/10217 1926/10218
f 1942/10219 1926/10220 1927/10221
f 1943/10222 1942/10223 1927/10224
f 1943/10225 1927/10226 1928/10227
f 1944/10228 1943/10229 1928/10230
f 1944/10231 1928/10232 1929/10233
f 1945/10234 1944/10235 1929/10236
f 1945/10237 1929/10238 1930/10239
f 1946/10240 1945/10241 1930/10242
f 1946/10243 1930/10244 1931/10245
f 1947/10246 1946/10247 1931/10248
f 1947/10249 1931/10250 1948/10251
f 1931/10252 1932/10253 1948/10254
f 1948/10255 1932/10256 1949/10257
f 1932/10258 1933/10259 1949/10260
f 1949/10261 1933/10262 1950/10263
f 1933/10264 1934/10265 1950/10266
f 1950/10267 1934/10268 1951/10269
f 1934/10270 1935/10271 1951/10272
f 1951/10273 1935/10274 1952/10275
f 1935/10276 1936/10277 1952/10278
f 1952/10279 1936/10280 1953/10281
f 1936/10282 1937/10283 1953/10284
f 1953/10285 1937/10286 1954/10287
f 1937/10288 1938/10289 1954/10290
f 1954/10291 1938/10292 1939/10293
f 1938/10294 1923/10295 1939/10296
f 1955/10297 1939/10298 1940/10299
f 1956/10300 1955/10301 1940/10302
f 1956/10303 1940/10304 1941/10305
f 1957/10306 1956/10307 1941/10308
f 1957/10309 1941/10310 1942/10311
f 1958/10312 1957/10313 1942/10314
f 1958/10315 1942/10316 1943/10317
f 1959/10318 1958/10319 1943/10320
f 1959/10321 1943/10322 1944/10323
f 1960/10324 1959/10325 1944/10326
f 1960/10327 1944/10328 1945/10329
f 1961/10330 1960/10331 1945/10332
f 1961/10333 1945/10334 1946/10335
f 1962/10336 1961/10337 1946/10338
f 1962/10339 1946/10340 1947/10341
f 1963/10342 1962/10343 1947/10344
f 1963/10345 1947/10346 1964/10347
f 1947/10348 1948/10349 1964/10350
f 1964/10351 1948/10352 1965/10353
f 1948/10354 1949/10355 1965/10356
f 1965/10357 1949/10358 1966/10359
f 1949/10360 1950/10361 1966/10362
f 1966/10363 1950/10364 1967/10365
f 1950/10366 1951/10367 1967/10368
f 1967/10369 1951/10370 1968/10371
f 1951/10372 1952/10373 1968/10374
f 1968/10375 1952/10376 1969/10377
f 1952/10378 1953/10379 1969/10380
f 1969/10381 1953/10382 1970/10383
f 1953/10384 1954/10385 1970/10386
f 1970/10387 1954/10388 1955/10389
f 1954/10390 1939/10391 1955/10392
f 1971/10393 1955/10394 1956/10395
f 1972/10396 1971/10397 1956/10398
f 1972/10399 1956/10400 1957/10401
f 1973/10402 1972/10403 1957/10404
f 1973/10405 1957/10406 1958/10407
f 1974/10408 1973/10409 1958/10410
f 1974/10411 1958/10412 1959/10413
f 1975/10414 1974/10415 1959/10416
f 1975/10417 1959/10418 1960/10419
f 1976/10420 1975/10421 1960/10422
f 1976/10423 1960/10424 1961/10425
f 1977/10426 1976/10427 1961/10428
f 1977/10429 1961/10430 1962/10431
f 1978/10432 1977/10433 1962/10434
f 1978/10435 1962/10436 1963/10437
f 1979/10438 1978/10439 1963/10440
f 1979/10441 1963/10442 1980/10443
f 1963/10444 1964/10445 1980/10446
f 1980/10447 1964/10448 1981/10449
f 1964/10450 1965/10451 1981/10452
f 1981/10453 1965/10454 1982/10455
f 1965/10456 1966/10457 1982/10458
f 1982/10459 1966/10460 1983/10461
f 1966/10462 1967/10463 1983/10464
f 1983/10465 1967/10466 1984/10467
f 1967/10468 1968/10469 1984/10470
f 1984/10471 1968/10472 1985/10473
f 1968/10474 1969/10475 1985/10476
f 1985/10477 1969/10478 1986/10479
f 1969/10480 1970/10481 1986/10482
f 1986/10483 1970/10484 1971/10485
f 1970/10486 1955/10487 1971/10488
f 2003/10489 1987/10490 1988/10491
f 2004/10492 2003/10493 1988/10494
f 2004/10495 1988/10496 1989/10497
f 2005/10498 2004/10499 1989/10500
f 2005/10501 1989/10502 1990/10503
f 2006/10504 2005/10505 1990/10506
f 2006/10507 1990/10508 1991/10509
f 2007/10510 2006/10511 1991/10512
f 2007/10513 1991/10514 1992/10515
f 2008/10516 2007/10517 1992/10518
f 2008/10519 1992/10520 1993/10521
f 2009/10522 2008/10523 1993/10524
f 2009/10525 1993/10526 1994/10527
f 2010/10528 2009/10529 1994/10530
f 2010/10531 1994/10532 1995/10533
f 2011/10534 2010/10535 1995/10536
f 2011/10537 1995/10538 2012/10539
f 1995/10540 1996/10541 2012/10542
f 2012/10543 1996/10544 2013/10545
f 1996/10546 1997/10547 2013/10548
f 2013/10549 1997/10550 2014/10551
f 1997/10552 1998/10553 2014/10554
f 2014/10555 1998/10556 2015/10557
f 1998/10558 1999/10559 2015/10560
f 2015/10561 1999/10562 2016/10563
f 1999/10564 2000/10565 2016/10566
f 2016/10567 2000/10568 2017/10569
f 2000/10570 2001/10571 2017/10572
f 2017/10573 2001/10574 2018/10575
f 2001/10576 2002/10577 2018/10578
f 2018/10579 2002/10580 2003/10581
f 2002/10582 1987/10583 2003/10584
f 2019/10585 2003/10586 2004/10587
f 2020/10588 2019/10589 2004/10590
f 2020/10591 2004/10592 2005/10593
f 2021/10594 2020/10595 2005/10596
f 2021/10597 2005/10598 2006/10599
f 2022/10600 2021/10601 2006/10602
f 2022/10603 2006/10604 2007/10605
f 2023/10606 2022/10607 2007/10608
f 2023/10609 2007/10610 2008/10611
f 2024/10612 2023/10613 2008/10614
f 2024/10615 2008/10616 2009/10617
f 2025/10618 2024/10619 2009/10620
f 2025/10621 2009/10622 2010/10623
f 2026/10624 2025/10625 2010/10626
f 2026/10627 2010/10628 2011/10629
f 2027/10630 2026/10631 2011/10632
f 2027/10633 2011/10634 2028/10635
f 2011/10636 2012/10637 2028/10638
f 2028/10639 2012/10640 2029/10641
f 2012/10642 2013/10643 2029/10644
f 2029/10645 2013/10646 2030/10647
f 2013/10648 2014/10649 2030/10650
f 2030/10651 2014/10652 2031/10653
f 2014/10654 2015/10655 2031/10656
f 2031/10657 2015/10658 2032/10659
f 2015/10660 2016/10661 2032/10662
f 2032/10663 2016/10664 2033/10665
f 2016/10666 2017/10667 2033/10668
f 2033/10669 2017/10670 2034/10671
f 2017/10672 2018/10673 2034/10674
f 2034/10675 2018/10676 2019/10677
f 2018/10678 2003/10679 2019/10680
f 2035/10681 2019/10682 2020/10683
f 2036/10684 2035/10685 2020/10686
f 2036/10687 2020/10688 2021/10689
f 2037/10690 2036/10691 2021/10692
f 2037/10693 2021/10694 2022/10695
f 2038/10696 2037/10697 2022/10698
f 2038/10699 2022/10700 2023/10701
f 2039/10702 2038/10703 2023/10704
f 2039/10705 2023/10706 2024/10707
f 2040/10708 2039/10709 2024/10710
f 2040/10711 2024/10712 2025/10713
f 2041/10714 2040/10715 2025/10716
f 2041/10717 2025/10718 2026/10719
f 2042/10720 2041/10721 2026/10722
f 2042/10723 2026/10724 2027/10725
f 2043/10726 2042/10727 2027/10728
f 2043/10729 2027/10730 2044/10731
f 2027/10732 2028/10733 2044/10734
f 2044/10735 2028/10736 2045/10737
f 2028/10738 2029/10739 2045/10740
f 2045/10741 2029/10742 2046/10743
f 2029/10744 2030/10745 2046/10746
f 2046/10747 2030/10748 2047/10749
f 2030/10750 2031/10751 2047/10752
f 2047/10753 2031/10754 2048/10755
f 2031/10756 2032/10757 2048/10758
f 2048/10759 2032/10760 2049/10761
f 2032/10762 2033/10763 2049/10764
f 2049/10765 2033/10766 2050/10767
f 2033/10768 2034/10769 2050/10770
f 2050/10771 2034/10772 2035/10773
f 2034/10774 2019/10775 2035/10776
f 2051/10777 2035/10778 2036/10779
f 2052/10780 2051/10781 2036/10782
f 2052/10783 2036/10784 2037/10785
f 2053/10786 2052/10787 2037/10788
f 2053/10789 2037/10790 2038/10791
f 2054/10792 2053/10793 2038/10794
f 2054/10795 2038/10796 2039/10797
f 2055/10798 2054/10799 2039/10800
f 2055/10801 2039/10802 2040/10803
f 2056/10804 2055/10805 2040/10806
f 2056/10807 2040/10808 2041/10809
f 2057/10810 2056/10811 2041/10812
f 2057/10813 2041/10814 2042/10815
f 2058/10816 2057/10817 2042/10818
f 2058/10819 2042/10820 2043/10821
f 2059/10822 2058/10823 2043/10824
f 2059/10825 2043/10826 2060/10827
f 2043/10828 2044/10829 2060/10830
f 2060/10831 2044/10832 2061/10833
f 2044/10834 2045/10835 2061/10836
f 2061/10837 2045/10838 2062/10839
f 2045/10840 2046/10841 2062/10842
f 2062/10843 2046/10844 2063/10845
f 2046/10846 2047/10847 2063/10848
f 2063/10849 2047/10850 2064/10851
f 2047/10852 2048/10853 2064/10854
f 2064/10855 2048/10856 2065/10857
f 2048/10858 2049/10859 2065/10860
f 2065/10861 2049/10862 2066/10863
f 2049/10864 2050/10865 2066/10866
f 2066/10867 2050/10868 2051/10869
f 2050/10870 2035/10871 2051/10872
f 2067/10873 2051/10874 2052/10875
f 2068/10876 2067/10877 2052/10878
f 2068/10879 2052/10880 2053/10881
f 2069/10882 2068/10883 2053/10884
f 2069/10885 2053/10886 2054/10887
f 2070/10888 2069/10889 2054/10890
f 2070/10891 2054/10892 2055/10893
f 2071/10894 2070/10895 2055/10896
f 2071/10897 2055/10898 2056/10899
f 2072/10900 2071/10901 2056/10902
f 2072/10903 2056/10904 2057/10905
f 2073/10906 2072/10907 2057/10908
f 2073/10909 2057/10910 2058/10911
f 2074/10912 2073/10913 2058/10914
f 2074/10915 2058/10916 2059/10917
f 2075/10918 2074/10919 2059/10920
f 2075/10921 2059/10922 2076/10923
f 2059/10924 2060/10925 2076/10926
f 2076/10927 2060/10928 2077/10929
f 2060/10930 2061/10931 2077/10932
f 2077/10933 2061/10934 2078/10935
f 2061/10936 2062/10937 2078/10938
f 2078/10939 2062/10940 2079/10941
f 2062/10942 2063/10943 2079/10944
f 2079/10945 2063/10946 2080/10947
f 2063/10948 2064/10949 2080/10950
f 2080/10951 2064/10952 2081/10953
f 2064/10954 2065/10955 2081/10956
f 2081/10957 2065/10958 2082/10959
f 2065/10960 2066/10961 2082/10962
f 2082/10963 2066/10964 2067/10965
f 2066/10966 2051/10967 2067/10968
f 2083/10969 2067/10970 2068/10971
f 2084/10972 2083/10973 2068/10974
f 2084/10975 2068/10976 2069/10977
f 2085/10978 2084/10979 2069/10980
f 2085/10981 2069/10982 2070/10983
f 2086/10984 2085/10985 2070/10986
f 2086/10987 2070/10988 2071/10989
f 2087/10990 2086/10991 2071/10992
f 2087/10993 2071/10994 2072/10995
f 2088/10996 2087/10997 2072/10998
f 2088/10999 2072/11000 2073/11001
f 2089/11002 2088/11003 2073/11004
f 2089/11005 2073/11006 2074/11007
f 2090/11008 2089/11009 2074/11010
f 2090/11011 2074/11012 2075/11013
f 2091/11014 2090/11015 2075/11016
f 2091/11017 2075/11018 2092/11019
f 2075/11020 2076/11021 2092/11022
f 2092/11023 2076/11024 2093/11025
f 2076/11026 2077/11027 2093/11028
f 2093/11029 2077/11030 2094/11031
f 2077/11032 2078/11033 2094/11034
f 2094/11035 2078/11036 2095/11037
f 2078/11038 2079/11039 2095/11040
f 2095/11041 2079/11042 2096/11043
f 2079/11044 2080/11045 2096/11046
f 2096/11047 2080/11048 2097/11049
f 2080/11050 2081/11051 2097/11052
f 2097/11053 2081/11054 2098/11055
f 2081/11056 2082/11057 2098/11058
f 2098/11059 2082/11060 2083/11061
f 2082/11062 2067/11063 2083/11064
f 2099/11065 2083/11066 2084/11067
f 2100/11068 2099/11069 2084/11070
f 2100/11071 2084/11072 2085/11073
f 2101/11074 2100/11075 2085/11076
f 2101/11077 2085/11078 2086/11079
f 2102/11080 2101/11081 2086/11082
f 2102/11083 2086/11084 2087/11085
f 2103/11086 2102/11087 2087/11088
f 2103/11089 2087/11090 2088/11091
f 2104/11092 2103/11093 2088/11094
f 2104/11095 2088/11096 2089/11097
f 2105/11098 2104/11099 2089/11100
f 2105/11101 2089/11102 2090/11103
f 2106/11104 2105/11105 2090/11106
f 2106/11107 2090/11108 2091/11109
f 2107/11110 2106/11111 2091/11112
f 2107/11113 2091/11114 2108/11115
f 2091/11116 2092/11117 2108/11118
f 2108/11119 2092/11120 2109/11121
f 2092/11122 2093/11123 2109/11124
f 2109/11125 2093/11126 2110/11127
f 2093/11128 2094/11129 2110/11130
f 2110/11131 2094/11132 2111/11133
f 2094/11134 2095/11135 2111/11136
f 2111/11137 2095/11138 2112/11139
f 2095/11140 2096/11141 2112/11142
f 2112/11143 2096/11144 2113/11145
f 2096/11146 2097/11147 2113/11148
f 2113/11149 2097/11150 2114/11151
f 2097/11152 2098/11153 2114/11154
f 2114/11155 2098/11156 2099/11157
f 2098/11158 2083/11159 2099/11160
f 2115/11161 2099/11162 2100/11163
f 2116/11164 2115/11165 2100/11166
f 2116/11167 2100/11168 2101/11169
f 2117/11170 2116/11171 2101/11172
f 2117/11173 2101/11174 2102/11175
f 2118/11176 2117/11177 2102/11178
f 2118/11179 2102/11180 2103/11181
f 2119/11182 2118/11183 2103/11184
f 2119/11185 2103/11186 2104/11187
f 2120/11188 2119/11189 2104/11190
f 2120/11191 2104/11192 2105/11193
f 2121/11194 2120/11195 2105/11196
f 2121/11197 2105/11198 2106/11199
f 2122/11200 2121/11201 2106/11202
f 2122/11203 2106/11204 2107/11205
f 2123/11206 2122/11207 2107/11208
f 2123/11209 2107/11210 2124/11211
f 2107/11212 2108/11213 2124/11214
f 2124/11215 2108/11216 2125/11217
f 2108/11218 2109/11219 2125/11220
f 2125/11221 2109/11222 2126/11223
f 2109/11224 2110/11225 2126/11226
f 2126/11227 2110/11228 2127/11229
f 2110/11230 2111/11231 2127/11232
f 2127/11233 2111/11234 2128/11235
f 2111/11236 2112/11237 2128/11238
f 2128/11239 2112/11240 2129/11241
f 2112/11242 2113/11243 2129/11244
f 2129/11245 2113/11246 2130/11247
f 2113/11248 2114/11249 2130/11250
f 2130/11251 2114/11252 2115/11253
f 2114/11254 2099/11255 2115/11256
f 2131/11257 2115/11258 2116/11259
f 2132/11260 2131/11261 2116/11262
f 2132/11263 2116/11264 2117/11265
f 2133/11266 2132/11267 2117/11268
f 2133/11269 2117/11270 2118/11271
f 2134/11272 2133/11273 2118/11274
f 2134/11275 2118/11276 2119/11277
f 2135/11278 2134/11279 2119/11280
f 2135/11281 2119/11282 2120/11283
f 2136/11284 2135/11285 2120/11286
f 2136/11287 2120/11288 2121/11289
f 2137/11290 2136/11291 2121/11292
f 2137/11293 2121/11294 2122/11295
f 2138/11296 2137/11297 2122/11298
f 2138/11299 2122/11300 2123/11301
f 2139/11302 2138/11303 2123/11304
f 2139/11305 2123/11306 2140/11307
f 2123/11308 2124/11309 2140/11310
f 2140/11311 2124/11312 2141/11313
f 2124/11314 2125/11315 2141/11316
f 2141/11317 2125/11318 2142/11319
f 2125/11320 2126/11321 2142/11322
f 2142/11323 2126/11324 2143/11325
f 2126/11326 2127/11327 2143/11328
f 2143/11329 2127/11330 2144/11331
f 2127/11332 2128/11333 2144/11334
f 2144/11335 2128/11336 2145/11337
f 2128/11338 2129/11339 2145/11340
f 2145/11341 2129/11342 2146/11343
f 2129/11344 2130/11345 2146/11346
f 2146/11347 2130/11348 2131/11349
f 2130/11350 2115/11351 2131/11352
f 2163/11353 2147/11354 2148/11355
f 2164/11356 2163/11357 2148/11358
f 2164/11359 2148/11360 2149/11361
f 2165/11362 2164/11363 2149/11364
f 2165/11365 2149/11366 2150/11367
f 2166/11368 2165/11369 2150/11370
f 2166/11371 2150/11372 2151/11373
f 2167/11374 2166/11375 2151/11376
f 2167/11377 2151/11378 2152/11379
f 2168/11380 2167/11381 2152/11382
f 2168/11383 2152/11384 2153/11385
f 2169/11386 2168/11387 2153/11388
f 2169/11389 2153/11390 2154/11391
f 2170/11392 2169/11393 2154/11394
f 2170/11395 2154/11396 2155/11397
f 2171/11398 2170/11399 2155/11400
f 2171/11401 2155/11402 2172/11403
f 2155/11404 2156/11405 2172/11406
f 2172/11407 2156/11408 2173/11409
f 2156/11410 2157/11411 2173/11412
f 2173/11413 2157/11414 2174/11415
f 2157/11416 2158/11417 2174/11418
f 2174/11419 2158/11420 2175/11421
f 2158/11422 2159/11423 2175/11424
f 2175/11425 2159/11426 2176/11427
f 2159/11428 2160/11429 2176/11430
f 2176/11431 2160/11432 2177/11433
f 2160/11434 2161/11435 2177/11436
f 2177/11437 2161/11438 2178/11439
f 2161/11440 2162/11441 2178/11442
f 2178/11443 2162/11444 2163/11445
f 2162/11446 2147/11447 2163/11448
f 2179/11449 2163/11450 2164/11451
f 2180/11452 2179/11453 2164/11454
f 2180/11455 2164/11456 2165/11457
f 2181/11458 2180/11459 2165/11460
f 2181/11461 2165/11462 2166/11463
f 2182/11464 2181/11465 2166/11466
f 2182/11467 2166/11468 2167/11469
f 2183/11470 2182/11471 2167/11472
f 2183/11473 2167/11474 2168/11475
f 2184/11476 2183/11477 2168/11478
f 2184/11479 2168/11480 2169/11481
f 2185/11482 2184/11483 2169/11484
f 2185/11485 2169/11486 2170/11487
f 2186/11488 2185/11489 2170/11490
f 2186/11491 2170/11492 2171/11493
f 2187/11494 2186/11495 2171/11496
f 2187/11497 2171/11498 2188/11499
f 2171/11500 2172/11501 2188/11502
f 2188/11503 2172/11504 2189/11505
f 2172/11506 2173/11507 2189/11508
f 2189/11509 2173/11510 2190/11511
f 2173/11512 2174/11513 2190/11514
f 2190/11515 2174/11516 2191/11517
f 2174/11518 2175/11519 2191/11520
f 2191/11521 2175/11522 2192/11523
f 2175/11524 2176/11525 2192/11526
f 2192/11527 2176/11528 2193/11529
f 2176/11530 2177/11531 2193/11532
f 2193/11533 2177/11534 2194/11535
f 2177/11536 2178/11537 2194/11538
f 2194/11539 2178/11540 2179/11541
f 2178/11542 2163/11543 2179/11544
f 2195/11545 2179/11546 2180/11547
f 2196/11548 2195/11549 2180/11550
f 2196/11551 2180/11552 2181/11553
f 2197/11554 2196/11555 2181/11556
f 2197/11557 2181/11558 2182/11559
f 2198/11560 2197/11561 2182/11562
f 2198/11563 2182/11564 2183/11565
f 2199/11566 2198/11567 2183/11568
f 2199/11569 2183/11570 2184/11571
f 2200/11572 2199/11573 2184/11574
f 2200/11575 2184/11576 2185/11577
f 2201/11578 2200/11579 2185/11580
f 2201/11581 2185/11582 2186/11583
f 2202/11584 2201/11585 2186/11586
f 2202/11587 2186/11588 2187/11589
f 2203/11590 2202/11591 2187/11592
f 2203/11593 2187/11594 2204/11595
f 2187/11596 2188/11597 2204/11598
f 2204/11599 2188/11600 2205/11601
f 2188/11602 2189/11603 2205/11604
f 2205/11605 2189/11606 2206/11607
f 2189/11608 2190/11609 2206/11610
f 2206/11611 2190/11612 2207/11613
f 2190/11614 2191/11615 2207/11616
f 2207/11617 2191/11618 2208/11619
f 2191/11620 2192/11621 2208/11622
f 2208/11623 2192/11624 2209/11625
f 2192/11626 2193/11627 2209/11628
f 2209/11629 2193/11630 2210/11631
f 2193/11632 2194/11633 2210/11634
f 2210/11635 2194/11636 2195/11637
f 2194/11638 2179/11639 2195/11640
f 2211/11641 2195/11642 2196/11643
f 2212/11644 2211/11645 2196/11646
f 2212/11647 2196/11648 2197/11649
f 2213/11650 2212/11651 2197/11652
f 2213/11653 2197/11654 2198/11655
f 2214/11656 2213/11657 2198/11658
f 2214/11659 2198/11660 2199/11661
f 2215/11662 2214/11663 2199/11664
f 2215/11665 2199/11666 2200/11667
f 2216/11668 2215/11669 2200/11670
f 2216/11671 2200/11672 2201/11673
f 2217/11674 2216/11675 2201/11676
f 2217/11677 2201/11678 2202/11679
f 2218/11680 2217/11681 2202/11682
f 2218/11683 2202/11684 2203/11685
f 2219/11686 2218/11687 2203/11688
f 2219/11689 2203/11690 2220/11691
f 2203/11692 2204/11693 2220/11694
f 2220/11695 2204/11696 2221/11697
f 2204/11698 2205/11699 2221/11700
f 2221/11701 2205/11702 2222/11703
f 2205/11704 2206/11705 2222/11706
f 2222/11707 2206/11708 2223/11709
f 2206/11710 2207/11711 2223/11712
f 2223/11713 2207/11714 2224/11715
f 2207/11716 2208/11717 2224/11718
f 2224/11719 2208/11720 2225/11721
f 2208/11722 2209/11723 2225/11724
f 2225/11725 2209/11726 2226/11727
f 2209/11728 2210/11729 2226/11730
f 2226/11731 2210/11732 2211/11733
f 2210/11734 2195/11735 2211/11736
f 2227/11737 2211/11738 2212/11739
f 2228/11740 2227/11741 2212/11742
f 2228/11743 2212/11744 2213/11745
f 2229/11746 2228/11747 2213/11748
f 2229/11749 2213/11750 2214/11751
f 2230/11752 2229/11753 2214/11754
f 2230/11755 2214/11756 2215/11757
f 2231/11758 2230/11759 2215/11760
f 2231/11761 2215/11762 2216/11763
f 2232/11764 2231/11765 2216/11766
f 2232/11767 2216/11768 2217/11769
f 2233/11770 2232/11771 2217/11772
f 2233/11773 2217/11774 2218/11775
f 2234/11776 2233/11777 2218/11778
f 2234/11779 2218/11780 2219/11781
f 2235/11782 2234/11783 2219/11784
f 2235/11785 2219/11786 2236/11787
f 2219/11788 2220/11789 2236/11790
f 2236/11791 2220/11792 2237/11793
f 2220/11794 2221/11795 2237/11796
f 2237/11797 2221/11798 2238/11799
f 2221/11800 2222/11801 2238/11802
f 2238/11803 2222/11804 2239/11805
f 2222/11806 2223/11807 2239/11808
f 2239/11809 2223/11810 2240/11811
f 2223/11812 2224/11813 2240/11814
f 2240/11815 2224/11816 2241/11817
f 2224/11818 2225/11819 2241/11820
f 2241/11821 2225/11822 2242/11823
f 2225/11824 2226/11825 2242/11826
f 2242/11827 2226/11828 2227/11829
f 2226/11830 2211/11831 2227/11832
f 2243/11833 2227/11834 2228/11835
f 2244/11836 2243/11837 2228/11838
f 2244/11839 2228/11840 2229/11841
f 2245/11842 2244/11843 2229/11844
f 2245/11845 2229/11846 2230/11847
f 2246/11848 2245/11849 2230/11850
f 2246/11851 2230/11852 2231/11853
f 2247/11854 2246/11855 2231/11856
f 2247/11857 2231/11858 2232/11859
f 2248/11860 2247/11861 2232/11862
f 2248/11863 2232/11864 2233/11865
f 2249/11866 2248/11867 2233/11868
f 2249/11869 2233/11870 2234/11871
f 2250/11872 2249/11873 2234/11874
f 2250/11875 2234/11876 2235/11877
f 2251/11878 2250/11879 2235/11880
f 2251/11881 2235/11882 2252/11883
f 2235/11884 2236/11885 2252/11886
f 2252/11887 2236/11888 2253/11889
f 2236/11890 2237/11891 2253/11892
f 2253/11893 2237/11894 2254/11895
f 2237/11896 2238/11897 2254/11898
f 2254/11899 2238/11900 2255/11901
f 2238/11902 2239/11903 2255/11904
f 2255/11905 2239/11906 2256/11907
f 2239/11908 2240/11909 2256/11910
f 2256/11911 2240/11912 2257/11913
f 2240/11914 2241/11915 2257/11916
f 2257/11917 2241/11918 2258/11919
f 2241/11920 2242/11921 2258/11922
f 2258/11923 2242/11924 2243/11925
f 2242/11926 2227/11927 2243/11928
f 2259/11929 2243/11930 2244/11931
f 2260/11932 2259/11933 2244/11934
f 2260/11935 2244/11936 2245/11937
f 2261/11938 2260/11939 2245/11940
f 2261/11941 2245/11942 2246/11943
f 2262/11944 2261/11945 2246/11946
f 2262/11947 2246/11948 2247/11949
f 2263/11950 2262/11951 2247/11952
f 2263/11953 2247/11954 2248/11955
f 2264/11956 2263/11957 2248/11958
f 2264/11959 2248/11960 2249/11961
f 2265/11962 2264/11963 2249/11964
f 2265/11965 2249/11966 2250/11967
f 2266/11968 2265/11969 2250/11970
f 2266/11971 2250/11972 2251/11973
f 2267/11974 2266/11975 2251/11976
f 2267/11977 2251/11978 2268/11979
f 2251/11980 2252/11981 2268/11982
f 2268/11983 2252/11984 2269/11985
f 2252/11986 2253/11987 2269/11988
f 2269/11989 2253/11990 2270/11991
f 2253/11992 2254/11993 2270/11994
f 2270/11995 2254/11996 2271/11997
f 2254/11998 2255/11999 2271/12000
f 2271/12001 2255/12002 2272/12003
f 2255/12004 2256/12005 2272/12006
f 2272/12007 2256/12008 2273/12009
f 2256/12010 2257/12011 2273/12012
f 2273/12013 2257/12014 2274/12015
f 2257/12016 2258/12017 2274/12018
f 2274/12019 2258/12020 2259/12021
f 2258/12022 2243/12023 2259/12024
f 2275/12025 2259/12026 2260/12027
f 2276/12028 2275/12029 2260/12030
f 2276/12031 2260/12032 2261/12033
f 2277/12034 2276/12035 2261/12036
f 2277/12037 2261/12038 2262/12039
f 2278/12040 2277/12041 2262/12042
f 2278/12043 2262/12044 2263/12045
f 2279/12046 2278/12047 2263/12048
f 2279/12049 2263/12050 2264/12051
f 2280/12052 2279/12053 2264/12054
f 2280/12055 2264/12056 2265/12057
f 2281/12058 2280/12059 2265/12060
f 2281/12061 2265/12062 2266/12063
f 2282/12064 2281/12065 2266/12066
f 2282/12067 2266/12068 2267/12069
f 2283/12070 2282/12071 2267/12072
f 2283/12073 2267/12074 2284/12075
f 2267/12076 2268/12077 2284/12078
f 2284/12079 2268/12080 2285/12081
f 2268/12082 2269/12083 2285/12084
f 2285/12085 2269/12086 2286/12087
f 2269/12088 2270/12089 2286/12090
f 2286/12091 2270/12092 2287/12093
f 2270/12094 2271/12095 2287/12096
f 2287/12097 2271/12098 2288/12099
f 2271/12100 2272/12101 2288/12102
f 2288/12103 2272/12104 2289/12105
f 2272/12106 2273/12107 2289/12108
f 2289/12109 2273/12110 2290/12111
f 2273/12112 2274/12113 2290/12114
f 2290/12115 2274/12116 2275/12117
f 2274/12118 2259/12119 2275/12120
f 2291/12121 2275/12122 2276/12123
f 2292/12124 2291/12125 2276/12126
f 2292/12127 2276/12128 2277/12129
f 2293/12130 2292/12131 2277/12132
f 2293/12133 2277/12134 2278/12135
f 2294/12136 2293/12137 2278/12138
f 2294/12139 2278/12140 2279/12141
f 2295/12142 2294/12143 2279/12144
f 2295/12145 2279/12146 2280/12147
f 2296/12148 2295/12149 2280/12150
f 2296/12151 2280/12152 2281/12153
f 2297/12154 2296/12155 2281/12156
f 2297/12157 2281/12158 2282/12159
f 2298/12160 2297/12161 2282/12162
f 2298/12163 2282/12164 2283/12165
f 2299/12166 2298/12167 2283/12168
f 2299/12169 2283/12170 2300/12171
f 2283/12172 2284/12173 2300/12174
f 2300/12175 2284/12176 2301/12177
f 2284/12178 2285/12179 2301/12180
f 2301/12181 2285/12182 2302/12183
f 2285/12184 2286/12185 2302/12186
f 2302/12187 2286/12188 2303/12189
f 2286/12190 2287/12191 2303/12192
f 2303/12193 2287/12194 2304/12195
f 2287/12196 2288/12197 2304/12198
f 2304/12199 2288/12200 2305/12201
f 2288/12202 2289/12203 2305/12204
f 2305/12205 2289/12206 2306/12207
f 2289/12208 2290/12209 2306/12210
f 2306/12211 2290/12212 2291/12213
f 2290/12214 2275/12215 2291/12216
f 2323/12217 2307/12218 2308/12219
f 2324/12220 2323/12221 2308/12222
f 2324/12223 2308/12224 2309/12225
f 2325/12226 2324/12227 2309/12228
f 2325/12229 2309/12230 2310/12231
f 2326/12232 2325/12233 2310/12234
f 2326/12235 2310/12236 2311/12237
f 2327/12238 2326/12239 2311/12240
f 2327/12241 2311/12242 2312/12243
f 2328/12244 2327/12245 2312/12246
f 2328/12247 2312/12248 2313/12249
f 2329/12250 2328/12251 2313/12252
f 2329/12253 2313/12254 2314/12255
f 2330/12256 2329/12257 2314/12258
f 2330/12259 2314/12260 2315/12261
f 2331/12262 2330/12263 2315/12264
f 2331/12265 2315/12266 2332/12267
f 2315/12268 2316/12269 2332/12270
f 2332/12271 2316/12272 2333/12273
f 2316/12274 2317/12275 2333/12276
f 2333/12277 2317/12278 2334/12279
f 2317/12280 2318/12281 2334/12282
f 2334/12283 2318/12284 2335/12285
f 2318/12286 2319/12287 2335/12288
f 2335/12289 2319/12290 2336/12291
f 2319/12292 2320/12293 2336/12294
f 2336/12295 2320/12296 2337/12297
f 2320/12298 2321/12299 2337/12300
f 2337/12301 2321/12302 2338/12303
f 2321/12304 2322/12305 2338/12306
f 2338/12307 2322/12308 2323/12309
f 2322/12310 2307/12311 2323/12312
f 2339/12313 2323/12314 2324/12315
f 2340/12316 2339/12317 2324/12318
f 2340/12319 2324/12320 2325/12321
f 2341/12322 2340/12323 2325/12324
f 2341/12325 2325/12326 2326/12327
f 2342/12328 2341/12329 2326/12330
f 2342/12331 2326/12332 2327/12333
f 2343/12334 2342/12335 2327/12336
f 2343/12337 2327/12338 2328/12339
f 2344/12340 2343/12341 2328/12342
f 2344/12343 2328/12344 2329/12345
f 2345/12346 2344/12347 2329/12348
f 2345/12349 2329/12350 2330/12351
f 2346/12352 2345/12353 2330/12354
f 2346/12355 2330/12356 2331/12357
f 2347/12358 2346/12359 2331/12360
f 2347/12361 2331/12362 2348/12363
f 2331/12364 2332/12365 2348/12366
f 2348/12367 2332/12368 2349/12369
f 2332/12370 2333/12371 2349/12372
f 2349/12373 2333/12374 2350/12375
f 2333/12376 2334/12377 2350/12378
f 2350/12379 2334/12380 2351/12381
f 2334/12382 2335/12383 2351/12384
f 2351/12385 2335/12386 2352/12387
f 2335/12388 2336/12389 2352/12390
f 2352/12391 2336/12392 2353/12393
f 2336/12394 2337/12395 2353/12396
f 2353/12397 2337/12398 2354/12399
f 2337/12400 2338/12401 2354/12402
f 2354/12403 2338/12404 2339/12405
f 2338/12406 2323/12407 2339/12408
f 2355/12409 2339/12410 2340/12411
f 2356/12412 2355/12413 2340/12414
f 2356/12415 2340/12416 2341/12417
f 2357/12418 2356/12419 2341/12420
f 2357/12421 2341/12422 2342/12423
f 2358/12424 2357/12425 2342/12426
f 2358/12427 2342/12428 2343/12429
f 2359/12430 2358/12431 2343/12432
f 2359/12433 2343/12434 2344/12435
f 2360/12436 2359/12437 2344/12438
f 2360/12439 2344/12440 2345/12441
f 2361/12442 2360/12443 2345/12444
f 2361/12445 2345/12446 2346/12447
f 2362/12448 2361/12449 2346/12450
f 2362/12451 2346/12452 2347/12453
f 2363/12454 2362/12455 2347/12456
f 2363/12457 2347/12458 2364/12459
f 2347/12460 2348/12461 2364/12462
f 2364/12463 2348/12464 2365/12465
f 2348/12466 2349/12467 2365/12468
f 2365/12469 2349/12470 2366/12471
f 2349/12472 2350/12473 2366/12474
f 2366/12475 2350/12476 2367/12477
f 2350/12478 2351/12479 2367/12480
f 2367/12481 2351/12482 2368/12483
f 2351/12484 2352/12485 2368/12486
f 2368/12487 2352/12488 2369/12489
f 2352/12490 2353/12491 2369/12492
f 2369/12493 2353/12494 2370/12495
f 2353/12496 2354/12497 2370/12498
f 2370/12499 2354/12500 2355/12501
f 2354/12502 2339/12503 2355/12504
f 2371/12505 2355/12506 2356/12507
f 2372/12508 2371/12509 2356/12510
f 2372/12511 2356/12512 2357/12513
f 2373/12514 2372/12515 2357/12516
f 2373/12517 2357/12518 2358/12519
f 2374/12520 2373/12521 2358/12522
f 2374/12523 2358/12524 2359/12525
f 2375/12526 2374/12527 2359/12528
f 2375/12529 2359/12530 2360/12531
f 2376/12532 2375/12533 2360/12534
f 2376/12535 2360/12536 2361/12537
f 2377/12538 2376/12539 2361/12540
f 2377/12541 2361/12542 2362/12543
f 2378/12544 2377/12545 2362/12546
f 2378/12547 2362/12548 2363/12549
f 2379/12550 2378/12551 2363/12552
f 2379/12553 2363/12554 2380/12555
f 2363/12556 2364/12557 2380/12558
f 2380/12559 2364/12560 2381/12561
f 2364/12562 2365/12563 2381/12564
f 2381/12565 2365/12566 2382/12567
f 2365/12568 2366/12569 2382/12570
f 2382/12571 2366/12572 2383/12573
f 2366/12574 2367/12575 2383/12576
f 2383/12577 2367/12578 2384/12579
f 2367/12580 2368/12581 2384/12582
f 2384/12583 2368/12584 2385/12585
f 2368/12586 2369/12587 2385/12588
f 2385/12589 2369/12590 2386/12591
f 2369/12592 2370/12593 2386/12594
f 2386/12595 2370/12596 2371/12597
f 2370/12598 2355/12599 2371/12600
f 2387/12601 2371/12602 2372/12603
f 2388/12604 2387/12605 2372/12606
f 2388/12607 2372/12608 2373/12609
f 2389/12610 2388/12611 2373/12612
f 2389/12613 2373/12614 2374/12615
f 2390/12616 2389/12617 2374/12618
f 2390/12619 2374/12620 2375/12621
f 2391/12622 2390/12623 2375/12624
f 2391/12625 2375/12626 2376/12627
f 2392/12628 2391/12629 2376/12630
f 2392/12631 2376/12632 2377/12633
f 2393/12634 2392/12635 2377/12636
f 2393/12637 2377/12638 2378/12639
f 2394/12640 2393/12641 2378/12642
f 2394/12643 2378/12644 2379/12645
f 2395/12646 2394/12647 2379/12648
f 2395/12649 2379/12650 2396/12651
f 2379/12652 2380/12653 2396/12654
f 2396/12655 2380/12656 2397/12657
f 2380/12658 2381/12659 2397/12660
f 2397/12661 2381/12662 2398/12663
f 2381/12664 2382/12665 2398/12666
f 2398/12667 2382/12668 2399/12669
f 2382/12670 2383/12671 2399/12672
f 2399/12673 2383/12674 2400/12675
f 2383/12676 2384/12677 2400/12678
f 2400/12679 2384/12680 2401/12681
f 2384/12682 2385/12683 2401/12684
f 2401/12685 2385/12686 2402/12687
f 2385/12688 2386/12689 2402/12690
f 2402/12691 2386/12692 2387/12693
f 2386/12694 2371/12695 2387/12696
f 2403/12697 2387/12698 2388/12699
f 2404/12700 2403/12701 2388/12702
f 2404/12703 2388/12704 2389/12705
f 2405/12706 2404/12707 2389/12708
f 2405/12709 2389/12710 2390/12711
f 2406/12712 2405/12713 2390/12714
f 2406/12715 2390/12716 2391/12717
f 2407/12718 2406/12719 2391/12720
f 2407/12721 2391/12722 2392/12723
f 2408/12724 2407/12725 2392/12726
f 2408/12727 2392/12728 2393/12729
f 2409/12730 2408/12731 2393/12732
f 2409/12733 2393/12734 2394/12735
f 2410/12736 2409/12737 2394/12738
f 2410/12739 2394/12740 2395/12741
f 2411/12742 2410/12743 2395/12744
f 2411/12745 2395/12746 2412/12747
f 2395/12748 2396/12749 2412/12750
f 2412/12751 2396/12752 2413/12753
f 2396/12754 2397/12755 2413/12756
f 2413/12757 2397/12758 2414/12759
f 2397/12760 2398/12761 2414/12762
f 2414/12763 2398/12764 2415/12765
f 2398/12766 2399/12767 2415/12768
f 2415/12769 2399/12770 2416/12771
f 2399/12772 2400/12773 2416/12774
f 2416/12775 2400/12776 2417/12777
f 2400/12778 2401/12779 2417/12780
f 2417/12781 2401/12782 2418/12783
f 2401/12784 2402/12785 2418/12786
f 2418/12787 2402/12788 2403/12789
f 2402/12790 2387/12791 2403/12792
f 2419/12793 2403/12794 2404/12795
f 2420/12796 2419/12797 2404/12798
f 2420/12799 2404/12800 2405/12801
f 2421/12802 2420/12803 2405/12804
f 2421/12805 2405/12806 2406/12807
f 2422/12808 2421/12809 2406/12810
f 2422/12811 2406/12812 2407/12813
f 2423/12814 2422/12815 2407/12816
f 2423/12817 2407/12818 2408/12819
f 2424/12820 2423/12821 2408/12822
f 2424/12823 2408/12824 2409/12825
f 2425/12826 2424/12827 2409/12828
f 2425/12829 2409/12830 2410/12831
f 2426/12832 2425/12833 2410/12834
f 2426/12835 2410/12836 2411/12837
f 2427/12838 2426/12839 2411/12840
f 2427/12841 2411/12842 2428/12843
f 2411/12844 2412/12845 2428/12846
f 2428/12847 2412/12848 2429/12849
f 2412/12850 2413/12851 2429/12852
f 2429/12853 2413/12854 2430/12855
f 2413/12856 2414/12857 2430/12858
f 2430/12859 2414/12860 2431/12861
f 2414/12862 2415/12863 2431/12864
f 2431/12865 2415/12866 2432/12867
f 2415/12868 2416/12869 2432/12870
f 2432/12871 2416/12872 2433/12873
f 2416/12874 2417/12875 2433/12876
f 2433/12877 2417/12878 2434/12879
f 2417/12880 2418/12881 2434/12882
f 2434/12883 2418/12884 2419/12885
f 2418/12886 2403/12887 2419/12888
f 2435/12889 2419/12890 2420/12891
f 2436/12892 2435/12893 2420/12894
f 2436/12895 2420/12896 2421/12897
f 2437/12898 2436/12899 2421/12900
f 2437/12901 2421/12902 2422/12903
f 2438/12904 2437/12905 2422/12906
f 2438/12907 2422/12908 2423/12909
f 2439/12910 2438/12911 2423/12912
f 2439/12913 2423/12914 2424/12915
f 2440/12916 2439/12917 2424/12918
f 2440/12919 2424/12920 2425/12921
f 2441/12922 2440/12923 2425/12924
f 2441/12925 2425/12926 2426/12927
f 2442/12928 2441/12929 2426/12930
f 2442/12931 2426/12932 2427/12933
f 2443/12934 2442/12935 2427/12936
f 2443/12937 2427/12938 2444/12939
f 2427/12940 2428/12941 2444/12942
f 2444/12943 2428/12944 2445/12945
f 2428/12946 2429/12947 2445/12948
f 2445/12949 2429/12950 2446/12951
f 2429/12952 2430/12953 2446/12954
f 2446/12955 2430/12956 2447/12957
f 2430/12958 2431/12959 2447/12960
f 2447/12961 2431/12962 2448/12963
f 2431/12964 2432/12965 2448/12966
f 2448/12967 2432/12968 2449/12969
f 2432/12970 2433/12971 2449/12972
f 2449/12973 2433/12974 2450/12975
f 2433/12976 2434/12977 2450/12978
f 2450/12979 2434/12980 2435/12981
f 2434/12982 2419/12983 2435/12984
f 2451/12985 2435/12986 2436/12987
f 2452/12988 2451/12989 2436/12990
f 2452/12991 2436/12992 2437/12993
f 2453/12994 2452/12995 2437/12996
f 2453/12997 2437/12998 2438/12999
f 2454/13000 2453/13001 2438/13002
f 2454/13003 2438/13004 2439/13005
f 2455/13006 2454/13007 2439/13008
f 2455/13009 2439/13010 2440/13011
f 2456/13012 2455/13013 2440/13014
f 2456/13015 2440/13016 2441/13017
f 2457/13018 2456/13019 2441/13020
f 2457/13021 2441/13022 2442/13023
f 2458/13024 2457/13025 2442/13026
f 2458/13027 2442/13028 2443/13029
f 2459/13030 2458/13031 2443/13032
f 2459/13033 2443/13034 2460/13035
f 2443/13036 2444/13037 2460/13038
f 2460/13039 2444/13040 2461/13041
f 2444/13042 2445/13043 2461/13044
f 2461/13045 2445/13046 2462/13047
f 2445/13048 2446/13049 2462/13050
f 2462/13051 2446/13052 2463/13053
f 2446/13054 2447/13055 2463/13056
f 2463/13057 2447/13058 2464/13059
f 2447/13060 2448/13061 2464/13062
f 2464/13063 2448/13064 2465/13065
f 2448/13066 2449/13067 2465/13068
f 2465/13069 2449/13070 2466/13071
f 2449/13072 2450/13073 2466/13074
f 2466/13075 2450/13076 2451/13077
f 2450/13078 2435/13079 2451/13080
f 2483/13081 2467/13082 2468/13083
f 2484/13084 2483/13085 2468/13086
f 2484/13087 2468/13088 2469/13089
f 2485/13090 2484/13091 2469/13092
f 2485/13093 2469/13094 2470/13095
f 2486/13096 2485/13097 2470/13098
f 2486/13099 2470/13100 2471/13101
f 2487/13102 2486/13103 2471/13104
f 2487/13105 2471/13106 2472/13107
f 2488/13108 2487/13109 2472/13110
f 2488/13111 2472/13112 2473/13113
f 2489/13114 2488/13115 2473/13116
f 2489/13117 2473/13118 2474/13119
f 2490/13120 2489/13121 2474/13122
f 2490/13123 2474/13124 2475/13125
f 2491/13126 2490/13127 2475/13128
f 2491/13129 2475/13130 2492/13131
f 2475/13132 2476/13133 2492/13134
f 2492/13135 2476/13136 2493/13137
f 2476/13138 2477/13139 2493/13140
f 2493/13141 2477/13142 2494/13143
f 2477/13144 2478/13145 2494/13146
f 2494/13147 2478/13148 2495/13149
f 2478/13150 2479/13151 2495/13152
f 2495/13153 2479/13154 2496/13155
f 2479/13156 2480/13157 2496/13158
f 2496/13159 2480/13160 2497/13161
f 2480/13162 2481/13163 2497/13164
f 2497/13165 2481/13166 2498/13167
f 2481/13168 2482/13169 2498/13170
f 2498/13171 2482/13172 2483/13173
f 2482/13174 2467/13175 2483/13176
f 2499/13177 2483/13178 2484/13179
f 2500/13180 2499/13181 2484/13182
f 2500/13183 2484/13184 2485/13185
f 2501/13186 2500/13187 2485/13188
f 2501/13189 2485/13190 2486/13191
f 2502/13192 2501/13193 2486/13194
f 2502/13195 2486/13196 2487/13197
f 2503/13198 2502/13199 2487/13200
f 2503/13201 2487/13202 2488/13203
f 2504/13204 2503/13205 2488/13206
f 2504/13207 2488/13208 2489/13209
f 2505/13210 2504/13211 2489/13212
f 2505/13213 2489/13214 2490/13215
f 2506/13216 2505/13217 2490/13218
f 2506/13219 2490/13220 2491/13221
f 2507/13222 2506/13223 2491/13224
f 2507/13225 2491/13226 2508/13227
f 2491/13228 2492/13229 2508/13230
f 2508/13231 2492/13232 2509/13233
f 2492/13234 2493/13235 2509/13236
f 2509/13237 2493/13238 2510/13239
f 2493/13240 2494/13241 2510/13242
f 2510/13243 2494/13244 2511/13245
f 2494/13246 2495/13247 2511/13248
f 2511/13249 2495/13250 2512/13251
f 2495/13252 2496/13253 2512/13254
f 2512/13255 2496/13256 2513/13257
f 2496/13258 2497/13259 2513/13260
f 2513/13261 2497/13262 2514/13263
f 2497/13264 2498/13265 2514/13266
f 2514/13267 2498/13268 2499/13269
f 2498/13270 2483/13271 2499/13272
f 2515/13273 2499/13274 2500/13275
f 2516/13276 2515/13277 2500/13278
f 2516/13279 2500/13280 2501/13281
f 2517/13282 2516/13283 2501/13284
f 2517/13285 2501/13286 2502/13287
f 2518/13288 2517/13289 2502/13290
f 2518/13291 2502/13292 2503/13293
f 2519/13294 2518/13295 2503/13296
f 2519/13297 2503/13298 2504/13299
f 2520/13300 2519/13301 2504/13302
f 2520/13303 2504/13304 2505/13305
f 2521/13306 2520/13307 2505/13308
f 2521/13309 2505/13310 2506/13311
f 2522/13312 2521/13313 2506/13314
f 2522/13315 2506/13316 2507/13317
f 2523/13318 2522/13319 2507/13320
f 2523/13321 2507/13322 2524/13323
f 2507/13324 2508/13325 2524/13326
f 2524/13327 2508/13328 2525/13329
f 2508/13330 2509/13331 2525/13332
f 2525/13333 2509/13334 2526/13335
f 2509/13336 2510/13337 2526/13338
f 2526/13339 2510/13340 2527/13341
f 2510/13342 2511/13343 2527/13344
f 2527/13345 2511/13346 2528/13347
f 2511/13348 2512/13349 2528/13350
f 2528/13351 2512/13352 2529/13353
f 2512/13354 2513/13355 2529/13356
f 2529/13357 2513/13358 2530/13359
f 2513/13360 2514/13361 2530/13362
f 2530/13363 2514/13364 2515/13365
f 2514/13366 2499/13367 2515/13368
f 2531/13369 2515/13370 2516/13371
f 2532/13372 2531/13373 2516/13374
f 2532/13375 2516/13376 2517/13377
f 2533/13378 2532/13379 2517/13380
f 2533/13381 2517/13382 2518/13383
f 2534/13384 2533/13385 2518/13386
f 2534/13387 2518/13388 2519/13389
f 2535/13390 2534/13391 2519/13392
f 2535/13393 2519/13394 2520/13395
f 2536/13396 2535/13397 2520/13398
f 2536/13399 2520/13400 2521/13401
f 2537/13402 2536/13403 2521/13404
f 2537/13405 2521/13406 2522/13407
f 2538/13408 2537/13409 2522/13410
f 2538/13411 2522/13412 2523/13413
f 2539/13414 2538/13415 2523/13416
f 2539/13417 2523/13418 2540/13419
f 2523/13420 2524/13421 2540/13422
f 2540/13423 2524/13424 2541/13425
f 2524/13426 2525/13427 2541/13428
f 2541/13429 2525/13430 2542/13431
f 2525/13432 2526/13433 2542/13434
f 2542/13435 2526/13436 2543/13437
f 2526/13438 2527/13439 2543/13440
f 2543/13441 2527/13442 2544/13443
f 2527/13444 2528/13445 2544/13446
f 2544/13447 2528/13448 2545/13449
f 2528/13450 2529/13451 2545/13452
f 2545/13453 2529/13454 2546/13455
f 2529/13456 2530/13457 2546/13458
f 2546/13459 2530/13460 2531/13461
f 2530/13462 2515/13463 2531/13464
f 2547/13465 2531/13466 2532/13467
f 2548/13468 2547/13469 2532/13470
f 2548/13471 2532/13472 2533/13473
f 2549/13474 2548/13475 2533/13476
f 2549/13477 2533/13478 2534/13479
f 2550/13480 2549/13481 2534/13482
f 2550/13483 2534/13484 2535/13485
f 2551/13486 2550/13487 2535/13488
f 2551/13489 2535/13490 2536/13491
f 2552/13492 2551/13493 2536/13494
f 2552/13495 2536/13496 2537/13497
f 2553/13498 2552/13499 2537/13500
f 2553/13501 2537/13502 2538/13503
f 2554/13504 2553/13505 2538/13506
f 2554/13507 2538/13508 2539/13509
f 2555/13510 2554/13511 2539/13512
f 2555/13513 2539/13514 2556/13515
f 2539/13516 2540/13517 2556/13518
f 2556/13519 2540/13520 2557/13521
f 2540/13522 2541/13523 2557/13524
f 2557/13525 2541/13526 2558/13527
f 2541/13528 2542/13529 2558/13530
f 2558/13531 2542/13532 2559/13533
f 2542/13534 2543/13535 2559/13536
f 2559/13537 2543/13538 2560/13539
f 2543/13540 2544/13541 2560/13542
f 2560/13543 2544/13544 2561/13545
f 2544/13546 2545/13547 2561/13548
f 2561/13549 2545/13550 2562/13551
f 2545/13552 2546/13553 2562/13554
f 2562/13555 2546/13556 2547/13557
f 2546/13558 2531/13559 2547/13560
f 2563/13561 2547/13562 2548/13563
f 2564/13564 2563/13565 2548/13566
f 2564/13567 2548/13568 2549/13569
f 2565/13570 2564/13571 2549/13572
f 2565/13573 2549/13574 2550/13575
f 2566/13576 2565/13577 2550/13578
f 2566/13579 2550/13580 2551/13581
f 2567/13582 2566/13583 2551/13584
f 2567/13585 2551/13586 2552/13587
f 2568/13588 2567/13589 2552/13590
f 2568/13591 2552/13592 2553/13593
f 2569/13594 2568/13595 2553/13596
f 2569/13597 2553/13598 2554/13599
f 2570/13600 2569/13601 2554/13602
f 2570/13603 2554/13604 2555/13605
f 2571/13606 2570/13607 2555/13608
f 2571/13609 2555/13610 2572/13611
f 2555/13612 2556/13613 2572/13614
f 2572/13615 2556/13616 2573/13617
f 2556/13618 2557/13619 2573/13620
f 2573/13621 2557/13622 2574/13623
f 2557/13624 2558/13625 2574/13626
f 2574/13627 2558/13628 2575/13629
f 2558/13630 2559/13631 2575/13632
f 2575/13633 2559/13634 2576/13635
f 2559/13636 2560/13637 2576/13638
f 2576/13639 2560/13640 2577/13641
f 2560/13642 2561/13643 2577/13644
f 2577/13645 2561/13646 2578/13647
f 2561/13648 2562/13649 2578/13650
f 2578/13651 2562/13652 2563/13653
f 2562/13654 2547/13655 2563/13656
f 2579/13657 2563/13658 2564/13659
f 2580/13660 2579/13661 2564/13662
f 2580/13663 2564/13664 2565/13665
f 2581/13666 2580/13667 2565/13668
f 2581/13669 2565/13670 2566/13671
f 2582/13672 2581/13673 2566/13674
f 2582/13675 2566/13676 2567/13677
f 2583/13678 2582/13679 2567/13680
f 2583/13681 2567/13682 2568/13683
f 2584/13684 2583/13685 2568/13686
f 2584/13687 2568/13688 2569/13689
f 2585/13690 2584/13691 2569/13692
f 2585/13693 2569/13694 2570/13695
f 2586/13696 2585/13697 2570/13698
f 2586/13699 2570/13700 2571/13701
f 2587/13702 2586/13703 2571/13704
f 2587/13705 2571/13706 2588/13707
f 2571/13708 2572/13709 2588/13710
f 2588/13711 2572/13712 2589/13713
f 2572/13714 2573/13715 2589/13716
f 2589/13717 2573/13718 2590/13719
f 2573/13720 2574/13721 2590/13722
f 2590/13723 2574/13724 2591/13725
f 2574/13726 2575/13727 2591/13728
f 2591/13729 2575/13730 2592/13731
f 2575/13732 2576/13733 2592/13734
f 2592/13735 2576/13736 2593/13737
f 2576/13738 2577/13739 2593/13740
f 2593/13741 2577/13742 2594/13743
f 2577/13744 2578/13745 2594/13746
f 2594/13747 2578/13748 2579/13749
f 2578/13750 2563/13751 2579/13752
f 2595/13753 2579/13754 2580/13755
f 2596/13756 2595/13757 2580/13758
f 2596/13759 2580/13760 2581/13761
f 2597/13762 2596/13763 2581/13764
f 2597/13765 2581/13766 2582/13767
f 2598/13768 2597/13769 2582/13770
f 2598/13771 2582/13772 2583/13773
f 2599/13774 2598/13775 2583/13776
f 2599/13777 2583/13778 2584/13779
f 2600/13780 2599/13781 2584/13782
f 2600/13783 2584/13784 2585/13785
f 2601/13786 2600/13787 2585/13788
f 2601/13789 2585/13790 2586/13791
f 2602/13792 2601/13793 2586/13794
f 2602/13795 2586/13796 2587/13797
f 2603/13798 2602/13799 2587/13800
f 2603/13801 2587/13802 2604/13803
f 2587/13804 2588/13805 2604/13806
f 2604/13807 2588/13808 2605/13809
f 2588/13810 2589/13811 2605/13812
f 2605/13813 2589/13814 2606/13815
f 2589/13816 2590/13817 2606/13818
f 2606/13819 2590/13820 2607/13821
f 2590/13822 2591/13823 2607/13824
f 2607/13825 2591/13826 2608/13827
f 2591/13828 2592/13829 2608/13830
f 2608/13831 2592/13832 2609/13833
f 2592/13834 2593/13835 2609/13836
f 2609/13837 2593/13838 2610/13839
f 2593/13840 2594/13841 2610/13842
f 2610/13843 2594/13844 2595/13845
f 2594/13846 2579/13847 2595/13848
f 2611/13849 2595/13850 2596/13851
f 2612/13852 2611/13853 2596/13854
f 2612/13855 2596/13856 2597/13857
f 2613/13858 2612/13859 2597/13860
f 2613/13861 2597/13862 2598/13863
f 2614/13864 2613/13865 2598/13866
f 2614/13867 2598/13868 2599/13869
f 2615/13870 2614/13871 2599/13872
f 2615/13873 2599/13874 2600/13875
f 2616/13876 2615/13877 2600/13878
f 2616/13879 2600/13880 2601/13881
f 2617/13882 2616/13883 2601/13884
f 2617/13885 2601/13886 2602/13887
f 2618/13888 2617/13889 2602/13890
f 2618/13891 2602/13892 2603/13893
f 2619/13894 2618/13895 2603/13896
f 2619/13897 2603/13898 2620/13899
f 2603/13900 2604/13901 2620/13902
f 2620/13903 2604/13904 2621/13905
f 2604/13906 2605/13907 2621/13908
f 2621/13909 2605/13910 2622/13911
f 2605/13912 2606/13913 2622/13914
f 2622/13915 2606/13916 2623/13917
f 2606/13918 2607/13919 2623/13920
f 2623/13921 2607/13922 2624/13923
f 2607/13924 2608/13925 2624/13926
f 2624/13927 2608/13928 2625/13929
f 2608/13930 2609/13931 2625/13932
f 2625/13933 2609/13934 2626/13935
f 2609/13936 2610/13937 2626/13938
f 2626/13939 2610/13940 2611/13941
f 2610/13942 2595/13943 2611/13944
f 2643/13945 2627/13946 2628/13947
f 2644/13948 2643/13949 2628/13950
f 2644/13951 2628/13952 2629/13953
f 2645/13954 2644/13955 2629/13956
f 2645/13957 2629/13958 2630/13959
f 2646/13960 2645/13961 2630/13962
f 2646/13963 2630/13964 2631/13965
f 2647/13966 2646/13967 2631/13968
f 2647/13969 2631/13970 2632/13971
f 2648/13972 2647/13973 2632/13974
f 2648/13975 2632/13976 2633/13977
f 2649/13978 2648/13979 2633/13980
f 2649/13981 2633/13982 2634/13983
f 2650/13984 2649/13985 2634/13986
f 2650/13987 2634/13988 2635/13989
f 2651/13990 2650/13991 2635/13992
f 2651/13993 2635/13994 2652/13995
f 2635/13996 2636/13997 2652/13998
f 2652/13999 2636/14000 2653/14001
f 2636/14002 2637/14003 2653/14004
f 2653/14005 2637/14006 2654/14007
f 2637/14008 2638/14009 2654/14010
f 2654/14011 2638/14012 2655/14013
f 2638/14014 2639/14015 2655/14016
f 2655/14017 2639/14018 2656/14019
f 2639/14020 2640/14021 2656/14022
f 2656/14023 2640/14024 2657/14025
f 2640/14026 2641/14027 2657/14028
f 2657/14029 2641/14030 2658/14031
f 2641/14032 2642/14033 2658/14034
f 2658/14035 2642/14036 2643/14037
f 2642/14038 2627/14039 2643/14040
f 2659/14041 2643/14042 2644/14043
f 2660/14044 2659/14045 2644/14046
f 2660/14047 2644/14048 2645/14049
f 2661/14050 2660/14051 2645/14052
f 2661/14053 2645/14054 2646/14055
f 2662/14056 2661/14057 2646/14058
f 2662/14059 2646/14060 2647/14061
f 2663/14062 2662/14063 2647/14064
f 2663/14065 2647/14066 2648/14067
f 2664/14068 2663/14069 2648/14070
f 2664/14071 2648/14072 2649/14073
f 2665/14074 2664/14075 2649/14076
f 2665/14077 2649/14078 2650/14079
f 2666/14080 2665/14081 2650/14082
f 2666/14083 2650/14084 2651/14085
f 2667/14086 2666/14087 2651/14088
f 2667/14089 2651/14090 2668/14091
f 2651/14092 2652/14093 2668/14094
f 2668/14095 2652/14096 2669/14097
f 2652/14098 2653/14099 2669/14100
f 2669/14101 2653/14102 2670/14103
f 2653/14104 2654/14105 2670/14106
f 2670/14107 2654/14108 2671/14109
f 2654/14110 2655/14111 2671/14112
f 2671/14113 2655/14114 2672/14115
f 2655/14116 2656/14117 2672/14118
f 2672/14119 2656/14120 2673/14121
f 2656/14122 2657/14123 2673/14124
f 2673/14125 2657/14126 2674/14127
f 2657/14128 2658/14129 2674/14130
f 2674/14131 2658/14132 2659/14133
f 2658/14134 2643/14135 2659/14136
f 2675/14137 2659/14138 2660/14139
f 2676/14140 2675/14141 2660/14142
f 2676/14143 2660/14144 2661/14145
f 2677/14146 2676/14147 2661/14148
f 2677/14149 2661/14150 2662/14151
f 2678/14152 2677/14153 2662/14154
f 2678/14155 2662/14156 2663/14157
f 2679/14158 2678/14159 2663/14160
f 2679/14161 2663/14162 2664/14163
f 2680/14164 2679/14165 2664/14166
f 2680/14167 2664/14168 2665/14169
f 2681/14170 2680/14171 2665/14172
f 2681/14173 2665/14174 2666/14175
f 2682/14176 2681/14177 2666/14178
f 2682/14179 2666/14180 2667/14181
f 2683/14182 2682/14183 2667/14184
f 2683/14185 2667/14186 2684/14187
f 2667/14188 2668/14189 2684/14190
f 2684/14191 2668/14192 2685/14193
f 2668/14194 2669/14195 2685/14196
f 2685/14197 2669/14198 2686/14199
f 2669/14200 2670/14201 2686/14202
f 2686/14203 2670/14204 2687/14205
f 2670/14206 2671/14207 2687/14208
f 2687/14209 2671/14210 2688/14211
f 2671/14212 2672/14213 2688/14214
f 2688/14215 2672/14216 2689/14217
f 2672/14218 2673/14219 2689/14220
f 2689/14221 2673/14222 2690/14223
f 2673/14224 2674/14225 2690/14226
f 2690/14227 2674/14228 2675/14229
f 2674/14230 2659/14231 2675/14232
f 2691/14233 2675/14234 2676/14235
f 2692/14236 2691/14237 2676/14238
f 2692/14239 2676/14240 2677/14241
f 2693/14242 2692/14243 2677/14244
f 2693/14245 2677/14246 2678/14247
f 2694/14248 2693/14249 2678/14250
f 2694/14251 2678/14252 2679/14253
f 2695/14254 2694/14255 2679/14256
f 2695/14257 2679/14258 2680/14259
f 2696/14260 2695/14261 2680/14262
f 2696/14263 2680/14264 2681/14265
f 2697/14266 2696/14267 2681/14268
f 2697/14269 2681/14270 2682/14271
f 2698/14272 2697/14273 2682/14274
f 2698/14275 2682/14276 2683/14277
f 2699/14278 2698/14279 2683/14280
f 2699/14281 2683/14282 2700/14283
f 2683/14284 2684/14285 2700/14286
f 2700/14287 2684/14288 2701/14289
f 2684/14290 2685/14291 2701/14292
f 2701/14293 2685/14294 2702/14295
f 2685/14296 2686/14297 2702/14298
f 2702/14299 2686/14300 2703/14301
f 2686/14302 2687/14303 2703/14304
f 2703/14305 2687/14306 2704/14307
f 2687/14308 2688/14309 2704/14310
f 2704/14311 2688/14312 2705/14313
f 2688/14314 2689/14315 2705/14316
f 2705/14317 2689/14318 2706/14319
f 2689/14320 2690/14321 2706/14322
f 2706/14323 2690/14324 2691/14325
f 2690/14326 2675/14327 2691/14328
f 2707/14329 2691/14330 2692/14331
f 2708/14332 2707/14333 2692/14334
f 2708/14335 2692/14336 2693/14337
f 2709/14338 2708/14339 2693/14340
f 2709/14341 2693/14342 2694/14343
f 2710/14344 2709/14345 2694/14346
f 2710/14347 2694/14348 2695/14349
f 2711/14350 2710/14351 2695/14352
f 2711/14353 2695/14354 2696/14355
f 2712/14356 2711/14357 2696/14358
f 2712/14359 2696/14360 2697/14361
f 2713/14362 2712/14363 2697/14364
f 2713/14365 2697/14366 2698/14367
f 2714/14368 2713/14369 2698/14370
f 2714/14371 2698/14372 2699/14373
f 2715/14374 2714/14375 2699/14376
f 2715/14377 2699/14378 2716/14379
f 2699/14380 2700/14381 2716/14382
f 2716/14383 2700/14384 2717/14385
f 2700/14386 2701/14387 2717/14388
f 2717/14389 2701/14390 2718/14391
f 2701/14392 2702/14393 2718/14394
f 2718/14395 2702/14396 2719/14397
f 2702/14398 2703/14399 2719/14400
f 2719/14401 2703/14402 2720/14403
f 2703/14404 2704/14405 2720/14406
f 2720/14407 2704/14408 2721/14409
f 2704/14410 2705/14411 2721/14412
f 2721/14413 2705/14414 2722/14415
f 2705/14416 2706/14417 2722/14418
f 2722/14419 2706/14420 2707/14421
f 2706/14422 2691/14423 2707/14424
f 2723/14425 2707/14426 2708/14427
f 2724/14428 2723/14429 2708/14430
f 2724/14431 2708/14432 2709/14433
f 2725/14434 2724/14435 2709/14436
f 2725/14437 2709/14438 2710/14439
f 2726/14440 2725/14441 2710/14442
f 2726/14443 2710/14444 2711/14445
f 2727/14446 2726/14447 2711/14448
f 2727/14449 2711/14450 2712/14451
f 2728/14452 2727/14453 2712/14454
f 2728/14455 2712/14456 2713/14457
f 2729/14458 2728/14459 2713/14460
f 2729/14461 2713/14462 2714/14463
f 2730/14464 2729/14465 2714/14466
f 2730/14467 2714/14468 2715/14469
f 2731/14470 2730/14471 2715/14472
f 2731/14473 2715/14474 2732/14475
f 2715/14476 2716/14477 2732/14478
f 2732/14479 2716/14480 2733/14481
f 2716/14482 2717/14483 2733/14484
f 2733/14485 2717/14486 2734/14487
f 2717/14488 2718/14489 2734/14490
f 2734/14491 2718/14492 2735/14493
f 2718/14494 2719/14495 2735/14496
f 2735/14497 2719/14498 2736/14499
f 2719/14500 2720/14501 2736/14502
f 2736/14503 2720/14504 2737/14505
f 2720/14506 2721/14507 2737/14508
f 2737/14509 2721/14510 2738/14511
f 2721/14512 2722/14513 2738/14514
f 2738/14515 2722/14516 2723/14517
f 2722/14518 2707/14519 2723/14520
f 2739/14521 2723/14522 2724/14523
f 2740/14524 2739/14525 2724/14526
f 2740/14527 2724/14528 2725/14529
f 2741/14530 2740/14531 2725/14532
f 2741/14533 2725/14534 2726/14535
f 2742/14536 2741/14537 2726/14538
f 2742/14539 2726/14540 2727/14541
f 2743/14542 2742/14543 2727/14544
f 2743/14545 2727/14546 2728/14547
f 2744/14548 2743/14549 2728/14550
f 2744/14551 2728/14552 2729/14553
f 2745/14554 2744/14555 2729/14556
f 2745/14557 2729/14558 2730/14559
f 2746/14560 2745/14561 2730/14562
f 2746/14563 2730/14564 2731/14565
f 2747/14566 2746/14567 2731/14568
f 2747/14569 2731/14570 2748/14571
f 2731/14572 2732/14573 2748/14574
f 2748/14575 2732/14576 2749/14577
f 2732/14578 2733/14579 2749/14580
f 2749/14581 2733/14582 2750/14583
f 2733/14584 2734/14585 2750/14586
f 2750/14587 2734/14588 2751/14589
f 2734/14590 2735/14591 2751/14592
f 2751/14593 2735/14594 2752/14595
f 2735/14596 2736/14597 2752/14598
f 2752/14599 2736/14600 2753/14601
f 2736/14602 2737/14603 2753/14604
f 2753/14605 2737/14606 2754/14607
f 2737/14608 2738/14609 2754/14610
f 2754/14611 2738/14612 2739/14613
f 2738/14614 2723/14615 2739/14616
f 2755/14617 2739/14618 2740/14619
f 2756/14620 2755/14621 2740/14622
f 2756/14623 2740/14624 2741/14625
f 2757/14626 2756/14627 2741/14628
f 2757/14629 2741/14630 2742/14631
f 2758/14632 2757/14633 2742/14634
f 2758/14635 2742/14636 2743/14637
f 2759/14638 2758/14639 2743/14640
f 2759/14641 2743/14642 2744/14643
f 2760/14644 2759/14645 2744/14646
f 2760/14647 2744/14648 2745/14649
f 2761/14650 2760/14651 2745/14652
f 2761/14653 2745/14654 2746/14655
f 2762/14656 2761/14657 2746/14658
f 2762/14659 2746/14660 2747/14661
f 2763/14662 2762/14663 2747/14664
f 2763/14665 2747/14666 2764/14667
f 2747/14668 2748/14669 2764/14670
f 2764/14671 2748/14672 2765/14673
f 2748/14674 2749/14675 2765/14676
f 2765/14677 2749/14678 2766/14679
f 2749/14680 2750/14681 2766/14682
f 2766/14683 2750/14684 2767/14685
f 2750/14686 2751/14687 2767/14688
f 2767/14689 2751/14690 2768/14691
f 2751/14692 2752/14693 2768/14694
f 2768/14695 2752/14696 2769/14697
f 2752/14698 2753/14699 2769/14700
f 2769/14701 2753/14702 2770/14703
f 2753/14704 2754/14705 2770/14706
f 2770/14707 2754/14708 2755/14709
f 2754/14710 2739/14711 2755/14712
f 2771/14713 2755/14714 2756/14715
f 2772/14716 2771/14717 2756/14718
f 2772/14719 2756/14720 2757/14721
f 2773/14722 2772/14723 2757/14724
f 2773/14725 2757/14726 2758/14727
f 2774/14728 2773/14729 2758/14730
f 2774/14731 2758/14732 2759/14733
f 2775/14734 2774/14735 2759/14736
f 2775/14737 2759/14738 2760/14739
f 2776/14740 2775/14741 2760/14742
f 2776/14743 2760/14744 2761/14745
f 2777/14746 2776/14747 2761/14748
f 2777/14749 2761/14750 2762/14751
f 2778/14752 2777/14753 2762/14754
f 2778/14755 2762/14756 2763/14757
f 2779/14758 2778/14759 2763/14760
f 2779/14761 2763/14762 2780/14763
f 2763/14764 2764/14765 2780/14766
f 2780/14767 2764/14768 2781/14769
f 2764/14770 2765/14771 2781/14772
f 2781/14773 2765/14774 2782/14775
f 2765/14776 2766/14777 2782/14778
f 2782/14779 2766/14780 2783/14781
f 2766/14782 2767/14783 2783/14784
f 2783/14785 2767/14786 2784/14787
f 2767/14788 2768/14789 2784/14790
f 2784/14791 2768/14792 2785/14793
f 2768/14794 2769/14795 2785/14796
f 2785/14797 2769/14798 2786/14799
f 2769/14800 2770/14801 2786/14802
f 2786/14803 2770/14804 2771/14805
f 2770/14806 2755/14807 2771/14808
f 2803/14809 2787/14810 2788/14811
f 2804/14812 2803/14813 2788/14814
f 2804/14815 2788/14816 2789/14817
f 2805/14818 2804/14819 2789/14820
f 2805/14821 2789/14822 2790/14823
f 2806/14824 2805/14825 2790/14826
f 2806/14827 2790/14828 2791/14829
f 2807/14830 2806/14831 2791/14832
f 2807/14833 2791/14834 2792/14835
f 2808/14836 2807/14837 2792/14838
f 2808/14839 2792/14840 2793/14841
f 2809/14842 2808/14843 2793/14844
f 2809/14845 2793/14846 2794/14847
f 2810/14848 2809/14849 2794/14850
f 2810/14851 2794/14852 2795/14853
f 2811/14854 2810/14855 2795/14856
f 2811/14857 2795/14858 2812/14859
f 2795/14860 2796/14861 2812/14862
f 2812/14863 2796/14864 2813/14865
f 2796/14866 2797/14867 2813/14868
f 2813/14869 2797/14870 2814/14871
f 2797/14872 2798/14873 2814/14874
f 2814/14875 2798/14876 2815/14877
f 2798/14878 2799/14879 2815/14880
f 2815/14881 2799/14882 2816/14883
f 2799/14884 2800/14885 2816/14886
f 2816/14887 2800/14888 2817/14889
f 2800/14890 2801/14891 2817/14892
f 2817/14893 2801/14894 2818/14895
f 2801/14896 2802/14897 2818/14898
f 2818/14899 2802/14900 2803/14901
f 2802/14902 2787/14903 2803/14904
f 2819/14905 2803/14906 2804/14907
f 2820/14908 2819/14909 2804/14910
f 2820/14911 2804/14912 2805/14913
f 2821/14914 2820/14915 2805/14916
f 2821/14917 2805/14918 2806/14919
f 2822/14920 2821/14921 2806/14922
f 2822/14923 2806/14924 2807/14925
f 2823/14926 2822/14927 2807/14928
f 2823/14929 2807/14930 2808/14931
f 2824/14932 2823/14933 2808/14934
f 2824/14935 2808/14936 2809/14937
f 2825/14938 2824/14939 2809/14940
f 2825/14941 2809/14942 2810/14943
f 2826/14944 2825/14945 2810/14946
f 2826/14947 2810/14948 2811/14949
f 2827/14950 2826/14951 2811/14952
f 2827/14953 2811/14954 2828/14955
f 2811/14956 2812/14957 2828/14958
f 2828/14959 2812/14960 2829/14961
f 2812/14962 2813/14963 2829/14964
f 2829/14965 2813/14966 2830/14967
f 2813/14968 2814/14969 2830/14970
f 2830/14971 2814/14972 2831/14973
f 2814/14974 2815/14975 2831/14976
f 2831/14977 2815/14978 2832/14979
f 2815/14980 2816/14981 2832/14982
f 2832/14983 2816/14984 2833/14985
f 2816/14986 2817/14987 2833/14988
f 2833/14989 2817/14990 2834/14991
f 2817/14992 2818/14993 2834/14994
f 2834/14995 2818/14996 2819/14997
f 2818/14998 2803/14999 2819/15000
f 2835/15001 2819/15002 2820/15003
f 2836/15004 2835/15005 2820/15006
f 2836/15007 2820/15008 2821/15009
f 2837/15010 2836/15011 2821/15012
f 2837/15013 2821/15014 2822/15015
f 2838/15016 2837/15017 2822/15018
f 2838/15019 2822/15020 2823/15021
f 2839/15022 2838/15023 2823/15024
f 2839/15025 2823/15026 2824/15027
f 2840/15028 2839/15029 2824/15030
f 2840/15031 2824/15032 2825/15033
f 2841/15034 2840/15035 2825/15036
f 2841/15037 2825/15038 2826/15039
f 2842/15040 2841/15041 2826/15042
f 2842/15043 2826/15044 2827/15045
f 2843/15046 2842/15047 2827/15048
f 2843/15049 2827/15050 2844/15051
f 2827/15052 2828/15053 2844/15054
f 2844/15055 2828/15056 2845/15057
f 2828/15058 2829/15059 2845/15060
f 2845/15061 2829/15062 2846/15063
f 2829/15064 2830/15065 2846/15066
f 2846/15067 2830/15068 2847/15069
f 2830/15070 2831/15071 2847/15072
f 2847/15073 2831/15074 2848/15075
f 2831/15076 2832/15077 2848/15078
f 2848/15079 2832/15080 2849/15081
f 2832/15082 2833/15083 2849/15084
f 2849/15085 2833/15086 2850/15087
f 2833/15088 2834/15089 2850/15090
f 2850/15091 2834/15092 2835/15093
f 2834/15094 2819/15095 2835/15096
f 2851/15097 2835/15098 2836/15099
f 2852/15100 2851/15101 2836/15102
f 2852/15103 2836/15104 2837/15105
f 2853/15106 2852/15107 2837/15108
f 2853/15109 2837/15110 2838/15111
f 2854/15112 2853/15113 2838/15114
f 2854/15115 2838/15116 2839/15117
f 2855/15118 2854/15119 2839/15120
f 2855/15121 2839/15122 2840/15123
f 2856/15124 2855/15125 2840/15126
f 2856/15127 2840/15128 2841/15129
f 2857/15130 2856/15131 2841/15132
f 2857/15133 2841/15134 2842/15135
f 2858/15136 2857/15137 2842/15138
f 2858/15139 2842/15140 2843/15141
f 2859/15142 2858/15143 2843/15144
f 2859/15145 2843/15146 2860/15147
f 2843/15148 2844/15149 2860/15150
f 2860/15151 2844/15152 2861/15153
f 2844/15154 2845/15155 2861/15156
f 2861/15157 2845/15158 2862/15159
f 2845/15160 2846/15161 2862/15162
f 2862/15163 2846/15164 2863/15165
f 2846/15166 2847/15167 2863/15168
f 2863/15169 2847/15170 2864/15171
f 2847/15172 2848/15173 2864/15174
f 2864/15175 2848/15176 2865/15177
f 2848/15178 2849/15179 2865/15180
f 2865/15181 2849/15182 2866/15183
f 2849/15184 2850/15185 2866/15186
f 2866/15187 2850/15188 2851/15189
f 2850/15190 2835/15191 2851/15192
f 2867/15193 2851/15194 2852/15195
f 2868/15196 2867/15197 2852/15198
f 2868/15199 2852/15200 2853/15201
f 2869/15202 2868/15203 2853/15204
f 2869/15205 2853/15206 2854/15207
f 2870/15208 2869/15209 2854/15210
f 2870/15211 2854/15212 2855/15213
f 2871/15214 2870/15215 2855/15216
f 2871/15217 2855/15218 2856/15219
f 2872/15220 2871/15221 2856/15222
f 2872/15223 2856/15224 2857/15225
f 2873/15226 2872/15227 2857/15228
f 2873/15229 2857/15230 2858/15231
f 2874/15232 2873/15233 2858/15234
f 2874/15235 2858/15236 2859/15237
f 2875/15238 2874/15239 2859/15240
f 2875/15241 2859/15242 2876/15243
f 2859/15244 2860/15245 2876/15246
f 2876/15247 2860/15248 2877/15249
f 2860/15250 2861/15251 2877/15252
f 2877/15253 2861/15254 2878/15255
f 2861/15256 2862/15257 2878/15258
f 2878/15259 2862/15260 2879/15261
f 2862/15262 2863/15263 2879/15264
f 2879/15265 2863/15266 2880/15267
f 2863/15268 2864/15269 2880/15270
f 2880/15271 2864/15272 2881/15273
f 2864/15274 2865/15275 2881/15276
f 2881/15277 2865/15278 2882/15279
f 2865/15280 2866/15281 2882/15282
f 2882/15283 2866/15284 2867/15285
f 2866/15286 2851/15287 2867/15288
f 2883/15289 2867/15290 2868/15291
f 2884/15292 2883/15293 2868/15294
f 2884/15295 2868/15296 2869/15297
f 2885/15298 2884/15299 2869/15300
f 2885/15301 2869/15302 2870/15303
f 2886/15304 2885/15305 2870/15306
f 2886/15307 2870/15308 2871/15309
f 2887/15310 2886/15311 2871/15312
f 2887/15313 2871/15314 2872/15315
f 2888/15316 2887/15317 2872/15318
f 2888/15319 2872/15320 2873/15321
f 2889/15322 2888/15323 2873/15324
f 2889/15325 2873/15326 2874/15327
f 2890/15328 2889/15329 2874/15330
f 2890/15331 2874/15332 2875/15333
f 2891/15334 2890/15335 2875/15336
f 2891/15337 2875/15338 2892/15339
f 2875/15340 2876/15341 2892/15342
f 2892/15343 2876/15344 2893/15345
f 2876/15346 2877/15347 2893/15348
f 2893/15349 2877/15350 2894/15351
f 2877/15352 2878/15353 2894/15354
f 2894/15355 2878/15356 2895/15357
f 2878/15358 2879/15359 2895/15360
f 2895/15361 2879/15362 2896/15363
f 2879/15364 2880/15365 2896/15366
f 2896/15367 2880/15368 2897/15369
f 2880/15370 2881/15371 2897/15372
f 2897/15373 2881/15374 2898/15375
f 2881/15376 2882/15377 2898/15378
f 2898/15379 2882/15380 2883/15381
f 2882/15382 2867/15383 2883/15384
f 2899/15385 2883/15386 2884/15387
f 2900/15388 2899/15389 2884/15390
f 2900/15391 2884/15392 2885/15393
f 2901/15394 2900/15395 2885/15396
f 2901/15397 2885/15398 2886/15399
f 2902/15400 2901/15401 2886/15402
f 2902/15403 2886/15404 2887/15405
f 2903/15406 2902/15407 2887/15408
f 2903/15409 2887/15410 2888/15411
f 2904/15412 2903/15413 2888/15414
f 2904/15415 2888/15416 2889/15417
f 2905/15418 2904/15419 2889/15420
f 2905/15421 2889/15422 2890/15423
f 2906/15424 2905/15425 2890/15426
f 2906/15427 2890/15428 2891/15429
f 2907/15430 2906/15431 2891/15432
f 2907/15433 2891/15434 2908/15435
f 2891/15436 2892/15437 2908/15438
f 2908/15439 2892/15440 2909/15441
f 2892/15442 2893/15443 2909/15444
f 2909/15445 2893/15446 2910/15447
f 2893/15448 2894/15449 2910/15450
f 2910/15451 2894/15452 2911/15453
f 2894/15454 2895/15455 2911/15456
f 2911/15457 2895/15458 2912/15459
f 2895/15460 2896/15461 2912/15462
f 2912/15463 2896/15464 2913/15465
f 2896/15466 2897/15467 2913/15468
f 2913/15469 2897/15470 2914/15471
f 2897/15472 2898/15473 2914/15474
f 2914/15475 2898/15476 2899/15477
f 2898/15478 2883/15479 2899/15480
f 2915/15481 2899/15482 2900/15483
f 2916/15484 2915/15485 2900/15486
f 2916/15487 2900/15488 2901/15489
f 2917/15490 2916/15491 2901/15492
f 2917/15493 2901/15494 2902/15495
f 2918/15496 2917/15497 2902/15498
f 2918/15499 2902/15500 2903/15501
f 2919/15502 2918/15503 2903/15504
f 2919/15505 2903/15506 2904/15507
f 2920/15508 2919/15509 2904/15510
f 2920/15511 2904/15512 2905/15513
f 2921/15514 2920/15515 2905/15516
f 2921/15517 2905/15518 2906/15519
f 2922/15520 2921/15521 2906/15522
f 2922/15523 2906/15524 2907/15525
f 2923/15526 2922/15527 2907/15528
f 2923/15529 2907/15530 2924/15531
f 2907/15532 2908/15533 2924/15534
f 2924/15535 2908/15536 2925/15537
f 2908/15538 2909/15539 2925/15540
f 2925/15541 2909/15542 2926/15543
f 2909/15544 2910/15545 2926/15546
f 2926/15547 2910/15548 2927/15549
f 2910/15550 2911/15551 2927/15552
f 2927/15553 2911/15554 2928/15555
f 2911/15556 2912/15557 2928/15558
f 2928/15559 2912/15560 2929/15561
f 2912/15562 2913/15563 2929/15564
f 2929/15565 2913/15566 2930/15567
f 2913/15568 2914/15569 2930/15570
f 2930/15571 2914/15572 2915/15573
f 2914/15574 2899/15575 2915/15576
f 2931/15577 2915/15578 2916/15579
f 2932/15580 2931/15581 2916/15582
f 2932/15583 2916/15584 2917/15585
f 2933/15586 2932/15587 2917/15588
f 2933/15589 2917/15590 2918/15591
f 2934/15592 2933/15593 2918/15594
f 2934/15595 2918/15596 2919/15597
f 2935/15598 2934/15599 2919/15600
f 2935/15601 2919/15602 2920/15603
f 2936/15604 2935/15605 2920/15606
f 2936/15607 2920/15608 2921/15609
f 2937/15610 2936/15611 2921/15612
f 2937/15613 2921/15614 2922/15615
f 2938/15616 2937/15617 2922/15618
f 2938/15619 2922/15620 2923/15621
f 2939/15622 2938/15623 2923/15624
f 2939/15625 2923/15626 2940/15627
f 2923/15628 2924/15629 2940/15630
f 2940/15631 2924/15632 2941/15633
f 2924/15634 2925/15635 2941/15636
f 2941/15637 2925/15638 2942/15639
f 2925/15640 2926/15641 2942/15642
f 2942/15643 2926/15644 2943/15645
f 2926/15646 2927/15647 2943/15648
f 2943/15649 2927/15650 2944/15651
f 2927/15652 2928/15653 2944/15654
f 2944/15655 2928/15656 2945/15657
f 2928/15658 2929/15659 2945/15660
f 2945/15661 2929/15662 2946/15663
f 2929/15664 2930/15665 2946/15666
f 2946/15667 2930/15668 2931/15669
f 2930/15670 2915/15671 2931/15672
f 2963/15673 2947/15674 2948/15675
f 2964/15676 2963/15677 2948/15678
f 2964/15679 2948/15680 2949/15681
f 2965/15682 2964/15683 2949/15684
f 2965/15685 2949/15686 2950/15687
f 2966/15688 2965/15689 2950/15690
f 2966/15691 2950/15692 2951/15693
f 2967/15694 2966/15695 2951/15696
f 2967/15697 2951/15698 2952/15699
f 2968/15700 2967/15701 2952/15702
f 2968/15703 2952/15704 2953/15705
f 2969/15706 2968/15707 2953/15708
f 2969/15709 2953/15710 2954/15711
f 2970/15712 2969/15713 2954/15714
f 2970/15715 2954/15716 2955/15717
f 2971/15718 2970/15719 2955/15720
f 2971/15721 2955/15722 2972/15723
f 2955/15724 2956/15725 2972/15726
f 2972/15727 2956/15728 2973/15729
f 2956/15730 2957/15731 2973/15732
f 2973/15733 2957/15734 2974/15735
f 2957/15736 2958/15737 2974/15738
f 2974/15739 2958/15740 2975/15741
f 2958/15742 2959/15743 2975/15744
f 2975/15745 2959/15746 2976/15747
f 2959/15748 2960/15749 2976/15750
f 2976/15751 2960/15752 2977/15753
f 2960/15754 2961/15755 2977/15756
f 2977/15757 2961/15758 2978/15759
f 2961/15760 2962/15761 2978/15762
f 2978/15763 2962/15764 2963/15765
f 2962/15766 2947/15767 2963/15768
f 2979/15769 2963/15770 2964/15771
f 2980/15772 2979/15773 2964/15774
f 2980/15775 2964/15776 2965/15777
f 2981/15778 2980/15779 2965/15780
f 2981/15781 2965/15782 2966/15783
f 2982/15784 2981/15785 2966/15786
f 2982/15787 2966/15788 2967/15789
f 2983/15790 2982/15791 2967/15792
f 2983/15793 2967/15794 2968/15795
f 2984/15796 2983/15797 2968/15798
f 2984/15799 2968/15800 2969/15801
f 2985/15802 2984/15803 2969/15804
f 2985/15805 2969/15806 2970/15807
f 2986/15808 2985/15809 2970/15810
f 2986/15811 2970/15812 2971/15813
f 2987/15814 2986/15815 2971/15816
f 2987/15817 2971/15818 2988/15819
f 2971/15820 2972/15821 2988/15822
f 2988/15823 2972/15824 2989/15825
f 2972/15826 2973/15827 2989/15828
f 2989/15829 2973/15830 2990/15831
f 2973/15832 2974/15833 2990/15834
f 2990/15835 2974/15836 2991/15837
f 2974/15838 2975/15839 2991/15840
f 2991/15841 2975/15842 2992/15843
f 2975/15844 2976/15845 2992/15846
f 2992/15847 2976/15848 2993/15849
f 2976/15850 2977/15851 2993/15852
f 2993/15853 2977/15854 2994/15855
f 2977/15856 2978/15857 2994/15858
f 2994/15859 2978/15860 2979/15861
f 2978/15862 2963/15863 2979/15864
f 2995/15865 2979/15866 2980/15867
f 2996/15868 2995/15869 2980/15870
f 2996/15871 2980/15872 2981/15873
f 2997/15874 2996/15875 2981/15876
f 2997/15877 2981/15878 2982/15879
f 2998/15880 2997/15881 2982/15882
f 2998/15883 2982/15884 2983/15885
f 2999/15886 2998/15887 2983/15888
f 2999/15889 2983/15890 2984/15891
f 3000/15892 2999/15893 2984/15894
f 3000/15895 2984/15896 2985/15897
f 3001/15898 3000/15899 2985/15900
f 3001/15901 2985/15902 2986/15903
f 3002/15904 3001/15905 2986/15906
f 3002/15907 2986/15908 2987/15909
f 3003/15910 3002/15911 2987/15912
f 3003/15913 2987/15914 3004/15915
f 2987/15916 2988/15917 3004/15918
f 3004/15919 2988/15920 3005/15921
f 2988/15922 2989/15923 3005/15924
f 3005/15925 2989/15926 3006/15927
f 2989/15928 2990/15929 3006/15930
f 3006/15931 2990/15932 3007/15933
f 2990/15934 2991/15935 3007/15936
f 3007/15937 2991/15938 3008/15939
f 2991/15940 2992/15941 3008/15942
f 3008/15943 2992/15944 3009/15945
f 2992/15946 2993/15947 3009/15948
f 3009/15949 2993/15950 3010/15951
f 2993/15952 2994/15953 3010/15954
f 3010/15955 2994/15956 2995/15957
f 2994/15958 2979/15959 2995/15960
f 3011/15961 2995/15962 2996/15963
f 3012/15964 3011/15965 2996/15966
f 3012/15967 2996/15968 2997/15969
f 3013/15970 3012/15971 2997/15972
f 3013/15973 2997/15974 2998/15975
f 3014/15976 3013/15977 2998/15978
f 3014/15979 2998/15980 2999/15981
f 3015/15982 3014/15983 2999/15984
f 3015/15985 2999/15986 3000/15987
f 3016/15988 3015/15989 3000/15990
f 3016/15991 3000/15992 3001/15993
f 3017/15994 3016/15995 3001/15996
f 3017/15997 3001/15998 3002/15999
f 3018/16000 3017/16001 3002/16002
f 3018/16003 3002/16004 3003/16005
f 3019/16006 3018/16007 3003/16008
f 3019/16009 3003/16010 3020/16011
f 3003/16012 3004/16013 3020/16014
f 3020/16015 3004/16016 3021/16017
f 3004/16018 3005/16019 3021/16020
f 3021/16021 3005/16022 3022/16023
f 3005/16024 3006/16025 3022/16026
f 3022/16027 3006/16028 3023/16029
f 3006/16030 3007/16031 3023/16032
f 3023/16033 3007/16034 3024/16035
f 3007/16036 3008/16037 3024/16038
f 3024/16039 3008/16040 3025/16041
f 3008/16042 3009/16043 3025/16044
f 3025/16045 3009/16046 3026/16047
f 3009/16048 3010/16049 3026/16050
f 3026/16051 3010/16052 3011/16053
f 3010/16054 2995/16055 3011/16056
f 3027/16057 3011/16058 3012/16059
f 3028/16060 3027/16061 3012/16062
f 3028/16063 3012/16064 3013/16065
f 3029/16066 3028/16067 3013/16068
f 3029/16069 3013/16070 3014/16071
f 3030/16072 3029/16073 3014/16074
f 3030/16075 3014/16076 3015/16077
f 3031/16078 3030/16079 3015/16080
f 3031/16081 3015/16082 3016/16083
f 3032/16084 3031/16085 3016/16086
f 3032/16087 3016/16088 3017/16089
f 3033/16090 3032/16091 3017/16092
f 3033/16093 3017/16094 3018/16095
f 3034/16096 3033/16097 3018/16098
f 3034/16099 3018/16100 3019/16101
f 3035/16102 3034/16103 3019/16104
f 3035/16105 3019/16106 3036/16107
f 3019/16108 3020/16109 3036/16110
f 3036/16111 3020/16112 3037/16113
f 3020/16114 3021/16115 3037/16116
f 3037/16117 3021/16118 3038/16119
f 3021/16120 3022/16121 3038/16122
f 3038/16123 3022/16124 3039/16125
f 3022/16126 3023/16127 3039/16128
f 3039/16129 3023/16130 3040/16131
f 3023/16132 3024/16133 3040/16134
f 3040/16135 3024/16136 3041/16137
f 3024/16138 3025/16139 3041/16140
f 3041/16141 3025/16142 3042/16143
f 3025/16144 3026/16145 3042/16146
f 3042/16147 3026/16148 3027/16149
f 3026/16150 3011/16151 3027/16152
f 3043/16153 3027/16154 3028/16155
f 3044/16156 3043/16157 3028/16158
f 3044/16159 3028/16160 3029/16161
f 3045/16162 3044/16163 3029/16164
f 3045/16165 3029/16166 3030/16167
f 3046/16168 3045/16169 3030/16170
f 3046/16171 3030/16172 3031/16173
f 3047/16174 3046/16175 3031/16176
f 3047/16177 3031/16178 3032/16179
f 3048/16180 3047/16181 3032/16182
f 3048/16183 3032/16184 3033/16185
f 3049/16186 3048/16187 3033/16188
f 3049/16189 3033/16190 3034/16191
f 3050/16192 3049/16193 3034/16194
f 3050/16195 3034/16196 3035/16197
f 3051/16198 3050/16199 3035/16200
f 3051/16201 3035/16202 3052/16203
f 3035/16204 3036/16205 3052/16206
f 3052/16207 3036/16208 3053/16209
f 3036/16210 3037/16211 3053/16212
f 3053/16213 3037/16214 3054/16215
f 3037/16216 3038/16217 3054/16218
f 3054/16219 3038/16220 3055/16221
f 3038/16222 3039/16223 3055/16224
f 3055/16225 3039/16226 3056/16227
f 3039/16228 3040/16229 3056/16230
f 3056/16231 3040/16232 3057/16233
f 3040/16234 3041/16235 3057/16236
f 3057/16237 3041/16238 3058/16239
f 3041/16240 3042/16241 3058/16242
f 3058/16243 3042/16244 3043/16245
f 3042/16246 3027/16247 3043/16248
f 3059/16249 3043/16250 3044/16251
f 3060/16252 3059/16253 3044/16254
f 3060/16255 3044/16256 3045/16257
f 3061/16258 3060/16259 3045/16260
f 3061/16261 3045/16262 3046/16263
f 3062/16264 3061/16265 3046/16266
f 3062/16267 3046/16268 3047/16269
f 3063/16270 3062/16271 3047/16272
f 3063/16273 3047/16274 3048/16275
f 3064/16276 3063/16277 3048/16278
f 3064/16279 3048/16280 3049/16281
f 3065/16282 3064/16283 3049/16284
f 3065/16285 3049/16286 3050/16287
f 3066/16288 3065/16289 3050/16290
f 3066/16291 3050/16292 3051/16293
f 3067/16294 3066/16295 3051/16296
f 3067/16297 3051/16298 3068/16299
f 3051/16300 3052/16301 3068/16302
f 3068/16303 3052/16304 3069/16305
f 3052/16306 3053/16307 3069/16308
f 3069/16309 3053/16310 3070/16311
f 3053/16312 3054/16313 3070/16314
f 3070/16315 3054/16316 3071/16317
f 3054/16318 3055/16319 3071/16320
f 3071/16321 3055/16322 3072/16323
f 3055/16324 3056/16325 3072/16326
f 3072/16327 3056/16328 3073/16329
f 3056/16330 3057/16331 3073/16332
f 3073/16333 3057/16334 3074/16335
f 3057/16336 3058/16337 3074/16338
f 3074/16339 3058/16340 3059/16341
f 3058/16342 3043/16343 3059/16344
f 3075/16345 3059/16346 3060/16347
f 3076/16348 3075/16349 3060/16350
f 3076/16351 3060/16352 3061/16353
f 3077/16354 3076/16355 3061/16356
f 3077/16357 3061/16358 3062/16359
f 3078/16360 3077/16361 3062/16362
f 3078/16363 3062/16364 3063/16365
f 3079/16366 3078/16367 3063/16368
f 3079/16369 3063/16370 3064/16371
f 3080/16372 3079/16373 3064/16374
f 3080/16375 3064/16376 3065/16377
f 3081/16378 3080/16379 3065/16380
f 3081/16381 3065/16382 3066/16383
f 3082/16384 3081/16385 3066/16386
f 3082/16387 3066/16388 3067/16389
f 3083/16390 3082/16391 3067/16392
f 3083/16393 3067/16394 3084/16395
f 3067/16396 3068/16397 3084/16398
f 3084/16399 3068/16400 3085/16401
f 3068/16402 3069/16403 3085/16404
f 3085/16405 3069/16406 3086/16407
f 3069/16408 3070/16409 3086/16410
f 3086/16411 3070/16412 3087/16413
f 3070/16414 3071/16415 3087/16416
f 3087/16417 3071/16418 3088/16419
f 3071/16420 3072/16421 3088/16422
f 3088/16423 3072/16424 3089/16425
f 3072/16426 3073/16427 3089/16428
f 3089/16429 3073/16430 3090/16431
f 3073/16432 3074/16433 3090/16434
f 3090/16435 3074/16436 3075/16437
f 3074/16438 3059/16439 3075/16440
f 3091/16441 3075/16442 3076/16443
f 3092/16444 3091/16445 3076/16446
f 3092/16447 3076/16448 3077/16449
f 3093/16450 3092/16451 3077/16452
f 3093/16453 3077/16454 3078/16455
f 3094/16456 3093/16457 3078/16458
f 3094/16459 3078/16460 3079/16461
f 3095/16462 3094/16463 3079/16464
f 3095/16465 3079/16466 3080/16467
f 3096/16468 3095/16469 3080/16470
f 3096/16471 3080/16472 3081/16473
f 3097/16474 3096/16475 3081/16476
f 3097/16477 3081/16478 3082/16479
f 3098/16480 3097/16481 3082/16482
f 3098/16483 3082/16484 3083/16485
f 3099/16486 3098/16487 3083/16488
f 3099/16489 3083/16490 3100/16491
f 3083/16492 3084/16493 3100/16494
f 3100/16495 3084/16496 3101/16497
f 3084/16498 3085/16499 3101/16500
f 3101/16501 3085/16502 3102/16503
f 3085/16504 3086/16505 3102/16506
f 3102/16507 3086/16508 3103/16509
f 3086/16510 3087/16511 3103/16512
f 3103/16513 3087/16514 3104/16515
f 3087/16516 3088/16517 3104/16518
f 3104/16519 3088/16520 3105/16521
f 3088/16522 3089/16523 3105/16524
f 3105/16525 3089/16526 3106/16527
f 3089/16528 3090/16529 3106/16530
f 3106/16531 3090/16532 3091/16533
f 3090/16534 3075/16535 3091/16536
f 3119/16537 3107/16538 3108/16539
f 3120/16540 3119/16541 3108/16542
f 3120/16543 3108/16544 3109/16545
f 3121/16546 3120/16547 3109/16548
f 3121/16549 3109/16550 3110/16551
f 3122/16552 3121/16553 3110/16554
f 3122/16555 3110/16556 3111/16557
f 3123/16558 3122/16559 3111/16560
f 3123/16561 3111/16562 3112/16563
f 3124/16564 3123/16565 3112/16566
f 3124/16567 3112/16568 3113/16569
f 3125/16570 3124/16571 3113/16572
f 3125/16573 3113/16574 3126/16575
f 3113/16576 3114/16577 3126/16578
f 3126/16579 3114/16580 3127/16581
f 3114/16582 3115/16583 3127/16584
f 3127/16585 3115/16586 3128/16587
f 3115/16588 3116/16589 3128/16590
f 3128/16591 3116/16592 3129/16593
f 3116/16594 3117/16595 3129/16596
f 3129/16597 3117/16598 3130/16599
f 3117/16600 3118/16601 3130/16602
f 3130/16603 3118/16604 3119/16605
f 3118/16606 3107/16607 3119/16608
f 3131/16609 3119/16610 3120/16611
f 3132/16612 3131/16613 3120/16614
f 3132/16615 3120/16616 3121/16617
f 3133/16618 3132/16619 3121/16620
f 3133/16621 3121/16622 3122/16623
f 3134/16624 3133/16625 3122/16626
f 3134/16627 3122/16628 3123/16629
f 3135/16630 3134/16631 3123/16632
f 3135/16633 3123/16634 3124/16635
f 3136/16636 3135/16637 3124/16638
f 3136/16639 3124/16640 3125/16641
f 3137/16642 3136/16643 3125/16644
f 3137/16645 3125/16646 3138/16647
f 3125/16648 3126/16649 3138/16650
f 3138/16651 3126/16652 3139/16653
f 3126/16654 3127/16655 3139/16656
f 3139/16657 3127/16658 3140/16659
f 3127/16660 3128/16661 3140/16662
f 3140/16663 3128/16664 3141/16665
f 3128/16666 3129/16667 3141/16668
f 3141/16669 3129/16670 3142/16671
f 3129/16672 3130/16673 3142/16674
f 3142/16675 3130/16676 3131/16677
f 3130/16678 3119/16679 3131/16680
f 3143/16681 3131/16682 3132/16683
f 3144/16684 3143/16685 3132/16686
f 3144/16687 3132/16688 3133/16689
f 3145/16690 3144/16691 3133/16692
f 3145/16693 3133/16694 3134/16695
f 3146/16696 3145/16697 3134/16698
f 3146/16699 3134/16700 3135/16701
f 3147/16702 3146/16703 3135/16704
f 3147/16705 3135/16706 3136/16707
f 3148/16708 3147/16709 3136/16710
f 3148/16711 3136/16712 3137/16713
f 3149/16714 3148/16715 3137/16716
f 3149/16717 3137/16718 3150/16719
f 3137/16720 3138/16721 3150/16722
f 3150/16723 3138/16724 3151/16725
f 3138/16726 3139/16727 3151/16728
f 3151/16729 3139/16730 3152/16731
f 3139/16732 3140/16733 3152/16734
f 3152/16735 3140/16736 3153/16737
f 3140/16738 3141/16739 3153/16740
f 3153/16741 3141/16742 3154/16743
f 3141/16744 3142/16745 3154/16746
f 3154/16747 3142/16748 3143/16749
f 3142/16750 3131/16751 3143/16752
f 3163/16753 3155/16754 3156/16755
f 3164/16756 3163/16757 3156/16758
f 3164/16759 3156/16760 3157/16761
f 3165/16762 3164/16763 3157/16764
f 3165/16765 3157/16766 3158/16767
f 3166/16768 3165/16769 3158/16770
f 3166/16771 3158/16772 3159/16773
f 3167/16774 3166/16775 3159/16776
f 3167/16777 3159/16778 3168/16779
f 3159/16780 3160/16781 3168/16782
f 3168/16783 3160/16784 3169/16785
f 3160/16786 3161/16787 3169/16788
f 3169/16789 3161/16790 3170/16791
f 3161/16792 3162/16793 3170/16794
f 3170/16795 3162/16796 3163/16797
f 3162/16798 3155/16799 3163/16800
f 3171/16801 3163/16802 3164/16803
f 3172/16804 3171/16805 3164/16806
f 3172/16807 3164/16808 3165/16809
f 3173/16810 3172/16811 3165/16812
f 3173/16813 3165/16814 3166/16815
f 3174/16816 3173/16817 3166/16818
f 3174/16819 3166/16820 3167/16821
f 3175/16822 3174/16823 3167/16824
f 3175/16825 3167/16826 3176/16827
f 3167/16828 3168/16829 3176/16830
f 3176/16831 3168/16832 3177/16833
f 3168/16834 3169/16835 3177/16836
f 3177/16837 3169/16838 3178/16839
f 3169/16840 3170/16841 3178/16842
f 3178/16843 3170/16844 3171/16845
f 3170/16846 3163/16847 3171/16848
f 3179/16849 3171/16850 3172/16851
f 3180/16852 3179/16853 3172/16854
f 3180/16855 3172/16856 3173/16857
f 3181/16858 3180/16859 3173/16860
f 3181/16861 3173/16862 3174/16863
f 3182/16864 3181/16865 3174/16866
f 3182/16867 3174/16868 3175/16869
f 3183/16870 3182/16871 3175/16872
f 3183/16873 3175/16874 3184/16875
f 3175/16876 3176/16877 3184/16878
f 3184/16879 3176/16880 3185/16881
f 3176/16882 3177/16883 3185/16884
f 3185/16885 3177/16886 3186/16887
f 3177/16888 3178/16889 3186/16890
f 3186/16891 3178/16892 3179/16893
f 3178/16894 3171/16895 3179/16896
f 3187/16897 3179/16898 3180/16899
f 3188/16900 3187/16901 3180/16902
f 3188/16903 3180/16904 3181/16905
f 3189/16906 3188/16907 3181/16908
f 3189/16909 3181/16910 3182/16911
f 3190/16912 3189/16913 3182/16914
f 3190/16915 3182/16916 3183/16917
f 3191/16918 3190/16919 3183/16920
f 3191/16921 3183/16922 3192/16923
f 3183/16924 3184/16925 3192/16926
f 3192/16927 3184/16928 3193/16929
f 3184/16930 3185/16931 3193/16932
f 3193/16933 3185/16934 3194/16935
f 3185/16936 3186/16937 3194/16938
f 3194/16939 3186/16940 3187/16941
f 3186/16942 3179/16943 3187/16944
f 3195/16945 3187/16946 3188/16947
f 3196/16948 3195/16949 3188/16950
f 3196/16951 3188/16952 3189/16953
f 3197/16954 3196/16955 3189/16956
f 3197/16957 3189/16958 3190/16959
f 3198/16960 3197/16961 3190/16962
f 3198/16963 3190/16964 3191/16965
f 3199/16966 3198/16967 3191/16968
f 3199/16969 3191/16970 3200/16971
f 3191/16972 3192/16973 3200/16974
f 3200/16975 3192/16976 3201/16977
f 3192/16978 3193/16979 3201/16980
f 3201/16981 3193/16982 3202/16983
f 3193/16984 3194/16985 3202/16986
f 3202/16987 3194/16988 3195/16989
f 3194/16990 3187/16991 3195/16992
f 3203/16993 3195/16994 3196/16995
f 3204/16996 3203/16997 3196/16998
f 3204/16999 3196/17000 3197/17001
f 3205/17002 3204/17003 3197/17004
f 3205/17005 3197/17006 3198/17007
f 3206/17008 3205/17009 3198/17010
f 3206/17011 3198/17012 3199/17013
f 3207/17014 3206/17015 3199/17016
f 3207/17017 3199/17018 3208/17019
f 3199/17020 3200/17021 3208/17022
f 3208/17023 3200/17024 3209/17025
f 3200/17026 3201/17027 3209/17028
f 3209/17029 3201/17030 3210/17031
f 3201/17032 3202/17033 3210/17034
f 3210/17035 3202/17036 3203/17037
f 3202/17038 3195/17039 3203/17040
f 3211/17041 3203/17042 3204/17043
f 3212/17044 3211/17045 3204/17046
f 3212/17047 3204/17048 3205/17049
f 3213/17050 3212/17051 3205/17052
f 3213/17053 3205/17054 3206/17055
f 3214/17056 3213/17057 3206/17058
f 3214/17059 3206/17060 3207/17061
f 3215/17062 3214/17063 3207/17064
f 3215/17065 3207/17066 3216/17067
f 3207/17068 3208/17069 3216/17070
f 3216/17071 3208/17072 3217/17073
f 3208/17074 3209/17075 3217/17076
f 3217/17077 3209/17078 3218/17079
f 3209/17080 3210/17081 3218/17082
f 3218/17083 3210/17084 3211/17085
f 3210/17086 3203/17087 3211/17088
f 3219/17089 3211/17090 3212/17091
f 3220/17092 3219/17093 3212/17094
f 3220/17095 3212/17096 3213/17097
f 3221/17098 3220/17099 3213/17100
f 3221/17101 3213/17102 3214/17103
f 3222/17104 3221/17105 3214/17106
f 3222/17107 3214/17108 3215/17109
f 3223/17110 3222/17111 3215/17112
f 3223/17113 3215/17114 3224/17115
f 3215/17116 3216/17117 3224/17118
f 3224/17119 3216/17120 3225/17121
f 3216/17122 3217/17123 3225/17124
f 3225/17125 3217/17126 3226/17127
f 3217/17128 3218/17129 3226/17130
f 3226/17131 3218/17132 3219/17133
f 3218/17134 3211/17135 3219/17136
f 3227/17137 3219/17138 3220/17139
f 3228/17140 3227/17141 3220/17142
f 3228/17143 3220/17144 3221/17145
f 3229/17146 3228/17147 3221/17148
f 3229/17149 3221/17150 3222/17151
f 3230/17152 3229/17153 3222/17154
f 3230/17155 3222/17156 3223/17157
f 3231/17158 3230/17159 3223/17160
f 3231/17161 3223/17162 3232/17163
f 3223/17164 3224/17165 3232/17166
f 3232/17167 3224/17168 3233/17169
f 3224/17170 3225/17171 3233/17172
f 3233/17173 3225/17174 3234/17175
f 3225/17176 3226/17177 3234/17178
f 3234/17179 3226/17180 3227/17181
f 3226/17182 3219/17183 3227/17184
f 3243/17185 3235/17186 3236/17187
f 3244/17188 3243/17189 3236/17190
f 3244/17191 3236/17192 3237/17193
f 3245/17194 3244/17195 3237/17196
f 3245/17197 3237/17198 3238/17199
f 3246/17200 3245/17201 3238/17202
f 3246/17203 3238/17204 3239/17205
f 3247/17206 3246/17207 3239/17208
f 3247/17209 3239/17210 3248/17211
f 3239/17212 3240/17213 3248/17214
f 3248/17215 3240/17216 3249/17217
f 3240/17218 3241/17219 3249/17220
f 3249/17221 3241/17222 3250/17223
f 3241/17224 3242/17225 3250/17226
f 3250/17227 3242/17228 3243/17229
f 3242/17230 3235/17231 3243/17232
f 3251/17233 3243/17234 3244/17235
f 3252/17236 3251/17237 3244/17238
f 3252/17239 3244/17240 3245/17241
f 3253/17242 3252/17243 3245/17244
f 3253/17245 3245/17246 3246/17247
f 3254/17248 3253/17249 3246/17250
f 3254/17251 3246/17252 3247/17253
f 3255/17254 3254/17255 3247/17256
f 3255/17257 3247/17258 3256/17259
f 3247/17260 3248/17261 3256/17262
f 3256/17263 3248/17264 3257/17265
f 3248/17266 3249/17267 3257/17268
f 3257/17269 3249/17270 3258/17271
f 3249/17272 3250/17273 3258/17274
f 3258/17275 3250/17276 3251/17277
f 3250/17278 3243/17279 3251/17280
f 3259/17281 3251/17282 3252/17283
f 3260/17284 3259/17285 3252/17286
f 3260/17287 3252/17288 3253/17289
f 3261/17290 3260/17291 3253/17292
f 3261/17293 3253/17294 3254/17295
f 3262/17296 3261/17297 3254/17298
f 3262/17299 3254/17300 3255/17301
f 3263/17302 3262/17303 3255/17304
f 3263/17305 3255/17306 3264/17307
f 3255/17308 3256/17309 3264/17310
f 3264/17311 3256/17312 3265/17313
f 3256/17314 3257/17315 3265/17316
f 3265/17317 3257/17318 3266/17319
f 3257/17320 3258/17321 3266/17322
f 3266/17323 3258/17324 3259/17325
f 3258/17326 3251/17327 3259/17328
f 3267/17329 3259/17330 3260/17331
f 3268/17332 3267/17333 3260/17334
f 3268/17335 3260/17336 3261/17337
f 3269/17338 3268/17339 3261/17340
f 3269/17341 3261/17342 3262/17343
f 3270/17344 3269/17345 3262/17346
f 3270/17347 3262/17348 3263/17349
f 3271/17350 3270/17351 3263/17352
f 3271/17353 3263/17354 3272/17355
f 3263/17356 3264/17357 3272/17358
f 3272/17359 3264/17360 3273/17361
f 3264/17362 3265/17363 3273/17364
f 3273/17365 3265/17366 3274/17367
f 3265/17368 3266/17369 3274/17370
f 3274/17371 3266/17372 3267/17373
f 3266/17374 3259/17375 3267/17376
f 3275/17377 3267/17378 3268/17379
f 3276/17380 3275/17381 3268/17382
f 3276/17383 3268/17384 3269/17385
f 3277/17386 3276/17387 3269/17388
f 3277/17389 3269/17390 3270/17391
f 3278/17392 3277/17393 3270/17394
f 3278/17395 3270/17396 3271/17397
f 3279/17398 3278/17399 3271/17400
f 3279/17401 3271/17402 3280/17403
f 3271/17404 3272/17405 3280/17406
f 3280/17407 3272/17408 3281/17409
f 3272/17410 3273/17411 3281/17412
f 3281/17413 3273/17414 3282/17415
f 3273/17416 3274/17417 3282/17418
f 3282/17419 3274/17420 3275/17421
f 3274/17422 3267/17423 3275/17424
f 3283/17425 3275/17426 3276/17427
f 3284/17428 3283/17429 3276/17430
f 3284/17431 3276/17432 3277/17433
f 3285/17434 3284/17435 3277/17436
f 3285/17437 3277/17438 3278/17439
f 3286/17440 3285/17441 3278/17442
f 3286/17443 3278/17444 3279/17445
f 3287/17446 3286/17447 3279/17448
f 3287/17449 3279/17450 3288/17451
f 3279/17452 3280/17453 3288/17454
f 3288/17455 3280/17456 3289/17457
f 3280/17458 3281/17459 3289/17460
f 3289/17461 3281/17462 3290/17463
f 3281/17464 3282/17465 3290/17466
f 3290/17467 3282/17468 3283/17469
f 3282/17470 3275/17471 3283/17472
f 3291/17473 3283/17474 3284/17475
f 3292/17476 3291/17477 3284/17478
f 3292/17479 3284/17480 3285/17481
f 3293/17482 3292/17483 3285/17484
f 3293/17485 3285/17486 3286/17487
f 3294/17488 3293/17489 3286/17490
f 3294/17491 3286/17492 3287/17493
f 3295/17494 3294/17495 3287/17496
f 3295/17497 3287/17498 3296/17499
f 3287/17500 3288/17501 3296/17502
f 3296/17503 3288/17504 3297/17505
f 3288/17506 3289/17507 3297/17508
f 3297/17509 3289/17510 3298/17511
f 3289/17512 3290/17513 3298/17514
f 3298/17515 3290/17516 3291/17517
f 3290/17518 3283/17519 3291/17520
f 3299/17521 3291/17522 3292/17523
f 3300/17524 3299/17525 3292/17526
f 3300/17527 3292/17528 3293/17529
f 3301/17530 3300/17531 3293/17532
f 3301/17533 3293/17534 3294/17535
f 3302/17536 3301/17537 3294/17538
f 3302/17539 3294/17540 3295/17541
f 3303/17542 3302/17543 3295/17544
f 3303/17545 3295/17546 3304/17547
f 3295/17548 3296/17549 3304/17550
f 3304/17551 3296/17552 3305/17553
f 3296/17554 3297/17555 3305/17556
f 3305/17557 3297/17558 3306/17559
f 3297/17560 3298/17561 3306/17562
f 3306/17563 3298/17564 3299/17565
f 3298/17566 3291/17567 3299/17568
f 3307/17569 3299/17570 3300/17571
f 3308/17572 3307/17573 3300/17574
f 3308/17575 3300/17576 3301/17577
f 3309/17578 3308/17579 3301/17580
f 3309/17581 3301/17582 3302/17583
f 3310/17584 3309/17585 3302/17586
f 3310/17587 3302/17588 3303/17589
f 3311/17590 3310/17591 3303/17592
f 3311/17593 3303/17594 3312/17595
f 3303/17596 3304/17597 3312/17598
f 3312/17599 3304/17600 3313/17601
f 3304/17602 3305/17603 3313/17604
f 3313/17605 3305/17606 3314/17607
f 3305/17608 3306/17609 3314/17610
f 3314/17611 3306/17612 3307/17613
f 3306/17614 3299/17615 3307/17616
f 3323/17617 3315/17618 3316/17619
f 3324/17620 3323/17621 3316/17622
f 3324/17623 3316/17624 3317/17625
f 3325/17626 3324/17627 3317/17628
f 3325/17629 3317/17630 3318/17631
f 3326/17632 3325/17633 3318/17634
f 3326/17635 3318/17636 3319/17637
f 3327/17638 3326/17639 3319/17640
f 3327/17641 3319/17642 3328/17643
f 3319/17644 3320/17645 3328/17646
f 3328/17647 3320/17648 3329/17649
f 3320/17650 3321/17651 3329/17652
f 3329/17653 3321/17654 3330/17655
f 3321/17656 3322/17657 3330/17658
f 3330/17659 3322/17660 3323/17661
f 3322/17662 3315/17663 3323/17664
f 3331/17665 3323/17666 3324/17667
f 3332/17668 3331/17669 3324/17670
f 3332/17671 3324/17672 3325/17673
f 3333/17674 3332/17675 3325/17676
f 3333/17677 3325/17678 3326/17679
f 3334/17680 3333/17681 3326/17682
f 3334/17683 3326/17684 3327/17685
f 3335/17686 3334/17687 3327/17688
f 3335/17689 3327/17690 3336/17691
f 3327/17692 3328/17693 3336/17694
f 3336/17695 3328/17696 3337/17697
f 3328/17698 3329/17699 3337/17700
f 3337/17701 3329/17702 3338/17703
f 3329/17704 3330/17705 3338/17706
f 3338/17707 3330/17708 3331/17709
f 3330/17710 3323/17711 3331/17712
f 3339/17713 3331/17714 3332/17715
f 3340/17716 3339/17717 3332/17718
f 3340/17719 3332/17720 3333/17721
f 3341/17722 3340/17723 3333/17724
f 3341/17725 3333/17726 3334/17727
f 3342/17728 3341/17729 3334/17730
f 3342/17731 3334/17732 3335/17733
f 3343/17734 3342/17735 3335/17736
f 3343/17737 3335/17738 3344/17739
f 3335/17740 3336/17741 3344/17742
f 3344/17743 3336/17744 3345/17745
f 3336/17746 3337/17747 3345/17748
f 3345/17749 3337/17750 3346/17751
f 3337/17752 3338/17753 3346/17754
f 3346/17755 3338/17756 3339/17757
f 3338/17758 3331/17759 3339/17760
f 3347/17761 3339/17762 3340/17763
f 3348/17764 3347/17765 3340/17766
f 3348/17767 3340/17768 3341/17769
f 3349/17770 3348/17771 3341/17772
f 3349/17773 3341/17774 3342/17775
f 3350/17776 3349/17777 3342/17778
f 3350/17779 3342/17780 3343/17781
f 3351/17782 3350/17783 3343/17784
f 3351/17785 3343/17786 3352/17787
f 3343/17788 3344/17789 3352/17790
f 3352/17791 3344/17792 3353/17793
f 3344/17794 3345/17795 3353/17796
f 3353/17797 3345/17798 3354/17799
f 3345/17800 3346/17801 3354/17802
f 3354/17803 3346/17804 3347/17805
f 3346/17806 3339/17807 3347/17808
f 3355/17809 3347/17810 3348/17811
f 3356/17812 3355/17813 3348/17814
f 3356/17815 3348/17816 3349/17817
f 3357/17818 3356/17819 3349/17820
f 3357/17821 3349/17822 3350/17823
f 3358/17824 3357/17825 3350/17826
f 3358/17827 3350/17828 3351/17829
f 3359/17830 3358/17831 3351/17832
f 3359/17833 3351/17834 3360/17835
f 3351/17836 3352/17837 3360/17838
f 3360/17839 3352/17840 3361/17841
f 3352/17842 3353/17843 3361/17844
f 3361/17845 3353/17846 3362/17847
f 3353/17848 3354/17849 3362/17850
f 3362/17851 3354/17852 3355/17853
f 3354/17854 3347/17855 3355/17856
f 3363/17857 3355/17858 3356/17859
f 3364/17860 3363/17861 3356/17862
f 3364/17863 3356/17864 3357/17865
f 3365/17866 3364/17867 3357/17868
f 3365/17869 3357/17870 3358/17871
f 3366/17872 3365/17873 3358/17874
f 3366/17875 3358/17876 3359/17877
f 3367/17878 3366/17879 3359/17880
f 3367/17881 3359/17882 3368/17883
f 3359/17884 3360/17885 3368/17886
f 3368/17887 3360/17888 3369/17889
f 3360/17890 3361/17891 3369/17892
f 3369/17893 3361/17894 3370/17895
f 3361/17896 3362/17897 3370/17898
f 3370/17899 3362/17900 3363/17901
f 3362/17902 3355/17903 3363/17904
f 3371/17905 3363/17906 3364/17907
f 3372/17908 3371/17909 3364/17910
f 3372/17911 3364/17912 3365/17913
f 3373/17914 3372/17915 3365/17916
f 3373/17917 3365/17918 3366/17919
f 3374/17920 3373/17921 3366/17922
f 3374/17923 3366/17924 3367/17925
f 3375/17926 3374/17927 3367/17928
f 3375/17929 3367/17930 3376/17931
f 3367/17932 3368/17933 3376/17934
f 3376/17935 3368/17936 3377/17937
f 3368/17938 3369/17939 3377/17940
f 3377/17941 3369/17942 3378/17943
f 3369/17944 3370/17945 3378/17946
f 3378/17947 3370/17948 3371/17949
f 3370/17950 3363/17951 3371/17952
f 3379/17953 3371/17954 3372/17955
f 3380/17956 3379/17957 3372/17958
f 3380/17959 3372/17960 3373/17961
f 3381/17962 3380/17963 3373/17964
f 3381/17965 3373/17966 3374/17967
f 3382/17968 3381/17969 3374/17970
f 3382/17971 3374/17972 3375/17973
f 3383/17974 3382/17975 3375/17976
f 3383/17977 3375/17978 3384/17979
f 3375/17980 3376/17981 3384/17982
f 3384/17983 3376/17984 3385/17985
f 3376/17986 3377/17987 3385/17988
f 3385/17989 3377/17990 3386/17991
f 3377/17992 3378/17993 3386/17994
f 3386/17995 3378/17996 3379/17997
f 3378/17998 3371/17999 3379/18000
f 3387/18001 3379/18002 3380/18003
f 3388/18004 3387/18005 3380/18006
f 3388/18007 3380/18008 3381/18009
f 3389/18010 3388/18011 3381/18012
f 3389/18013 3381/18014 3382/18015
f 3390/18016 3389/18017 3382/18018
f 3390/18019 3382/18020 3383/18021
f 3391/18022 3390/18023 3383/18024
f 3391/18025 3383/18026 3392/18027
f 3383/18028 3384/18029 3392/18030
f 3392/18031 3384/18032 3393/18033
f 3384/18034 3385/18035 3393/18036
f 3393/18037 3385/18038 3394/18039
f 3385/18040 3386/18041 3394/18042
f 3394/18043 3386/18044 3387/18045
f 3386/18046 3379/18047 3387/18048
f 3403/18049 3395/18050 3396/18051
f 3404/18052 3403/18053 3396/18054
f 3404/18055 3396/18056 3397/18057
f 3405/18058 3404/18059 3397/18060
f 3405/18061 3397/18062 3398/18063
f 3406/18064 3405/18065 3398/18066
f 3406/18067 3398/18068 3399/18069
f 3407/18070 3406/18071 3399/18072
f 3407/18073 3399/18074 3408/18075
f 3399/18076 3400/18077 3408/18078
f 3408/18079 3400/18080 3409/18081
f 3400/18082 3401/18083 3409/18084
f 3409/18085 3401/18086 3410/18087
f 3401/18088 3402/18089 3410/18090
f 3410/18091 3402/18092 3403/18093
f 3402/18094 3395/18095 3403/18096
f 3411/18097 3403/18098 3404/18099
f 3412/18100 3411/18101 3404/18102
f 3412/18103 3404/18104 3405/18105
f 3413/18106 3412/18107 3405/18108
f 3413/18109 3405/18110 3406/18111
f 3414/18112 3413/18113 3406/18114
f 3414/18115 3406/18116 3407/18117
f 3415/18118 3414/18119 3407/18120
f 3415/18121 3407/18122 3416/18123
f 3407/18124 3408/18125 3416/18126
f 3416/18127 3408/18128 3417/18129
f 3408/18130 3409/18131 3417/18132
f 3417/18133 3409/18134 3418/18135
f 3409/18136 3410/18137 3418/18138
f 3418/18139 3410/18140 3411/18141
f 3410/18142 3403/18143 3411/18144
f 3419/18145 3411/18146 3412/18147
f 3420/18148 3419/18149 3412/18150
f 3420/18151 3412/18152 3413/18153
f 3421/18154 3420/18155 3413/18156
f 3421/18157 3413/18158 3414/18159
f 3422/18160 3421/18161 3414/18162
f 3422/18163 3414/18164 3415/18165
f 3423/18166 3422/18167 3415/18168
f 3423/18169 3415/18170 3424/18171
f 3415/18172 3416/18173 3424/18174
f 3424/18175 3416/18176 3425/18177
f 3416/18178 3417/18179 3425/18180
f 3425/18181 3417/18182 3426/18183
f 3417/18184 3418/18185 3426/18186
f 3426/18187 3418/18188 3419/18189
f 3418/18190 3411/18191 3419/18192
f 3427/18193 3419/18194 3420/18195
f 3428/18196 3427/18197 3420/18198
f 3428/18199 3420/18200 3421/18201
f 3429/18202 3428/18203 3421/18204
f 3429/18205 3421/18206 3422/18207
f 3430/18208 3429/18209 3422/18210
f 3430/18211 3422/18212 3423/18213
f 3431/18214 3430/18215 3423/18216
f 3431/18217 3423/18218 3432/18219
f 3423/18220 3424/18221 3432/18222
f 3432/18223 3424/18224 3433/18225
f 3424/18226 3425/18227 3433/18228
f 3433/18229 3425/18230 3434/18231
f 3425/18232 3426/18233 3434/18234
f 3434/18235 3426/18236 3427/18237
f 3426/18238 3419/18239 3427/18240
f 3435/18241 3427/18242 3428/18243
f 3436/18244 3435/18245 3428/18246
f 3436/18247 3428/18248 3429/18249
f 3437/18250 3436/18251 3429/18252
f 3437/18253 3429/18254 3430/18255
f 3438/18256 3437/18257 3430/18258
f 3438/18259 3430/18260 3431/18261
f 3439/18262 3438/18263 3431/18264
f 3439/18265 3431/18266 3440/18267
f 3431/18268 3432/18269 3440/18270
f 3440/18271 3432/18272 3441/18273
f 3432/18274 3433/18275 3441/18276
f 3441/18277 3433/18278 3442/18279
f 3433/18280 3434/18281 3442/18282
f 3442/18283 3434/18284 3435/18285
f 3434/18286 3427/18287 3435/18288
f 3443/18289 3435/18290 3436/18291
f 3444/18292 3443/18293 3436/18294
f 3444/18295 3436/18296 3437/18297
f 3445/18298 3444/18299 3437/18300
f 3445/18301 3437/18302 3438/18303
f 3446/18304 3445/18305 3438/18306
f 3446/18307 3438/18308 3439/18309
f 3447/18310 3446/18311 3439/18312
f 3447/18313 3439/18314 3448/18315
f 3439/18316 3440/18317 3448/18318
f 3448/18319 3440/18320 3449/18321
f 3440/18322 3441/18323 3449/18324
f 3449/18325 3441/18326 3450/18327
f 3441/18328 3442/18329 3450/18330
f 3450/18331 3442/18332 3443/18333
f 3442/18334 3435/18335 3443/18336
f 3451/18337 3443/18338 3444/18339
f 3452/18340 3451/18341 3444/18342
f 3452/18343 3444/18344 3445/18345
f 3453/18346 3452/18347 3445/18348
f 3453/18349 3445/18350 3446/18351
f 3454/18352 3453/18353 3446/18354
f 3454/18355 3446/18356 3447/18357
f 3455/18358 3454/18359 3447/18360
f 3455/18361 3447/18362 3456/18363
f 3447/18364 3448/18365 3456/18366
f 3456/18367 3448/18368 3457/18369
f 3448/18370 3449/18371 3457/18372
f 3457/18373 3449/18374 3458/18375
f 3449/18376 3450/18377 3458/18378
f 3458/18379 3450/18380 3451/18381
f 3450/18382 3443/18383 3451/18384
f 3459/18385 3451/18386 3452/18387
f 3460/18388 3459/18389 3452/18390
f 3460/18391 3452/18392 3453/18393
f 3461/18394 3460/18395 3453/18396
f 3461/18397 3453/18398 3454/18399
f 3462/18400 3461/18401 3454/18402
f 3462/18403 3454/18404 3455/18405
f 3463/18406 3462/18407 3455/18408
f 3463/18409 3455/18410 3464/18411
f 3455/18412 3456/18413 3464/18414
f 3464/18415 3456/18416 3465/18417
f 3456/18418 3457/18419 3465/18420
f 3465/18421 3457/18422 3466/18423
f 3457/18424 3458/18425 3466/18426
f 3466/18427 3458/18428 3459/18429
f 3458/18430 3451/18431 3459/18432
f 3467/18433 3459/18434 3460/18435
f 3468/18436 3467/18437 3460/18438
f 3468/18439 3460/18440 3461/18441
f 3469/18442 3468/18443 3461/18444
f 3469/18445 3461/18446 3462/18447
f 3470/18448 3469/18449 3462/18450
f 3470/18451 3462/18452 3463/18453
f 3471/18454 3470/18455 3463/18456
f 3471/18457 3463/18458 3472/18459
f 3463/18460 3464/18461 3472/18462
f 3472/18463 3464/18464 3473/18465
f 3464/18466 3465/18467 3473/18468
f 3473/18469 3465/18470 3474/18471
f 3465/18472 3466/18473 3474/18474
f 3474/18475 3466/18476 3467/18477
f 3466/18478 3459/18479 3467/18480
f 3475/18481 3476/18482 3479/18483
f 3479/18484 3476/18485 3480/18486
f 3476/18487 3478/18488 3480/18489
f 3480/18490 3478/18491 3482/18492
f 3475/18493 3479/18494 3477/18495
f 3479/18496 3481/18497 3477/18498
f 3477/18499 3481/18500 3478/18501
f 3481/18502 3482/18503 3478/18504
f 3479/18505 3480/18506 3483/18507
f 3483/18508 3480/18509 3484/18510
f 3480/18511 3482/18512 3484/18513
f 3484/18514 3482/18515 3486/18516
f 3479/18517 3483/18518 3481/18519
f 3483/18520 3485/18521 3481/18522
f 3481/18523 3485/18524 3482/18525
f 3485/18526 3486/18527 3482/18528
f 3483/18529 3484/18530 3487/18531
f 3487/18532 3484/18533 3488/18534
f 3484/18535 3486/18536 3488/18537
f 3483/18538 3487/18539 3485/18540
f 3487/18541 3488/18542 3485/18543
f 3485/18544 3488/18545 3486/18546
f 3490/18547 3489/18548 3493/18549
f 3490/18550 3493/18551 3494/18552
f 3492/18553 3490/18554 3494/18555
f 3492/18556 3494/18557 3496/18558
f 3491/18559 3493/18560 3489/18561
f 3491/18562 3495/18563 3493/18564
f 3492/18565 3495/18566 3491/18567
f 3492/18568 3496/18569 3495/18570
f 3494/18571 3493/18572 3497/18573
f 3494/18574 3497/18575 3498/18576
f 3496/18577 3494/18578 3498/18579
f 3496/18580 3498/18581 3500/18582
f 3495/18583 3497/18584 3493/18585
f 3495/18586 3499/18587 3497/18588
f 3496/18589 3499/18590 3495/18591
f 3496/18592 3500/18593 3499/18594
f 3498/18595 3497/18596 3501/18597
f 3498/18598 3501/18599 3502/18600
f 3500/18601 3498/18602 3502/18603
f 3499/18604 3501/18605 3497/18606
f 3499/18607 3502/18608 3501/18609
f 3500/18610 3502/18611 3499/18612
f 3503/18613 3504/18614 3507/18615
f 3507/18616 3504/18617 3508/18618
f 3504/18619 3506/18620 3508/18621
f 3508/18622 3506/18623 3510/18624
f 3503/18625 3507/18626 3505/18627
f 3507/18628 3509/18629 3505/18630
f 3505/18631 3509/18632 3506/18633
f 3509/18634 3510/18635 3506/18636
f 3507/18637 3508/18638 3511/18639
f 3511/18640 3508/18641 3512/18642
f 3508/18643 3510/18644 3512/18645
f 3512/18646 3510/18647 3514/18648
f 3507/18649 3511/18650 3509/18651
f 3511/18652 3513/18653 3509/18654
f 3509/18655 3513/18656 3510/18657
f 3513/18658 3514/18659 3510/18660
f 3511/18661 3512/18662 3515/18663
f 3515/18664 3512/18665 3516/18666
f 3512/18667 3514/18668 3516/18669
f 3511/18670 3515/18671 3513/18672
f 3515/18673 3516/18674 3513/18675
f 3513/18676 3516/18677 3514/18678
f 3518/18679 3517/18680 3521/18681
f 3518/18682 3521/18683 3522/18684
f 3520/18685 3518/18686 3522/18687
f 3520/18688 3522/18689 3524/18690
f 3519/18691 3521/18692 3517/18693
f 3519/18694 3523/18695 3521/18696
f 3520/18697 3523/18698 3519/18699
f 3520/18700 3524/18701 3523/18702
f 3522/18703 3521/18704 3525/18705
f 3522/18706 3525/18707 3526/18708
f 3524/18709 3522/18710 3526/18711
f 3524/18712 3526/18713 3528/18714
f 3523/18715 3525/18716 3521/18717
f 3523/18718 3527/18719 3525/18720
f 3524/18721 3527/18722 3523/18723
f 3524/18724 3528/18725 3527/18726
f 3526/18727 3525/18728 3529/18729
f 3526/18730 3529/18731 3530/18732
f 3528/18733 3526/18734 3530/18735
f 3527/18736 3529/18737 3525/18738
f 3527/18739 3530/18740 3529/18741
f 3528/18742 3530/18743 3527/18744
f 3531/18745 3532/18746 3535/18747
f 3535/18748 3532/18749 3536/18750
f 3532/18751 3534/18752 3536/18753
f 3536/18754 3534/18755 3538/18756
f 3531/18757 3535/18758 3533/18759
f 3535/18760 3537/18761 3533/18762
f 3533/18763 3537/18764 3534/18765
f 3537/18766 3538/18767 3534/18768
f 3535/18769 3536/18770 3539/18771
f 3539/18772 3536/18773 3540/18774
f 3536/18775 3538/18776 3540/18777
f 3540/18778 3538/18779 3542/18780
f 3535/18781 3539/18782 3537/18783
f 3539/18784 3541/18785 3537/18786
f 3537/18787 3541/18788 3538/18789
f 3541/18790 3542/18791 3538/18792
f 3539/18793 3540/18794 3543/18795
f 3543/18796 3540/18797 3544/18798
f 3540/18799 3542/18800 3544/18801
f 3539/18802 3543/18803 3541/18804
f 3543/18805 3544/18806 3541/18807
f 3541/18808 3544/18809 3542/18810
f 3546/18811 3545/18812 3549/18813
f 3546/18814 3549/18815 3550/18816
f 3548/18817 3546/18818 3550/18819
f 3548/18820 3550/18821 3552/18822
f 3547/18823 3549/18824 3545/18825
f 3547/18826 3551/18827 3549/18828
f 3548/18829 3551/18830 3547/18831
f 3548/18832 3552/18833 3551/18834
f 3550/18835 3549/18836 3553/18837
f 3550/18838 3553/18839 3554/18840
f 3552/18841 3550/18842 3554/18843
f 3552/18844 3554/18845 3556/18846
f 3551/18847 3553/18848 3549/18849
f 3551/18850 3555/18851 3553/18852
f 3552/18853 3555/18854 3551/18855
f 3552/18856 3556/18857 3555/18858
f 3554/18859 3553/18860 3557/18861
f 3554/18862 3557/18863 3558/18864
f 3556/18865 3554/18866 3558/18867
f 3555/18868 3557/18869 3553/18870
f 3555/18871 3558/18872 3557/18873
f 3556/18874 3558/18875 3555/18876
f 3559/18877 3560/18878 3563/18879
f 3563/18880 3560/18881 3564/18882
f 3560/18883 3562/18884 3564/18885
f 3564/18886 3562/18887 3566/18888
f 3559/18889 3563/18890 3561/18891
f 3563/18892 3565/18893 3561/18894
f 3561/18895 3565/18896 3562/18897
f 3565/18898 3566/18899 3562/18900
f 3563/18901 3564/18902 3567/18903
f 3567/18904 3564/18905 3568/18906
f 3564/18907 3566/18908 3568/18909
f 3568/18910 3566/18911 3570/18912
f 3563/18913 3567/18914 3565/18915
f 3567/18916 3569/18917 3565/18918
f 3565/18919 3569/18920 3566/18921
f 3569/18922 3570/18923 3566/18924
f 3567/18925 3568/18926 3571/18927
f 3571/18928 3568/18929 3572/18930
f 3568/18931 3570/18932 3572/18933
f 3572/18934 3570/18935 3574/18936
f 3567/18937 3571/18938 3569/18939
f 3571/18940 3573/18941 3569/18942
f 3569/18943 3573/18944 3570/18945
f 3573/18946 3574/18947 3570/18948
f 3571/18949 3572/18950 3575/18951
f 3575/18952 3572/18953 3576/18954
f 3572/18955 3574/18956 3576/18957
f 3571/18958 3575/18959 3573/18960
f 3575/18961 3576/18962 3573/18963
f 3573/18964 3576/18965 3574/18966
f 3578/18967 3577/18968 3581/18969
f 3578/18970 3581/18971 3582/18972
f 3580/18973 3578/18974 3582/18975
f 3580/18976 3582/18977 3584/18978
f 3579/18979 3581/18980 3577/18981
f 3579/18982 3583/18983 3581/18984
f 3580/18985 3583/18986 3579/18987
f 3580/18988 3584/18989 3583/18990
f 3582/18991 3581/18992 3585/18993
f 3582/18994 3585/18995 3586/18996
f 3584/18997 3582/18998 3586/18999
f 3584/19000 3586/19001 3588/19002
f 3583/19003 3585/19004 3581/19005
f 3583/19006 3587/19007 3585/19008
f 3584/19009 3587/19010 3583/19011
f 3584/19012 3588/19013 3587/19014
f 3586/19015 3585/19016 3589/19017
f 3586/19018 3589/19019 3590/19020
f 3588/19021 3586/19022 3590/19023
f 3588/19024 3590/19025 3592/19026
f 3587/19027 3589/19028 3585/19029
f 3587/19030 3591/19031 3589/19032
f 3588/19033 3591/19034 3587/19035
f 3588/19036 3592/19037 3591/19038
f 3590/19039 3589/19040 3593/19041
f 3590/19042 3593/19043 3594/19044
f 3592/19045 3590/19046 3594/19047
f 3591/19048 3593/19049 3589/19050
f 3591/19051 3594/19052 3593/19053
f 3592/19054 3594/19055 3591/19056
