v -1.25 0 0
v -1.25 0 0
v -1.25 0 0
v -1.25 0 0
v -1.25 0 0
v -1.25 0 0
v -1.25 0 0
v -1.25 0 0
v -1.25 0 0
v -1.25 0 0
v -1.25 0 0
v -1.25 0 0
v -1.25 0 0
v -1.25 0 0
v -1.25 0 0
v -1.25 0 0
v -1.25 0 0
v -1.25 0 0
v -1.25 0 0
v -1.25 0 0
v -1.23 0 0.05
v -1.23 -0.01545 0.04755
v -1.23 -0.02939 0.04045
v -1.23 -0.04045 0.02939
v -1.23 -0.04755 0.01545
v -1.23 -0.05 0
v -1.23 -0.04755 -0.01545
v -1.23 -0.04045 -0.02939
v -1.23 -0.02939 -0.04045
v -1.23 -0.01545 -0.04755
v -1.23 0 -0.05
v -1.23 0.01545 -0.04755
v -1.23 0.02939 -0.04045
v -1.23 0.04045 -0.02939
v -1.23 0.04755 -0.01545
v -1.23 0.05 0
v -1.23 0.04755 0.01545
v -1.23 0.04045 0.02939
v -1.23 0.02939 0.04045
v -1.23 0.01545 0.04755
v -1.1 0 0.1
v -1.1 -0.0309 0.09511
v -1.1 -0.05878 0.0809
v -1.1 -0.0809 0.05878
v -1.1 -0.09511 0.0309
v -1.1 -0.1 0
v -1.1 -0.09511 -0.0309
v -1.1 -0.0809 -0.05878
v -1.1 -0.05878 -0.0809
v -1.1 -0.0309 -0.09511
v -1.1 0 -0.1
v -1.1 0.0309 -0.09511
v -1.1 0.05878 -0.0809
v -1.1 0.0809 -0.05878
v -1.1 0.09511 -0.0309
v -1.1 0.1 0
v -1.1 0.09511 0.0309
v -1.1 0.0809 0.05878
v -1.1 0.05878 0.0809
v -1.1 0.0309 0.09511
v -0.7 0 0.18
v -0.7 -0.0618 0.17021
v -0.7 -0.11756 0.1418
v -0.7 -0.1618 0.09756
v -0.7 -0.19021 0.0418
v -0.7 -0.2 -0.02
v -0.7 -0.19021 -0.0818
v -0.7 -0.1618 -0.13756
v -0.7 -0.11756 -0.1818
v -0.7 -0.0618 -0.21021
v -0.7 0 -0.22
v -0.7 0.0618 -0.21021
v -0.7 0.11756 -0.1818
v -0.7 0.1618 -0.13756
v -0.7 0.19021 -0.0818
v -0.7 0.2 -0.02
v -0.7 0.19021 0.0418
v -0.7 0.1618 0.09756
v -0.7 0.11756 0.1418
v -0.7 0.0618 0.17021
v -0.4 0 0.2
v -0.4 -0.09271 0.19021
v -0.4 -0.17634 0.1618
v -0.4 -0.24271 0.11756
v -0.4 -0.28532 0.0618
v -0.4 -0.3 0
v -0.4 -0.28532 -0.0618
v -0.4 -0.24271 -0.11756
v -0.4 -0.17634 -0.1618
v -0.4 -0.09271 -0.19021
v -0.4 0 -0.2
v -0.4 0.09271 -0.19021
v -0.4 0.17634 -0.1618
v -0.4 0.24271 -0.11756
v -0.4 0.28532 -0.0618
v -0.4 0.3 0
v -0.4 0.28532 0.0618
v -0.4 0.24271 0.11756
v -0.4 0.17634 0.1618
v -0.4 0.09271 0.19021
v 0 0 0.2
v 0 -0.0618 0.19021
v 0 -0.11756 0.1618
v 0 -0.1618 0.11756
v 0 -0.19021 0.0618
v 0 -0.2 0
v 0 -0.19021 -0.0618
v 0 -0.1618 -0.11756
v 0 -0.11756 -0.1618
v 0 -0.0618 -0.19021
v 0 0 -0.2
v 0 0.0618 -0.19021
v 0 0.11756 -0.1618
v 0 0.1618 -0.11756
v 0 0.19021 -0.0618
v 0 0.2 0
v 0 0.19021 0.0618
v 0 0.1618 0.11756
v 0 0.11756 0.1618
v 0 0.0618 0.19021
v 0.4 0 0.2
v 0.4 -0.0618 0.19021
v 0.4 -0.11756 0.1618
v 0.4 -0.1618 0.11756
v 0.4 -0.19021 0.0618
v 0.4 -0.2 0
v 0.4 -0.19021 -0.0618
v 0.4 -0.1618 -0.11756
v 0.4 -0.11756 -0.1618
v 0.4 -0.0618 -0.19021
v 0.4 0 -0.2
v 0.4 0.0618 -0.19021
v 0.4 0.11756 -0.1618
v 0.4 0.1618 -0.11756
v 0.4 0.19021 -0.0618
v 0.4 0.2 0
v 0.4 0.19021 0.0618
v 0.4 0.1618 0.11756
v 0.4 0.11756 0.1618
v 0.4 0.0618 0.19021
v 0.7 0 0.15
v 0.7 -0.09271 0.14266
v 0.7 -0.17634 0.12135
v 0.7 -0.24271 0.08817
v 0.7 -0.28532 0.04635
v 0.7 -0.3 0
v 0.7 -0.28532 -0.04635
v 0.7 -0.24271 -0.08817
v 0.7 -0.17634 -0.12135
v 0.7 -0.09271 -0.14266
v 0.7 0 -0.15
v 0.7 0.09271 -0.14266
v 0.7 0.17634 -0.12135
v 0.7 0.24271 -0.08817
v 0.7 0.28532 -0.04635
v 0.7 0.3 0
v 0.7 0.28532 0.04635
v 0.7 0.24271 0.08817
v 0.7 0.17634 0.12135
v 0.7 0.09271 0.14266
v 0.8 0 0.15
v 0.8 -0.09271 0.14266
v 0.8 -0.17634 0.12135
v 0.8 -0.24271 0.08817
v 0.8 -0.28532 0.04635
v 0.8 -0.3 0
v 0.8 -0.28532 -0.04635
v 0.8 -0.24271 -0.08817
v 0.8 -0.17634 -0.12135
v 0.8 -0.09271 -0.14266
v 0.8 0 -0.15
v 0.8 0.09271 -0.14266
v 0.8 0.17634 -0.12135
v 0.8 0.24271 -0.08817
v 0.8 0.28532 -0.04635
v 0.8 0.3 0
v 0.8 0.28532 0.04635
v 0.8 0.24271 0.08817
v 0.8 0.17634 0.12135
v 0.8 0.09271 0.14266
v 0.9 0 0.15
v 0.9 -0.09271 0.14266
v 0.9 -0.17634 0.12135
v 0.9 -0.24271 0.08817
v 0.9 -0.28532 0.04635
v 0.9 -0.3 0
v 0.9 -0.28532 -0.04635
v 0.9 -0.24271 -0.08817
v 0.9 -0.17634 -0.12135
v 0.9 -0.09271 -0.14266
v 0.9 0 -0.15
v 0.9 0.09271 -0.14266
v 0.9 0.17634 -0.12135
v 0.9 0.24271 -0.08817
v 0.9 0.28532 -0.04635
v 0.9 0.3 0
v 0.9 0.28532 0.04635
v 0.9 0.24271 0.08817
v 0.9 0.17634 0.12135
v 0.9 0.09271 0.14266
v 1 0 0.1
v 1 -0.0618 0.09511
v 1 -0.11756 0.0809
v 1 -0.1618 0.05878
v 1 -0.19021 0.0309
v 1 -0.2 0
v 1 -0.19021 -0.0309
v 1 -0.1618 -0.05878
v 1 -0.11756 -0.0809
v 1 -0.0618 -0.09511
v 1 0 -0.1
v 1 0.0618 -0.09511
v 1 0.11756 -0.0809
v 1 0.1618 -0.05878
v 1 0.19021 -0.0309
v 1 0.2 0
v 1 0.19021 0.0309
v 1 0.1618 0.05878
v 1 0.11756 0.0809
v 1 0.0618 0.09511
v 0 0 0
v 0 0 0
v 0 0 0
v 0 0 0
v 0 0 0
v 0 0 0
v 0 0 0
v 0 0 0
v 0 0 0
v 0 0 0
v -0.8 0 0.15
v -0.8 -0.02939 0.12135
v -0.8 -0.04755 0.04635
v -0.8 -0.04755 -0.04635
v -0.8 -0.02939 -0.12135
v -0.8 0 -0.15
v -0.8 0.02939 -0.12135
v -0.8 0.04755 -0.04635
v -0.8 0.04755 0.04635
v -0.8 0.02939 0.12135
v -0.3 0 0.1
v -0.3 -0.20572 0.0809
v -0.3 -0.33287 0.0309
v -0.3 -0.33287 -0.0309
v -0.3 -0.20572 -0.0809
v -0.3 0 -0.1
v -0.3 0.20572 -0.0809
v -0.3 0.33287 -0.0309
v -0.3 0.33287 0.0309
v -0.3 0.20572 0.0809
v -0.1 0 0.1
v -0.1 -0.17634 0.0809
v -0.1 -0.28532 0.0309
v -0.1 -0.28532 -0.0309
v -0.1 -0.17634 -0.0809
v -0.1 0 -0.1
v -0.1 0.17634 -0.0809
v -0.1 0.28532 -0.0309
v -0.1 0.28532 0.0309
v -0.1 0.17634 0.0809
v 0.1 0 0.1
v 0.1 -0.17634 0.0809
v 0.1 -0.28532 0.0309
v 0.1 -0.28532 -0.0309
v 0.1 -0.17634 -0.0809
v 0.1 0 -0.1
v 0.1 0.17634 -0.0809
v 0.1 0.28532 -0.0309
v 0.1 0.28532 0.0309
v 0.1 0.17634 0.0809
v 0.3 0 0.1
v 0.3 -0.18809 0.0809
v 0.3 -0.30434 0.0309
v 0.3 -0.30434 -0.0309
v 0.3 -0.18809 -0.0809
v 0.3 0 -0.1
v 0.3 0.18809 -0.0809
v 0.3 0.30434 -0.0309
v 0.3 0.30434 0.0309
v 0.3 0.18809 0.0809
v 0.5 0 0.1
v 0.5 -0.11756 0.0809
v 0.5 -0.19021 0.0309
v 0.5 -0.19021 -0.0309
v 0.5 -0.11756 -0.0809
v 0.5 0 -0.1
v 0.5 0.11756 -0.0809
v 0.5 0.19021 -0.0309
v 0.5 0.19021 0.0309
v 0.5 0.11756 0.0809
v 0.9 0 0.03
v 0.9 -0.05878 0.02427
v 0.9 -0.09511 0.00927
v 0.9 -0.09511 -0.00927
v 0.9 -0.05878 -0.02427
v 0.9 0 -0.03
v 0.9 0.05878 -0.02427
v 0.9 0.09511 -0.00927
v 0.9 0.09511 0.00927
v 0.9 0.05878 0.02427
v 0.95 0 0.05
v 0.95 -0.08817 0.04045
v 0.95 -0.14266 0.01545
v 0.95 -0.14266 -0.01545
v 0.95 -0.08817 -0.04045
v 0.95 0 -0.05
v 0.95 0.08817 -0.04045
v 0.95 0.14266 -0.01545
v 0.95 0.14266 0.01545
v 0.95 0.08817 0.04045
v 1 0 0.07
v 1 -0.1058 0.05663
v 1 -0.17119 0.02163
v 1 -0.17119 -0.02163
v 1 -0.1058 -0.05663
v 1 0 -0.07
v 1 0.1058 -0.05663
v 1 0.17119 -0.02163
v 1 0.17119 0.02163
v 1 0.1058 0.05663
v 1.05 0 0.08
v 1.05 -0.12931 0.06472
v 1.05 -0.20923 0.02472
v 1.05 -0.20923 -0.02472
v 1.05 -0.12931 -0.06472
v 1.05 0 -0.08
v 1.05 0.12931 -0.06472
v 1.05 0.20923 -0.02472
v 1.05 0.20923 0.02472
v 1.05 0.12931 0.06472
v 0.9 0 0.02
v 0.9 -0.01176 0.01618
v 0.9 -0.01902 0.00618
v 0.9 -0.01902 -0.00618
v 0.9 -0.01176 -0.01618
v 0.9 0 -0.02
v 0.9 0.01176 -0.01618
v 0.9 0.01902 -0.00618
v 0.9 0.01902 0.00618
v 0.9 0.01176 0.01618
v -0.7 0 0.18
v -0.7 0 0.18
v -0.7 0 0.18
v -0.7 0 0.18
v -0.7 0 0.18
v -0.7 0 0.18
v -0.7 0 0.18
v -0.7 0 0.18
v -0.55 0 0.28
v -0.55 -0.07071 0.25071
v -0.55 -0.1 0.18
v -0.55 -0.07071 0.10929
v -0.55 0 0.08
v -0.55 0.07071 0.10929
v -0.55 0.1 0.18
v -0.55 0.07071 0.25071
v -0.3 0 0.38
v -0.3 -0.10607 0.32142
v -0.3 -0.15 0.18
v -0.3 -0.10607 0.03858
v -0.3 0 -0.02
v -0.3 0.10607 0.03858
v -0.3 0.15 0.18
v -0.3 0.10607 0.32142
v -0.05 0 0.38
v -0.05 -0.07071 0.32142
v -0.05 -0.1 0.18
v -0.05 -0.07071 0.03858
v -0.05 0 -0.02
v -0.05 0.07071 0.03858
v -0.05 0.1 0.18
v -0.05 0.07071 0.32142
v 0.3 0 0.28
v 0.3 -0.14142 0.22142
v 0.3 -0.2 0.08
v 0.3 -0.14142 -0.06142
v 0.3 0 -0.12
v 0.3 0.14142 -0.06142
v 0.3 0.2 0.08
v 0.3 0.14142 0.22142
v 0.6 0 0.25
v 0.6 -0.10607 0.20607
v 0.6 -0.15 0.1
v 0.6 -0.10607 -0.00607
v 0.6 0 -0.05
v 0.6 0.10607 -0.00607
v 0.6 0.15 0.1
v 0.6 0.10607 0.20607
v 0.7 0 0.18
v 0.7 -0.07071 0.15071
v 0.7 -0.1 0.08
v 0.7 -0.07071 0.00929
v 0.7 0 -0.02
v 0.7 0.07071 0.00929
v 0.7 0.1 0.08
v 0.7 0.07071 0.15071
v -0.5 0.325 -0.15
v -0.5 0.325 -0.15
v -0.5 0.325 -0.15
v -0.5 0.325 -0.15
v -0.5 0.325 -0.15
v -0.5 0.325 -0.15
v -0.5 0.325 -0.15
v -0.5 0.325 -0.15
v -0.5 0.325 -0.15
v -0.5 0.325 -0.15
v -0.4 0.325 -0.05
v -0.4 0.26622 -0.0691
v -0.4 0.22989 -0.1191
v -0.4 0.22989 -0.1809
v -0.4 0.26622 -0.2309
v -0.4 0.325 -0.25
v -0.4 0.38378 -0.2309
v -0.4 0.42011 -0.1809
v -0.4 0.42011 -0.1191
v -0.4 0.38378 -0.0691
v -0.15 0.325 0
v -0.15 0.23683 -0.02865
v -0.15 0.18234 -0.10365
v -0.15 0.18234 -0.19635
v -0.15 0.23683 -0.27135
v -0.15 0.325 -0.3
v -0.15 0.41317 -0.27135
v -0.15 0.46766 -0.19635
v -0.15 0.46766 -0.10365
v -0.15 0.41317 -0.02865
v -0.05 0.325 0
v -0.05 0.23683 -0.02865
v -0.05 0.18234 -0.10365
v -0.05 0.18234 -0.19635
v -0.05 0.23683 -0.27135
v -0.05 0.325 -0.3
v -0.05 0.41317 -0.27135
v -0.05 0.46766 -0.19635
v -0.05 0.46766 -0.10365
v -0.05 0.41317 -0.02865
v 0.05 0.325 0
v 0.05 0.23683 -0.02865
v 0.05 0.18234 -0.10365
v 0.05 0.18234 -0.19635
v 0.05 0.23683 -0.27135
v 0.05 0.325 -0.3
v 0.05 0.41317 -0.27135
v 0.05 0.46766 -0.19635
v 0.05 0.46766 -0.10365
v 0.05 0.41317 -0.02865
v 0.1 0.325 -0.05
v 0.1 0.26622 -0.0691
v 0.1 0.22989 -0.1191
v 0.1 0.22989 -0.1809
v 0.1 0.26622 -0.2309
v 0.1 0.325 -0.25
v 0.1 0.38378 -0.2309
v 0.1 0.42011 -0.1809
v 0.1 0.42011 -0.1191
v 0.1 0.38378 -0.0691
v 0.15 0.325 -0.05
v 0.15 0.26622 -0.0691
v 0.15 0.22989 -0.1191
v 0.15 0.22989 -0.1809
v 0.15 0.26622 -0.2309
v 0.15 0.325 -0.25
v 0.15 0.38378 -0.2309
v 0.15 0.42011 -0.1809
v 0.15 0.42011 -0.1191
v 0.15 0.38378 -0.0691
v 0.25 0.325 0
v 0.25 0.23683 -0.02865
v 0.25 0.18234 -0.10365
v 0.25 0.18234 -0.19635
v 0.25 0.23683 -0.27135
v 0.25 0.325 -0.3
v 0.25 0.41317 -0.27135
v 0.25 0.46766 -0.19635
v 0.25 0.46766 -0.10365
v 0.25 0.41317 -0.02865
v 0.55 0.275 -0.05
v 0.55 0.21622 -0.05955
v 0.55 0.17989 -0.08455
v 0.55 0.17989 -0.11545
v 0.55 0.21622 -0.14045
v 0.55 0.275 -0.15
v 0.55 0.33378 -0.14045
v 0.55 0.37011 -0.11545
v 0.55 0.37011 -0.08455
v 0.55 0.33378 -0.05955
v 0.75 0.225 -0.05
v 0.75 0.225 -0.05
v 0.75 0.225 -0.05
v 0.75 0.225 -0.05
v 0.75 0.225 -0.05
v 0.75 0.225 -0.05
v 0.75 0.225 -0.05
v 0.75 0.225 -0.05
v 0.75 0.225 -0.05
v 0.75 0.225 -0.05
v -0.5 -0.325 -0.15
v -0.5 -0.325 -0.15
v -0.5 -0.325 -0.15
v -0.5 -0.325 -0.15
v -0.5 -0.325 -0.15
v -0.5 -0.325 -0.15
v -0.5 -0.325 -0.15
v -0.5 -0.325 -0.15
v -0.5 -0.325 -0.15
v -0.5 -0.325 -0.15
v -0.4 -0.325 -0.25
v -0.4 -0.26622 -0.2309
v -0.4 -0.22989 -0.1809
v -0.4 -0.22989 -0.1191
v -0.4 -0.26622 -0.0691
v -0.4 -0.325 -0.05
v -0.4 -0.38378 -0.0691
v -0.4 -0.42011 -0.1191
v -0.4 -0.42011 -0.1809
v -0.4 -0.38378 -0.2309
v -0.15 -0.325 -0.3
v -0.15 -0.23683 -0.27135
v -0.15 -0.18234 -0.19635
v -0.15 -0.18234 -0.10365
v -0.15 -0.23683 -0.02865
v -0.15 -0.325 0
v -0.15 -0.41317 -0.02865
v -0.15 -0.46766 -0.10365
v -0.15 -0.46766 -0.19635
v -0.15 -0.41317 -0.27135
v -0.05 -0.325 -0.3
v -0.05 -0.23683 -0.27135
v -0.05 -0.18234 -0.19635
v -0.05 -0.18234 -0.10365
v -0.05 -0.23683 -0.02865
v -0.05 -0.325 0
v -0.05 -0.41317 -0.02865
v -0.05 -0.46766 -0.10365
v -0.05 -0.46766 -0.19635
v -0.05 -0.41317 -0.27135
v 0.05 -0.325 -0.3
v 0.05 -0.23683 -0.27135
v 0.05 -0.18234 -0.19635
v 0.05 -0.18234 -0.10365
v 0.05 -0.23683 -0.02865
v 0.05 -0.325 0
v 0.05 -0.41317 -0.02865
v 0.05 -0.46766 -0.10365
v 0.05 -0.46766 -0.19635
v 0.05 -0.41317 -0.27135
v 0.1 -0.325 -0.25
v 0.1 -0.26622 -0.2309
v 0.1 -0.22989 -0.1809
v 0.1 -0.22989 -0.1191
v 0.1 -0.26622 -0.0691
v 0.1 -0.325 -0.05
v 0.1 -0.38378 -0.0691
v 0.1 -0.42011 -0.1191
v 0.1 -0.42011 -0.1809
v 0.1 -0.38378 -0.2309
v 0.15 -0.325 -0.25
v 0.15 -0.26622 -0.2309
v 0.15 -0.22989 -0.1809
v 0.15 -0.22989 -0.1191
v 0.15 -0.26622 -0.0691
v 0.15 -0.325 -0.05
v 0.15 -0.38378 -0.0691
v 0.15 -0.42011 -0.1191
v 0.15 -0.42011 -0.1809
v 0.15 -0.38378 -0.2309
v 0.25 -0.325 -0.3
v 0.25 -0.23683 -0.27135
v 0.25 -0.18234 -0.19635
v 0.25 -0.18234 -0.10365
v 0.25 -0.23683 -0.02865
v 0.25 -0.325 0
v 0.25 -0.41317 -0.02865
v 0.25 -0.46766 -0.10365
v 0.25 -0.46766 -0.19635
v 0.25 -0.41317 -0.27135
v 0.55 -0.275 -0.15
v 0.55 -0.21622 -0.14045
v 0.55 -0.17989 -0.11545
v 0.55 -0.17989 -0.08455
v 0.55 -0.21622 -0.05955
v 0.55 -0.275 -0.05
v 0.55 -0.33378 -0.05955
v 0.55 -0.37011 -0.08455
v 0.55 -0.37011 -0.11545
v 0.55 -0.33378 -0.14045
v 0.75 -0.225 -0.05
v 0.75 -0.225 -0.05
v 0.75 -0.225 -0.05
v 0.75 -0.225 -0.05
v 0.75 -0.225 -0.05
v 0.75 -0.225 -0.05
v 0.75 -0.225 -0.05
v 0.75 -0.225 -0.05
v 0.75 -0.225 -0.05
v 0.75 -0.225 -0.05
v -0.3 0.55 -0.15
v -0.3 0.55 -0.15
v -0.3 0.55 -0.15
v -0.3 0.55 -0.15
v -0.3 0.55 -0.15
v -0.3 0.55 -0.15
v -0.3 0.55 -0.15
v -0.3 0.55 -0.15
v -0.3 0.55 -0.15
v -0.3 0.55 -0.15
v -0.2 0.55 -0.05
v -0.2 0.49122 -0.0691
v -0.2 0.45489 -0.1191
v -0.2 0.45489 -0.1809
v -0.2 0.49122 -0.2309
v -0.2 0.55 -0.25
v -0.2 0.60878 -0.2309
v -0.2 0.64511 -0.1809
v -0.2 0.64511 -0.1191
v -0.2 0.60878 -0.0691
v 0.05 0.55 0
v 0.05 0.46183 -0.02865
v 0.05 0.40734 -0.10365
v 0.05 0.40734 -0.19635
v 0.05 0.46183 -0.27135
v 0.05 0.55 -0.3
v 0.05 0.63817 -0.27135
v 0.05 0.69266 -0.19635
v 0.05 0.69266 -0.10365
v 0.05 0.63817 -0.02865
v 0.15 0.55 0
v 0.15 0.46183 -0.02865
v 0.15 0.40734 -0.10365
v 0.15 0.40734 -0.19635
v 0.15 0.46183 -0.27135
v 0.15 0.55 -0.3
v 0.15 0.63817 -0.27135
v 0.15 0.69266 -0.19635
v 0.15 0.69266 -0.10365
v 0.15 0.63817 -0.02865
v 0.25 0.55 0
v 0.25 0.46183 -0.02865
v 0.25 0.40734 -0.10365
v 0.25 0.40734 -0.19635
v 0.25 0.46183 -0.27135
v 0.25 0.55 -0.3
v 0.25 0.63817 -0.27135
v 0.25 0.69266 -0.19635
v 0.25 0.69266 -0.10365
v 0.25 0.63817 -0.02865
v 0.3 0.55 -0.05
v 0.3 0.49122 -0.0691
v 0.3 0.45489 -0.1191
v 0.3 0.45489 -0.1809
v 0.3 0.49122 -0.2309
v 0.3 0.55 -0.25
v 0.3 0.60878 -0.2309
v 0.3 0.64511 -0.1809
v 0.3 0.64511 -0.1191
v 0.3 0.60878 -0.0691
v 0.35 0.55 -0.05
v 0.35 0.49122 -0.0691
v 0.35 0.45489 -0.1191
v 0.35 0.45489 -0.1809
v 0.35 0.49122 -0.2309
v 0.35 0.55 -0.25
v 0.35 0.60878 -0.2309
v 0.35 0.64511 -0.1809
v 0.35 0.64511 -0.1191
v 0.35 0.60878 -0.0691
v 0.45 0.55 0
v 0.45 0.46183 -0.02865
v 0.45 0.40734 -0.10365
v 0.45 0.40734 -0.19635
v 0.45 0.46183 -0.27135
v 0.45 0.55 -0.3
v 0.45 0.63817 -0.27135
v 0.45 0.69266 -0.19635
v 0.45 0.69266 -0.10365
v 0.45 0.63817 -0.02865
v 0.75 0.55 -0.1
v 0.75 0.47947 -0.10955
v 0.75 0.43587 -0.13455
v 0.75 0.43587 -0.16545
v 0.75 0.47947 -0.19045
v 0.75 0.55 -0.2
v 0.75 0.62053 -0.19045
v 0.75 0.66413 -0.16545
v 0.75 0.66413 -0.13455
v 0.75 0.62053 -0.10955
v 0.65 0.55 -0.15
v 0.65 0.55 -0.15
v 0.65 0.55 -0.15
v 0.65 0.55 -0.15
v 0.65 0.55 -0.15
v 0.65 0.55 -0.15
v 0.65 0.55 -0.15
v 0.65 0.55 -0.15
v 0.65 0.55 -0.15
v 0.65 0.55 -0.15
v -0.3 -0.55 -0.15
v -0.3 -0.55 -0.15
v -0.3 -0.55 -0.15
v -0.3 -0.55 -0.15
v -0.3 -0.55 -0.15
v -0.3 -0.55 -0.15
v -0.3 -0.55 -0.15
v -0.3 -0.55 -0.15
v -0.3 -0.55 -0.15
v -0.3 -0.55 -0.15
v -0.2 -0.55 -0.25
v -0.2 -0.49122 -0.2309
v -0.2 -0.45489 -0.1809
v -0.2 -0.45489 -0.1191
v -0.2 -0.49122 -0.0691
v -0.2 -0.55 -0.05
v -0.2 -0.60878 -0.0691
v -0.2 -0.64511 -0.1191
v -0.2 -0.64511 -0.1809
v -0.2 -0.60878 -0.2309
v 0.05 -0.55 -0.3
v 0.05 -0.46183 -0.27135
v 0.05 -0.40734 -0.19635
v 0.05 -0.40734 -0.10365
v 0.05 -0.46183 -0.02865
v 0.05 -0.55 0
v 0.05 -0.63817 -0.02865
v 0.05 -0.69266 -0.10365
v 0.05 -0.69266 -0.19635
v 0.05 -0.63817 -0.27135
v 0.15 -0.55 -0.3
v 0.15 -0.46183 -0.27135
v 0.15 -0.40734 -0.19635
v 0.15 -0.40734 -0.10365
v 0.15 -0.46183 -0.02865
v 0.15 -0.55 0
v 0.15 -0.63817 -0.02865
v 0.15 -0.69266 -0.10365
v 0.15 -0.69266 -0.19635
v 0.15 -0.63817 -0.27135
v 0.25 -0.55 -0.3
v 0.25 -0.46183 -0.27135
v 0.25 -0.40734 -0.19635
v 0.25 -0.40734 -0.10365
v 0.25 -0.46183 -0.02865
v 0.25 -0.55 0
v 0.25 -0.63817 -0.02865
v 0.25 -0.69266 -0.10365
v 0.25 -0.69266 -0.19635
v 0.25 -0.63817 -0.27135
v 0.3 -0.55 -0.25
v 0.3 -0.49122 -0.2309
v 0.3 -0.45489 -0.1809
v 0.3 -0.45489 -0.1191
v 0.3 -0.49122 -0.0691
v 0.3 -0.55 -0.05
v 0.3 -0.60878 -0.0691
v 0.3 -0.64511 -0.1191
v 0.3 -0.64511 -0.1809
v 0.3 -0.60878 -0.2309
v 0.35 -0.55 -0.25
v 0.35 -0.49122 -0.2309
v 0.35 -0.45489 -0.1809
v 0.35 -0.45489 -0.1191
v 0.35 -0.49122 -0.0691
v 0.35 -0.55 -0.05
v 0.35 -0.60878 -0.0691
v 0.35 -0.64511 -0.1191
v 0.35 -0.64511 -0.1809
v 0.35 -0.60878 -0.2309
v 0.45 -0.55 -0.3
v 0.45 -0.46183 -0.27135
v 0.45 -0.40734 -0.19635
v 0.45 -0.40734 -0.10365
v 0.45 -0.46183 -0.02865
v 0.45 -0.55 0
v 0.45 -0.63817 -0.02865
v 0.45 -0.69266 -0.10365
v 0.45 -0.69266 -0.19635
v 0.45 -0.63817 -0.27135
v 0.75 -0.55 -0.2
v 0.75 -0.47947 -0.19045
v 0.75 -0.43587 -0.16545
v 0.75 -0.43587 -0.13455
v 0.75 -0.47947 -0.10955
v 0.75 -0.55 -0.1
v 0.75 -0.62053 -0.10955
v 0.75 -0.66413 -0.13455
v 0.75 -0.66413 -0.16545
v 0.75 -0.62053 -0.19045
v 0.65 -0.55 -0.15
v 0.65 -0.55 -0.15
v 0.65 -0.55 -0.15
v 0.65 -0.55 -0.15
v 0.65 -0.55 -0.15
v 0.65 -0.55 -0.15
v 0.65 -0.55 -0.15
v 0.65 -0.55 -0.15
v 0.65 -0.55 -0.15
v 0.65 -0.55 -0.15
v -0.9 0.1 0.05
v -0.6 0.1 0.2
v -0.6 0.1 -0.1
v 0.1 0.1 0.05
v -0.3 0.37575 0.00138
v -0.12 0.3679 0.09104
v -0.12 0.38359 -0.08828
v 0.3 0.37575 0.00138
v 0 0.47537 0.01009
v 0.24 0.47537 0.13009
v 0.24 0.47537 -0.10991
v 0.8 0.47537 0.01009
v -0.15 0.62537 0.01009
v 0 0.67357 0.06755
v 0 0.57716 -0.04736
v 0.35 0.62537 0.01009
v 0.35 0.93178 -0.24702
v 1.05 0.93178 -0.24702
v -0.9 -0.1 0.05
v -0.6 -0.1 0.2
v -0.6 -0.1 -0.1
v 0.1 -0.1 0.05
v -0.3 -0.37575 0.00138
v -0.12 -0.3679 0.09104
v -0.12 -0.38359 -0.08828
v 0.3 -0.37575 0.00138
v 0 -0.47537 0.01009
v 0.24 -0.47537 0.13009
v 0.24 -0.47537 -0.10991
v 0.8 -0.47537 0.01009
v -0.15 -0.62537 0.01009
v 0 -0.67357 0.06755
v 0 -0.57716 -0.04736
v 0.35 -0.62537 0.01009
v 0.35 -0.93178 -0.24702
v 1.05 -0.93178 -0.24702
v 0.53 0.2 0
v 0.71 0.2 0.03
v 0.71 0.2 -0.03
v 0.83 0.2 0
v 0.905 0.49231 -0.06749
v 1.055 0.49231 -0.06749
v 0.53 -0.2 0
v 0.71 -0.2 0.03
v 0.71 -0.2 -0.03
v 0.83 -0.2 0
v 0.905 -0.49231 -0.06749
v 1.055 -0.49231 -0.06749
v -1.1 0.1 0
v -0.92 0.1 0.03
v -0.92 0.1 -0.03
v -0.8 0.1 0
v -0.625 0.39231 -0.06749
v -0.475 0.39231 -0.06749
v -1.1 -0.1 0
v -0.92 -0.1 0.03
v -0.92 -0.1 -0.03
v -0.8 -0.1 0
v -0.625 -0.39231 -0.06749
v -0.475 -0.39231 -0.06749
v 0.35 0.1 0.05
v 0.65 0.1 0.1
v 0.65 0.1 0
v 0.85 0.1 0.05
v 0.95 0.29284 0.27981
v 1.25 0.29284 0.27981
v 0.35 -0.1 0.05
v 0.65 -0.1 0.1
v 0.65 -0.1 0
v 0.85 -0.1 0.05
v 0.95 -0.29284 0.27981
v 1.25 -0.29284 0.27981

vt 0.5125 0.525
vt 0.5125 0.725
vt 0.5325 0.725
vt 0.5325 0.525
vt 0.5125 0.525
vt 0.5325 0.725
vt 0.5325 0.525
vt 0.5325 0.725
vt 0.5525 0.725
vt 0.5525 0.525
vt 0.5325 0.525
vt 0.5525 0.725
vt 0.5525 0.525
vt 0.5525 0.725
vt 0.5725 0.725
vt 0.5725 0.525
vt 0.5525 0.525
vt 0.5725 0.725
vt 0.5725 0.525
vt 0.5725 0.725
vt 0.5925 0.725
vt 0.5925 0.525
vt 0.5725 0.525
vt 0.5925 0.725
vt 0.5925 0.525
vt 0.5925 0.725
vt 0.6125 0.725
vt 0.6125 0.525
vt 0.5925 0.525
vt 0.6125 0.725
vt 0.5125 0.525
vt 0.5125 0.725
vt 0.5325 0.725
vt 0.5325 0.525
vt 0.5125 0.525
vt 0.5325 0.725
vt 0.5325 0.525
vt 0.5325 0.725
vt 0.5525 0.725
vt 0.5525 0.525
vt 0.5325 0.525
vt 0.5525 0.725
vt 0.5525 0.525
vt 0.5525 0.725
vt 0.5725 0.725
vt 0.5725 0.525
vt 0.5525 0.525
vt 0.5725 0.725
vt 0.5725 0.525
vt 0.5725 0.725
vt 0.5925 0.725
vt 0.5925 0.525
vt 0.5725 0.525
vt 0.5925 0.725
vt 0.5925 0.525
vt 0.5925 0.725
vt 0.6125 0.725
vt 0.6125 0.525
vt 0.5925 0.525
vt 0.6125 0.725
vt 0.5125 0.525
vt 0.5125 0.725
vt 0.5325 0.525
vt 0.5125 0.725
vt 0.5325 0.725
vt 0.5325 0.525
vt 0.5325 0.525
vt 0.5325 0.725
vt 0.5525 0.525
vt 0.5325 0.725
vt 0.5525 0.725
vt 0.5525 0.525
vt 0.5525 0.525
vt 0.5525 0.725
vt 0.5725 0.525
vt 0.5525 0.725
vt 0.5725 0.725
vt 0.5725 0.525
vt 0.5725 0.525
vt 0.5725 0.725
vt 0.5925 0.525
vt 0.5725 0.725
vt 0.5925 0.725
vt 0.5925 0.525
vt 0.5925 0.525
vt 0.5925 0.725
vt 0.6125 0.525
vt 0.5925 0.725
vt 0.6125 0.725
vt 0.6125 0.525
vt 0.5125 0.525
vt 0.5125 0.725
vt 0.5325 0.525
vt 0.5125 0.725
vt 0.5325 0.725
vt 0.5325 0.525
vt 0.5325 0.525
vt 0.5325 0.725
vt 0.5525 0.525
vt 0.5325 0.725
vt 0.5525 0.725
vt 0.5525 0.525
vt 0.5525 0.525
vt 0.5525 0.725
vt 0.5725 0.525
vt 0.5525 0.725
vt 0.5725 0.725
vt 0.5725 0.525
vt 0.5725 0.525
vt 0.5725 0.725
vt 0.5925 0.525
vt 0.5725 0.725
vt 0.5925 0.725
vt 0.5925 0.525
vt 0.5925 0.525
vt 0.5925 0.725
vt 0.6125 0.525
vt 0.5925 0.725
vt 0.6125 0.725
vt 0.6125 0.525
vt 0.5125 0.775
vt 0.5125 0.975
vt 0.5325 0.975
vt 0.5325 0.775
vt 0.5125 0.775
vt 0.5325 0.975
vt 0.5325 0.775
vt 0.5325 0.975
vt 0.5525 0.975
vt 0.5525 0.775
vt 0.5325 0.775
vt 0.5525 0.975
vt 0.5525 0.775
vt 0.5525 0.975
vt 0.5725 0.975
vt 0.5725 0.775
vt 0.5525 0.775
vt 0.5725 0.975
vt 0.5725 0.775
vt 0.5725 0.975
vt 0.5925 0.975
vt 0.5925 0.775
vt 0.5725 0.775
vt 0.5925 0.975
vt 0.5925 0.775
vt 0.5925 0.975
vt 0.6125 0.975
vt 0.6125 0.775
vt 0.5925 0.775
vt 0.6125 0.975
vt 0.5125 0.775
vt 0.5125 0.975
vt 0.5325 0.975
vt 0.5325 0.775
vt 0.5125 0.775
vt 0.5325 0.975
vt 0.5325 0.775
vt 0.5325 0.975
vt 0.5525 0.975
vt 0.5525 0.775
vt 0.5325 0.775
vt 0.5525 0.975
vt 0.5525 0.775
vt 0.5525 0.975
vt 0.5725 0.975
vt 0.5725 0.775
vt 0.5525 0.775
vt 0.5725 0.975
vt 0.5725 0.775
vt 0.5725 0.975
vt 0.5925 0.975
vt 0.5925 0.775
vt 0.5725 0.775
vt 0.5925 0.975
vt 0.5925 0.775
vt 0.5925 0.975
vt 0.6125 0.975
vt 0.6125 0.775
vt 0.5925 0.775
vt 0.6125 0.975
vt 0.5125 0.775
vt 0.5125 0.975
vt 0.5325 0.775
vt 0.5125 0.975
vt 0.5325 0.975
vt 0.5325 0.775
vt 0.5325 0.775
vt 0.5325 0.975
vt 0.5525 0.775
vt 0.5325 0.975
vt 0.5525 0.975
vt 0.5525 0.775
vt 0.5525 0.775
vt 0.5525 0.975
vt 0.5725 0.775
vt 0.5525 0.975
vt 0.5725 0.975
vt 0.5725 0.775
vt 0.5725 0.775
vt 0.5725 0.975
vt 0.5925 0.775
vt 0.5725 0.975
vt 0.5925 0.975
vt 0.5925 0.775
vt 0.5925 0.775
vt 0.5925 0.975
vt 0.6125 0.775
vt 0.5925 0.975
vt 0.6125 0.975
vt 0.6125 0.775
vt 0.5125 0.775
vt 0.5125 0.975
vt 0.5325 0.775
vt 0.5125 0.975
vt 0.5325 0.975
vt 0.5325 0.775
vt 0.5325 0.775
vt 0.5325 0.975
vt 0.5525 0.775
vt 0.5325 0.975
vt 0.5525 0.975
vt 0.5525 0.775
vt 0.5525 0.775
vt 0.5525 0.975
vt 0.5725 0.775
vt 0.5525 0.975
vt 0.5725 0.975
vt 0.5725 0.775
vt 0.5725 0.775
vt 0.5725 0.975
vt 0.5925 0.775
vt 0.5725 0.975
vt 0.5925 0.975
vt 0.5925 0.775
vt 0.5925 0.775
vt 0.5925 0.975
vt 0.6125 0.775
vt 0.5925 0.975
vt 0.6125 0.975
vt 0.6125 0.775
vt 0.6375 0.525
vt 0.6375 0.725
vt 0.6575 0.725
vt 0.6575 0.525
vt 0.6375 0.525
vt 0.6575 0.725
vt 0.6575 0.525
vt 0.6575 0.725
vt 0.6775 0.725
vt 0.6775 0.525
vt 0.6575 0.525
vt 0.6775 0.725
vt 0.6775 0.525
vt 0.6775 0.725
vt 0.6975 0.725
vt 0.6975 0.525
vt 0.6775 0.525
vt 0.6975 0.725
vt 0.6975 0.525
vt 0.6975 0.725
vt 0.7175 0.725
vt 0.7175 0.525
vt 0.6975 0.525
vt 0.7175 0.725
vt 0.7175 0.525
vt 0.7175 0.725
vt 0.7375 0.725
vt 0.7375 0.525
vt 0.7175 0.525
vt 0.7375 0.725
vt 0.6375 0.525
vt 0.6375 0.725
vt 0.6575 0.725
vt 0.6575 0.525
vt 0.6375 0.525
vt 0.6575 0.725
vt 0.6575 0.525
vt 0.6575 0.725
vt 0.6775 0.725
vt 0.6775 0.525
vt 0.6575 0.525
vt 0.6775 0.725
vt 0.6775 0.525
vt 0.6775 0.725
vt 0.6975 0.725
vt 0.6975 0.525
vt 0.6775 0.525
vt 0.6975 0.725
vt 0.6975 0.525
vt 0.6975 0.725
vt 0.7175 0.725
vt 0.7175 0.525
vt 0.6975 0.525
vt 0.7175 0.725
vt 0.7175 0.525
vt 0.7175 0.725
vt 0.7375 0.725
vt 0.7375 0.525
vt 0.7175 0.525
vt 0.7375 0.725
vt 0.6375 0.525
vt 0.6375 0.725
vt 0.6575 0.525
vt 0.6375 0.725
vt 0.6575 0.725
vt 0.6575 0.525
vt 0.6575 0.525
vt 0.6575 0.725
vt 0.6775 0.525
vt 0.6575 0.725
vt 0.6775 0.725
vt 0.6775 0.525
vt 0.6775 0.525
vt 0.6775 0.725
vt 0.6975 0.525
vt 0.6775 0.725
vt 0.6975 0.725
vt 0.6975 0.525
vt 0.6975 0.525
vt 0.6975 0.725
vt 0.7175 0.525
vt 0.6975 0.725
vt 0.7175 0.725
vt 0.7175 0.525
vt 0.7175 0.525
vt 0.7175 0.725
vt 0.7375 0.525
vt 0.7175 0.725
vt 0.7375 0.725
vt 0.7375 0.525
vt 0.6375 0.525
vt 0.6375 0.725
vt 0.6575 0.525
vt 0.6375 0.725
vt 0.6575 0.725
vt 0.6575 0.525
vt 0.6575 0.525
vt 0.6575 0.725
vt 0.6775 0.525
vt 0.6575 0.725
vt 0.6775 0.725
vt 0.6775 0.525
vt 0.6775 0.525
vt 0.6775 0.725
vt 0.6975 0.525
vt 0.6775 0.725
vt 0.6975 0.725
vt 0.6975 0.525
vt 0.6975 0.525
vt 0.6975 0.725
vt 0.7175 0.525
vt 0.6975 0.725
vt 0.7175 0.725
vt 0.7175 0.525
vt 0.7175 0.525
vt 0.7175 0.725
vt 0.7375 0.525
vt 0.7175 0.725
vt 0.7375 0.725
vt 0.7375 0.525
vt 0.5125 0.775
vt 0.5125 0.975
vt 0.5325 0.975
vt 0.5325 0.775
vt 0.5125 0.775
vt 0.5325 0.975
vt 0.5325 0.775
vt 0.5325 0.975
vt 0.5525 0.975
vt 0.5525 0.775
vt 0.5325 0.775
vt 0.5525 0.975
vt 0.5525 0.775
vt 0.5525 0.975
vt 0.5725 0.975
vt 0.5725 0.775
vt 0.5525 0.775
vt 0.5725 0.975
vt 0.5725 0.775
vt 0.5725 0.975
vt 0.5925 0.975
vt 0.5925 0.775
vt 0.5725 0.775
vt 0.5925 0.975
vt 0.5925 0.775
vt 0.5925 0.975
vt 0.6125 0.975
vt 0.6125 0.775
vt 0.5925 0.775
vt 0.6125 0.975
vt 0.5125 0.775
vt 0.5125 0.975
vt 0.5325 0.975
vt 0.5325 0.775
vt 0.5125 0.775
vt 0.5325 0.975
vt 0.5325 0.775
vt 0.5325 0.975
vt 0.5525 0.975
vt 0.5525 0.775
vt 0.5325 0.775
vt 0.5525 0.975
vt 0.5525 0.775
vt 0.5525 0.975
vt 0.5725 0.975
vt 0.5725 0.775
vt 0.5525 0.775
vt 0.5725 0.975
vt 0.5725 0.775
vt 0.5725 0.975
vt 0.5925 0.975
vt 0.5925 0.775
vt 0.5725 0.775
vt 0.5925 0.975
vt 0.5925 0.775
vt 0.5925 0.975
vt 0.6125 0.975
vt 0.6125 0.775
vt 0.5925 0.775
vt 0.6125 0.975
vt 0.5125 0.775
vt 0.5125 0.975
vt 0.5325 0.775
vt 0.5125 0.975
vt 0.5325 0.975
vt 0.5325 0.775
vt 0.5325 0.775
vt 0.5325 0.975
vt 0.5525 0.775
vt 0.5325 0.975
vt 0.5525 0.975
vt 0.5525 0.775
vt 0.5525 0.775
vt 0.5525 0.975
vt 0.5725 0.775
vt 0.5525 0.975
vt 0.5725 0.975
vt 0.5725 0.775
vt 0.5725 0.775
vt 0.5725 0.975
vt 0.5925 0.775
vt 0.5725 0.975
vt 0.5925 0.975
vt 0.5925 0.775
vt 0.5925 0.775
vt 0.5925 0.975
vt 0.6125 0.775
vt 0.5925 0.975
vt 0.6125 0.975
vt 0.6125 0.775
vt 0.5125 0.775
vt 0.5125 0.975
vt 0.5325 0.775
vt 0.5125 0.975
vt 0.5325 0.975
vt 0.5325 0.775
vt 0.5325 0.775
vt 0.5325 0.975
vt 0.5525 0.775
vt 0.5325 0.975
vt 0.5525 0.975
vt 0.5525 0.775
vt 0.5525 0.775
vt 0.5525 0.975
vt 0.5725 0.775
vt 0.5525 0.975
vt 0.5725 0.975
vt 0.5725 0.775
vt 0.5725 0.775
vt 0.5725 0.975
vt 0.5925 0.775
vt 0.5725 0.975
vt 0.5925 0.975
vt 0.5925 0.775
vt 0.5925 0.775
vt 0.5925 0.975
vt 0.6125 0.775
vt 0.5925 0.975
vt 0.6125 0.975
vt 0.6125 0.775
vt 0.87625 0.025
vt 0.87625 0.225
vt 0.87625 0.225
vt 0.87625 0.025
vt 0.87625 0.025
vt 0.87625 0.225
vt 0.87625 0.025
vt 0.87625 0.225
vt 0.87625 0.225
vt 0.87625 0.025
vt 0.87625 0.025
vt 0.87625 0.225
vt 0.87625 0.025
vt 0.87625 0.225
vt 0.87625 0.225
vt 0.87625 0.025
vt 0.87625 0.025
vt 0.87625 0.225
vt 0.87625 0.025
vt 0.87625 0.225
vt 0.87625 0.225
vt 0.87625 0.025
vt 0.87625 0.025
vt 0.87625 0.225
vt 0.87625 0.025
vt 0.87625 0.225
vt 0.87625 0.225
vt 0.87625 0.025
vt 0.87625 0.025
vt 0.87625 0.225
vt 0.87625 0.025
vt 0.87625 0.225
vt 0.87625 0.225
vt 0.87625 0.025
vt 0.87625 0.025
vt 0.87625 0.225
vt 0.87625 0.025
vt 0.87625 0.225
vt 0.87625 0.225
vt 0.87625 0.025
vt 0.87625 0.025
vt 0.87625 0.225
vt 0.87625 0.025
vt 0.87625 0.225
vt 0.87625 0.225
vt 0.87625 0.025
vt 0.87625 0.025
vt 0.87625 0.225
vt 0.87625 0.025
vt 0.87625 0.225
vt 0.87625 0.225
vt 0.87625 0.025
vt 0.87625 0.025
vt 0.87625 0.225
vt 0.87625 0.025
vt 0.87625 0.225
vt 0.87625 0.225
vt 0.87625 0.025
vt 0.87625 0.025
vt 0.87625 0.225
vt 0.87625 0.025
vt 0.87625 0.225
vt 0.87625 0.025
vt 0.87625 0.225
vt 0.87625 0.225
vt 0.87625 0.025
vt 0.87625 0.025
vt 0.87625 0.225
vt 0.87625 0.025
vt 0.87625 0.225
vt 0.87625 0.225
vt 0.87625 0.025
vt 0.87625 0.025
vt 0.87625 0.225
vt 0.87625 0.025
vt 0.87625 0.225
vt 0.87625 0.225
vt 0.87625 0.025
vt 0.87625 0.025
vt 0.87625 0.225
vt 0.87625 0.025
vt 0.87625 0.225
vt 0.87625 0.225
vt 0.87625 0.025
vt 0.87625 0.025
vt 0.87625 0.225
vt 0.87625 0.025
vt 0.87625 0.225
vt 0.87625 0.225
vt 0.87625 0.025
vt 0.87625 0.025
vt 0.87625 0.225
vt 0.87625 0.025
vt 0.87625 0.225
vt 0.87625 0.225
vt 0.87625 0.025
vt 0.87625 0.025
vt 0.87625 0.225
vt 0.87625 0.025
vt 0.87625 0.225
vt 0.87625 0.225
vt 0.87625 0.025
vt 0.87625 0.025
vt 0.87625 0.225
vt 0.87625 0.025
vt 0.87625 0.225
vt 0.87625 0.225
vt 0.87625 0.025
vt 0.87625 0.025
vt 0.87625 0.225
vt 0.87625 0.025
vt 0.87625 0.225
vt 0.87625 0.225
vt 0.87625 0.025
vt 0.87625 0.025
vt 0.87625 0.225
vt 0.87625 0.025
vt 0.87625 0.225
vt 0.87625 0.225
vt 0.87625 0.025
vt 0.3875 0.775
vt 0.3875 0.975
vt 0.4075 0.975
vt 0.4075 0.775
vt 0.3875 0.775
vt 0.4075 0.975
vt 0.4075 0.775
vt 0.4075 0.975
vt 0.4275 0.975
vt 0.4275 0.775
vt 0.4075 0.775
vt 0.4275 0.975
vt 0.4275 0.775
vt 0.4275 0.975
vt 0.4475 0.975
vt 0.4475 0.775
vt 0.4275 0.775
vt 0.4475 0.975
vt 0.4475 0.775
vt 0.4475 0.975
vt 0.4675 0.975
vt 0.4675 0.775
vt 0.4475 0.775
vt 0.4675 0.975
vt 0.4675 0.775
vt 0.4675 0.975
vt 0.4875 0.975
vt 0.4875 0.775
vt 0.4675 0.775
vt 0.4875 0.975
vt 0.3875 0.775
vt 0.3875 0.975
vt 0.4075 0.975
vt 0.4075 0.775
vt 0.3875 0.775
vt 0.4075 0.975
vt 0.4075 0.775
vt 0.4075 0.975
vt 0.4275 0.975
vt 0.4275 0.775
vt 0.4075 0.775
vt 0.4275 0.975
vt 0.4275 0.775
vt 0.4275 0.975
vt 0.4475 0.975
vt 0.4475 0.775
vt 0.4275 0.775
vt 0.4475 0.975
vt 0.4475 0.775
vt 0.4475 0.975
vt 0.4675 0.975
vt 0.4675 0.775
vt 0.4475 0.775
vt 0.4675 0.975
vt 0.4675 0.775
vt 0.4675 0.975
vt 0.4875 0.975
vt 0.4875 0.775
vt 0.4675 0.775
vt 0.4875 0.975
vt 0.3875 0.775
vt 0.3875 0.975
vt 0.4075 0.775
vt 0.3875 0.975
vt 0.4075 0.975
vt 0.4075 0.775
vt 0.4075 0.775
vt 0.4075 0.975
vt 0.4275 0.775
vt 0.4075 0.975
vt 0.4275 0.975
vt 0.4275 0.775
vt 0.4275 0.775
vt 0.4275 0.975
vt 0.4475 0.775
vt 0.4275 0.975
vt 0.4475 0.975
vt 0.4475 0.775
vt 0.4475 0.775
vt 0.4475 0.975
vt 0.4675 0.775
vt 0.4475 0.975
vt 0.4675 0.975
vt 0.4675 0.775
vt 0.4675 0.775
vt 0.4675 0.975
vt 0.4875 0.775
vt 0.4675 0.975
vt 0.4875 0.975
vt 0.4875 0.775
vt 0.3875 0.775
vt 0.3875 0.975
vt 0.4075 0.775
vt 0.3875 0.975
vt 0.4075 0.975
vt 0.4075 0.775
vt 0.4075 0.775
vt 0.4075 0.975
vt 0.4275 0.775
vt 0.4075 0.975
vt 0.4275 0.975
vt 0.4275 0.775
vt 0.4275 0.775
vt 0.4275 0.975
vt 0.4475 0.775
vt 0.4275 0.975
vt 0.4475 0.975
vt 0.4475 0.775
vt 0.4475 0.775
vt 0.4475 0.975
vt 0.4675 0.775
vt 0.4475 0.975
vt 0.4675 0.975
vt 0.4675 0.775
vt 0.4675 0.775
vt 0.4675 0.975
vt 0.4875 0.775
vt 0.4675 0.975
vt 0.4875 0.975
vt 0.4875 0.775
vt 0.5125 0.775
vt 0.5125 0.975
vt 0.5325 0.975
vt 0.5325 0.775
vt 0.5125 0.775
vt 0.5325 0.975
vt 0.5325 0.775
vt 0.5325 0.975
vt 0.5525 0.975
vt 0.5525 0.775
vt 0.5325 0.775
vt 0.5525 0.975
vt 0.5525 0.775
vt 0.5525 0.975
vt 0.5725 0.975
vt 0.5725 0.775
vt 0.5525 0.775
vt 0.5725 0.975
vt 0.5725 0.775
vt 0.5725 0.975
vt 0.5925 0.975
vt 0.5925 0.775
vt 0.5725 0.775
vt 0.5925 0.975
vt 0.5925 0.775
vt 0.5925 0.975
vt 0.6125 0.975
vt 0.6125 0.775
vt 0.5925 0.775
vt 0.6125 0.975
vt 0.5125 0.775
vt 0.5125 0.975
vt 0.5325 0.975
vt 0.5325 0.775
vt 0.5125 0.775
vt 0.5325 0.975
vt 0.5325 0.775
vt 0.5325 0.975
vt 0.5525 0.975
vt 0.5525 0.775
vt 0.5325 0.775
vt 0.5525 0.975
vt 0.5525 0.775
vt 0.5525 0.975
vt 0.5725 0.975
vt 0.5725 0.775
vt 0.5525 0.775
vt 0.5725 0.975
vt 0.5725 0.775
vt 0.5725 0.975
vt 0.5925 0.975
vt 0.5925 0.775
vt 0.5725 0.775
vt 0.5925 0.975
vt 0.5925 0.775
vt 0.5925 0.975
vt 0.6125 0.975
vt 0.6125 0.775
vt 0.5925 0.775
vt 0.6125 0.975
vt 0.5125 0.775
vt 0.5125 0.975
vt 0.5325 0.775
vt 0.5125 0.975
vt 0.5325 0.975
vt 0.5325 0.775
vt 0.5325 0.775
vt 0.5325 0.975
vt 0.5525 0.775
vt 0.5325 0.975
vt 0.5525 0.975
vt 0.5525 0.775
vt 0.5525 0.775
vt 0.5525 0.975
vt 0.5725 0.775
vt 0.5525 0.975
vt 0.5725 0.975
vt 0.5725 0.775
vt 0.5725 0.775
vt 0.5725 0.975
vt 0.5925 0.775
vt 0.5725 0.975
vt 0.5925 0.975
vt 0.5925 0.775
vt 0.5925 0.775
vt 0.5925 0.975
vt 0.6125 0.775
vt 0.5925 0.975
vt 0.6125 0.975
vt 0.6125 0.775
vt 0.5125 0.775
vt 0.5125 0.975
vt 0.5325 0.775
vt 0.5125 0.975
vt 0.5325 0.975
vt 0.5325 0.775
vt 0.5325 0.775
vt 0.5325 0.975
vt 0.5525 0.775
vt 0.5325 0.975
vt 0.5525 0.975
vt 0.5525 0.775
vt 0.5525 0.775
vt 0.5525 0.975
vt 0.5725 0.775
vt 0.5525 0.975
vt 0.5725 0.975
vt 0.5725 0.775
vt 0.5725 0.775
vt 0.5725 0.975
vt 0.5925 0.775
vt 0.5725 0.975
vt 0.5925 0.975
vt 0.5925 0.775
vt 0.5925 0.775
vt 0.5925 0.975
vt 0.6125 0.775
vt 0.5925 0.975
vt 0.6125 0.975
vt 0.6125 0.775
vt 0.5125 0.775
vt 0.5125 0.975
vt 0.5325 0.975
vt 0.5325 0.775
vt 0.5125 0.775
vt 0.5325 0.975
vt 0.5325 0.775
vt 0.5325 0.975
vt 0.5525 0.975
vt 0.5525 0.775
vt 0.5325 0.775
vt 0.5525 0.975
vt 0.5525 0.775
vt 0.5525 0.975
vt 0.5725 0.975
vt 0.5725 0.775
vt 0.5525 0.775
vt 0.5725 0.975
vt 0.5725 0.775
vt 0.5725 0.975
vt 0.5925 0.975
vt 0.5925 0.775
vt 0.5725 0.775
vt 0.5925 0.975
vt 0.5925 0.775
vt 0.5925 0.975
vt 0.6125 0.975
vt 0.6125 0.775
vt 0.5925 0.775
vt 0.6125 0.975
vt 0.5125 0.775
vt 0.5125 0.975
vt 0.5325 0.975
vt 0.5325 0.775
vt 0.5125 0.775
vt 0.5325 0.975
vt 0.5325 0.775
vt 0.5325 0.975
vt 0.5525 0.975
vt 0.5525 0.775
vt 0.5325 0.775
vt 0.5525 0.975
vt 0.5525 0.775
vt 0.5525 0.975
vt 0.5725 0.975
vt 0.5725 0.775
vt 0.5525 0.775
vt 0.5725 0.975
vt 0.5725 0.775
vt 0.5725 0.975
vt 0.5925 0.975
vt 0.5925 0.775
vt 0.5725 0.775
vt 0.5925 0.975
vt 0.5925 0.775
vt 0.5925 0.975
vt 0.6125 0.975
vt 0.6125 0.775
vt 0.5925 0.775
vt 0.6125 0.975
vt 0.5125 0.775
vt 0.5125 0.975
vt 0.5325 0.775
vt 0.5125 0.975
vt 0.5325 0.975
vt 0.5325 0.775
vt 0.5325 0.775
vt 0.5325 0.975
vt 0.5525 0.775
vt 0.5325 0.975
vt 0.5525 0.975
vt 0.5525 0.775
vt 0.5525 0.775
vt 0.5525 0.975
vt 0.5725 0.775
vt 0.5525 0.975
vt 0.5725 0.975
vt 0.5725 0.775
vt 0.5725 0.775
vt 0.5725 0.975
vt 0.5925 0.775
vt 0.5725 0.975
vt 0.5925 0.975
vt 0.5925 0.775
vt 0.5925 0.775
vt 0.5925 0.975
vt 0.6125 0.775
vt 0.5925 0.975
vt 0.6125 0.975
vt 0.6125 0.775
vt 0.5125 0.775
vt 0.5125 0.975
vt 0.5325 0.775
vt 0.5125 0.975
vt 0.5325 0.975
vt 0.5325 0.775
vt 0.5325 0.775
vt 0.5325 0.975
vt 0.5525 0.775
vt 0.5325 0.975
vt 0.5525 0.975
vt 0.5525 0.775
vt 0.5525 0.775
vt 0.5525 0.975
vt 0.5725 0.775
vt 0.5525 0.975
vt 0.5725 0.975
vt 0.5725 0.775
vt 0.5725 0.775
vt 0.5725 0.975
vt 0.5925 0.775
vt 0.5725 0.975
vt 0.5925 0.975
vt 0.5925 0.775
vt 0.5925 0.775
vt 0.5925 0.975
vt 0.6125 0.775
vt 0.5925 0.975
vt 0.6125 0.975
vt 0.6125 0.775
vt 0.6375 0.775
vt 0.6375 0.975
vt 0.6575 0.975
vt 0.6575 0.775
vt 0.6375 0.775
vt 0.6575 0.975
vt 0.6575 0.775
vt 0.6575 0.975
vt 0.6775 0.975
vt 0.6775 0.775
vt 0.6575 0.775
vt 0.6775 0.975
vt 0.6775 0.775
vt 0.6775 0.975
vt 0.6975 0.975
vt 0.6975 0.775
vt 0.6775 0.775
vt 0.6975 0.975
vt 0.6975 0.775
vt 0.6975 0.975
vt 0.7175 0.975
vt 0.7175 0.775
vt 0.6975 0.775
vt 0.7175 0.975
vt 0.7175 0.775
vt 0.7175 0.975
vt 0.7375 0.975
vt 0.7375 0.775
vt 0.7175 0.775
vt 0.7375 0.975
vt 0.6375 0.775
vt 0.6375 0.975
vt 0.6575 0.975
vt 0.6575 0.775
vt 0.6375 0.775
vt 0.6575 0.975
vt 0.6575 0.775
vt 0.6575 0.975
vt 0.6775 0.975
vt 0.6775 0.775
vt 0.6575 0.775
vt 0.6775 0.975
vt 0.6775 0.775
vt 0.6775 0.975
vt 0.6975 0.975
vt 0.6975 0.775
vt 0.6775 0.775
vt 0.6975 0.975
vt 0.6975 0.775
vt 0.6975 0.975
vt 0.7175 0.975
vt 0.7175 0.775
vt 0.6975 0.775
vt 0.7175 0.975
vt 0.7175 0.775
vt 0.7175 0.975
vt 0.7375 0.975
vt 0.7375 0.775
vt 0.7175 0.775
vt 0.7375 0.975
vt 0.6375 0.775
vt 0.6375 0.975
vt 0.6575 0.775
vt 0.6375 0.975
vt 0.6575 0.975
vt 0.6575 0.775
vt 0.6575 0.775
vt 0.6575 0.975
vt 0.6775 0.775
vt 0.6575 0.975
vt 0.6775 0.975
vt 0.6775 0.775
vt 0.6775 0.775
vt 0.6775 0.975
vt 0.6975 0.775
vt 0.6775 0.975
vt 0.6975 0.975
vt 0.6975 0.775
vt 0.6975 0.775
vt 0.6975 0.975
vt 0.7175 0.775
vt 0.6975 0.975
vt 0.7175 0.975
vt 0.7175 0.775
vt 0.7175 0.775
vt 0.7175 0.975
vt 0.7375 0.775
vt 0.7175 0.975
vt 0.7375 0.975
vt 0.7375 0.775
vt 0.6375 0.775
vt 0.6375 0.975
vt 0.6575 0.775
vt 0.6375 0.975
vt 0.6575 0.975
vt 0.6575 0.775
vt 0.6575 0.775
vt 0.6575 0.975
vt 0.6775 0.775
vt 0.6575 0.975
vt 0.6775 0.975
vt 0.6775 0.775
vt 0.6775 0.775
vt 0.6775 0.975
vt 0.6975 0.775
vt 0.6775 0.975
vt 0.6975 0.975
vt 0.6975 0.775
vt 0.6975 0.775
vt 0.6975 0.975
vt 0.7175 0.775
vt 0.6975 0.975
vt 0.7175 0.975
vt 0.7175 0.775
vt 0.7175 0.775
vt 0.7175 0.975
vt 0.7375 0.775
vt 0.7175 0.975
vt 0.7375 0.975
vt 0.7375 0.775
vt 0.6375 0.775
vt 0.6375 0.975
vt 0.6575 0.975
vt 0.6575 0.775
vt 0.6375 0.775
vt 0.6575 0.975
vt 0.6575 0.775
vt 0.6575 0.975
vt 0.6775 0.975
vt 0.6775 0.775
vt 0.6575 0.775
vt 0.6775 0.975
vt 0.6775 0.775
vt 0.6775 0.975
vt 0.6975 0.975
vt 0.6975 0.775
vt 0.6775 0.775
vt 0.6975 0.975
vt 0.6975 0.775
vt 0.6975 0.975
vt 0.7175 0.975
vt 0.7175 0.775
vt 0.6975 0.775
vt 0.7175 0.975
vt 0.7175 0.775
vt 0.7175 0.975
vt 0.7375 0.975
vt 0.7375 0.775
vt 0.7175 0.775
vt 0.7375 0.975
vt 0.6375 0.775
vt 0.6375 0.975
vt 0.6575 0.975
vt 0.6575 0.775
vt 0.6375 0.775
vt 0.6575 0.975
vt 0.6575 0.775
vt 0.6575 0.975
vt 0.6775 0.975
vt 0.6775 0.775
vt 0.6575 0.775
vt 0.6775 0.975
vt 0.6775 0.775
vt 0.6775 0.975
vt 0.6975 0.975
vt 0.6975 0.775
vt 0.6775 0.775
vt 0.6975 0.975
vt 0.6975 0.775
vt 0.6975 0.975
vt 0.7175 0.975
vt 0.7175 0.775
vt 0.6975 0.775
vt 0.7175 0.975
vt 0.7175 0.775
vt 0.7175 0.975
vt 0.7375 0.975
vt 0.7375 0.775
vt 0.7175 0.775
vt 0.7375 0.975
vt 0.6375 0.775
vt 0.6375 0.975
vt 0.6575 0.775
vt 0.6375 0.975
vt 0.6575 0.975
vt 0.6575 0.775
vt 0.6575 0.775
vt 0.6575 0.975
vt 0.6775 0.775
vt 0.6575 0.975
vt 0.6775 0.975
vt 0.6775 0.775
vt 0.6775 0.775
vt 0.6775 0.975
vt 0.6975 0.775
vt 0.6775 0.975
vt 0.6975 0.975
vt 0.6975 0.775
vt 0.6975 0.775
vt 0.6975 0.975
vt 0.7175 0.775
vt 0.6975 0.975
vt 0.7175 0.975
vt 0.7175 0.775
vt 0.7175 0.775
vt 0.7175 0.975
vt 0.7375 0.775
vt 0.7175 0.975
vt 0.7375 0.975
vt 0.7375 0.775
vt 0.6375 0.775
vt 0.6375 0.975
vt 0.6575 0.775
vt 0.6375 0.975
vt 0.6575 0.975
vt 0.6575 0.775
vt 0.6575 0.775
vt 0.6575 0.975
vt 0.6775 0.775
vt 0.6575 0.975
vt 0.6775 0.975
vt 0.6775 0.775
vt 0.6775 0.775
vt 0.6775 0.975
vt 0.6975 0.775
vt 0.6775 0.975
vt 0.6975 0.975
vt 0.6975 0.775
vt 0.6975 0.775
vt 0.6975 0.975
vt 0.7175 0.775
vt 0.6975 0.975
vt 0.7175 0.975
vt 0.7175 0.775
vt 0.7175 0.775
vt 0.7175 0.975
vt 0.7375 0.775
vt 0.7175 0.975
vt 0.7375 0.975
vt 0.7375 0.775
vt 0.5625 0.775
vt 0.5625 0.975
vt 0.5825 0.975
vt 0.5825 0.775
vt 0.5625 0.775
vt 0.5825 0.975
vt 0.5825 0.775
vt 0.5825 0.975
vt 0.6025 0.975
vt 0.6025 0.775
vt 0.5825 0.775
vt 0.6025 0.975
vt 0.6025 0.775
vt 0.6025 0.975
vt 0.6225 0.975
vt 0.6225 0.775
vt 0.6025 0.775
vt 0.6225 0.975
vt 0.5225 0.775
vt 0.5225 0.975
vt 0.5425 0.975
vt 0.5425 0.775
vt 0.5225 0.775
vt 0.5425 0.975
vt 0.5425 0.775
vt 0.5425 0.975
vt 0.5625 0.975
vt 0.5625 0.775
vt 0.5425 0.775
vt 0.5625 0.975
vt 0.5625 0.775
vt 0.5625 0.975
vt 0.5825 0.775
vt 0.5625 0.975
vt 0.5825 0.975
vt 0.5825 0.775
vt 0.5825 0.775
vt 0.5825 0.975
vt 0.6025 0.775
vt 0.5825 0.975
vt 0.6025 0.975
vt 0.6025 0.775
vt 0.6025 0.775
vt 0.6025 0.975
vt 0.6225 0.775
vt 0.6025 0.975
vt 0.6225 0.975
vt 0.6225 0.775
vt 0.5225 0.775
vt 0.5225 0.975
vt 0.5425 0.775
vt 0.5225 0.975
vt 0.5425 0.975
vt 0.5425 0.775
vt 0.5425 0.775
vt 0.5425 0.975
vt 0.5625 0.775
vt 0.5425 0.975
vt 0.5625 0.975
vt 0.5625 0.775
vt 0.4375 0.775
vt 0.4375 0.975
vt 0.4575 0.975
vt 0.4575 0.775
vt 0.4375 0.775
vt 0.4575 0.975
vt 0.4575 0.775
vt 0.4575 0.975
vt 0.4775 0.975
vt 0.4775 0.775
vt 0.4575 0.775
vt 0.4775 0.975
vt 0.4775 0.775
vt 0.4775 0.975
vt 0.4975 0.975
vt 0.4975 0.775
vt 0.4775 0.775
vt 0.4975 0.975
vt 0.3975 0.775
vt 0.3975 0.975
vt 0.4175 0.975
vt 0.4175 0.775
vt 0.3975 0.775
vt 0.4175 0.975
vt 0.4175 0.775
vt 0.4175 0.975
vt 0.4375 0.975
vt 0.4375 0.775
vt 0.4175 0.775
vt 0.4375 0.975
vt 0.4375 0.775
vt 0.4375 0.975
vt 0.4575 0.775
vt 0.4375 0.975
vt 0.4575 0.975
vt 0.4575 0.775
vt 0.4575 0.775
vt 0.4575 0.975
vt 0.4775 0.775
vt 0.4575 0.975
vt 0.4775 0.975
vt 0.4775 0.775
vt 0.4775 0.775
vt 0.4775 0.975
vt 0.4975 0.775
vt 0.4775 0.975
vt 0.4975 0.975
vt 0.4975 0.775
vt 0.3975 0.775
vt 0.3975 0.975
vt 0.4175 0.775
vt 0.3975 0.975
vt 0.4175 0.975
vt 0.4175 0.775
vt 0.4175 0.775
vt 0.4175 0.975
vt 0.4375 0.775
vt 0.4175 0.975
vt 0.4375 0.975
vt 0.4375 0.775
vt 0.3125 0.775
vt 0.3125 0.975
vt 0.3325 0.975
vt 0.3325 0.775
vt 0.3125 0.775
vt 0.3325 0.975
vt 0.3325 0.775
vt 0.3325 0.975
vt 0.3525 0.975
vt 0.3525 0.775
vt 0.3325 0.775
vt 0.3525 0.975
vt 0.3525 0.775
vt 0.3525 0.975
vt 0.3725 0.975
vt 0.3725 0.775
vt 0.3525 0.775
vt 0.3725 0.975
vt 0.2725 0.775
vt 0.2725 0.975
vt 0.2925 0.975
vt 0.2925 0.775
vt 0.2725 0.775
vt 0.2925 0.975
vt 0.2925 0.775
vt 0.2925 0.975
vt 0.3125 0.975
vt 0.3125 0.775
vt 0.2925 0.775
vt 0.3125 0.975
vt 0.3125 0.775
vt 0.3125 0.975
vt 0.3325 0.775
vt 0.3125 0.975
vt 0.3325 0.975
vt 0.3325 0.775
vt 0.3325 0.775
vt 0.3325 0.975
vt 0.3525 0.775
vt 0.3325 0.975
vt 0.3525 0.975
vt 0.3525 0.775
vt 0.3525 0.775
vt 0.3525 0.975
vt 0.3725 0.775
vt 0.3525 0.975
vt 0.3725 0.975
vt 0.3725 0.775
vt 0.2725 0.775
vt 0.2725 0.975
vt 0.2925 0.775
vt 0.2725 0.975
vt 0.2925 0.975
vt 0.2925 0.775
vt 0.2925 0.775
vt 0.2925 0.975
vt 0.3125 0.775
vt 0.2925 0.975
vt 0.3125 0.975
vt 0.3125 0.775
vt 0.3125 0.775
vt 0.3125 0.975
vt 0.3325 0.975
vt 0.3325 0.775
vt 0.3125 0.775
vt 0.3325 0.975
vt 0.3325 0.775
vt 0.3325 0.975
vt 0.3525 0.975
vt 0.3525 0.775
vt 0.3325 0.775
vt 0.3525 0.975
vt 0.3525 0.775
vt 0.3525 0.975
vt 0.3725 0.975
vt 0.3725 0.775
vt 0.3525 0.775
vt 0.3725 0.975
vt 0.2725 0.775
vt 0.2725 0.975
vt 0.2925 0.975
vt 0.2925 0.775
vt 0.2725 0.775
vt 0.2925 0.975
vt 0.2925 0.775
vt 0.2925 0.975
vt 0.3125 0.975
vt 0.3125 0.775
vt 0.2925 0.775
vt 0.3125 0.975
vt 0.3125 0.775
vt 0.3125 0.975
vt 0.3325 0.775
vt 0.3125 0.975
vt 0.3325 0.975
vt 0.3325 0.775
vt 0.3325 0.775
vt 0.3325 0.975
vt 0.3525 0.775
vt 0.3325 0.975
vt 0.3525 0.975
vt 0.3525 0.775
vt 0.3525 0.775
vt 0.3525 0.975
vt 0.3725 0.775
vt 0.3525 0.975
vt 0.3725 0.975
vt 0.3725 0.775
vt 0.2725 0.775
vt 0.2725 0.975
vt 0.2925 0.775
vt 0.2725 0.975
vt 0.2925 0.975
vt 0.2925 0.775
vt 0.2925 0.775
vt 0.2925 0.975
vt 0.3125 0.775
vt 0.2925 0.975
vt 0.3125 0.975
vt 0.3125 0.775
vt 0.3125 0.775
vt 0.3125 0.975
vt 0.3325 0.975
vt 0.3325 0.775
vt 0.3125 0.775
vt 0.3325 0.975
vt 0.3325 0.775
vt 0.3325 0.975
vt 0.3525 0.975
vt 0.3525 0.775
vt 0.3325 0.775
vt 0.3525 0.975
vt 0.3525 0.775
vt 0.3525 0.975
vt 0.3725 0.975
vt 0.3725 0.775
vt 0.3525 0.775
vt 0.3725 0.975
vt 0.2725 0.775
vt 0.2725 0.975
vt 0.2925 0.975
vt 0.2925 0.775
vt 0.2725 0.775
vt 0.2925 0.975
vt 0.2925 0.775
vt 0.2925 0.975
vt 0.3125 0.975
vt 0.3125 0.775
vt 0.2925 0.775
vt 0.3125 0.975
vt 0.3125 0.775
vt 0.3125 0.975
vt 0.3325 0.775
vt 0.3125 0.975
vt 0.3325 0.975
vt 0.3325 0.775
vt 0.3325 0.775
vt 0.3325 0.975
vt 0.3525 0.775
vt 0.3325 0.975
vt 0.3525 0.975
vt 0.3525 0.775
vt 0.3525 0.775
vt 0.3525 0.975
vt 0.3725 0.775
vt 0.3525 0.975
vt 0.3725 0.975
vt 0.3725 0.775
vt 0.2725 0.775
vt 0.2725 0.975
vt 0.2925 0.775
vt 0.2725 0.975
vt 0.2925 0.975
vt 0.2925 0.775
vt 0.2925 0.775
vt 0.2925 0.975
vt 0.3125 0.775
vt 0.2925 0.975
vt 0.3125 0.975
vt 0.3125 0.775
vt 0.4375 0.775
vt 0.4375 0.975
vt 0.4575 0.975
vt 0.4575 0.775
vt 0.4375 0.775
vt 0.4575 0.975
vt 0.4575 0.775
vt 0.4575 0.975
vt 0.4775 0.975
vt 0.4775 0.775
vt 0.4575 0.775
vt 0.4775 0.975
vt 0.4775 0.775
vt 0.4775 0.975
vt 0.4975 0.975
vt 0.4975 0.775
vt 0.4775 0.775
vt 0.4975 0.975
vt 0.3975 0.775
vt 0.3975 0.975
vt 0.4175 0.975
vt 0.4175 0.775
vt 0.3975 0.775
vt 0.4175 0.975
vt 0.4175 0.775
vt 0.4175 0.975
vt 0.4375 0.975
vt 0.4375 0.775
vt 0.4175 0.775
vt 0.4375 0.975
vt 0.4375 0.775
vt 0.4375 0.975
vt 0.4575 0.775
vt 0.4375 0.975
vt 0.4575 0.975
vt 0.4575 0.775
vt 0.4575 0.775
vt 0.4575 0.975
vt 0.4775 0.775
vt 0.4575 0.975
vt 0.4775 0.975
vt 0.4775 0.775
vt 0.4775 0.775
vt 0.4775 0.975
vt 0.4975 0.775
vt 0.4775 0.975
vt 0.4975 0.975
vt 0.4975 0.775
vt 0.3975 0.775
vt 0.3975 0.975
vt 0.4175 0.775
vt 0.3975 0.975
vt 0.4175 0.975
vt 0.4175 0.775
vt 0.4175 0.775
vt 0.4175 0.975
vt 0.4375 0.775
vt 0.4175 0.975
vt 0.4375 0.975
vt 0.4375 0.775
vt 0.87625 0.025
vt 0.87625 0.225
vt 0.87625 0.225
vt 0.87625 0.025
vt 0.87625 0.025
vt 0.87625 0.225
vt 0.87625 0.025
vt 0.87625 0.225
vt 0.87625 0.225
vt 0.87625 0.025
vt 0.87625 0.025
vt 0.87625 0.225
vt 0.87625 0.025
vt 0.87625 0.225
vt 0.87625 0.225
vt 0.87625 0.025
vt 0.87625 0.025
vt 0.87625 0.225
vt 0.87625 0.025
vt 0.87625 0.225
vt 0.87625 0.225
vt 0.87625 0.025
vt 0.87625 0.025
vt 0.87625 0.225
vt 0.87625 0.025
vt 0.87625 0.225
vt 0.87625 0.225
vt 0.87625 0.025
vt 0.87625 0.025
vt 0.87625 0.225
vt 0.87625 0.025
vt 0.87625 0.225
vt 0.87625 0.025
vt 0.87625 0.225
vt 0.87625 0.225
vt 0.87625 0.025
vt 0.87625 0.025
vt 0.87625 0.225
vt 0.87625 0.025
vt 0.87625 0.225
vt 0.87625 0.225
vt 0.87625 0.025
vt 0.87625 0.025
vt 0.87625 0.225
vt 0.87625 0.025
vt 0.87625 0.225
vt 0.87625 0.225
vt 0.87625 0.025
vt 0.87625 0.025
vt 0.87625 0.225
vt 0.87625 0.025
vt 0.87625 0.225
vt 0.87625 0.225
vt 0.87625 0.025
vt 0.87625 0.025
vt 0.87625 0.225
vt 0.87625 0.025
vt 0.87625 0.225
vt 0.87625 0.225
vt 0.87625 0.025
vt 0.87625 0.025
vt 0.87625 0.225
vt 0.87625 0.225
vt 0.87625 0.025
vt 0.87625 0.025
vt 0.87625 0.225
vt 0.87625 0.025
vt 0.87625 0.225
vt 0.87625 0.225
vt 0.87625 0.025
vt 0.87625 0.025
vt 0.87625 0.225
vt 0.87625 0.025
vt 0.87625 0.225
vt 0.87625 0.225
vt 0.87625 0.025
vt 0.87625 0.025
vt 0.87625 0.225
vt 0.87625 0.025
vt 0.87625 0.225
vt 0.87625 0.225
vt 0.87625 0.025
vt 0.87625 0.025
vt 0.87625 0.225
vt 0.87625 0.025
vt 0.87625 0.225
vt 0.87625 0.225
vt 0.87625 0.025
vt 0.87625 0.025
vt 0.87625 0.225
vt 0.87625 0.025
vt 0.87625 0.225
vt 0.87625 0.025
vt 0.87625 0.225
vt 0.87625 0.225
vt 0.87625 0.025
vt 0.87625 0.025
vt 0.87625 0.225
vt 0.87625 0.025
vt 0.87625 0.225
vt 0.87625 0.225
vt 0.87625 0.025
vt 0.87625 0.025
vt 0.87625 0.225
vt 0.87625 0.025
vt 0.87625 0.225
vt 0.87625 0.225
vt 0.87625 0.025
vt 0.87625 0.025
vt 0.87625 0.225
vt 0.87625 0.025
vt 0.87625 0.225
vt 0.87625 0.225
vt 0.87625 0.025
vt 0.87625 0.025
vt 0.87625 0.225
vt 0.87625 0.025
vt 0.87625 0.225
vt 0.87625 0.225
vt 0.87625 0.025
vt 0.87625 0.025
vt 0.87625 0.225
vt 0.87625 0.225
vt 0.87625 0.025
vt 0.87625 0.025
vt 0.87625 0.225
vt 0.87625 0.025
vt 0.87625 0.225
vt 0.87625 0.225
vt 0.87625 0.025
vt 0.87625 0.025
vt 0.87625 0.225
vt 0.87625 0.025
vt 0.87625 0.225
vt 0.87625 0.225
vt 0.87625 0.025
vt 0.87625 0.025
vt 0.87625 0.225
vt 0.87625 0.025
vt 0.87625 0.225
vt 0.87625 0.225
vt 0.87625 0.025
vt 0.87625 0.025
vt 0.87625 0.225
vt 0.87625 0.025
vt 0.87625 0.225
vt 0.87625 0.225
vt 0.87625 0.025
vt 0.87625 0.025
vt 0.87625 0.225
vt 0.87625 0.025
vt 0.87625 0.225
vt 0.87625 0.025
vt 0.87625 0.225
vt 0.87625 0.225
vt 0.87625 0.025
vt 0.87625 0.025
vt 0.87625 0.225
vt 0.87625 0.025
vt 0.87625 0.225
vt 0.87625 0.225
vt 0.87625 0.025
vt 0.87625 0.025
vt 0.87625 0.225
vt 0.87625 0.025
vt 0.87625 0.225
vt 0.87625 0.225
vt 0.87625 0.025
vt 0.87625 0.025
vt 0.87625 0.225
vt 0.87625 0.025
vt 0.87625 0.225
vt 0.87625 0.225
vt 0.87625 0.025
vt 0.87625 0.025
vt 0.87625 0.225
vt 0.87625 0.025
vt 0.87625 0.225
vt 0.87625 0.225
vt 0.87625 0.025
vt 0.87625 0.025
vt 0.87625 0.225
vt 0.87625 0.225
vt 0.87625 0.025
vt 0.87625 0.025
vt 0.87625 0.225
vt 0.87625 0.025
vt 0.87625 0.225
vt 0.87625 0.225
vt 0.87625 0.025
vt 0.87625 0.025
vt 0.87625 0.225
vt 0.87625 0.025
vt 0.87625 0.225
vt 0.87625 0.225
vt 0.87625 0.025
vt 0.87625 0.025
vt 0.87625 0.225
vt 0.87625 0.025
vt 0.87625 0.225
vt 0.87625 0.225
vt 0.87625 0.025
vt 0.87625 0.025
vt 0.87625 0.225
vt 0.87625 0.025
vt 0.87625 0.225
vt 0.87625 0.225
vt 0.87625 0.025
vt 0.87625 0.025
vt 0.87625 0.225
vt 0.87625 0.025
vt 0.87625 0.225
vt 0.87625 0.025
vt 0.87625 0.225
vt 0.87625 0.225
vt 0.87625 0.025
vt 0.87625 0.025
vt 0.87625 0.225
vt 0.87625 0.025
vt 0.87625 0.225
vt 0.87625 0.225
vt 0.87625 0.025
vt 0.87625 0.025
vt 0.87625 0.225
vt 0.87625 0.025
vt 0.87625 0.225
vt 0.87625 0.225
vt 0.87625 0.025
vt 0.87625 0.025
vt 0.87625 0.225
vt 0.87625 0.025
vt 0.87625 0.225
vt 0.87625 0.225
vt 0.87625 0.025
vt 0.87625 0.025
vt 0.87625 0.225
vt 0.87625 0.025
vt 0.87625 0.225
vt 0.87625 0.225
vt 0.87625 0.025
vt 0.1375 0.525
vt 0.1375 0.725
vt 0.1875 0.725
vt 0.1875 0.525
vt 0.1375 0.525
vt 0.1875 0.725
vt 0.1875 0.525
vt 0.1875 0.725
vt 0.2375 0.725
vt 0.2375 0.525
vt 0.1875 0.525
vt 0.2375 0.725
vt 0.1375 0.525
vt 0.1375 0.725
vt 0.1875 0.725
vt 0.1875 0.525
vt 0.1375 0.525
vt 0.1875 0.725
vt 0.1875 0.525
vt 0.1875 0.725
vt 0.2375 0.725
vt 0.2375 0.525
vt 0.1875 0.525
vt 0.2375 0.725
vt 0.1375 0.525
vt 0.1375 0.725
vt 0.1875 0.525
vt 0.1375 0.725
vt 0.1875 0.725
vt 0.1875 0.525
vt 0.1875 0.525
vt 0.1875 0.725
vt 0.2375 0.525
vt 0.1875 0.725
vt 0.2375 0.725
vt 0.2375 0.525
vt 0.1375 0.525
vt 0.1375 0.725
vt 0.1875 0.525
vt 0.1375 0.725
vt 0.1875 0.725
vt 0.1875 0.525
vt 0.1875 0.525
vt 0.1875 0.725
vt 0.2375 0.525
vt 0.1875 0.725
vt 0.2375 0.725
vt 0.2375 0.525
vt 0.1375 0.525
vt 0.1375 0.725
vt 0.1875 0.725
vt 0.1875 0.525
vt 0.1375 0.525
vt 0.1875 0.725
vt 0.1875 0.525
vt 0.1875 0.725
vt 0.2375 0.725
vt 0.2375 0.525
vt 0.1875 0.525
vt 0.2375 0.725
vt 0.1375 0.525
vt 0.1375 0.725
vt 0.1875 0.725
vt 0.1875 0.525
vt 0.1375 0.525
vt 0.1875 0.725
vt 0.1875 0.525
vt 0.1875 0.725
vt 0.2375 0.725
vt 0.2375 0.525
vt 0.1875 0.525
vt 0.2375 0.725
vt 0.1375 0.525
vt 0.1375 0.725
vt 0.1875 0.525
vt 0.1375 0.725
vt 0.1875 0.725
vt 0.1875 0.525
vt 0.1875 0.525
vt 0.1875 0.725
vt 0.2375 0.525
vt 0.1875 0.725
vt 0.2375 0.725
vt 0.2375 0.525
vt 0.1375 0.525
vt 0.1375 0.725
vt 0.1875 0.525
vt 0.1375 0.725
vt 0.1875 0.725
vt 0.1875 0.525
vt 0.1875 0.525
vt 0.1875 0.725
vt 0.2375 0.525
vt 0.1875 0.725
vt 0.2375 0.725
vt 0.2375 0.525
vt 0.1375 0.525
vt 0.1375 0.725
vt 0.2375 0.725
vt 0.2375 0.525
vt 0.1375 0.525
vt 0.2375 0.725
vt 0.1375 0.525
vt 0.1375 0.725
vt 0.2375 0.725
vt 0.2375 0.525
vt 0.1375 0.525
vt 0.2375 0.725
vt 0.1375 0.525
vt 0.1375 0.725
vt 0.2375 0.725
vt 0.2375 0.525
vt 0.1375 0.525
vt 0.2375 0.725
vt 0.1375 0.525
vt 0.1375 0.725
vt 0.2375 0.725
vt 0.2375 0.525
vt 0.1375 0.525
vt 0.2375 0.725
vt 0.1375 0.525
vt 0.1375 0.725
vt 0.2375 0.525
vt 0.1375 0.725
vt 0.2375 0.725
vt 0.2375 0.525
vt 0.1375 0.525
vt 0.1375 0.725
vt 0.2375 0.525
vt 0.1375 0.725
vt 0.2375 0.725
vt 0.2375 0.525
vt 0.1375 0.525
vt 0.1375 0.725
vt 0.2375 0.525
vt 0.1375 0.725
vt 0.2375 0.725
vt 0.2375 0.525
vt 0.1375 0.525
vt 0.1375 0.725
vt 0.2375 0.525
vt 0.1375 0.725
vt 0.2375 0.725
vt 0.2375 0.525
vt 0.2625 0.525
vt 0.2625 0.725
vt 0.3125 0.725
vt 0.3125 0.525
vt 0.2625 0.525
vt 0.3125 0.725
vt 0.3125 0.525
vt 0.3125 0.725
vt 0.3625 0.725
vt 0.3625 0.525
vt 0.3125 0.525
vt 0.3625 0.725
vt 0.2625 0.525
vt 0.2625 0.725
vt 0.3125 0.725
vt 0.3125 0.525
vt 0.2625 0.525
vt 0.3125 0.725
vt 0.3125 0.525
vt 0.3125 0.725
vt 0.3625 0.725
vt 0.3625 0.525
vt 0.3125 0.525
vt 0.3625 0.725
vt 0.2625 0.525
vt 0.2625 0.725
vt 0.3125 0.525
vt 0.2625 0.725
vt 0.3125 0.725
vt 0.3125 0.525
vt 0.3125 0.525
vt 0.3125 0.725
vt 0.3625 0.525
vt 0.3125 0.725
vt 0.3625 0.725
vt 0.3625 0.525
vt 0.2625 0.525
vt 0.2625 0.725
vt 0.3125 0.525
vt 0.2625 0.725
vt 0.3125 0.725
vt 0.3125 0.525
vt 0.3125 0.525
vt 0.3125 0.725
vt 0.3625 0.525
vt 0.3125 0.725
vt 0.3625 0.725
vt 0.3625 0.525
vt 0.87625 0.025
vt 0.87625 0.225
vt 0.87625 0.225
vt 0.87625 0.025
vt 0.87625 0.025
vt 0.87625 0.225
vt 0.87625 0.025
vt 0.87625 0.225
vt 0.87625 0.225
vt 0.87625 0.025
vt 0.87625 0.025
vt 0.87625 0.225
vt 0.87625 0.025
vt 0.87625 0.225
vt 0.87625 0.225
vt 0.87625 0.025
vt 0.87625 0.025
vt 0.87625 0.225
vt 0.87625 0.025
vt 0.87625 0.225
vt 0.87625 0.225
vt 0.87625 0.025
vt 0.87625 0.025
vt 0.87625 0.225
vt 0.87625 0.025
vt 0.87625 0.225
vt 0.87625 0.025
vt 0.87625 0.225
vt 0.87625 0.225
vt 0.87625 0.025
vt 0.87625 0.025
vt 0.87625 0.225
vt 0.87625 0.025
vt 0.87625 0.225
vt 0.87625 0.225
vt 0.87625 0.025
vt 0.87625 0.025
vt 0.87625 0.225
vt 0.87625 0.025
vt 0.87625 0.225
vt 0.87625 0.225
vt 0.87625 0.025
vt 0.87625 0.025
vt 0.87625 0.225
vt 0.87625 0.025
vt 0.87625 0.225
vt 0.87625 0.225
vt 0.87625 0.025
vt 0.3875 0.775
vt 0.3875 0.975
vt 0.4875 0.975
vt 0.4875 0.775
vt 0.3875 0.775
vt 0.4875 0.975
vt 0.3875 0.775
vt 0.3875 0.975
vt 0.4875 0.975
vt 0.4875 0.775
vt 0.3875 0.775
vt 0.4875 0.975
vt 0.3875 0.775
vt 0.3875 0.975
vt 0.4875 0.975
vt 0.4875 0.775
vt 0.3875 0.775
vt 0.4875 0.975
vt 0.3875 0.775
vt 0.3875 0.975
vt 0.4875 0.975
vt 0.4875 0.775
vt 0.3875 0.775
vt 0.4875 0.975
vt 0.3875 0.775
vt 0.3875 0.975
vt 0.4875 0.775
vt 0.3875 0.975
vt 0.4875 0.975
vt 0.4875 0.775
vt 0.3875 0.775
vt 0.3875 0.975
vt 0.4875 0.775
vt 0.3875 0.975
vt 0.4875 0.975
vt 0.4875 0.775
vt 0.3875 0.775
vt 0.3875 0.975
vt 0.4875 0.775
vt 0.3875 0.975
vt 0.4875 0.975
vt 0.4875 0.775
vt 0.3875 0.775
vt 0.3875 0.975
vt 0.4875 0.775
vt 0.3875 0.975
vt 0.4875 0.975
vt 0.4875 0.775
vt 0.8125 0.775
vt 0.8125 0.975
vt 0.8325 0.975
vt 0.8325 0.775
vt 0.8125 0.775
vt 0.8325 0.975
vt 0.8325 0.775
vt 0.8325 0.975
vt 0.8525 0.975
vt 0.8525 0.775
vt 0.8325 0.775
vt 0.8525 0.975
vt 0.8525 0.775
vt 0.8525 0.975
vt 0.8725 0.975
vt 0.8725 0.775
vt 0.8525 0.775
vt 0.8725 0.975
vt 0.7725 0.775
vt 0.7725 0.975
vt 0.7925 0.975
vt 0.7925 0.775
vt 0.7725 0.775
vt 0.7925 0.975
vt 0.7925 0.775
vt 0.7925 0.975
vt 0.8125 0.975
vt 0.8125 0.775
vt 0.7925 0.775
vt 0.8125 0.975
vt 0.8125 0.775
vt 0.8125 0.975
vt 0.8325 0.775
vt 0.8125 0.975
vt 0.8325 0.975
vt 0.8325 0.775
vt 0.8325 0.775
vt 0.8325 0.975
vt 0.8525 0.775
vt 0.8325 0.975
vt 0.8525 0.975
vt 0.8525 0.775
vt 0.8525 0.775
vt 0.8525 0.975
vt 0.8725 0.775
vt 0.8525 0.975
vt 0.8725 0.975
vt 0.8725 0.775
vt 0.7725 0.775
vt 0.7725 0.975
vt 0.7925 0.775
vt 0.7725 0.975
vt 0.7925 0.975
vt 0.7925 0.775
vt 0.7925 0.775
vt 0.7925 0.975
vt 0.8125 0.775
vt 0.7925 0.975
vt 0.8125 0.975
vt 0.8125 0.775
vt 0.5625 0.775
vt 0.5625 0.975
vt 0.5825 0.975
vt 0.5825 0.775
vt 0.5625 0.775
vt 0.5825 0.975
vt 0.5825 0.775
vt 0.5825 0.975
vt 0.6025 0.975
vt 0.6025 0.775
vt 0.5825 0.775
vt 0.6025 0.975
vt 0.6025 0.775
vt 0.6025 0.975
vt 0.6225 0.975
vt 0.6225 0.775
vt 0.6025 0.775
vt 0.6225 0.975
vt 0.5225 0.775
vt 0.5225 0.975
vt 0.5425 0.975
vt 0.5425 0.775
vt 0.5225 0.775
vt 0.5425 0.975
vt 0.5425 0.775
vt 0.5425 0.975
vt 0.5625 0.975
vt 0.5625 0.775
vt 0.5425 0.775
vt 0.5625 0.975
vt 0.5625 0.775
vt 0.5625 0.975
vt 0.5825 0.775
vt 0.5625 0.975
vt 0.5825 0.975
vt 0.5825 0.775
vt 0.5825 0.775
vt 0.5825 0.975
vt 0.6025 0.775
vt 0.5825 0.975
vt 0.6025 0.975
vt 0.6025 0.775
vt 0.6025 0.775
vt 0.6025 0.975
vt 0.6225 0.775
vt 0.6025 0.975
vt 0.6225 0.975
vt 0.6225 0.775
vt 0.5225 0.775
vt 0.5225 0.975
vt 0.5425 0.775
vt 0.5225 0.975
vt 0.5425 0.975
vt 0.5425 0.775
vt 0.5425 0.775
vt 0.5425 0.975
vt 0.5625 0.775
vt 0.5425 0.975
vt 0.5625 0.975
vt 0.5625 0.775
vt 0.3125 0.525
vt 0.3125 0.725
vt 0.3325 0.725
vt 0.3325 0.525
vt 0.3125 0.525
vt 0.3325 0.725
vt 0.3325 0.525
vt 0.3325 0.725
vt 0.3525 0.725
vt 0.3525 0.525
vt 0.3325 0.525
vt 0.3525 0.725
vt 0.3525 0.525
vt 0.3525 0.725
vt 0.3725 0.725
vt 0.3725 0.525
vt 0.3525 0.525
vt 0.3725 0.725
vt 0.2725 0.525
vt 0.2725 0.725
vt 0.2925 0.725
vt 0.2925 0.525
vt 0.2725 0.525
vt 0.2925 0.725
vt 0.2925 0.525
vt 0.2925 0.725
vt 0.3125 0.725
vt 0.3125 0.525
vt 0.2925 0.525
vt 0.3125 0.725
vt 0.3125 0.525
vt 0.3125 0.725
vt 0.3325 0.525
vt 0.3125 0.725
vt 0.3325 0.725
vt 0.3325 0.525
vt 0.3325 0.525
vt 0.3325 0.725
vt 0.3525 0.525
vt 0.3325 0.725
vt 0.3525 0.725
vt 0.3525 0.525
vt 0.3525 0.525
vt 0.3525 0.725
vt 0.3725 0.525
vt 0.3525 0.725
vt 0.3725 0.725
vt 0.3725 0.525
vt 0.2725 0.525
vt 0.2725 0.725
vt 0.2925 0.525
vt 0.2725 0.725
vt 0.2925 0.725
vt 0.2925 0.525
vt 0.2925 0.525
vt 0.2925 0.725
vt 0.3125 0.525
vt 0.2925 0.725
vt 0.3125 0.725
vt 0.3125 0.525
vt 0.4375 0.775
vt 0.4375 0.975
vt 0.4575 0.975
vt 0.4575 0.775
vt 0.4375 0.775
vt 0.4575 0.975
vt 0.4575 0.775
vt 0.4575 0.975
vt 0.4775 0.975
vt 0.4775 0.775
vt 0.4575 0.775
vt 0.4775 0.975
vt 0.4775 0.775
vt 0.4775 0.975
vt 0.4975 0.975
vt 0.4975 0.775
vt 0.4775 0.775
vt 0.4975 0.975
vt 0.3975 0.775
vt 0.3975 0.975
vt 0.4175 0.975
vt 0.4175 0.775
vt 0.3975 0.775
vt 0.4175 0.975
vt 0.4175 0.775
vt 0.4175 0.975
vt 0.4375 0.975
vt 0.4375 0.775
vt 0.4175 0.775
vt 0.4375 0.975
vt 0.4375 0.775
vt 0.4375 0.975
vt 0.4575 0.775
vt 0.4375 0.975
vt 0.4575 0.975
vt 0.4575 0.775
vt 0.4575 0.775
vt 0.4575 0.975
vt 0.4775 0.775
vt 0.4575 0.975
vt 0.4775 0.975
vt 0.4775 0.775
vt 0.4775 0.775
vt 0.4775 0.975
vt 0.4975 0.775
vt 0.4775 0.975
vt 0.4975 0.975
vt 0.4975 0.775
vt 0.3975 0.775
vt 0.3975 0.975
vt 0.4175 0.775
vt 0.3975 0.975
vt 0.4175 0.975
vt 0.4175 0.775
vt 0.4175 0.775
vt 0.4175 0.975
vt 0.4375 0.775
vt 0.4175 0.975
vt 0.4375 0.975
vt 0.4375 0.775
vt 0.5625 0.775
vt 0.5625 0.975
vt 0.5825 0.975
vt 0.5825 0.775
vt 0.5625 0.775
vt 0.5825 0.975
vt 0.5825 0.775
vt 0.5825 0.975
vt 0.6025 0.975
vt 0.6025 0.775
vt 0.5825 0.775
vt 0.6025 0.975
vt 0.6025 0.775
vt 0.6025 0.975
vt 0.6225 0.975
vt 0.6225 0.775
vt 0.6025 0.775
vt 0.6225 0.975
vt 0.5225 0.775
vt 0.5225 0.975
vt 0.5425 0.975
vt 0.5425 0.775
vt 0.5225 0.775
vt 0.5425 0.975
vt 0.5425 0.775
vt 0.5425 0.975
vt 0.5625 0.975
vt 0.5625 0.775
vt 0.5425 0.775
vt 0.5625 0.975
vt 0.5625 0.775
vt 0.5625 0.975
vt 0.5825 0.775
vt 0.5625 0.975
vt 0.5825 0.975
vt 0.5825 0.775
vt 0.5825 0.775
vt 0.5825 0.975
vt 0.6025 0.775
vt 0.5825 0.975
vt 0.6025 0.975
vt 0.6025 0.775
vt 0.6025 0.775
vt 0.6025 0.975
vt 0.6225 0.775
vt 0.6025 0.975
vt 0.6225 0.975
vt 0.6225 0.775
vt 0.5225 0.775
vt 0.5225 0.975
vt 0.5425 0.775
vt 0.5225 0.975
vt 0.5425 0.975
vt 0.5425 0.775
vt 0.5425 0.775
vt 0.5425 0.975
vt 0.5625 0.775
vt 0.5425 0.975
vt 0.5625 0.975
vt 0.5625 0.775
vt 0.4375 0.775
vt 0.4375 0.975
vt 0.4575 0.975
vt 0.4575 0.775
vt 0.4375 0.775
vt 0.4575 0.975
vt 0.4575 0.775
vt 0.4575 0.975
vt 0.4775 0.975
vt 0.4775 0.775
vt 0.4575 0.775
vt 0.4775 0.975
vt 0.4775 0.775
vt 0.4775 0.975
vt 0.4975 0.975
vt 0.4975 0.775
vt 0.4775 0.775
vt 0.4975 0.975
vt 0.3975 0.775
vt 0.3975 0.975
vt 0.4175 0.975
vt 0.4175 0.775
vt 0.3975 0.775
vt 0.4175 0.975
vt 0.4175 0.775
vt 0.4175 0.975
vt 0.4375 0.975
vt 0.4375 0.775
vt 0.4175 0.775
vt 0.4375 0.975
vt 0.4375 0.775
vt 0.4375 0.975
vt 0.4575 0.775
vt 0.4375 0.975
vt 0.4575 0.975
vt 0.4575 0.775
vt 0.4575 0.775
vt 0.4575 0.975
vt 0.4775 0.775
vt 0.4575 0.975
vt 0.4775 0.975
vt 0.4775 0.775
vt 0.4775 0.775
vt 0.4775 0.975
vt 0.4975 0.775
vt 0.4775 0.975
vt 0.4975 0.975
vt 0.4975 0.775
vt 0.3975 0.775
vt 0.3975 0.975
vt 0.4175 0.775
vt 0.3975 0.975
vt 0.4175 0.975
vt 0.4175 0.775
vt 0.4175 0.775
vt 0.4175 0.975
vt 0.4375 0.775
vt 0.4175 0.975
vt 0.4375 0.975
vt 0.4375 0.775
vt 0.5625 0.775
vt 0.5625 0.975
vt 0.5825 0.975
vt 0.5825 0.775
vt 0.5625 0.775
vt 0.5825 0.975
vt 0.5825 0.775
vt 0.5825 0.975
vt 0.6025 0.975
vt 0.6025 0.775
vt 0.5825 0.775
vt 0.6025 0.975
vt 0.6025 0.775
vt 0.6025 0.975
vt 0.6225 0.975
vt 0.6225 0.775
vt 0.6025 0.775
vt 0.6225 0.975
vt 0.5225 0.775
vt 0.5225 0.975
vt 0.5425 0.975
vt 0.5425 0.775
vt 0.5225 0.775
vt 0.5425 0.975
vt 0.5425 0.775
vt 0.5425 0.975
vt 0.5625 0.975
vt 0.5625 0.775
vt 0.5425 0.775
vt 0.5625 0.975
vt 0.5625 0.775
vt 0.5625 0.975
vt 0.5825 0.775
vt 0.5625 0.975
vt 0.5825 0.975
vt 0.5825 0.775
vt 0.5825 0.775
vt 0.5825 0.975
vt 0.6025 0.775
vt 0.5825 0.975
vt 0.6025 0.975
vt 0.6025 0.775
vt 0.6025 0.775
vt 0.6025 0.975
vt 0.6225 0.775
vt 0.6025 0.975
vt 0.6225 0.975
vt 0.6225 0.775
vt 0.5225 0.775
vt 0.5225 0.975
vt 0.5425 0.775
vt 0.5225 0.975
vt 0.5425 0.975
vt 0.5425 0.775
vt 0.5425 0.775
vt 0.5425 0.975
vt 0.5625 0.775
vt 0.5425 0.975
vt 0.5625 0.975
vt 0.5625 0.775
vt 0.4375 0.775
vt 0.4375 0.975
vt 0.4575 0.975
vt 0.4575 0.775
vt 0.4375 0.775
vt 0.4575 0.975
vt 0.4575 0.775
vt 0.4575 0.975
vt 0.4775 0.975
vt 0.4775 0.775
vt 0.4575 0.775
vt 0.4775 0.975
vt 0.4775 0.775
vt 0.4775 0.975
vt 0.4975 0.975
vt 0.4975 0.775
vt 0.4775 0.775
vt 0.4975 0.975
vt 0.3975 0.775
vt 0.3975 0.975
vt 0.4175 0.975
vt 0.4175 0.775
vt 0.3975 0.775
vt 0.4175 0.975
vt 0.4175 0.775
vt 0.4175 0.975
vt 0.4375 0.975
vt 0.4375 0.775
vt 0.4175 0.775
vt 0.4375 0.975
vt 0.4375 0.775
vt 0.4375 0.975
vt 0.4575 0.775
vt 0.4375 0.975
vt 0.4575 0.975
vt 0.4575 0.775
vt 0.4575 0.775
vt 0.4575 0.975
vt 0.4775 0.775
vt 0.4575 0.975
vt 0.4775 0.975
vt 0.4775 0.775
vt 0.4775 0.775
vt 0.4775 0.975
vt 0.4975 0.775
vt 0.4775 0.975
vt 0.4975 0.975
vt 0.4975 0.775
vt 0.3975 0.775
vt 0.3975 0.975
vt 0.4175 0.775
vt 0.3975 0.975
vt 0.4175 0.975
vt 0.4175 0.775
vt 0.4175 0.775
vt 0.4175 0.975
vt 0.4375 0.775
vt 0.4175 0.975
vt 0.4375 0.975
vt 0.4375 0.775
vt 0.5625 0.775
vt 0.5625 0.975
vt 0.5825 0.975
vt 0.5825 0.775
vt 0.5625 0.775
vt 0.5825 0.975
vt 0.5825 0.775
vt 0.5825 0.975
vt 0.6025 0.975
vt 0.6025 0.775
vt 0.5825 0.775
vt 0.6025 0.975
vt 0.6025 0.775
vt 0.6025 0.975
vt 0.6225 0.975
vt 0.6225 0.775
vt 0.6025 0.775
vt 0.6225 0.975
vt 0.5225 0.775
vt 0.5225 0.975
vt 0.5425 0.975
vt 0.5425 0.775
vt 0.5225 0.775
vt 0.5425 0.975
vt 0.5425 0.775
vt 0.5425 0.975
vt 0.5625 0.975
vt 0.5625 0.775
vt 0.5425 0.775
vt 0.5625 0.975
vt 0.5625 0.775
vt 0.5625 0.975
vt 0.5825 0.775
vt 0.5625 0.975
vt 0.5825 0.975
vt 0.5825 0.775
vt 0.5825 0.775
vt 0.5825 0.975
vt 0.6025 0.775
vt 0.5825 0.975
vt 0.6025 0.975
vt 0.6025 0.775
vt 0.6025 0.775
vt 0.6025 0.975
vt 0.6225 0.775
vt 0.6025 0.975
vt 0.6225 0.975
vt 0.6225 0.775
vt 0.5225 0.775
vt 0.5225 0.975
vt 0.5425 0.775
vt 0.5225 0.975
vt 0.5425 0.975
vt 0.5425 0.775
vt 0.5425 0.775
vt 0.5425 0.975
vt 0.5625 0.775
vt 0.5425 0.975
vt 0.5625 0.975
vt 0.5625 0.775
vt 0.8125 0.775
vt 0.8125 0.975
vt 0.8325 0.975
vt 0.8325 0.775
vt 0.8125 0.775
vt 0.8325 0.975
vt 0.8325 0.775
vt 0.8325 0.975
vt 0.8525 0.975
vt 0.8525 0.775
vt 0.8325 0.775
vt 0.8525 0.975
vt 0.8525 0.775
vt 0.8525 0.975
vt 0.8725 0.975
vt 0.8725 0.775
vt 0.8525 0.775
vt 0.8725 0.975
vt 0.7725 0.775
vt 0.7725 0.975
vt 0.7925 0.975
vt 0.7925 0.775
vt 0.7725 0.775
vt 0.7925 0.975
vt 0.7925 0.775
vt 0.7925 0.975
vt 0.8125 0.975
vt 0.8125 0.775
vt 0.7925 0.775
vt 0.8125 0.975
vt 0.8125 0.775
vt 0.8125 0.975
vt 0.8325 0.775
vt 0.8125 0.975
vt 0.8325 0.975
vt 0.8325 0.775
vt 0.8325 0.775
vt 0.8325 0.975
vt 0.8525 0.775
vt 0.8325 0.975
vt 0.8525 0.975
vt 0.8525 0.775
vt 0.8525 0.775
vt 0.8525 0.975
vt 0.8725 0.775
vt 0.8525 0.975
vt 0.8725 0.975
vt 0.8725 0.775
vt 0.7725 0.775
vt 0.7725 0.975
vt 0.7925 0.775
vt 0.7725 0.975
vt 0.7925 0.975
vt 0.7925 0.775
vt 0.7925 0.775
vt 0.7925 0.975
vt 0.8125 0.775
vt 0.7925 0.975
vt 0.8125 0.975
vt 0.8125 0.775
vt 0.5625 0.775
vt 0.5625 0.975
vt 0.5825 0.975
vt 0.5825 0.775
vt 0.5625 0.775
vt 0.5825 0.975
vt 0.5825 0.775
vt 0.5825 0.975
vt 0.6025 0.975
vt 0.6025 0.775
vt 0.5825 0.775
vt 0.6025 0.975
vt 0.6025 0.775
vt 0.6025 0.975
vt 0.6225 0.975
vt 0.6225 0.775
vt 0.6025 0.775
vt 0.6225 0.975
vt 0.5225 0.775
vt 0.5225 0.975
vt 0.5425 0.975
vt 0.5425 0.775
vt 0.5225 0.775
vt 0.5425 0.975
vt 0.5425 0.775
vt 0.5425 0.975
vt 0.5625 0.975
vt 0.5625 0.775
vt 0.5425 0.775
vt 0.5625 0.975
vt 0.5625 0.775
vt 0.5625 0.975
vt 0.5825 0.775
vt 0.5625 0.975
vt 0.5825 0.975
vt 0.5825 0.775
vt 0.5825 0.775
vt 0.5825 0.975
vt 0.6025 0.775
vt 0.5825 0.975
vt 0.6025 0.975
vt 0.6025 0.775
vt 0.6025 0.775
vt 0.6025 0.975
vt 0.6225 0.775
vt 0.6025 0.975
vt 0.6225 0.975
vt 0.6225 0.775
vt 0.5225 0.775
vt 0.5225 0.975
vt 0.5425 0.775
vt 0.5225 0.975
vt 0.5425 0.975
vt 0.5425 0.775
vt 0.5425 0.775
vt 0.5425 0.975
vt 0.5625 0.775
vt 0.5425 0.975
vt 0.5625 0.975
vt 0.5625 0.775
vt 0.3125 0.525
vt 0.3125 0.725
vt 0.3325 0.725
vt 0.3325 0.525
vt 0.3125 0.525
vt 0.3325 0.725
vt 0.3325 0.525
vt 0.3325 0.725
vt 0.3525 0.725
vt 0.3525 0.525
vt 0.3325 0.525
vt 0.3525 0.725
vt 0.3525 0.525
vt 0.3525 0.725
vt 0.3725 0.725
vt 0.3725 0.525
vt 0.3525 0.525
vt 0.3725 0.725
vt 0.2725 0.525
vt 0.2725 0.725
vt 0.2925 0.725
vt 0.2925 0.525
vt 0.2725 0.525
vt 0.2925 0.725
vt 0.2925 0.525
vt 0.2925 0.725
vt 0.3125 0.725
vt 0.3125 0.525
vt 0.2925 0.525
vt 0.3125 0.725
vt 0.3125 0.525
vt 0.3125 0.725
vt 0.3325 0.525
vt 0.3125 0.725
vt 0.3325 0.725
vt 0.3325 0.525
vt 0.3325 0.525
vt 0.3325 0.725
vt 0.3525 0.525
vt 0.3325 0.725
vt 0.3525 0.725
vt 0.3525 0.525
vt 0.3525 0.525
vt 0.3525 0.725
vt 0.3725 0.525
vt 0.3525 0.725
vt 0.3725 0.725
vt 0.3725 0.525
vt 0.2725 0.525
vt 0.2725 0.725
vt 0.2925 0.525
vt 0.2725 0.725
vt 0.2925 0.725
vt 0.2925 0.525
vt 0.2925 0.525
vt 0.2925 0.725
vt 0.3125 0.525
vt 0.2925 0.725
vt 0.3125 0.725
vt 0.3125 0.525
vt 0.4375 0.775
vt 0.4375 0.975
vt 0.4575 0.975
vt 0.4575 0.775
vt 0.4375 0.775
vt 0.4575 0.975
vt 0.4575 0.775
vt 0.4575 0.975
vt 0.4775 0.975
vt 0.4775 0.775
vt 0.4575 0.775
vt 0.4775 0.975
vt 0.4775 0.775
vt 0.4775 0.975
vt 0.4975 0.975
vt 0.4975 0.775
vt 0.4775 0.775
vt 0.4975 0.975
vt 0.3975 0.775
vt 0.3975 0.975
vt 0.4175 0.975
vt 0.4175 0.775
vt 0.3975 0.775
vt 0.4175 0.975
vt 0.4175 0.775
vt 0.4175 0.975
vt 0.4375 0.975
vt 0.4375 0.775
vt 0.4175 0.775
vt 0.4375 0.975
vt 0.4375 0.775
vt 0.4375 0.975
vt 0.4575 0.775
vt 0.4375 0.975
vt 0.4575 0.975
vt 0.4575 0.775
vt 0.4575 0.775
vt 0.4575 0.975
vt 0.4775 0.775
vt 0.4575 0.975
vt 0.4775 0.975
vt 0.4775 0.775
vt 0.4775 0.775
vt 0.4775 0.975
vt 0.4975 0.775
vt 0.4775 0.975
vt 0.4975 0.975
vt 0.4975 0.775
vt 0.3975 0.775
vt 0.3975 0.975
vt 0.4175 0.775
vt 0.3975 0.975
vt 0.4175 0.975
vt 0.4175 0.775
vt 0.4175 0.775
vt 0.4175 0.975
vt 0.4375 0.775
vt 0.4175 0.975
vt 0.4375 0.975
vt 0.4375 0.775
vt 0.5625 0.775
vt 0.5625 0.975
vt 0.5825 0.975
vt 0.5825 0.775
vt 0.5625 0.775
vt 0.5825 0.975
vt 0.5825 0.775
vt 0.5825 0.975
vt 0.6025 0.975
vt 0.6025 0.775
vt 0.5825 0.775
vt 0.6025 0.975
vt 0.6025 0.775
vt 0.6025 0.975
vt 0.6225 0.975
vt 0.6225 0.775
vt 0.6025 0.775
vt 0.6225 0.975
vt 0.5225 0.775
vt 0.5225 0.975
vt 0.5425 0.975
vt 0.5425 0.775
vt 0.5225 0.775
vt 0.5425 0.975
vt 0.5425 0.775
vt 0.5425 0.975
vt 0.5625 0.975
vt 0.5625 0.775
vt 0.5425 0.775
vt 0.5625 0.975
vt 0.5625 0.775
vt 0.5625 0.975
vt 0.5825 0.775
vt 0.5625 0.975
vt 0.5825 0.975
vt 0.5825 0.775
vt 0.5825 0.775
vt 0.5825 0.975
vt 0.6025 0.775
vt 0.5825 0.975
vt 0.6025 0.975
vt 0.6025 0.775
vt 0.6025 0.775
vt 0.6025 0.975
vt 0.6225 0.775
vt 0.6025 0.975
vt 0.6225 0.975
vt 0.6225 0.775
vt 0.5225 0.775
vt 0.5225 0.975
vt 0.5425 0.775
vt 0.5225 0.975
vt 0.5425 0.975
vt 0.5425 0.775
vt 0.5425 0.775
vt 0.5425 0.975
vt 0.5625 0.775
vt 0.5425 0.975
vt 0.5625 0.975
vt 0.5625 0.775
vt 0.4375 0.775
vt 0.4375 0.975
vt 0.4575 0.975
vt 0.4575 0.775
vt 0.4375 0.775
vt 0.4575 0.975
vt 0.4575 0.775
vt 0.4575 0.975
vt 0.4775 0.975
vt 0.4775 0.775
vt 0.4575 0.775
vt 0.4775 0.975
vt 0.4775 0.775
vt 0.4775 0.975
vt 0.4975 0.975
vt 0.4975 0.775
vt 0.4775 0.775
vt 0.4975 0.975
vt 0.3975 0.775
vt 0.3975 0.975
vt 0.4175 0.975
vt 0.4175 0.775
vt 0.3975 0.775
vt 0.4175 0.975
vt 0.4175 0.775
vt 0.4175 0.975
vt 0.4375 0.975
vt 0.4375 0.775
vt 0.4175 0.775
vt 0.4375 0.975
vt 0.4375 0.775
vt 0.4375 0.975
vt 0.4575 0.775
vt 0.4375 0.975
vt 0.4575 0.975
vt 0.4575 0.775
vt 0.4575 0.775
vt 0.4575 0.975
vt 0.4775 0.775
vt 0.4575 0.975
vt 0.4775 0.975
vt 0.4775 0.775
vt 0.4775 0.775
vt 0.4775 0.975
vt 0.4975 0.775
vt 0.4775 0.975
vt 0.4975 0.975
vt 0.4975 0.775
vt 0.3975 0.775
vt 0.3975 0.975
vt 0.4175 0.775
vt 0.3975 0.975
vt 0.4175 0.975
vt 0.4175 0.775
vt 0.4175 0.775
vt 0.4175 0.975
vt 0.4375 0.775
vt 0.4175 0.975
vt 0.4375 0.975
vt 0.4375 0.775
vt 0.5625 0.775
vt 0.5625 0.975
vt 0.5825 0.975
vt 0.5825 0.775
vt 0.5625 0.775
vt 0.5825 0.975
vt 0.5825 0.775
vt 0.5825 0.975
vt 0.6025 0.975
vt 0.6025 0.775
vt 0.5825 0.775
vt 0.6025 0.975
vt 0.6025 0.775
vt 0.6025 0.975
vt 0.6225 0.975
vt 0.6225 0.775
vt 0.6025 0.775
vt 0.6225 0.975
vt 0.5225 0.775
vt 0.5225 0.975
vt 0.5425 0.975
vt 0.5425 0.775
vt 0.5225 0.775
vt 0.5425 0.975
vt 0.5425 0.775
vt 0.5425 0.975
vt 0.5625 0.975
vt 0.5625 0.775
vt 0.5425 0.775
vt 0.5625 0.975
vt 0.5625 0.775
vt 0.5625 0.975
vt 0.5825 0.775
vt 0.5625 0.975
vt 0.5825 0.975
vt 0.5825 0.775
vt 0.5825 0.775
vt 0.5825 0.975
vt 0.6025 0.775
vt 0.5825 0.975
vt 0.6025 0.975
vt 0.6025 0.775
vt 0.6025 0.775
vt 0.6025 0.975
vt 0.6225 0.775
vt 0.6025 0.975
vt 0.6225 0.975
vt 0.6225 0.775
vt 0.5225 0.775
vt 0.5225 0.975
vt 0.5425 0.775
vt 0.5225 0.975
vt 0.5425 0.975
vt 0.5425 0.775
vt 0.5425 0.775
vt 0.5425 0.975
vt 0.5625 0.775
vt 0.5425 0.975
vt 0.5625 0.975
vt 0.5625 0.775
vt 0.4375 0.775
vt 0.4375 0.975
vt 0.4575 0.975
vt 0.4575 0.775
vt 0.4375 0.775
vt 0.4575 0.975
vt 0.4575 0.775
vt 0.4575 0.975
vt 0.4775 0.975
vt 0.4775 0.775
vt 0.4575 0.775
vt 0.4775 0.975
vt 0.4775 0.775
vt 0.4775 0.975
vt 0.4975 0.975
vt 0.4975 0.775
vt 0.4775 0.775
vt 0.4975 0.975
vt 0.3975 0.775
vt 0.3975 0.975
vt 0.4175 0.975
vt 0.4175 0.775
vt 0.3975 0.775
vt 0.4175 0.975
vt 0.4175 0.775
vt 0.4175 0.975
vt 0.4375 0.975
vt 0.4375 0.775
vt 0.4175 0.775
vt 0.4375 0.975
vt 0.4375 0.775
vt 0.4375 0.975
vt 0.4575 0.775
vt 0.4375 0.975
vt 0.4575 0.975
vt 0.4575 0.775
vt 0.4575 0.775
vt 0.4575 0.975
vt 0.4775 0.775
vt 0.4575 0.975
vt 0.4775 0.975
vt 0.4775 0.775
vt 0.4775 0.775
vt 0.4775 0.975
vt 0.4975 0.775
vt 0.4775 0.975
vt 0.4975 0.975
vt 0.4975 0.775
vt 0.3975 0.775
vt 0.3975 0.975
vt 0.4175 0.775
vt 0.3975 0.975
vt 0.4175 0.975
vt 0.4175 0.775
vt 0.4175 0.775
vt 0.4175 0.975
vt 0.4375 0.775
vt 0.4175 0.975
vt 0.4375 0.975
vt 0.4375 0.775
vt 0.5625 0.775
vt 0.5625 0.975
vt 0.5825 0.975
vt 0.5825 0.775
vt 0.5625 0.775
vt 0.5825 0.975
vt 0.5825 0.775
vt 0.5825 0.975
vt 0.6025 0.975
vt 0.6025 0.775
vt 0.5825 0.775
vt 0.6025 0.975
vt 0.6025 0.775
vt 0.6025 0.975
vt 0.6225 0.975
vt 0.6225 0.775
vt 0.6025 0.775
vt 0.6225 0.975
vt 0.5225 0.775
vt 0.5225 0.975
vt 0.5425 0.975
vt 0.5425 0.775
vt 0.5225 0.775
vt 0.5425 0.975
vt 0.5425 0.775
vt 0.5425 0.975
vt 0.5625 0.975
vt 0.5625 0.775
vt 0.5425 0.775
vt 0.5625 0.975
vt 0.5625 0.775
vt 0.5625 0.975
vt 0.5825 0.775
vt 0.5625 0.975
vt 0.5825 0.975
vt 0.5825 0.775
vt 0.5825 0.775
vt 0.5825 0.975
vt 0.6025 0.775
vt 0.5825 0.975
vt 0.6025 0.975
vt 0.6025 0.775
vt 0.6025 0.775
vt 0.6025 0.975
vt 0.6225 0.775
vt 0.6025 0.975
vt 0.6225 0.975
vt 0.6225 0.775
vt 0.5225 0.775
vt 0.5225 0.975
vt 0.5425 0.775
vt 0.5225 0.975
vt 0.5425 0.975
vt 0.5425 0.775
vt 0.5425 0.775
vt 0.5425 0.975
vt 0.5625 0.775
vt 0.5425 0.975
vt 0.5625 0.975
vt 0.5625 0.775
vt 0.5625 0.775
vt 0.5625 0.975
vt 0.5825 0.975
vt 0.5825 0.775
vt 0.5625 0.775
vt 0.5825 0.975
vt 0.5825 0.775
vt 0.5825 0.975
vt 0.6025 0.975
vt 0.6025 0.775
vt 0.5825 0.775
vt 0.6025 0.975
vt 0.6025 0.775
vt 0.6025 0.975
vt 0.6225 0.975
vt 0.6225 0.775
vt 0.6025 0.775
vt 0.6225 0.975
vt 0.5225 0.775
vt 0.5225 0.975
vt 0.5425 0.975
vt 0.5425 0.775
vt 0.5225 0.775
vt 0.5425 0.975
vt 0.5425 0.775
vt 0.5425 0.975
vt 0.5625 0.975
vt 0.5625 0.775
vt 0.5425 0.775
vt 0.5625 0.975
vt 0.5625 0.775
vt 0.5625 0.975
vt 0.5825 0.775
vt 0.5625 0.975
vt 0.5825 0.975
vt 0.5825 0.775
vt 0.5825 0.775
vt 0.5825 0.975
vt 0.6025 0.775
vt 0.5825 0.975
vt 0.6025 0.975
vt 0.6025 0.775
vt 0.6025 0.775
vt 0.6025 0.975
vt 0.6225 0.775
vt 0.6025 0.975
vt 0.6225 0.975
vt 0.6225 0.775
vt 0.5225 0.775
vt 0.5225 0.975
vt 0.5425 0.775
vt 0.5225 0.975
vt 0.5425 0.975
vt 0.5425 0.775
vt 0.5425 0.775
vt 0.5425 0.975
vt 0.5625 0.775
vt 0.5425 0.975
vt 0.5625 0.975
vt 0.5625 0.775
vt 0.5625 0.775
vt 0.5625 0.975
vt 0.5825 0.975
vt 0.5825 0.775
vt 0.5625 0.775
vt 0.5825 0.975
vt 0.5825 0.775
vt 0.5825 0.975
vt 0.6025 0.975
vt 0.6025 0.775
vt 0.5825 0.775
vt 0.6025 0.975
vt 0.6025 0.775
vt 0.6025 0.975
vt 0.6225 0.975
vt 0.6225 0.775
vt 0.6025 0.775
vt 0.6225 0.975
vt 0.5225 0.775
vt 0.5225 0.975
vt 0.5425 0.975
vt 0.5425 0.775
vt 0.5225 0.775
vt 0.5425 0.975
vt 0.5425 0.775
vt 0.5425 0.975
vt 0.5625 0.975
vt 0.5625 0.775
vt 0.5425 0.775
vt 0.5625 0.975
vt 0.5625 0.775
vt 0.5625 0.975
vt 0.5825 0.775
vt 0.5625 0.975
vt 0.5825 0.975
vt 0.5825 0.775
vt 0.5825 0.775
vt 0.5825 0.975
vt 0.6025 0.775
vt 0.5825 0.975
vt 0.6025 0.975
vt 0.6025 0.775
vt 0.6025 0.775
vt 0.6025 0.975
vt 0.6225 0.775
vt 0.6025 0.975
vt 0.6225 0.975
vt 0.6225 0.775
vt 0.5225 0.775
vt 0.5225 0.975
vt 0.5425 0.775
vt 0.5225 0.975
vt 0.5425 0.975
vt 0.5425 0.775
vt 0.5425 0.775
vt 0.5425 0.975
vt 0.5625 0.775
vt 0.5425 0.975
vt 0.5625 0.975
vt 0.5625 0.775
vt 0.3125 0.525
vt 0.3125 0.725
vt 0.3325 0.725
vt 0.3325 0.525
vt 0.3125 0.525
vt 0.3325 0.725
vt 0.3325 0.525
vt 0.3325 0.725
vt 0.3525 0.725
vt 0.3525 0.525
vt 0.3325 0.525
vt 0.3525 0.725
vt 0.3525 0.525
vt 0.3525 0.725
vt 0.3725 0.725
vt 0.3725 0.525
vt 0.3525 0.525
vt 0.3725 0.725
vt 0.2725 0.525
vt 0.2725 0.725
vt 0.2925 0.725
vt 0.2925 0.525
vt 0.2725 0.525
vt 0.2925 0.725
vt 0.2925 0.525
vt 0.2925 0.725
vt 0.3125 0.725
vt 0.3125 0.525
vt 0.2925 0.525
vt 0.3125 0.725
vt 0.3125 0.525
vt 0.3125 0.725
vt 0.3325 0.525
vt 0.3125 0.725
vt 0.3325 0.725
vt 0.3325 0.525
vt 0.3325 0.525
vt 0.3325 0.725
vt 0.3525 0.525
vt 0.3325 0.725
vt 0.3525 0.725
vt 0.3525 0.525
vt 0.3525 0.525
vt 0.3525 0.725
vt 0.3725 0.525
vt 0.3525 0.725
vt 0.3725 0.725
vt 0.3725 0.525
vt 0.2725 0.525
vt 0.2725 0.725
vt 0.2925 0.525
vt 0.2725 0.725
vt 0.2925 0.725
vt 0.2925 0.525
vt 0.2925 0.525
vt 0.2925 0.725
vt 0.3125 0.525
vt 0.2925 0.725
vt 0.3125 0.725
vt 0.3125 0.525
vt 0.4375 0.775
vt 0.4375 0.975
vt 0.4575 0.975
vt 0.4575 0.775
vt 0.4375 0.775
vt 0.4575 0.975
vt 0.4575 0.775
vt 0.4575 0.975
vt 0.4775 0.975
vt 0.4775 0.775
vt 0.4575 0.775
vt 0.4775 0.975
vt 0.4775 0.775
vt 0.4775 0.975
vt 0.4975 0.975
vt 0.4975 0.775
vt 0.4775 0.775
vt 0.4975 0.975
vt 0.3975 0.775
vt 0.3975 0.975
vt 0.4175 0.975
vt 0.4175 0.775
vt 0.3975 0.775
vt 0.4175 0.975
vt 0.4175 0.775
vt 0.4175 0.975
vt 0.4375 0.975
vt 0.4375 0.775
vt 0.4175 0.775
vt 0.4375 0.975
vt 0.4375 0.775
vt 0.4375 0.975
vt 0.4575 0.775
vt 0.4375 0.975
vt 0.4575 0.975
vt 0.4575 0.775
vt 0.4575 0.775
vt 0.4575 0.975
vt 0.4775 0.775
vt 0.4575 0.975
vt 0.4775 0.975
vt 0.4775 0.775
vt 0.4775 0.775
vt 0.4775 0.975
vt 0.4975 0.775
vt 0.4775 0.975
vt 0.4975 0.975
vt 0.4975 0.775
vt 0.3975 0.775
vt 0.3975 0.975
vt 0.4175 0.775
vt 0.3975 0.975
vt 0.4175 0.975
vt 0.4175 0.775
vt 0.4175 0.775
vt 0.4175 0.975
vt 0.4375 0.775
vt 0.4175 0.975
vt 0.4375 0.975
vt 0.4375 0.775
vt 0.5625 0.775
vt 0.5625 0.975
vt 0.5825 0.975
vt 0.5825 0.775
vt 0.5625 0.775
vt 0.5825 0.975
vt 0.5825 0.775
vt 0.5825 0.975
vt 0.6025 0.975
vt 0.6025 0.775
vt 0.5825 0.775
vt 0.6025 0.975
vt 0.6025 0.775
vt 0.6025 0.975
vt 0.6225 0.975
vt 0.6225 0.775
vt 0.6025 0.775
vt 0.6225 0.975
vt 0.5225 0.775
vt 0.5225 0.975
vt 0.5425 0.975
vt 0.5425 0.775
vt 0.5225 0.775
vt 0.5425 0.975
vt 0.5425 0.775
vt 0.5425 0.975
vt 0.5625 0.975
vt 0.5625 0.775
vt 0.5425 0.775
vt 0.5625 0.975
vt 0.5625 0.775
vt 0.5625 0.975
vt 0.5825 0.775
vt 0.5625 0.975
vt 0.5825 0.975
vt 0.5825 0.775
vt 0.5825 0.775
vt 0.5825 0.975
vt 0.6025 0.775
vt 0.5825 0.975
vt 0.6025 0.975
vt 0.6025 0.775
vt 0.6025 0.775
vt 0.6025 0.975
vt 0.6225 0.775
vt 0.6025 0.975
vt 0.6225 0.975
vt 0.6225 0.775
vt 0.5225 0.775
vt 0.5225 0.975
vt 0.5425 0.775
vt 0.5225 0.975
vt 0.5425 0.975
vt 0.5425 0.775
vt 0.5425 0.775
vt 0.5425 0.975
vt 0.5625 0.775
vt 0.5425 0.975
vt 0.5625 0.975
vt 0.5625 0.775
vt 0.4375 0.775
vt 0.4375 0.975
vt 0.4575 0.975
vt 0.4575 0.775
vt 0.4375 0.775
vt 0.4575 0.975
vt 0.4575 0.775
vt 0.4575 0.975
vt 0.4775 0.975
vt 0.4775 0.775
vt 0.4575 0.775
vt 0.4775 0.975
vt 0.4775 0.775
vt 0.4775 0.975
vt 0.4975 0.975
vt 0.4975 0.775
vt 0.4775 0.775
vt 0.4975 0.975
vt 0.3975 0.775
vt 0.3975 0.975
vt 0.4175 0.975
vt 0.4175 0.775
vt 0.3975 0.775
vt 0.4175 0.975
vt 0.4175 0.775
vt 0.4175 0.975
vt 0.4375 0.975
vt 0.4375 0.775
vt 0.4175 0.775
vt 0.4375 0.975
vt 0.4375 0.775
vt 0.4375 0.975
vt 0.4575 0.775
vt 0.4375 0.975
vt 0.4575 0.975
vt 0.4575 0.775
vt 0.4575 0.775
vt 0.4575 0.975
vt 0.4775 0.775
vt 0.4575 0.975
vt 0.4775 0.975
vt 0.4775 0.775
vt 0.4775 0.775
vt 0.4775 0.975
vt 0.4975 0.775
vt 0.4775 0.975
vt 0.4975 0.975
vt 0.4975 0.775
vt 0.3975 0.775
vt 0.3975 0.975
vt 0.4175 0.775
vt 0.3975 0.975
vt 0.4175 0.975
vt 0.4175 0.775
vt 0.4175 0.775
vt 0.4175 0.975
vt 0.4375 0.775
vt 0.4175 0.975
vt 0.4375 0.975
vt 0.4375 0.775
vt 0.6875 0.525
vt 0.6875 0.725
vt 0.7075 0.725
vt 0.7075 0.525
vt 0.6875 0.525
vt 0.7075 0.725
vt 0.7075 0.525
vt 0.7075 0.725
vt 0.7275 0.725
vt 0.7275 0.525
vt 0.7075 0.525
vt 0.7275 0.725
vt 0.7275 0.525
vt 0.7275 0.725
vt 0.7475 0.725
vt 0.7475 0.525
vt 0.7275 0.525
vt 0.7475 0.725
vt 0.6475 0.525
vt 0.6475 0.725
vt 0.6675 0.725
vt 0.6675 0.525
vt 0.6475 0.525
vt 0.6675 0.725
vt 0.6675 0.525
vt 0.6675 0.725
vt 0.6875 0.725
vt 0.6875 0.525
vt 0.6675 0.525
vt 0.6875 0.725
vt 0.6875 0.525
vt 0.6875 0.725
vt 0.7075 0.525
vt 0.6875 0.725
vt 0.7075 0.725
vt 0.7075 0.525
vt 0.7075 0.525
vt 0.7075 0.725
vt 0.7275 0.525
vt 0.7075 0.725
vt 0.7275 0.725
vt 0.7275 0.525
vt 0.7275 0.525
vt 0.7275 0.725
vt 0.7475 0.525
vt 0.7275 0.725
vt 0.7475 0.725
vt 0.7475 0.525
vt 0.6475 0.525
vt 0.6475 0.725
vt 0.6675 0.525
vt 0.6475 0.725
vt 0.6675 0.725
vt 0.6675 0.525
vt 0.6675 0.525
vt 0.6675 0.725
vt 0.6875 0.525
vt 0.6675 0.725
vt 0.6875 0.725
vt 0.6875 0.525
vt 0.6875 0.525
vt 0.6875 0.725
vt 0.7075 0.725
vt 0.7075 0.525
vt 0.6875 0.525
vt 0.7075 0.725
vt 0.7075 0.525
vt 0.7075 0.725
vt 0.7275 0.725
vt 0.7275 0.525
vt 0.7075 0.525
vt 0.7275 0.725
vt 0.7275 0.525
vt 0.7275 0.725
vt 0.7475 0.725
vt 0.7475 0.525
vt 0.7275 0.525
vt 0.7475 0.725
vt 0.6475 0.525
vt 0.6475 0.725
vt 0.6675 0.725
vt 0.6675 0.525
vt 0.6475 0.525
vt 0.6675 0.725
vt 0.6675 0.525
vt 0.6675 0.725
vt 0.6875 0.725
vt 0.6875 0.525
vt 0.6675 0.525
vt 0.6875 0.725
vt 0.6875 0.525
vt 0.6875 0.725
vt 0.7075 0.525
vt 0.6875 0.725
vt 0.7075 0.725
vt 0.7075 0.525
vt 0.7075 0.525
vt 0.7075 0.725
vt 0.7275 0.525
vt 0.7075 0.725
vt 0.7275 0.725
vt 0.7275 0.525
vt 0.7275 0.525
vt 0.7275 0.725
vt 0.7475 0.525
vt 0.7275 0.725
vt 0.7475 0.725
vt 0.7475 0.525
vt 0.6475 0.525
vt 0.6475 0.725
vt 0.6675 0.525
vt 0.6475 0.725
vt 0.6675 0.725
vt 0.6675 0.525
vt 0.6675 0.525
vt 0.6675 0.725
vt 0.6875 0.525
vt 0.6675 0.725
vt 0.6875 0.725
vt 0.6875 0.525
vt 0.6875 0.525
vt 0.6875 0.725
vt 0.7075 0.725
vt 0.7075 0.525
vt 0.6875 0.525
vt 0.7075 0.725
vt 0.7075 0.525
vt 0.7075 0.725
vt 0.7275 0.725
vt 0.7275 0.525
vt 0.7075 0.525
vt 0.7275 0.725
vt 0.7275 0.525
vt 0.7275 0.725
vt 0.7475 0.725
vt 0.7475 0.525
vt 0.7275 0.525
vt 0.7475 0.725
vt 0.6475 0.525
vt 0.6475 0.725
vt 0.6675 0.725
vt 0.6675 0.525
vt 0.6475 0.525
vt 0.6675 0.725
vt 0.6675 0.525
vt 0.6675 0.725
vt 0.6875 0.725
vt 0.6875 0.525
vt 0.6675 0.525
vt 0.6875 0.725
vt 0.6875 0.525
vt 0.6875 0.725
vt 0.7075 0.525
vt 0.6875 0.725
vt 0.7075 0.725
vt 0.7075 0.525
vt 0.7075 0.525
vt 0.7075 0.725
vt 0.7275 0.525
vt 0.7075 0.725
vt 0.7275 0.725
vt 0.7275 0.525
vt 0.7275 0.525
vt 0.7275 0.725
vt 0.7475 0.525
vt 0.7275 0.725
vt 0.7475 0.725
vt 0.7475 0.525
vt 0.6475 0.525
vt 0.6475 0.725
vt 0.6675 0.525
vt 0.6475 0.725
vt 0.6675 0.725
vt 0.6675 0.525
vt 0.6675 0.525
vt 0.6675 0.725
vt 0.6875 0.525
vt 0.6675 0.725
vt 0.6875 0.725
vt 0.6875 0.525
vt 0.5625 0.775
vt 0.5625 0.975
vt 0.5825 0.975
vt 0.5825 0.775
vt 0.5625 0.775
vt 0.5825 0.975
vt 0.5825 0.775
vt 0.5825 0.975
vt 0.6025 0.975
vt 0.6025 0.775
vt 0.5825 0.775
vt 0.6025 0.975
vt 0.6025 0.775
vt 0.6025 0.975
vt 0.6225 0.975
vt 0.6225 0.775
vt 0.6025 0.775
vt 0.6225 0.975
vt 0.5225 0.775
vt 0.5225 0.975
vt 0.5425 0.975
vt 0.5425 0.775
vt 0.5225 0.775
vt 0.5425 0.975
vt 0.5425 0.775
vt 0.5425 0.975
vt 0.5625 0.975
vt 0.5625 0.775
vt 0.5425 0.775
vt 0.5625 0.975
vt 0.5625 0.775
vt 0.5625 0.975
vt 0.5825 0.775
vt 0.5625 0.975
vt 0.5825 0.975
vt 0.5825 0.775
vt 0.5825 0.775
vt 0.5825 0.975
vt 0.6025 0.775
vt 0.5825 0.975
vt 0.6025 0.975
vt 0.6025 0.775
vt 0.6025 0.775
vt 0.6025 0.975
vt 0.6225 0.775
vt 0.6025 0.975
vt 0.6225 0.975
vt 0.6225 0.775
vt 0.5225 0.775
vt 0.5225 0.975
vt 0.5425 0.775
vt 0.5225 0.975
vt 0.5425 0.975
vt 0.5425 0.775
vt 0.5425 0.775
vt 0.5425 0.975
vt 0.5625 0.775
vt 0.5425 0.975
vt 0.5625 0.975
vt 0.5625 0.775
vt 0.5625 0.775
vt 0.5625 0.975
vt 0.5825 0.975
vt 0.5825 0.775
vt 0.5625 0.775
vt 0.5825 0.975
vt 0.5825 0.775
vt 0.5825 0.975
vt 0.6025 0.975
vt 0.6025 0.775
vt 0.5825 0.775
vt 0.6025 0.975
vt 0.6025 0.775
vt 0.6025 0.975
vt 0.6225 0.975
vt 0.6225 0.775
vt 0.6025 0.775
vt 0.6225 0.975
vt 0.5225 0.775
vt 0.5225 0.975
vt 0.5425 0.975
vt 0.5425 0.775
vt 0.5225 0.775
vt 0.5425 0.975
vt 0.5425 0.775
vt 0.5425 0.975
vt 0.5625 0.975
vt 0.5625 0.775
vt 0.5425 0.775
vt 0.5625 0.975
vt 0.5625 0.775
vt 0.5625 0.975
vt 0.5825 0.775
vt 0.5625 0.975
vt 0.5825 0.975
vt 0.5825 0.775
vt 0.5825 0.775
vt 0.5825 0.975
vt 0.6025 0.775
vt 0.5825 0.975
vt 0.6025 0.975
vt 0.6025 0.775
vt 0.6025 0.775
vt 0.6025 0.975
vt 0.6225 0.775
vt 0.6025 0.975
vt 0.6225 0.975
vt 0.6225 0.775
vt 0.5225 0.775
vt 0.5225 0.975
vt 0.5425 0.775
vt 0.5225 0.975
vt 0.5425 0.975
vt 0.5425 0.775
vt 0.5425 0.775
vt 0.5425 0.975
vt 0.5625 0.775
vt 0.5425 0.975
vt 0.5625 0.975
vt 0.5625 0.775
vt 0.3125 0.525
vt 0.3125 0.725
vt 0.3325 0.725
vt 0.3325 0.525
vt 0.3125 0.525
vt 0.3325 0.725
vt 0.3325 0.525
vt 0.3325 0.725
vt 0.3525 0.725
vt 0.3525 0.525
vt 0.3325 0.525
vt 0.3525 0.725
vt 0.3525 0.525
vt 0.3525 0.725
vt 0.3725 0.725
vt 0.3725 0.525
vt 0.3525 0.525
vt 0.3725 0.725
vt 0.2725 0.525
vt 0.2725 0.725
vt 0.2925 0.725
vt 0.2925 0.525
vt 0.2725 0.525
vt 0.2925 0.725
vt 0.2925 0.525
vt 0.2925 0.725
vt 0.3125 0.725
vt 0.3125 0.525
vt 0.2925 0.525
vt 0.3125 0.725
vt 0.3125 0.525
vt 0.3125 0.725
vt 0.3325 0.525
vt 0.3125 0.725
vt 0.3325 0.725
vt 0.3325 0.525
vt 0.3325 0.525
vt 0.3325 0.725
vt 0.3525 0.525
vt 0.3325 0.725
vt 0.3525 0.725
vt 0.3525 0.525
vt 0.3525 0.525
vt 0.3525 0.725
vt 0.3725 0.525
vt 0.3525 0.725
vt 0.3725 0.725
vt 0.3725 0.525
vt 0.2725 0.525
vt 0.2725 0.725
vt 0.2925 0.525
vt 0.2725 0.725
vt 0.2925 0.725
vt 0.2925 0.525
vt 0.2925 0.525
vt 0.2925 0.725
vt 0.3125 0.525
vt 0.2925 0.725
vt 0.3125 0.725
vt 0.3125 0.525
vt 0.4375 0.775
vt 0.4375 0.975
vt 0.4575 0.975
vt 0.4575 0.775
vt 0.4375 0.775
vt 0.4575 0.975
vt 0.4575 0.775
vt 0.4575 0.975
vt 0.4775 0.975
vt 0.4775 0.775
vt 0.4575 0.775
vt 0.4775 0.975
vt 0.4775 0.775
vt 0.4775 0.975
vt 0.4975 0.975
vt 0.4975 0.775
vt 0.4775 0.775
vt 0.4975 0.975
vt 0.3975 0.775
vt 0.3975 0.975
vt 0.4175 0.975
vt 0.4175 0.775
vt 0.3975 0.775
vt 0.4175 0.975
vt 0.4175 0.775
vt 0.4175 0.975
vt 0.4375 0.975
vt 0.4375 0.775
vt 0.4175 0.775
vt 0.4375 0.975
vt 0.4375 0.775
vt 0.4375 0.975
vt 0.4575 0.775
vt 0.4375 0.975
vt 0.4575 0.975
vt 0.4575 0.775
vt 0.4575 0.775
vt 0.4575 0.975
vt 0.4775 0.775
vt 0.4575 0.975
vt 0.4775 0.975
vt 0.4775 0.775
vt 0.4775 0.775
vt 0.4775 0.975
vt 0.4975 0.775
vt 0.4775 0.975
vt 0.4975 0.975
vt 0.4975 0.775
vt 0.3975 0.775
vt 0.3975 0.975
vt 0.4175 0.775
vt 0.3975 0.975
vt 0.4175 0.975
vt 0.4175 0.775
vt 0.4175 0.775
vt 0.4175 0.975
vt 0.4375 0.775
vt 0.4175 0.975
vt 0.4375 0.975
vt 0.4375 0.775
vt 0.5625 0.775
vt 0.5625 0.975
vt 0.5825 0.975
vt 0.5825 0.775
vt 0.5625 0.775
vt 0.5825 0.975
vt 0.5825 0.775
vt 0.5825 0.975
vt 0.6025 0.975
vt 0.6025 0.775
vt 0.5825 0.775
vt 0.6025 0.975
vt 0.6025 0.775
vt 0.6025 0.975
vt 0.6225 0.975
vt 0.6225 0.775
vt 0.6025 0.775
vt 0.6225 0.975
vt 0.5225 0.775
vt 0.5225 0.975
vt 0.5425 0.975
vt 0.5425 0.775
vt 0.5225 0.775
vt 0.5425 0.975
vt 0.5425 0.775
vt 0.5425 0.975
vt 0.5625 0.975
vt 0.5625 0.775
vt 0.5425 0.775
vt 0.5625 0.975
vt 0.5625 0.775
vt 0.5625 0.975
vt 0.5825 0.775
vt 0.5625 0.975
vt 0.5825 0.975
vt 0.5825 0.775
vt 0.5825 0.775
vt 0.5825 0.975
vt 0.6025 0.775
vt 0.5825 0.975
vt 0.6025 0.975
vt 0.6025 0.775
vt 0.6025 0.775
vt 0.6025 0.975
vt 0.6225 0.775
vt 0.6025 0.975
vt 0.6225 0.975
vt 0.6225 0.775
vt 0.5225 0.775
vt 0.5225 0.975
vt 0.5425 0.775
vt 0.5225 0.975
vt 0.5425 0.975
vt 0.5425 0.775
vt 0.5425 0.775
vt 0.5425 0.975
vt 0.5625 0.775
vt 0.5425 0.975
vt 0.5625 0.975
vt 0.5625 0.775
vt 0.4375 0.775
vt 0.4375 0.975
vt 0.4575 0.975
vt 0.4575 0.775
vt 0.4375 0.775
vt 0.4575 0.975
vt 0.4575 0.775
vt 0.4575 0.975
vt 0.4775 0.975
vt 0.4775 0.775
vt 0.4575 0.775
vt 0.4775 0.975
vt 0.4775 0.775
vt 0.4775 0.975
vt 0.4975 0.975
vt 0.4975 0.775
vt 0.4775 0.775
vt 0.4975 0.975
vt 0.3975 0.775
vt 0.3975 0.975
vt 0.4175 0.975
vt 0.4175 0.775
vt 0.3975 0.775
vt 0.4175 0.975
vt 0.4175 0.775
vt 0.4175 0.975
vt 0.4375 0.975
vt 0.4375 0.775
vt 0.4175 0.775
vt 0.4375 0.975
vt 0.4375 0.775
vt 0.4375 0.975
vt 0.4575 0.775
vt 0.4375 0.975
vt 0.4575 0.975
vt 0.4575 0.775
vt 0.4575 0.775
vt 0.4575 0.975
vt 0.4775 0.775
vt 0.4575 0.975
vt 0.4775 0.975
vt 0.4775 0.775
vt 0.4775 0.775
vt 0.4775 0.975
vt 0.4975 0.775
vt 0.4775 0.975
vt 0.4975 0.975
vt 0.4975 0.775
vt 0.3975 0.775
vt 0.3975 0.975
vt 0.4175 0.775
vt 0.3975 0.975
vt 0.4175 0.975
vt 0.4175 0.775
vt 0.4175 0.775
vt 0.4175 0.975
vt 0.4375 0.775
vt 0.4175 0.975
vt 0.4375 0.975
vt 0.4375 0.775
vt 0.6875 0.525
vt 0.6875 0.725
vt 0.7075 0.725
vt 0.7075 0.525
vt 0.6875 0.525
vt 0.7075 0.725
vt 0.7075 0.525
vt 0.7075 0.725
vt 0.7275 0.725
vt 0.7275 0.525
vt 0.7075 0.525
vt 0.7275 0.725
vt 0.7275 0.525
vt 0.7275 0.725
vt 0.7475 0.725
vt 0.7475 0.525
vt 0.7275 0.525
vt 0.7475 0.725
vt 0.6475 0.525
vt 0.6475 0.725
vt 0.6675 0.725
vt 0.6675 0.525
vt 0.6475 0.525
vt 0.6675 0.725
vt 0.6675 0.525
vt 0.6675 0.725
vt 0.6875 0.725
vt 0.6875 0.525
vt 0.6675 0.525
vt 0.6875 0.725
vt 0.6875 0.525
vt 0.6875 0.725
vt 0.7075 0.525
vt 0.6875 0.725
vt 0.7075 0.725
vt 0.7075 0.525
vt 0.7075 0.525
vt 0.7075 0.725
vt 0.7275 0.525
vt 0.7075 0.725
vt 0.7275 0.725
vt 0.7275 0.525
vt 0.7275 0.525
vt 0.7275 0.725
vt 0.7475 0.525
vt 0.7275 0.725
vt 0.7475 0.725
vt 0.7475 0.525
vt 0.6475 0.525
vt 0.6475 0.725
vt 0.6675 0.525
vt 0.6475 0.725
vt 0.6675 0.725
vt 0.6675 0.525
vt 0.6675 0.525
vt 0.6675 0.725
vt 0.6875 0.525
vt 0.6675 0.725
vt 0.6875 0.725
vt 0.6875 0.525
vt 0.6875 0.525
vt 0.6875 0.725
vt 0.7075 0.725
vt 0.7075 0.525
vt 0.6875 0.525
vt 0.7075 0.725
vt 0.7075 0.525
vt 0.7075 0.725
vt 0.7275 0.725
vt 0.7275 0.525
vt 0.7075 0.525
vt 0.7275 0.725
vt 0.7275 0.525
vt 0.7275 0.725
vt 0.7475 0.725
vt 0.7475 0.525
vt 0.7275 0.525
vt 0.7475 0.725
vt 0.6475 0.525
vt 0.6475 0.725
vt 0.6675 0.725
vt 0.6675 0.525
vt 0.6475 0.525
vt 0.6675 0.725
vt 0.6675 0.525
vt 0.6675 0.725
vt 0.6875 0.725
vt 0.6875 0.525
vt 0.6675 0.525
vt 0.6875 0.725
vt 0.6875 0.525
vt 0.6875 0.725
vt 0.7075 0.525
vt 0.6875 0.725
vt 0.7075 0.725
vt 0.7075 0.525
vt 0.7075 0.525
vt 0.7075 0.725
vt 0.7275 0.525
vt 0.7075 0.725
vt 0.7275 0.725
vt 0.7275 0.525
vt 0.7275 0.525
vt 0.7275 0.725
vt 0.7475 0.525
vt 0.7275 0.725
vt 0.7475 0.725
vt 0.7475 0.525
vt 0.6475 0.525
vt 0.6475 0.725
vt 0.6675 0.525
vt 0.6475 0.725
vt 0.6675 0.725
vt 0.6675 0.525
vt 0.6675 0.525
vt 0.6675 0.725
vt 0.6875 0.525
vt 0.6675 0.725
vt 0.6875 0.725
vt 0.6875 0.525
vt 0.6875 0.525
vt 0.6875 0.725
vt 0.7075 0.725
vt 0.7075 0.525
vt 0.6875 0.525
vt 0.7075 0.725
vt 0.7075 0.525
vt 0.7075 0.725
vt 0.7275 0.725
vt 0.7275 0.525
vt 0.7075 0.525
vt 0.7275 0.725
vt 0.7275 0.525
vt 0.7275 0.725
vt 0.7475 0.725
vt 0.7475 0.525
vt 0.7275 0.525
vt 0.7475 0.725
vt 0.6475 0.525
vt 0.6475 0.725
vt 0.6675 0.725
vt 0.6675 0.525
vt 0.6475 0.525
vt 0.6675 0.725
vt 0.6675 0.525
vt 0.6675 0.725
vt 0.6875 0.725
vt 0.6875 0.525
vt 0.6675 0.525
vt 0.6875 0.725
vt 0.6875 0.525
vt 0.6875 0.725
vt 0.7075 0.525
vt 0.6875 0.725
vt 0.7075 0.725
vt 0.7075 0.525
vt 0.7075 0.525
vt 0.7075 0.725
vt 0.7275 0.525
vt 0.7075 0.725
vt 0.7275 0.725
vt 0.7275 0.525
vt 0.7275 0.525
vt 0.7275 0.725
vt 0.7475 0.525
vt 0.7275 0.725
vt 0.7475 0.725
vt 0.7475 0.525
vt 0.6475 0.525
vt 0.6475 0.725
vt 0.6675 0.525
vt 0.6475 0.725
vt 0.6675 0.725
vt 0.6675 0.525
vt 0.6675 0.525
vt 0.6675 0.725
vt 0.6875 0.525
vt 0.6675 0.725
vt 0.6875 0.725
vt 0.6875 0.525
vt 0.5125 0.775
vt 0.5125 0.835
vt 0.6125 0.775
vt 0.6125 0.775
vt 0.5125 0.835
vt 0.6125 0.835
vt 0.5125 0.835
vt 0.5125 0.975
vt 0.6125 0.835
vt 0.6125 0.835
vt 0.5125 0.975
vt 0.6125 0.975
vt 0.5125 0.775
vt 0.6125 0.775
vt 0.5125 0.835
vt 0.6125 0.775
vt 0.6125 0.835
vt 0.5125 0.835
vt 0.5125 0.835
vt 0.6125 0.835
vt 0.5125 0.975
vt 0.6125 0.835
vt 0.6125 0.975
vt 0.5125 0.975
vt 0.5125 0.775
vt 0.5125 0.835
vt 0.6125 0.775
vt 0.6125 0.775
vt 0.5125 0.835
vt 0.6125 0.835
vt 0.5125 0.835
vt 0.5125 0.975
vt 0.6125 0.835
vt 0.6125 0.835
vt 0.5125 0.975
vt 0.6125 0.975
vt 0.5125 0.775
vt 0.6125 0.775
vt 0.5125 0.835
vt 0.6125 0.775
vt 0.6125 0.835
vt 0.5125 0.835
vt 0.5125 0.835
vt 0.6125 0.835
vt 0.5125 0.975
vt 0.6125 0.835
vt 0.6125 0.975
vt 0.5125 0.975
vt 0.5125 0.775
vt 0.5125 0.835
vt 0.6125 0.775
vt 0.6125 0.775
vt 0.5125 0.835
vt 0.6125 0.835
vt 0.5125 0.835
vt 0.5125 0.975
vt 0.6125 0.835
vt 0.6125 0.835
vt 0.5125 0.975
vt 0.6125 0.975
vt 0.5125 0.775
vt 0.6125 0.775
vt 0.5125 0.835
vt 0.6125 0.775
vt 0.6125 0.835
vt 0.5125 0.835
vt 0.5125 0.835
vt 0.6125 0.835
vt 0.5125 0.975
vt 0.6125 0.835
vt 0.6125 0.975
vt 0.5125 0.975
vt 0.5125 0.775
vt 0.5125 0.835
vt 0.6125 0.775
vt 0.6125 0.775
vt 0.5125 0.835
vt 0.6125 0.975
vt 0.5125 0.835
vt 0.5125 0.975
vt 0.6125 0.975
vt 0.5125 0.775
vt 0.6125 0.775
vt 0.5125 0.835
vt 0.6125 0.775
vt 0.6125 0.975
vt 0.5125 0.835
vt 0.5125 0.835
vt 0.6125 0.975
vt 0.5125 0.975
vt 0.5125 0.835
vt 0.5125 0.775
vt 0.6125 0.775
vt 0.5125 0.835
vt 0.6125 0.775
vt 0.6125 0.835
vt 0.5125 0.975
vt 0.5125 0.835
vt 0.6125 0.835
vt 0.5125 0.975
vt 0.6125 0.835
vt 0.6125 0.975
vt 0.5125 0.835
vt 0.6125 0.775
vt 0.5125 0.775
vt 0.5125 0.835
vt 0.6125 0.835
vt 0.6125 0.775
vt 0.5125 0.975
vt 0.6125 0.835
vt 0.5125 0.835
vt 0.5125 0.975
vt 0.6125 0.975
vt 0.6125 0.835
vt 0.5125 0.835
vt 0.5125 0.775
vt 0.6125 0.775
vt 0.5125 0.835
vt 0.6125 0.775
vt 0.6125 0.835
vt 0.5125 0.975
vt 0.5125 0.835
vt 0.6125 0.835
vt 0.5125 0.975
vt 0.6125 0.835
vt 0.6125 0.975
vt 0.5125 0.835
vt 0.6125 0.775
vt 0.5125 0.775
vt 0.5125 0.835
vt 0.6125 0.835
vt 0.6125 0.775
vt 0.5125 0.975
vt 0.6125 0.835
vt 0.5125 0.835
vt 0.5125 0.975
vt 0.6125 0.975
vt 0.6125 0.835
vt 0.5125 0.835
vt 0.5125 0.775
vt 0.6125 0.775
vt 0.5125 0.835
vt 0.6125 0.775
vt 0.6125 0.835
vt 0.5125 0.975
vt 0.5125 0.835
vt 0.6125 0.835
vt 0.5125 0.975
vt 0.6125 0.835
vt 0.6125 0.975
vt 0.5125 0.835
vt 0.6125 0.775
vt 0.5125 0.775
vt 0.5125 0.835
vt 0.6125 0.835
vt 0.6125 0.775
vt 0.5125 0.975
vt 0.6125 0.835
vt 0.5125 0.835
vt 0.5125 0.975
vt 0.6125 0.975
vt 0.6125 0.835
vt 0.5125 0.835
vt 0.5125 0.775
vt 0.6125 0.775
vt 0.5125 0.835
vt 0.6125 0.775
vt 0.6125 0.975
vt 0.5125 0.975
vt 0.5125 0.835
vt 0.6125 0.975
vt 0.5125 0.835
vt 0.6125 0.775
vt 0.5125 0.775
vt 0.5125 0.835
vt 0.6125 0.975
vt 0.6125 0.775
vt 0.5125 0.975
vt 0.6125 0.975
vt 0.5125 0.835
vt 0.87625 0.025
vt 0.87625 0.145
vt 0.87625 0.025
vt 0.87625 0.025
vt 0.87625 0.145
vt 0.87625 0.225
vt 0.87625 0.145
vt 0.87625 0.225
vt 0.87625 0.225
vt 0.87625 0.025
vt 0.87625 0.025
vt 0.87625 0.145
vt 0.87625 0.025
vt 0.87625 0.225
vt 0.87625 0.145
vt 0.87625 0.145
vt 0.87625 0.225
vt 0.87625 0.225
vt 0.87625 0.145
vt 0.87625 0.025
vt 0.87625 0.025
vt 0.87625 0.145
vt 0.87625 0.025
vt 0.87625 0.225
vt 0.87625 0.225
vt 0.87625 0.145
vt 0.87625 0.225
vt 0.87625 0.145
vt 0.87625 0.025
vt 0.87625 0.025
vt 0.87625 0.145
vt 0.87625 0.225
vt 0.87625 0.025
vt 0.87625 0.225
vt 0.87625 0.225
vt 0.87625 0.145
vt 0.87625 0.025
vt 0.87625 0.145
vt 0.87625 0.025
vt 0.87625 0.025
vt 0.87625 0.145
vt 0.87625 0.225
vt 0.87625 0.145
vt 0.87625 0.225
vt 0.87625 0.225
vt 0.87625 0.025
vt 0.87625 0.025
vt 0.87625 0.145
vt 0.87625 0.025
vt 0.87625 0.225
vt 0.87625 0.145
vt 0.87625 0.145
vt 0.87625 0.225
vt 0.87625 0.225
vt 0.87625 0.145
vt 0.87625 0.025
vt 0.87625 0.025
vt 0.87625 0.145
vt 0.87625 0.025
vt 0.87625 0.225
vt 0.87625 0.225
vt 0.87625 0.145
vt 0.87625 0.225
vt 0.87625 0.145
vt 0.87625 0.025
vt 0.87625 0.025
vt 0.87625 0.145
vt 0.87625 0.225
vt 0.87625 0.025
vt 0.87625 0.225
vt 0.87625 0.225
vt 0.87625 0.145
vt 0.3875 0.775
vt 0.3875 0.895
vt 0.4875 0.775
vt 0.4875 0.775
vt 0.3875 0.895
vt 0.4875 0.975
vt 0.3875 0.895
vt 0.3875 0.975
vt 0.4875 0.975
vt 0.3875 0.775
vt 0.4875 0.775
vt 0.3875 0.895
vt 0.4875 0.775
vt 0.4875 0.975
vt 0.3875 0.895
vt 0.3875 0.895
vt 0.4875 0.975
vt 0.3875 0.975
vt 0.3875 0.895
vt 0.3875 0.775
vt 0.4875 0.775
vt 0.3875 0.895
vt 0.4875 0.775
vt 0.4875 0.975
vt 0.3875 0.975
vt 0.3875 0.895
vt 0.4875 0.975
vt 0.3875 0.895
vt 0.4875 0.775
vt 0.3875 0.775
vt 0.3875 0.895
vt 0.4875 0.975
vt 0.4875 0.775
vt 0.3875 0.975
vt 0.4875 0.975
vt 0.3875 0.895

f 21/1 1/2 2/3
f 22/4 21/5 2/6
f 22/7 2/8 3/9
f 23/10 22/11 3/12
f 23/13 3/14 4/15
f 24/16 23/17 4/18
f 24/19 4/20 5/21
f 25/22 24/23 5/24
f 25/25 5/26 6/27
f 26/28 25/29 6/30
f 26/31 6/32 7/33
f 27/34 26/35 7/36
f 27/37 7/38 8/39
f 28/40 27/41 8/42
f 28/43 8/44 9/45
f 29/46 28/47 9/48
f 29/49 9/50 10/51
f 30/52 29/53 10/54
f 30/55 10/56 11/57
f 31/58 30/59 11/60
f 31/61 11/62 32/63
f 11/64 12/65 32/66
f 32/67 12/68 33/69
f 12/70 13/71 33/72
f 33/73 13/74 34/75
f 13/76 14/77 34/78
f 34/79 14/80 35/81
f 14/82 15/83 35/84
f 35/85 15/86 36/87
f 15/88 16/89 36/90
f 36/91 16/92 37/93
f 16/94 17/95 37/96
f 37/97 17/98 38/99
f 17/100 18/101 38/102
f 38/103 18/104 39/105
f 18/106 19/107 39/108
f 39/109 19/110 40/111
f 19/112 20/113 40/114
f 40/115 20/116 21/117
f 20/118 1/119 21/120
f 41/121 21/122 22/123
f 42/124 41/125 22/126
f 42/127 22/128 23/129
f 43/130 42/131 23/132
f 43/133 23/134 24/135
f 44/136 43/137 24/138
f 44/139 24/140 25/141
f 45/142 44/143 25/144
f 45/145 25/146 26/147
f 46/148 45/149 26/150
f 46/151 26/152 27/153
f 47/154 46/155 27/156
f 47/157 27/158 28/159
f 48/160 47/161 28/162
f 48/163 28/164 29/165
f 49/166 48/167 29/168
f 49/169 29/170 30/171
f 50/172 49/173 30/174
f 50/175 30/176 31/177
f 51/178 50/179 31/180
f 51/181 31/182 52/183
f 31/184 32/185 52/186
f 52/187 32/188 53/189
f 32/190 33/191 53/192
f 53/193 33/194 54/195
f 33/196 34/197 54/198
f 54/199 34/200 55/201
f 34/202 35/203 55/204
f 55/205 35/206 56/207
f 35/208 36/209 56/210
f 56/211 36/212 57/213
f 36/214 37/215 57/216
f 57/217 37/218 58/219
f 37/220 38/221 58/222
f 58/223 38/224 59/225
f 38/226 39/227 59/228
f 59/229 39/230 60/231
f 39/232 40/233 60/234
f 60/235 40/236 41/237
f 40/238 21/239 41/240
f 61/241 41/242 42/243
f 62/244 61/245 42/246
f 62/247 42/248 43/249
f 63/250 62/251 43/252
f 63/253 43/254 44/255
f 64/256 63/257 44/258
f 64/259 44/260 45/261
f 65/262 64/263 45/264
f 65/265 45/266 46/267
f 66/268 65/269 46/270
f 66/271 46/272 47/273
f 67/274 66/275 47/276
f 67/277 47/278 48/279
f 68/280 67/281 48/282
f 68/283 48/284 49/285
f 69/286 68/287 49/288
f 69/289 49/290 50/291
f 70/292 69/293 50/294
f 70/295 50/296 51/297
f 71/298 70/299 51/300
f 71/301 51/302 72/303
f 51/304 52/305 72/306
f 72/307 52/308 73/309
f 52/310 53/311 73/312
f 73/313 53/314 74/315
f 53/316 54/317 74/318
f 74/319 54/320 75/321
f 54/322 55/323 75/324
f 75/325 55/326 76/327
f 55/328 56/329 76/330
f 76/331 56/332 77/333
f 56/334 57/335 77/336
f 77/337 57/338 78/339
f 57/340 58/341 78/342
f 78/343 58/344 79/345
f 58/346 59/347 79/348
f 79/349 59/350 80/351
f 59/352 60/353 80/354
f 80/355 60/356 61/357
f 60/358 41/359 61/360
f 81/361 61/362 62/363
f 82/364 81/365 62/366
f 82/367 62/368 63/369
f 83/370 82/371 63/372
f 83/373 63/374 64/375
f 84/376 83/377 64/378
f 84/379 64/380 65/381
f 85/382 84/383 65/384
f 85/385 65/386 66/387
f 86/388 85/389 66/390
f 86/391 66/392 67/393
f 87/394 86/395 67/396
f 87/397 67/398 68/399
f 88/400 87/401 68/402
f 88/403 68/404 69/405
f 89/406 88/407 69/408
f 89/409 69/410 70/411
f 90/412 89/413 70/414
f 90/415 70/416 71/417
f 91/418 90/419 71/420
f 91/421 71/422 92/423
f 71/424 72/425 92/426
f 92/427 72/428 93/429
f 72/430 73/431 93/432
f 93/433 73/434 94/435
f 73/436 74/437 94/438
f 94/439 74/440 95/441
f 74/442 75/443 95/444
f 95/445 75/446 96/447
f 75/448 76/449 96/450
f 96/451 76/452 97/453
f 76/454 77/455 97/456
f 97/457 77/458 98/459
f 77/460 78/461 98/462
f 98/463 78/464 99/465
f 78/466 79/467 99/468
f 99/469 79/470 100/471
f 79/472 80/473 100/474
f 100/475 80/476 81/477
f 80/478 61/479 81/480
f 101/481 81/482 82/483
f 102/484 101/485 82/486
f 102/487 82/488 83/489
f 103/490 102/491 83/492
f 103/493 83/494 84/495
f 104/496 103/497 84/498
f 104/499 84/500 85/501
f 105/502 104/503 85/504
f 105/505 85/506 86/507
f 106/508 105/509 86/510
f 106/511 86/512 87/513
f 107/514 106/515 87/516
f 107/517 87/518 88/519
f 108/520 107/521 88/522
f 108/523 88/524 89/525
f 109/526 108/527 89/528
f 109/529 89/530 90/531
f 110/532 109/533 90/534
f 110/535 90/536 91/537
f 111/538 110/539 91/540
f 111/541 91/542 112/543
f 91/544 92/545 112/546
f 112/547 92/548 113/549
f 92/550 93/551 113/552
f 113/553 93/554 114/555
f 93/556 94/557 114/558
f 114/559 94/560 115/561
f 94/562 95/563 115/564
f 115/565 95/566 116/567
f 95/568 96/569 116/570
f 116/571 96/572 117/573
f 96/574 97/575 117/576
f 117/577 97/578 118/579
f 97/580 98/581 118/582
f 118/583 98/584 119/585
f 98/586 99/587 119/588
f 119/589 99/590 120/591
f 99/592 100/593 120/594
f 120/595 100/596 101/597
f 100/598 81/599 101/600
f 121/601 101/602 102/603
f 122/604 121/605 102/606
f 122/607 102/608 103/609
f 123/610 122/611 103/612
f 123/613 103/614 104/615
f 124/616 123/617 104/618
f 124/619 104/620 105/621
f 125/622 124/623 105/624
f 125/625 105/626 106/627
f 126/628 125/629 106/630
f 126/631 106/632 107/633
f 127/634 126/635 107/636
f 127/637 107/638 108/639
f 128/640 127/641 108/642
f 128/643 108/644 109/645
f 129/646 128/647 109/648
f 129/649 109/650 110/651
f 130/652 129/653 110/654
f 130/655 110/656 111/657
f 131/658 130/659 111/660
f 131/661 111/662 132/663
f 111/664 112/665 132/666
f 132/667 112/668 133/669
f 112/670 113/671 133/672
f 133/673 113/674 134/675
f 113/676 114/677 134/678
f 134/679 114/680 135/681
f 114/682 115/683 135/684
f 135/685 115/686 136/687
f 115/688 116/689 136/690
f 136/691 116/692 137/693
f 116/694 117/695 137/696
f 137/697 117/698 138/699
f 117/700 118/701 138/702
f 138/703 118/704 139/705
f 118/706 119/707 139/708
f 139/709 119/710 140/711
f 119/712 120/713 140/714
f 140/715 120/716 121/717
f 120/718 101/719 121/720
f 141/721 121/722 122/723
f 142/724 141/725 122/726
f 142/727 122/728 123/729
f 143/730 142/731 123/732
f 143/733 123/734 124/735
f 144/736 143/737 124/738
f 144/739 124/740 125/741
f 145/742 144/743 125/744
f 145/745 125/746 126/747
f 146/748 145/749 126/750
f 146/751 126/752 127/753
f 147/754 146/755 127/756
f 147/757 127/758 128/759
f 148/760 147/761 128/762
f 148/763 128/764 129/765
f 149/766 148/767 129/768
f 149/769 129/770 130/771
f 150/772 149/773 130/774
f 150/775 130/776 131/777
f 151/778 150/779 131/780
f 151/781 131/782 152/783
f 131/784 132/785 152/786
f 152/787 132/788 153/789
f 132/790 133/791 153/792
f 153/793 133/794 154/795
f 133/796 134/797 154/798
f 154/799 134/800 155/801
f 134/802 135/803 155/804
f 155/805 135/806 156/807
f 135/808 136/809 156/810
f 156/811 136/812 157/813
f 136/814 137/815 157/816
f 157/817 137/818 158/819
f 137/820 138/821 158/822
f 158/823 138/824 159/825
f 138/826 139/827 159/828
f 159/829 139/830 160/831
f 139/832 140/833 160/834
f 160/835 140/836 141/837
f 140/838 121/839 141/840
f 161/841 141/842 142/843
f 162/844 161/845 142/846
f 162/847 142/848 143/849
f 163/850 162/851 143/852
f 163/853 143/854 144/855
f 164/856 163/857 144/858
f 164/859 144/860 145/861
f 165/862 164/863 145/864
f 165/865 145/866 146/867
f 166/868 165/869 146/870
f 166/871 146/872 147/873
f 167/874 166/875 147/876
f 167/877 147/878 148/879
f 168/880 167/881 148/882
f 168/883 148/884 149/885
f 169/886 168/887 149/888
f 169/889 149/890 150/891
f 170/892 169/893 150/894
f 170/895 150/896 151/897
f 171/898 170/899 151/900
f 171/901 151/902 172/903
f 151/904 152/905 172/906
f 172/907 152/908 173/909
f 152/910 153/911 173/912
f 173/913 153/914 174/915
f 153/916 154/917 174/918
f 174/919 154/920 175/921
f 154/922 155/923 175/924
f 175/925 155/926 176/927
f 155/928 156/929 176/930
f 176/931 156/932 177/933
f 156/934 157/935 177/936
f 177/937 157/938 178/939
f 157/940 158/941 178/942
f 178/943 158/944 179/945
f 158/946 159/947 179/948
f 179/949 159/950 180/951
f 159/952 160/953 180/954
f 180/955 160/956 161/957
f 160/958 141/959 161/960
f 181/961 161/962 162/963
f 182/964 181/965 162/966
f 182/967 162/968 163/969
f 183/970 182/971 163/972
f 183/973 163/974 164/975
f 184/976 183/977 164/978
f 184/979 164/980 165/981
f 185/982 184/983 165/984
f 185/985 165/986 166/987
f 186/988 185/989 166/990
f 186/991 166/992 167/993
f 187/994 186/995 167/996
f 187/997 167/998 168/999
f 188/1000 187/1001 168/1002
f 188/1003 168/1004 169/1005
f 189/1006 188/1007 169/1008
f 189/1009 169/1010 170/1011
f 190/1012 189/1013 170/1014
f 190/1015 170/1016 171/1017
f 191/1018 190/1019 171/1020
f 191/1021 171/1022 192/1023
f 171/1024 172/1025 192/1026
f 192/1027 172/1028 193/1029
f 172/1030 173/1031 193/1032
f 193/1033 173/1034 194/1035
f 173/1036 174/1037 194/1038
f 194/1039 174/1040 195/1041
f 174/1042 175/1043 195/1044
f 195/1045 175/1046 196/1047
f 175/1048 176/1049 196/1050
f 196/1051 176/1052 197/1053
f 176/1054 177/1055 197/1056
f 197/1057 177/1058 198/1059
f 177/1060 178/1061 198/1062
f 198/1063 178/1064 199/1065
f 178/1066 179/1067 199/1068
f 199/1069 179/1070 200/1071
f 179/1072 180/1073 200/1074
f 200/1075 180/1076 181/1077
f 180/1078 161/1079 181/1080
f 201/1081 181/1082 182/1083
f 202/1084 201/1085 182/1086
f 202/1087 182/1088 183/1089
f 203/1090 202/1091 183/1092
f 203/1093 183/1094 184/1095
f 204/1096 203/1097 184/1098
f 204/1099 184/1100 185/1101
f 205/1102 204/1103 185/1104
f 205/1105 185/1106 186/1107
f 206/1108 205/1109 186/1110
f 206/1111 186/1112 187/1113
f 207/1114 206/1115 187/1116
f 207/1117 187/1118 188/1119
f 208/1120 207/1121 188/1122
f 208/1123 188/1124 189/1125
f 209/1126 208/1127 189/1128
f 209/1129 189/1130 190/1131
f 210/1132 209/1133 190/1134
f 210/1135 190/1136 191/1137
f 211/1138 210/1139 191/1140
f 211/1141 191/1142 212/1143
f 191/1144 192/1145 212/1146
f 212/1147 192/1148 213/1149
f 192/1150 193/1151 213/1152
f 213/1153 193/1154 214/1155
f 193/1156 194/1157 214/1158
f 214/1159 194/1160 215/1161
f 194/1162 195/1163 215/1164
f 215/1165 195/1166 216/1167
f 195/1168 196/1169 216/1170
f 216/1171 196/1172 217/1173
f 196/1174 197/1175 217/1176
f 217/1177 197/1178 218/1179
f 197/1180 198/1181 218/1182
f 218/1183 198/1184 219/1185
f 198/1186 199/1187 219/1188
f 219/1189 199/1190 220/1191
f 199/1192 200/1193 220/1194
f 220/1195 200/1196 201/1197
f 200/1198 181/1199 201/1200
f 231/1201 221/1202 222/1203
f 232/1204 231/1205 222/1206
f 232/1207 222/1208 223/1209
f 233/1210 232/1211 223/1212
f 233/1213 223/1214 224/1215
f 234/1216 233/1217 224/1218
f 234/1219 224/1220 225/1221
f 235/1222 234/1223 225/1224
f 235/1225 225/1226 226/1227
f 236/1228 235/1229 226/1230
f 236/1231 226/1232 237/1233
f 226/1234 227/1235 237/1236
f 237/1237 227/1238 238/1239
f 227/1240 228/1241 238/1242
f 238/1243 228/1244 239/1245
f 228/1246 229/1247 239/1248
f 239/1249 229/1250 240/1251
f 229/1252 230/1253 240/1254
f 240/1255 230/1256 231/1257
f 230/1258 221/1259 231/1260
f 241/1261 231/1262 232/1263
f 242/1264 241/1265 232/1266
f 242/1267 232/1268 233/1269
f 243/1270 242/1271 233/1272
f 243/1273 233/1274 234/1275
f 244/1276 243/1277 234/1278
f 244/1279 234/1280 235/1281
f 245/1282 244/1283 235/1284
f 245/1285 235/1286 236/1287
f 246/1288 245/1289 236/1290
f 246/1291 236/1292 247/1293
f 236/1294 237/1295 247/1296
f 247/1297 237/1298 248/1299
f 237/1300 238/1301 248/1302
f 248/1303 238/1304 249/1305
f 238/1306 239/1307 249/1308
f 249/1309 239/1310 250/1311
f 239/1312 240/1313 250/1314
f 250/1315 240/1316 241/1317
f 240/1318 231/1319 241/1320
f 251/1321 241/1322 242/1323
f 252/1324 251/1325 242/1326
f 252/1327 242/1328 243/1329
f 253/1330 252/1331 243/1332
f 253/1333 243/1334 244/1335
f 254/1336 253/1337 244/1338
f 254/1339 244/1340 245/1341
f 255/1342 254/1343 245/1344
f 255/1345 245/1346 246/1347
f 256/1348 255/1349 246/1350
f 256/1351 246/1352 257/1353
f 246/1354 247/1355 257/1356
f 257/1357 247/1358 258/1359
f 247/1360 248/1361 258/1362
f 258/1363 248/1364 259/1365
f 248/1366 249/1367 259/1368
f 259/1369 249/1370 260/1371
f 249/1372 250/1373 260/1374
f 260/1375 250/1376 251/1377
f 250/1378 241/1379 251/1380
f 261/1381 251/1382 252/1383
f 262/1384 261/1385 252/1386
f 262/1387 252/1388 253/1389
f 263/1390 262/1391 253/1392
f 263/1393 253/1394 254/1395
f 264/1396 263/1397 254/1398
f 264/1399 254/1400 255/1401
f 265/1402 264/1403 255/1404
f 265/1405 255/1406 256/1407
f 266/1408 265/1409 256/1410
f 266/1411 256/1412 267/1413
f 256/1414 257/1415 267/1416
f 267/1417 257/1418 268/1419
f 257/1420 258/1421 268/1422
f 268/1423 258/1424 269/1425
f 258/1426 259/1427 269/1428
f 269/1429 259/1430 270/1431
f 259/1432 260/1433 270/1434
f 270/1435 260/1436 261/1437
f 260/1438 251/1439 261/1440
f 271/1441 261/1442 262/1443
f 272/1444 271/1445 262/1446
f 272/1447 262/1448 263/1449
f 273/1450 272/1451 263/1452
f 273/1453 263/1454 264/1455
f 274/1456 273/1457 264/1458
f 274/1459 264/1460 265/1461
f 275/1462 274/1463 265/1464
f 275/1465 265/1466 266/1467
f 276/1468 275/1469 266/1470
f 276/1471 266/1472 277/1473
f 266/1474 267/1475 277/1476
f 277/1477 267/1478 278/1479
f 267/1480 268/1481 278/1482
f 278/1483 268/1484 279/1485
f 268/1486 269/1487 279/1488
f 279/1489 269/1490 280/1491
f 269/1492 270/1493 280/1494
f 280/1495 270/1496 271/1497
f 270/1498 261/1499 271/1500
f 281/1501 271/1502 272/1503
f 282/1504 281/1505 272/1506
f 282/1507 272/1508 273/1509
f 283/1510 282/1511 273/1512
f 283/1513 273/1514 274/1515
f 284/1516 283/1517 274/1518
f 284/1519 274/1520 275/1521
f 285/1522 284/1523 275/1524
f 285/1525 275/1526 276/1527
f 286/1528 285/1529 276/1530
f 286/1531 276/1532 287/1533
f 276/1534 277/1535 287/1536
f 287/1537 277/1538 288/1539
f 277/1540 278/1541 288/1542
f 288/1543 278/1544 289/1545
f 278/1546 279/1547 289/1548
f 289/1549 279/1550 290/1551
f 279/1552 280/1553 290/1554
f 290/1555 280/1556 281/1557
f 280/1558 271/1559 281/1560
f 301/1561 291/1562 292/1563
f 302/1564 301/1565 292/1566
f 302/1567 292/1568 293/1569
f 303/1570 302/1571 293/1572
f 303/1573 293/1574 294/1575
f 304/1576 303/1577 294/1578
f 304/1579 294/1580 295/1581
f 305/1582 304/1583 295/1584
f 305/1585 295/1586 296/1587
f 306/1588 305/1589 296/1590
f 306/1591 296/1592 307/1593
f 296/1594 297/1595 307/1596
f 307/1597 297/1598 308/1599
f 297/1600 298/1601 308/1602
f 308/1603 298/1604 309/1605
f 298/1606 299/1607 309/1608
f 309/1609 299/1610 310/1611
f 299/1612 300/1613 310/1614
f 310/1615 300/1616 301/1617
f 300/1618 291/1619 301/1620
f 311/1621 301/1622 302/1623
f 312/1624 311/1625 302/1626
f 312/1627 302/1628 303/1629
f 313/1630 312/1631 303/1632
f 313/1633 303/1634 304/1635
f 314/1636 313/1637 304/1638
f 314/1639 304/1640 305/1641
f 315/1642 314/1643 305/1644
f 315/1645 305/1646 306/1647
f 316/1648 315/1649 306/1650
f 316/1651 306/1652 317/1653
f 306/1654 307/1655 317/1656
f 317/1657 307/1658 318/1659
f 307/1660 308/1661 318/1662
f 318/1663 308/1664 319/1665
f 308/1666 309/1667 319/1668
f 319/1669 309/1670 320/1671
f 309/1672 310/1673 320/1674
f 320/1675 310/1676 311/1677
f 310/1678 301/1679 311/1680
f 321/1681 311/1682 312/1683
f 322/1684 321/1685 312/1686
f 322/1687 312/1688 313/1689
f 323/1690 322/1691 313/1692
f 323/1693 313/1694 314/1695
f 324/1696 323/1697 314/1698
f 324/1699 314/1700 315/1701
f 325/1702 324/1703 315/1704
f 325/1705 315/1706 316/1707
f 326/1708 325/1709 316/1710
f 326/1711 316/1712 327/1713
f 316/1714 317/1715 327/1716
f 327/1717 317/1718 328/1719
f 317/1720 318/1721 328/1722
f 328/1723 318/1724 329/1725
f 318/1726 319/1727 329/1728
f 329/1729 319/1730 330/1731
f 319/1732 320/1733 330/1734
f 330/1735 320/1736 321/1737
f 320/1738 311/1739 321/1740
f 331/1741 321/1742 322/1743
f 332/1744 331/1745 322/1746
f 332/1747 322/1748 323/1749
f 333/1750 332/1751 323/1752
f 333/1753 323/1754 324/1755
f 334/1756 333/1757 324/1758
f 334/1759 324/1760 325/1761
f 335/1762 334/1763 325/1764
f 335/1765 325/1766 326/1767
f 336/1768 335/1769 326/1770
f 336/1771 326/1772 337/1773
f 326/1774 327/1775 337/1776
f 337/1777 327/1778 338/1779
f 327/1780 328/1781 338/1782
f 338/1783 328/1784 339/1785
f 328/1786 329/1787 339/1788
f 339/1789 329/1790 340/1791
f 329/1792 330/1793 340/1794
f 340/1795 330/1796 331/1797
f 330/1798 321/1799 331/1800
f 349/1801 341/1802 342/1803
f 350/1804 349/1805 342/1806
f 350/1807 342/1808 343/1809
f 351/1810 350/1811 343/1812
f 351/1813 343/1814 344/1815
f 352/1816 351/1817 344/1818
f 352/1819 344/1820 345/1821
f 353/1822 352/1823 345/1824
f 353/1825 345/1826 354/1827
f 345/1828 346/1829 354/1830
f 354/1831 346/1832 355/1833
f 346/1834 347/1835 355/1836
f 355/1837 347/1838 356/1839
f 347/1840 348/1841 356/1842
f 356/1843 348/1844 349/1845
f 348/1846 341/1847 349/1848
f 357/1849 349/1850 350/1851
f 358/1852 357/1853 350/1854
f 358/1855 350/1856 351/1857
f 359/1858 358/1859 351/1860
f 359/1861 351/1862 352/1863
f 360/1864 359/1865 352/1866
f 360/1867 352/1868 353/1869
f 361/1870 360/1871 353/1872
f 361/1873 353/1874 362/1875
f 353/1876 354/1877 362/1878
f 362/1879 354/1880 363/1881
f 354/1882 355/1883 363/1884
f 363/1885 355/1886 364/1887
f 355/1888 356/1889 364/1890
f 364/1891 356/1892 357/1893
f 356/1894 349/1895 357/1896
f 365/1897 357/1898 358/1899
f 366/1900 365/1901 358/1902
f 366/1903 358/1904 359/1905
f 367/1906 366/1907 359/1908
f 367/1909 359/1910 360/1911
f 368/1912 367/1913 360/1914
f 368/1915 360/1916 361/1917
f 369/1918 368/1919 361/1920
f 369/1921 361/1922 370/1923
f 361/1924 362/1925 370/1926
f 370/1927 362/1928 371/1929
f 362/1930 363/1931 371/1932
f 371/1933 363/1934 372/1935
f 363/1936 364/1937 372/1938
f 372/1939 364/1940 365/1941
f 364/1942 357/1943 365/1944
f 373/1945 365/1946 366/1947
f 374/1948 373/1949 366/1950
f 374/1951 366/1952 367/1953
f 375/1954 374/1955 367/1956
f 375/1957 367/1958 368/1959
f 376/1960 375/1961 368/1962
f 376/1963 368/1964 369/1965
f 377/1966 376/1967 369/1968
f 377/1969 369/1970 378/1971
f 369/1972 370/1973 378/1974
f 378/1975 370/1976 379/1977
f 370/1978 371/1979 379/1980
f 379/1981 371/1982 380/1983
f 371/1984 372/1985 380/1986
f 380/1987 372/1988 373/1989
f 372/1990 365/1991 373/1992
f 381/1993 373/1994 374/1995
f 382/1996 381/1997 374/1998
f 382/1999 374/2000 375/2001
f 383/2002 382/2003 375/2004
f 383/2005 375/2006 376/2007
f 384/2008 383/2009 376/2010
f 384/2011 376/2012 377/2013
f 385/2014 384/2015 377/2016
f 385/2017 377/2018 386/2019
f 377/2020 378/2021 386/2022
f 386/2023 378/2024 387/2025
f 378/2026 379/2027 387/2028
f 387/2029 379/2030 388/2031
f 379/2032 380/2033 388/2034
f 388/2035 380/2036 381/2037
f 380/2038 373/2039 381/2040
f 389/2041 381/2042 382/2043
f 390/2044 389/2045 382/2046
f 390/2047 382/2048 383/2049
f 391/2050 390/2051 383/2052
f 391/2053 383/2054 384/2055
f 392/2056 391/2057 384/2058
f 392/2059 384/2060 385/2061
f 393/2062 392/2063 385/2064
f 393/2065 385/2066 394/2067
f 385/2068 386/2069 394/2070
f 394/2071 386/2072 395/2073
f 386/2074 387/2075 395/2076
f 395/2077 387/2078 396/2079
f 387/2080 388/2081 396/2082
f 396/2083 388/2084 389/2085
f 388/2086 381/2087 389/2088
f 407/2089 397/2090 398/2091
f 408/2092 407/2093 398/2094
f 408/2095 398/2096 399/2097
f 409/2098 408/2099 399/2100
f 409/2101 399/2102 400/2103
f 410/2104 409/2105 400/2106
f 410/2107 400/2108 401/2109
f 411/2110 410/2111 401/2112
f 411/2113 401/2114 402/2115
f 412/2116 411/2117 402/2118
f 412/2119 402/2120 413/2121
f 402/2122 403/2123 413/2124
f 413/2125 403/2126 414/2127
f 403/2128 404/2129 414/2130
f 414/2131 404/2132 415/2133
f 404/2134 405/2135 415/2136
f 415/2137 405/2138 416/2139
f 405/2140 406/2141 416/2142
f 416/2143 406/2144 407/2145
f 406/2146 397/2147 407/2148
f 417/2149 407/2150 408/2151
f 418/2152 417/2153 408/2154
f 418/2155 408/2156 409/2157
f 419/2158 418/2159 409/2160
f 419/2161 409/2162 410/2163
f 420/2164 419/2165 410/2166
f 420/2167 410/2168 411/2169
f 421/2170 420/2171 411/2172
f 421/2173 411/2174 412/2175
f 422/2176 421/2177 412/2178
f 422/2179 412/2180 423/2181
f 412/2182 413/2183 423/2184
f 423/2185 413/2186 424/2187
f 413/2188 414/2189 424/2190
f 424/2191 414/2192 425/2193
f 414/2194 415/2195 425/2196
f 425/2197 415/2198 426/2199
f 415/2200 416/2201 426/2202
f 426/2203 416/2204 417/2205
f 416/2206 407/2207 417/2208
f 427/2209 417/2210 418/2211
f 428/2212 427/2213 418/2214
f 428/2215 418/2216 419/2217
f 429/2218 428/2219 419/2220
f 429/2221 419/2222 420/2223
f 430/2224 429/2225 420/2226
f 430/2227 420/2228 421/2229
f 431/2230 430/2231 421/2232
f 431/2233 421/2234 422/2235
f 432/2236 431/2237 422/2238
f 432/2239 422/2240 433/2241
f 422/2242 423/2243 433/2244
f 433/2245 423/2246 434/2247
f 423/2248 424/2249 434/2250
f 434/2251 424/2252 435/2253
f 424/2254 425/2255 435/2256
f 435/2257 425/2258 436/2259
f 425/2260 426/2261 436/2262
f 436/2263 426/2264 427/2265
f 426/2266 417/2267 427/2268
f 437/2269 427/2270 428/2271
f 438/2272 437/2273 428/2274
f 438/2275 428/2276 429/2277
f 439/2278 438/2279 429/2280
f 439/2281 429/2282 430/2283
f 440/2284 439/2285 430/2286
f 440/2287 430/2288 431/2289
f 441/2290 440/2291 431/2292
f 441/2293 431/2294 432/2295
f 442/2296 441/2297 432/2298
f 442/2299 432/2300 443/2301
f 432/2302 433/2303 443/2304
f 443/2305 433/2306 444/2307
f 433/2308 434/2309 444/2310
f 444/2311 434/2312 445/2313
f 434/2314 435/2315 445/2316
f 445/2317 435/2318 446/2319
f 435/2320 436/2321 446/2322
f 446/2323 436/2324 437/2325
f 436/2326 427/2327 437/2328
f 447/2329 437/2330 438/2331
f 448/2332 447/2333 438/2334
f 448/2335 438/2336 439/2337
f 449/2338 448/2339 439/2340
f 449/2341 439/2342 440/2343
f 450/2344 449/2345 440/2346
f 450/2347 440/2348 441/2349
f 451/2350 450/2351 441/2352
f 451/2353 441/2354 442/2355
f 452/2356 451/2357 442/2358
f 452/2359 442/2360 453/2361
f 442/2362 443/2363 453/2364
f 453/2365 443/2366 454/2367
f 443/2368 444/2369 454/2370
f 454/2371 444/2372 455/2373
f 444/2374 445/2375 455/2376
f 455/2377 445/2378 456/2379
f 445/2380 446/2381 456/2382
f 456/2383 446/2384 447/2385
f 446/2386 437/2387 447/2388
f 457/2389 447/2390 448/2391
f 458/2392 457/2393 448/2394
f 458/2395 448/2396 449/2397
f 459/2398 458/2399 449/2400
f 459/2401 449/2402 450/2403
f 460/2404 459/2405 450/2406
f 460/2407 450/2408 451/2409
f 461/2410 460/2411 451/2412
f 461/2413 451/2414 452/2415
f 462/2416 461/2417 452/2418
f 462/2419 452/2420 463/2421
f 452/2422 453/2423 463/2424
f 463/2425 453/2426 464/2427
f 453/2428 454/2429 464/2430
f 464/2431 454/2432 465/2433
f 454/2434 455/2435 465/2436
f 465/2437 455/2438 466/2439
f 455/2440 456/2441 466/2442
f 466/2443 456/2444 457/2445
f 456/2446 447/2447 457/2448
f 467/2449 457/2450 458/2451
f 468/2452 467/2453 458/2454
f 468/2455 458/2456 459/2457
f 469/2458 468/2459 459/2460
f 469/2461 459/2462 460/2463
f 470/2464 469/2465 460/2466
f 470/2467 460/2468 461/2469
f 471/2470 470/2471 461/2472
f 471/2473 461/2474 462/2475
f 472/2476 471/2477 462/2478
f 472/2479 462/2480 473/2481
f 462/2482 463/2483 473/2484
f 473/2485 463/2486 474/2487
f 463/2488 464/2489 474/2490
f 474/2491 464/2492 475/2493
f 464/2494 465/2495 475/2496
f 475/2497 465/2498 476/2499
f 465/2500 466/2501 476/2502
f 476/2503 466/2504 467/2505
f 466/2506 457/2507 467/2508
f 477/2509 467/2510 468/2511
f 478/2512 477/2513 468/2514
f 478/2515 468/2516 469/2517
f 479/2518 478/2519 469/2520
f 479/2521 469/2522 470/2523
f 480/2524 479/2525 470/2526
f 480/2527 470/2528 471/2529
f 481/2530 480/2531 471/2532
f 481/2533 471/2534 472/2535
f 482/2536 481/2537 472/2538
f 482/2539 472/2540 483/2541
f 472/2542 473/2543 483/2544
f 483/2545 473/2546 484/2547
f 473/2548 474/2549 484/2550
f 484/2551 474/2552 485/2553
f 474/2554 475/2555 485/2556
f 485/2557 475/2558 486/2559
f 475/2560 476/2561 486/2562
f 486/2563 476/2564 477/2565
f 476/2566 467/2567 477/2568
f 487/2569 477/2570 478/2571
f 488/2572 487/2573 478/2574
f 488/2575 478/2576 479/2577
f 489/2578 488/2579 479/2580
f 489/2581 479/2582 480/2583
f 490/2584 489/2585 480/2586
f 490/2587 480/2588 481/2589
f 491/2590 490/2591 481/2592
f 491/2593 481/2594 482/2595
f 492/2596 491/2597 482/2598
f 492/2599 482/2600 493/2601
f 482/2602 483/2603 493/2604
f 493/2605 483/2606 494/2607
f 483/2608 484/2609 494/2610
f 494/2611 484/2612 495/2613
f 484/2614 485/2615 495/2616
f 495/2617 485/2618 496/2619
f 485/2620 486/2621 496/2622
f 496/2623 486/2624 487/2625
f 486/2626 477/2627 487/2628
f 507/2629 497/2630 498/2631
f 508/2632 507/2633 498/2634
f 508/2635 498/2636 499/2637
f 509/2638 508/2639 499/2640
f 509/2641 499/2642 500/2643
f 510/2644 509/2645 500/2646
f 510/2647 500/2648 501/2649
f 511/2650 510/2651 501/2652
f 511/2653 501/2654 502/2655
f 512/2656 511/2657 502/2658
f 512/2659 502/2660 513/2661
f 502/2662 503/2663 513/2664
f 513/2665 503/2666 514/2667
f 503/2668 504/2669 514/2670
f 514/2671 504/2672 515/2673
f 504/2674 505/2675 515/2676
f 515/2677 505/2678 516/2679
f 505/2680 506/2681 516/2682
f 516/2683 506/2684 507/2685
f 506/2686 497/2687 507/2688
f 517/2689 507/2690 508/2691
f 518/2692 517/2693 508/2694
f 518/2695 508/2696 509/2697
f 519/2698 518/2699 509/2700
f 519/2701 509/2702 510/2703
f 520/2704 519/2705 510/2706
f 520/2707 510/2708 511/2709
f 521/2710 520/2711 511/2712
f 521/2713 511/2714 512/2715
f 522/2716 521/2717 512/2718
f 522/2719 512/2720 523/2721
f 512/2722 513/2723 523/2724
f 523/2725 513/2726 524/2727
f 513/2728 514/2729 524/2730
f 524/2731 514/2732 525/2733
f 514/2734 515/2735 525/2736
f 525/2737 515/2738 526/2739
f 515/2740 516/2741 526/2742
f 526/2743 516/2744 517/2745
f 516/2746 507/2747 517/2748
f 527/2749 517/2750 518/2751
f 528/2752 527/2753 518/2754
f 528/2755 518/2756 519/2757
f 529/2758 528/2759 519/2760
f 529/2761 519/2762 520/2763
f 530/2764 529/2765 520/2766
f 530/2767 520/2768 521/2769
f 531/2770 530/2771 521/2772
f 531/2773 521/2774 522/2775
f 532/2776 531/2777 522/2778
f 532/2779 522/2780 533/2781
f 522/2782 523/2783 533/2784
f 533/2785 523/2786 534/2787
f 523/2788 524/2789 534/2790
f 534/2791 524/2792 535/2793
f 524/2794 525/2795 535/2796
f 535/2797 525/2798 536/2799
f 525/2800 526/2801 536/2802
f 536/2803 526/2804 527/2805
f 526/2806 517/2807 527/2808
f 537/2809 527/2810 528/2811
f 538/2812 537/2813 528/2814
f 538/2815 528/2816 529/2817
f 539/2818 538/2819 529/2820
f 539/2821 529/2822 530/2823
f 540/2824 539/2825 530/2826
f 540/2827 530/2828 531/2829
f 541/2830 540/2831 531/2832
f 541/2833 531/2834 532/2835
f 542/2836 541/2837 532/2838
f 542/2839 532/2840 543/2841
f 532/2842 533/2843 543/2844
f 543/2845 533/2846 544/2847
f 533/2848 534/2849 544/2850
f 544/2851 534/2852 545/2853
f 534/2854 535/2855 545/2856
f 545/2857 535/2858 546/2859
f 535/2860 536/2861 546/2862
f 546/2863 536/2864 537/2865
f 536/2866 527/2867 537/2868
f 547/2869 537/2870 538/2871
f 548/2872 547/2873 538/2874
f 548/2875 538/2876 539/2877
f 549/2878 548/2879 539/2880
f 549/2881 539/2882 540/2883
f 550/2884 549/2885 540/2886
f 550/2887 540/2888 541/2889
f 551/2890 550/2891 541/2892
f 551/2893 541/2894 542/2895
f 552/2896 551/2897 542/2898
f 552/2899 542/2900 553/2901
f 542/2902 543/2903 553/2904
f 553/2905 543/2906 554/2907
f 543/2908 544/2909 554/2910
f 554/2911 544/2912 555/2913
f 544/2914 545/2915 555/2916
f 555/2917 545/2918 556/2919
f 545/2920 546/2921 556/2922
f 556/2923 546/2924 547/2925
f 546/2926 537/2927 547/2928
f 557/2929 547/2930 548/2931
f 558/2932 557/2933 548/2934
f 558/2935 548/2936 549/2937
f 559/2938 558/2939 549/2940
f 559/2941 549/2942 550/2943
f 560/2944 559/2945 550/2946
f 560/2947 550/2948 551/2949
f 561/2950 560/2951 551/2952
f 561/2953 551/2954 552/2955
f 562/2956 561/2957 552/2958
f 562/2959 552/2960 563/2961
f 552/2962 553/2963 563/2964
f 563/2965 553/2966 564/2967
f 553/2968 554/2969 564/2970
f 564/2971 554/2972 565/2973
f 554/2974 555/2975 565/2976
f 565/2977 555/2978 566/2979
f 555/2980 556/2981 566/2982
f 566/2983 556/2984 557/2985
f 556/2986 547/2987 557/2988
f 567/2989 557/2990 558/2991
f 568/2992 567/2993 558/2994
f 568/2995 558/2996 559/2997
f 569/2998 568/2999 559/3000
f 569/3001 559/3002 560/3003
f 570/3004 569/3005 560/3006
f 570/3007 560/3008 561/3009
f 571/3010 570/3011 561/3012
f 571/3013 561/3014 562/3015
f 572/3016 571/3017 562/3018
f 572/3019 562/3020 573/3021
f 562/3022 563/3023 573/3024
f 573/3025 563/3026 574/3027
f 563/3028 564/3029 574/3030
f 574/3031 564/3032 575/3033
f 564/3034 565/3035 575/3036
f 575/3037 565/3038 576/3039
f 565/3040 566/3041 576/3042
f 576/3043 566/3044 567/3045
f 566/3046 557/3047 567/3048
f 577/3049 567/3050 568/3051
f 578/3052 577/3053 568/3054
f 578/3055 568/3056 569/3057
f 579/3058 578/3059 569/3060
f 579/3061 569/3062 570/3063
f 580/3064 579/3065 570/3066
f 580/3067 570/3068 571/3069
f 581/3070 580/3071 571/3072
f 581/3073 571/3074 572/3075
f 582/3076 581/3077 572/3078
f 582/3079 572/3080 583/3081
f 572/3082 573/3083 583/3084
f 583/3085 573/3086 584/3087
f 573/3088 574/3089 584/3090
f 584/3091 574/3092 585/3093
f 574/3094 575/3095 585/3096
f 585/3097 575/3098 586/3099
f 575/3100 576/3101 586/3102
f 586/3103 576/3104 577/3105
f 576/3106 567/3107 577/3108
f 587/3109 577/3110 578/3111
f 588/3112 587/3113 578/3114
f 588/3115 578/3116 579/3117
f 589/3118 588/3119 579/3120
f 589/3121 579/3122 580/3123
f 590/3124 589/3125 580/3126
f 590/3127 580/3128 581/3129
f 591/3130 590/3131 581/3132
f 591/3133 581/3134 582/3135
f 592/3136 591/3137 582/3138
f 592/3139 582/3140 593/3141
f 582/3142 583/3143 593/3144
f 593/3145 583/3146 594/3147
f 583/3148 584/3149 594/3150
f 594/3151 584/3152 595/3153
f 584/3154 585/3155 595/3156
f 595/3157 585/3158 596/3159
f 585/3160 586/3161 596/3162
f 596/3163 586/3164 587/3165
f 586/3166 577/3167 587/3168
f 607/3169 597/3170 598/3171
f 608/3172 607/3173 598/3174
f 608/3175 598/3176 599/3177
f 609/3178 608/3179 599/3180
f 609/3181 599/3182 600/3183
f 610/3184 609/3185 600/3186
f 610/3187 600/3188 601/3189
f 611/3190 610/3191 601/3192
f 611/3193 601/3194 602/3195
f 612/3196 611/3197 602/3198
f 612/3199 602/3200 613/3201
f 602/3202 603/3203 613/3204
f 613/3205 603/3206 614/3207
f 603/3208 604/3209 614/3210
f 614/3211 604/3212 615/3213
f 604/3214 605/3215 615/3216
f 615/3217 605/3218 616/3219
f 605/3220 606/3221 616/3222
f 616/3223 606/3224 607/3225
f 606/3226 597/3227 607/3228
f 617/3229 607/3230 608/3231
f 618/3232 617/3233 608/3234
f 618/3235 608/3236 609/3237
f 619/3238 618/3239 609/3240
f 619/3241 609/3242 610/3243
f 620/3244 619/3245 610/3246
f 620/3247 610/3248 611/3249
f 621/3250 620/3251 611/3252
f 621/3253 611/3254 612/3255
f 622/3256 621/3257 612/3258
f 622/3259 612/3260 623/3261
f 612/3262 613/3263 623/3264
f 623/3265 613/3266 624/3267
f 613/3268 614/3269 624/3270
f 624/3271 614/3272 625/3273
f 614/3274 615/3275 625/3276
f 625/3277 615/3278 626/3279
f 615/3280 616/3281 626/3282
f 626/3283 616/3284 617/3285
f 616/3286 607/3287 617/3288
f 627/3289 617/3290 618/3291
f 628/3292 627/3293 618/3294
f 628/3295 618/3296 619/3297
f 629/3298 628/3299 619/3300
f 629/3301 619/3302 620/3303
f 630/3304 629/3305 620/3306
f 630/3307 620/3308 621/3309
f 631/3310 630/3311 621/3312
f 631/3313 621/3314 622/3315
f 632/3316 631/3317 622/3318
f 632/3319 622/3320 633/3321
f 622/3322 623/3323 633/3324
f 633/3325 623/3326 634/3327
f 623/3328 624/3329 634/3330
f 634/3331 624/3332 635/3333
f 624/3334 625/3335 635/3336
f 635/3337 625/3338 636/3339
f 625/3340 626/3341 636/3342
f 636/3343 626/3344 627/3345
f 626/3346 617/3347 627/3348
f 637/3349 627/3350 628/3351
f 638/3352 637/3353 628/3354
f 638/3355 628/3356 629/3357
f 639/3358 638/3359 629/3360
f 639/3361 629/3362 630/3363
f 640/3364 639/3365 630/3366
f 640/3367 630/3368 631/3369
f 641/3370 640/3371 631/3372
f 641/3373 631/3374 632/3375
f 642/3376 641/3377 632/3378
f 642/3379 632/3380 643/3381
f 632/3382 633/3383 643/3384
f 643/3385 633/3386 644/3387
f 633/3388 634/3389 644/3390
f 644/3391 634/3392 645/3393
f 634/3394 635/3395 645/3396
f 645/3397 635/3398 646/3399
f 635/3400 636/3401 646/3402
f 646/3403 636/3404 637/3405
f 636/3406 627/3407 637/3408
f 647/3409 637/3410 638/3411
f 648/3412 647/3413 638/3414
f 648/3415 638/3416 639/3417
f 649/3418 648/3419 639/3420
f 649/3421 639/3422 640/3423
f 650/3424 649/3425 640/3426
f 650/3427 640/3428 641/3429
f 651/3430 650/3431 641/3432
f 651/3433 641/3434 642/3435
f 652/3436 651/3437 642/3438
f 652/3439 642/3440 653/3441
f 642/3442 643/3443 653/3444
f 653/3445 643/3446 654/3447
f 643/3448 644/3449 654/3450
f 654/3451 644/3452 655/3453
f 644/3454 645/3455 655/3456
f 655/3457 645/3458 656/3459
f 645/3460 646/3461 656/3462
f 656/3463 646/3464 647/3465
f 646/3466 637/3467 647/3468
f 657/3469 647/3470 648/3471
f 658/3472 657/3473 648/3474
f 658/3475 648/3476 649/3477
f 659/3478 658/3479 649/3480
f 659/3481 649/3482 650/3483
f 660/3484 659/3485 650/3486
f 660/3487 650/3488 651/3489
f 661/3490 660/3491 651/3492
f 661/3493 651/3494 652/3495
f 662/3496 661/3497 652/3498
f 662/3499 652/3500 663/3501
f 652/3502 653/3503 663/3504
f 663/3505 653/3506 664/3507
f 653/3508 654/3509 664/3510
f 664/3511 654/3512 665/3513
f 654/3514 655/3515 665/3516
f 665/3517 655/3518 666/3519
f 655/3520 656/3521 666/3522
f 666/3523 656/3524 657/3525
f 656/3526 647/3527 657/3528
f 667/3529 657/3530 658/3531
f 668/3532 667/3533 658/3534
f 668/3535 658/3536 659/3537
f 669/3538 668/3539 659/3540
f 669/3541 659/3542 660/3543
f 670/3544 669/3545 660/3546
f 670/3547 660/3548 661/3549
f 671/3550 670/3551 661/3552
f 671/3553 661/3554 662/3555
f 672/3556 671/3557 662/3558
f 672/3559 662/3560 673/3561
f 662/3562 663/3563 673/3564
f 673/3565 663/3566 674/3567
f 663/3568 664/3569 674/3570
f 674/3571 664/3572 675/3573
f 664/3574 665/3575 675/3576
f 675/3577 665/3578 676/3579
f 665/3580 666/3581 676/3582
f 676/3583 666/3584 667/3585
f 666/3586 657/3587 667/3588
f 677/3589 667/3590 668/3591
f 678/3592 677/3593 668/3594
f 678/3595 668/3596 669/3597
f 679/3598 678/3599 669/3600
f 679/3601 669/3602 670/3603
f 680/3604 679/3605 670/3606
f 680/3607 670/3608 671/3609
f 681/3610 680/3611 671/3612
f 681/3613 671/3614 672/3615
f 682/3616 681/3617 672/3618
f 682/3619 672/3620 683/3621
f 672/3622 673/3623 683/3624
f 683/3625 673/3626 684/3627
f 673/3628 674/3629 684/3630
f 684/3631 674/3632 685/3633
f 674/3634 675/3635 685/3636
f 685/3637 675/3638 686/3639
f 675/3640 676/3641 686/3642
f 686/3643 676/3644 677/3645
f 676/3646 667/3647 677/3648
f 687/3649 677/3650 678/3651
f 688/3652 687/3653 678/3654
f 688/3655 678/3656 679/3657
f 689/3658 688/3659 679/3660
f 689/3661 679/3662 680/3663
f 690/3664 689/3665 680/3666
f 690/3667 680/3668 681/3669
f 691/3670 690/3671 681/3672
f 691/3673 681/3674 682/3675
f 692/3676 691/3677 682/3678
f 692/3679 682/3680 693/3681
f 682/3682 683/3683 693/3684
f 693/3685 683/3686 694/3687
f 683/3688 684/3689 694/3690
f 694/3691 684/3692 695/3693
f 684/3694 685/3695 695/3696
f 695/3697 685/3698 696/3699
f 685/3700 686/3701 696/3702
f 696/3703 686/3704 687/3705
f 686/3706 677/3707 687/3708
f 707/3709 697/3710 698/3711
f 708/3712 707/3713 698/3714
f 708/3715 698/3716 699/3717
f 709/3718 708/3719 699/3720
f 709/3721 699/3722 700/3723
f 710/3724 709/3725 700/3726
f 710/3727 700/3728 701/3729
f 711/3730 710/3731 701/3732
f 711/3733 701/3734 702/3735
f 712/3736 711/3737 702/3738
f 712/3739 702/3740 713/3741
f 702/3742 703/3743 713/3744
f 713/3745 703/3746 714/3747
f 703/3748 704/3749 714/3750
f 714/3751 704/3752 715/3753
f 704/3754 705/3755 715/3756
f 715/3757 705/3758 716/3759
f 705/3760 706/3761 716/3762
f 716/3763 706/3764 707/3765
f 706/3766 697/3767 707/3768
f 717/3769 707/3770 708/3771
f 718/3772 717/3773 708/3774
f 718/3775 708/3776 709/3777
f 719/3778 718/3779 709/3780
f 719/3781 709/3782 710/3783
f 720/3784 719/3785 710/3786
f 720/3787 710/3788 711/3789
f 721/3790 720/3791 711/3792
f 721/3793 711/3794 712/3795
f 722/3796 721/3797 712/3798
f 722/3799 712/3800 723/3801
f 712/3802 713/3803 723/3804
f 723/3805 713/3806 724/3807
f 713/3808 714/3809 724/3810
f 724/3811 714/3812 725/3813
f 714/3814 715/3815 725/3816
f 725/3817 715/3818 726/3819
f 715/3820 716/3821 726/3822
f 726/3823 716/3824 717/3825
f 716/3826 707/3827 717/3828
f 727/3829 717/3830 718/3831
f 728/3832 727/3833 718/3834
f 728/3835 718/3836 719/3837
f 729/3838 728/3839 719/3840
f 729/3841 719/3842 720/3843
f 730/3844 729/3845 720/3846
f 730/3847 720/3848 721/3849
f 731/3850 730/3851 721/3852
f 731/3853 721/3854 722/3855
f 732/3856 731/3857 722/3858
f 732/3859 722/3860 733/3861
f 722/3862 723/3863 733/3864
f 733/3865 723/3866 734/3867
f 723/3868 724/3869 734/3870
f 734/3871 724/3872 735/3873
f 724/3874 725/3875 735/3876
f 735/3877 725/3878 736/3879
f 725/3880 726/3881 736/3882
f 736/3883 726/3884 727/3885
f 726/3886 717/3887 727/3888
f 737/3889 727/3890 728/3891
f 738/3892 737/3893 728/3894
f 738/3895 728/3896 729/3897
f 739/3898 738/3899 729/3900
f 739/3901 729/3902 730/3903
f 740/3904 739/3905 730/3906
f 740/3907 730/3908 731/3909
f 741/3910 740/3911 731/3912
f 741/3913 731/3914 732/3915
f 742/3916 741/3917 732/3918
f 742/3919 732/3920 743/3921
f 732/3922 733/3923 743/3924
f 743/3925 733/3926 744/3927
f 733/3928 734/3929 744/3930
f 744/3931 734/3932 745/3933
f 734/3934 735/3935 745/3936
f 745/3937 735/3938 746/3939
f 735/3940 736/3941 746/3942
f 746/3943 736/3944 737/3945
f 736/3946 727/3947 737/3948
f 747/3949 737/3950 738/3951
f 748/3952 747/3953 738/3954
f 748/3955 738/3956 739/3957
f 749/3958 748/3959 739/3960
f 749/3961 739/3962 740/3963
f 750/3964 749/3965 740/3966
f 750/3967 740/3968 741/3969
f 751/3970 750/3971 741/3972
f 751/3973 741/3974 742/3975
f 752/3976 751/3977 742/3978
f 752/3979 742/3980 753/3981
f 742/3982 743/3983 753/3984
f 753/3985 743/3986 754/3987
f 743/3988 744/3989 754/3990
f 754/3991 744/3992 755/3993
f 744/3994 745/3995 755/3996
f 755/3997 745/3998 756/3999
f 745/4000 746/4001 756/4002
f 756/4003 746/4004 747/4005
f 746/4006 737/4007 747/4008
f 757/4009 747/4010 748/4011
f 758/4012 757/4013 748/4014
f 758/4015 748/4016 749/4017
f 759/4018 758/4019 749/4020
f 759/4021 749/4022 750/4023
f 760/4024 759/4025 750/4026
f 760/4027 750/4028 751/4029
f 761/4030 760/4031 751/4032
f 761/4033 751/4034 752/4035
f 762/4036 761/4037 752/4038
f 762/4039 752/4040 763/4041
f 752/4042 753/4043 763/4044
f 763/4045 753/4046 764/4047
f 753/4048 754/4049 764/4050
f 764/4051 754/4052 765/4053
f 754/4054 755/4055 765/4056
f 765/4057 755/4058 766/4059
f 755/4060 756/4061 766/4062
f 766/4063 756/4064 757/4065
f 756/4066 747/4067 757/4068
f 767/4069 757/4070 758/4071
f 768/4072 767/4073 758/4074
f 768/4075 758/4076 759/4077
f 769/4078 768/4079 759/4080
f 769/4081 759/4082 760/4083
f 770/4084 769/4085 760/4086
f 770/4087 760/4088 761/4089
f 771/4090 770/4091 761/4092
f 771/4093 761/4094 762/4095
f 772/4096 771/4097 762/4098
f 772/4099 762/4100 773/4101
f 762/4102 763/4103 773/4104
f 773/4105 763/4106 774/4107
f 763/4108 764/4109 774/4110
f 774/4111 764/4112 775/4113
f 764/4114 765/4115 775/4116
f 775/4117 765/4118 776/4119
f 765/4120 766/4121 776/4122
f 776/4123 766/4124 767/4125
f 766/4126 757/4127 767/4128
f 777/4129 767/4130 768/4131
f 778/4132 777/4133 768/4134
f 778/4135 768/4136 769/4137
f 779/4138 778/4139 769/4140
f 779/4141 769/4142 770/4143
f 780/4144 779/4145 770/4146
f 780/4147 770/4148 771/4149
f 781/4150 780/4151 771/4152
f 781/4153 771/4154 772/4155
f 782/4156 781/4157 772/4158
f 782/4159 772/4160 783/4161
f 772/4162 773/4163 783/4164
f 783/4165 773/4166 784/4167
f 773/4168 774/4169 784/4170
f 784/4171 774/4172 785/4173
f 774/4174 775/4175 785/4176
f 785/4177 775/4178 786/4179
f 775/4180 776/4181 786/4182
f 786/4183 776/4184 777/4185
f 776/4186 767/4187 777/4188
f 787/4189 777/4190 778/4191
f 788/4192 787/4193 778/4194
f 788/4195 778/4196 779/4197
f 789/4198 788/4199 779/4200
f 789/4201 779/4202 780/4203
f 790/4204 789/4205 780/4206
f 790/4207 780/4208 781/4209
f 791/4210 790/4211 781/4212
f 791/4213 781/4214 782/4215
f 792/4216 791/4217 782/4218
f 792/4219 782/4220 793/4221
f 782/4222 783/4223 793/4224
f 793/4225 783/4226 794/4227
f 783/4228 784/4229 794/4230
f 794/4231 784/4232 795/4233
f 784/4234 785/4235 795/4236
f 795/4237 785/4238 796/4239
f 785/4240 786/4241 796/4242
f 796/4243 786/4244 787/4245
f 786/4246 777/4247 787/4248
f 797/4249 798/4250 801/4251
f 801/4252 798/4253 802/4254
f 798/4255 800/4256 802/4257
f 802/4258 800/4259 804/4260
f 797/4261 801/4262 799/4263
f 801/4264 803/4265 799/4266
f 799/4267 803/4268 800/4269
f 803/4270 804/4271 800/4272
f 801/4273 802/4274 805/4275
f 805/4276 802/4277 806/4278
f 802/4279 804/4280 806/4281
f 806/4282 804/4283 808/4284
f 801/4285 805/4286 803/4287
f 805/4288 807/4289 803/4290
f 803/4291 807/4292 804/4293
f 807/4294 808/4295 804/4296
f 805/4297 806/4298 809/4299
f 809/4300 806/4301 810/4302
f 806/4303 808/4304 810/4305
f 810/4306 808/4307 812/4308
f 805/4309 809/4310 807/4311
f 809/4312 811/4313 807/4314
f 807/4315 811/4316 808/4317
f 811/4318 812/4319 808/4320
f 809/4321 810/4322 813/4323
f 813/4324 810/4325 814/4326
f 810/4327 812/4328 814/4329
f 809/4330 813/4331 811/4332
f 813/4333 814/4334 811/4335
f 811/4336 814/4337 812/4338
f 816/4339 815/4340 819/4341
f 816/4342 819/4343 820/4344
f 818/4345 816/4346 820/4347
f 818/4348 820/4349 822/4350
f 817/4351 819/4352 815/4353
f 817/4354 821/4355 819/4356
f 818/4357 821/4358 817/4359
f 818/4360 822/4361 821/4362
f 820/4363 819/4364 823/4365
f 820/4366 823/4367 824/4368
f 822/4369 820/4370 824/4371
f 822/4372 824/4373 826/4374
f 821/4375 823/4376 819/4377
f 821/4378 825/4379 823/4380
f 822/4381 825/4382 821/4383
f 822/4384 826/4385 825/4386
f 824/4387 823/4388 827/4389
f 824/4390 827/4391 828/4392
f 826/4393 824/4394 828/4395
f 826/4396 828/4397 830/4398
f 825/4399 827/4400 823/4401
f 825/4402 829/4403 827/4404
f 826/4405 829/4406 825/4407
f 826/4408 830/4409 829/4410
f 828/4411 827/4412 831/4413
f 828/4414 831/4415 832/4416
f 830/4417 828/4418 832/4419
f 829/4420 831/4421 827/4422
f 829/4423 832/4424 831/4425
f 830/4426 832/4427 829/4428
f 833/4429 834/4430 837/4431
f 837/4432 834/4433 838/4434
f 834/4435 836/4436 838/4437
f 833/4438 837/4439 835/4440
f 837/4441 838/4442 835/4443
f 835/4444 838/4445 836/4446
f 840/4447 839/4448 843/4449
f 840/4450 843/4451 844/4452
f 842/4453 840/4454 844/4455
f 841/4456 843/4457 839/4458
f 841/4459 844/4460 843/4461
f 842/4462 844/4463 841/4464
f 845/4465 846/4466 849/4467
f 849/4468 846/4469 850/4470
f 846/4471 848/4472 850/4473
f 845/4474 849/4475 847/4476
f 849/4477 850/4478 847/4479
f 847/4480 850/4481 848/4482
f 852/4483 851/4484 855/4485
f 852/4486 855/4487 856/4488
f 854/4489 852/4490 856/4491
f 853/4492 855/4493 851/4494
f 853/4495 856/4496 855/4497
f 854/4498 856/4499 853/4500
f 857/4501 858/4502 861/4503
f 861/4504 858/4505 862/4506
f 858/4507 860/4508 862/4509
f 857/4510 861/4511 859/4512
f 861/4513 862/4514 859/4515
f 859/4516 862/4517 860/4518
f 864/4519 863/4520 867/4521
f 864/4522 867/4523 868/4524
f 866/4525 864/4526 868/4527
f 865/4528 867/4529 863/4530
f 865/4531 868/4532 867/4533
f 866/4534 868/4535 865/4536
