v -1.75 0 0
v -1.75 0 0
v -1.75 0 0
v -1.75 0 0
v -1.75 0 0
v -1.75 0 0
v -1.75 0 0
v -1.75 0 0
v -1.55 0 0.05
v -1.55 -0.03536 0.03536
v -1.55 -0.05 0
v -1.55 -0.03536 -0.03536
v -1.55 0 -0.05
v -1.55 0.03536 -0.03536
v -1.55 0.05 0
v -1.55 0.03536 0.03536
v -1.6 0 0.13
v -1.6 -0.09192 0.09192
v -1.6 -0.13 0
v -1.6 -0.09192 -0.09192
v -1.6 0 -0.13
v -1.6 0.09192 -0.09192
v -1.6 0.13 0
v -1.6 0.09192 0.09192
v -1.45 0 0.22
v -1.45 -0.15556 0.15556
v -1.45 -0.22 0
v -1.45 -0.15556 -0.15556
v -1.45 0 -0.22
v -1.45 0.15556 -0.15556
v -1.45 0.22 0
v -1.45 0.15556 0.15556
v -1.1 0 0.26
v -1.1 -0.18385 0.18385
v -1.1 -0.26 0
v -1.1 -0.18385 -0.18385
v -1.1 0 -0.26
v -1.1 0.18385 -0.18385
v -1.1 0.26 0
v -1.1 0.18385 0.18385
v -0.95 0 0.23
v -0.95 -0.16263 0.16263
v -0.95 -0.23 0
v -0.95 -0.16263 -0.16263
v -0.95 0 -0.23
v -0.95 0.16263 -0.16263
v -0.95 0.23 0
v -0.95 0.16263 0.16263
v -0.65 0 0.23
v -0.65 -0.16263 0.16263
v -0.65 -0.23 0
v -0.65 -0.16263 -0.16263
v -0.65 0 -0.23
v -0.65 0.16263 -0.16263
v -0.65 0.23 0
v -0.65 0.16263 0.16263
v -0.55 0 0.3
v -0.55 -0.21213 0.21213
v -0.55 -0.3 0
v -0.55 -0.21213 -0.21213
v -0.55 0 -0.3
v -0.55 0.21213 -0.21213
v -0.55 0.3 0
v -0.55 0.21213 0.21213
v -0.25 0 0.25
v -0.25 -0.17678 0.17678
v -0.25 -0.25 0
v -0.25 -0.17678 -0.17678
v -0.25 0 -0.25
v -0.25 0.17678 -0.17678
v -0.25 0.25 0
v -0.25 0.17678 0.17678
v 0.1 0 0.27
v 0.1 -0.19092 0.19092
v 0.1 -0.27 0
v 0.1 -0.19092 -0.19092
v 0.1 0 -0.27
v 0.1 0.19092 -0.19092
v 0.1 0.27 0
v 0.1 0.19092 0.19092
v 0.25 0 0.37
v 0.25 -0.26163 0.26163
v 0.25 -0.37 0
v 0.25 -0.26163 -0.26163
v 0.25 0 -0.37
v 0.25 0.26163 -0.26163
v 0.25 0.37 0
v 0.25 0.26163 0.26163
v 0.7 0 0.35
v 0.7 -0.24749 0.24749
v 0.7 -0.35 0
v 0.7 -0.24749 -0.24749
v 0.7 0 -0.35
v 0.7 0.24749 -0.24749
v 0.7 0.35 0
v 0.7 0.24749 0.24749
v 0.9 0 0.28
v 0.9 -0.19799 0.19799
v 0.9 -0.28 0
v 0.9 -0.19799 -0.19799
v 0.9 0 -0.28
v 0.9 0.19799 -0.19799
v 0.9 0.28 0
v 0.9 0.19799 0.19799
v 1.15 0 0.33
v 1.15 -0.23335 0.23335
v 1.15 -0.33 0
v 1.15 -0.23335 -0.23335
v 1.15 0 -0.33
v 1.15 0.23335 -0.23335
v 1.15 0.33 0
v 1.15 0.23335 0.23335
v 1.65 0 0.23
v 1.65 -0.16263 0.16263
v 1.65 -0.23 0
v 1.65 -0.16263 -0.16263
v 1.65 0 -0.23
v 1.65 0.16263 -0.16263
v 1.65 0.23 0
v 1.65 0.16263 0.16263
v 1.6 0 0
v 1.6 0 0
v 1.6 0 0
v 1.6 0 0
v 1.6 0 0
v 1.6 0 0
v 1.6 0 0
v 1.6 0 0
v -0.95 0.17 -0.01
v -0.95 0.17 -0.01
v -0.95 0.17 -0.01
v -0.95 0.17 -0.01
v -0.95 0.17 -0.01
v -0.95 0.17 -0.01
v -0.95 0.17 -0.01
v -0.95 0.17 -0.01
v -1 0.17 0.07
v -1 0.11343 0.04657
v -1 0.09 -0.01
v -1 0.11343 -0.06657
v -1 0.17 -0.09
v -1 0.22657 -0.06657
v -1 0.25 -0.01
v -1 0.22657 0.04657
v -0.9 0.17 0.12
v -0.9 0.07808 0.08192
v -0.9 0.04 -0.01
v -0.9 0.07808 -0.10192
v -0.9 0.17 -0.14
v -0.9 0.26192 -0.10192
v -0.9 0.3 -0.01
v -0.9 0.26192 0.08192
v -0.6 0.17 0.12
v -0.6 0.07808 0.08192
v -0.6 0.04 -0.01
v -0.6 0.07808 -0.10192
v -0.6 0.17 -0.14
v -0.6 0.26192 -0.10192
v -0.6 0.3 -0.01
v -0.6 0.26192 0.08192
v -0.5 0.17 0.17
v -0.5 0.04272 0.11728
v -0.5 -0.01 -0.01
v -0.5 0.04272 -0.13728
v -0.5 0.17 -0.19
v -0.5 0.29728 -0.13728
v -0.5 0.35 -0.01
v -0.5 0.29728 0.11728
v -0.24 0.17 0.15
v -0.24 0.05686 0.10314
v -0.24 0.01 -0.01
v -0.24 0.05686 -0.12314
v -0.24 0.17 -0.17
v -0.24 0.28314 -0.12314
v -0.24 0.33 -0.01
v -0.24 0.28314 0.10314
v -0.1 0.17 0.12
v -0.1 0.07808 0.08192
v -0.1 0.04 -0.01
v -0.1 0.07808 -0.10192
v -0.1 0.17 -0.14
v -0.1 0.26192 -0.10192
v -0.1 0.3 -0.01
v -0.1 0.26192 0.08192
v 0.3 0.17 0.12
v 0.3 0.07808 0.08192
v 0.3 0.04 -0.01
v 0.3 0.07808 -0.10192
v 0.3 0.17 -0.14
v 0.3 0.26192 -0.10192
v 0.3 0.3 -0.01
v 0.3 0.26192 0.08192
v -0.95 -0.17 -0.01
v -0.95 -0.17 -0.01
v -0.95 -0.17 -0.01
v -0.95 -0.17 -0.01
v -0.95 -0.17 -0.01
v -0.95 -0.17 -0.01
v -0.95 -0.17 -0.01
v -0.95 -0.17 -0.01
v -1 -0.17 -0.09
v -1 -0.11343 -0.06657
v -1 -0.09 -0.01
v -1 -0.11343 0.04657
v -1 -0.17 0.07
v -1 -0.22657 0.04657
v -1 -0.25 -0.01
v -1 -0.22657 -0.06657
v -0.9 -0.17 -0.14
v -0.9 -0.07808 -0.10192
v -0.9 -0.04 -0.01
v -0.9 -0.07808 0.08192
v -0.9 -0.17 0.12
v -0.9 -0.26192 0.08192
v -0.9 -0.3 -0.01
v -0.9 -0.26192 -0.10192
v -0.6 -0.17 -0.14
v -0.6 -0.07808 -0.10192
v -0.6 -0.04 -0.01
v -0.6 -0.07808 0.08192
v -0.6 -0.17 0.12
v -0.6 -0.26192 0.08192
v -0.6 -0.3 -0.01
v -0.6 -0.26192 -0.10192
v -0.5 -0.17 -0.19
v -0.5 -0.04272 -0.13728
v -0.5 0.01 -0.01
v -0.5 -0.04272 0.11728
v -0.5 -0.17 0.17
v -0.5 -0.29728 0.11728
v -0.5 -0.35 -0.01
v -0.5 -0.29728 -0.13728
v -0.24 -0.17 -0.17
v -0.24 -0.05686 -0.12314
v -0.24 -0.01 -0.01
v -0.24 -0.05686 0.10314
v -0.24 -0.17 0.15
v -0.24 -0.28314 0.10314
v -0.24 -0.33 -0.01
v -0.24 -0.28314 -0.12314
v -0.1 -0.17 -0.14
v -0.1 -0.07808 -0.10192
v -0.1 -0.04 -0.01
v -0.1 -0.07808 0.08192
v -0.1 -0.17 0.12
v -0.1 -0.26192 0.08192
v -0.1 -0.3 -0.01
v -0.1 -0.26192 -0.10192
v 0.3 -0.17 -0.14
v 0.3 -0.07808 -0.10192
v 0.3 -0.04 -0.01
v 0.3 -0.07808 0.08192
v 0.3 -0.17 0.12
v 0.3 -0.26192 0.08192
v 0.3 -0.3 -0.01
v 0.3 -0.26192 -0.10192
v 0.3 0.25 0.09
v 0.3 0.17929 0.06071
v 0.3 0.15 -0.01
v 0.3 0.17929 -0.08071
v 0.3 0.25 -0.11
v 0.3 0.32071 -0.08071
v 0.3 0.35 -0.01
v 0.3 0.32071 0.06071
v 0.55 0.25 0.16
v 0.55 0.12979 0.11021
v 0.55 0.08 -0.01
v 0.55 0.12979 -0.13021
v 0.55 0.25 -0.18
v 0.55 0.37021 -0.13021
v 0.55 0.42 -0.01
v 0.55 0.37021 0.11021
v 0.9 0.23 0.15
v 0.9 0.11686 0.10314
v 0.9 0.07 -0.01
v 0.9 0.11686 -0.12314
v 0.9 0.23 -0.17
v 0.9 0.34314 -0.12314
v 0.9 0.39 -0.01
v 0.9 0.34314 0.10314
v 1.05 0.23 0.19
v 1.05 0.08858 0.13142
v 1.05 0.03 -0.01
v 1.05 0.08858 -0.15142
v 1.05 0.23 -0.21
v 1.05 0.37142 -0.15142
v 1.05 0.43 -0.01
v 1.05 0.37142 0.13142
v 1.36 0.25 0.17
v 1.36 0.12272 0.11728
v 1.36 0.07 -0.01
v 1.36 0.12272 -0.13728
v 1.36 0.25 -0.19
v 1.36 0.37728 -0.13728
v 1.36 0.43 -0.01
v 1.36 0.37728 0.11728
v 1.7 0.22 0.11
v 1.7 0.13515 0.07485
v 1.7 0.1 -0.01
v 1.7 0.13515 -0.09485
v 1.7 0.22 -0.13
v 1.7 0.30485 -0.09485
v 1.7 0.34 -0.01
v 1.7 0.30485 0.07485
v 1.65 0.25 -0.01
v 1.65 0.25 -0.01
v 1.65 0.25 -0.01
v 1.65 0.25 -0.01
v 1.65 0.25 -0.01
v 1.65 0.25 -0.01
v 1.65 0.25 -0.01
v 1.65 0.25 -0.01
v 0.3 -0.25 -0.11
v 0.3 -0.17929 -0.08071
v 0.3 -0.15 -0.01
v 0.3 -0.17929 0.06071
v 0.3 -0.25 0.09
v 0.3 -0.32071 0.06071
v 0.3 -0.35 -0.01
v 0.3 -0.32071 -0.08071
v 0.55 -0.25 -0.18
v 0.55 -0.12979 -0.13021
v 0.55 -0.08 -0.01
v 0.55 -0.12979 0.11021
v 0.55 -0.25 0.16
v 0.55 -0.37021 0.11021
v 0.55 -0.42 -0.01
v 0.55 -0.37021 -0.13021
v 0.9 -0.23 -0.17
v 0.9 -0.11686 -0.12314
v 0.9 -0.07 -0.01
v 0.9 -0.11686 0.10314
v 0.9 -0.23 0.15
v 0.9 -0.34314 0.10314
v 0.9 -0.39 -0.01
v 0.9 -0.34314 -0.12314
v 1.05 -0.23 -0.21
v 1.05 -0.08858 -0.15142
v 1.05 -0.03 -0.01
v 1.05 -0.08858 0.13142
v 1.05 -0.23 0.19
v 1.05 -0.37142 0.13142
v 1.05 -0.43 -0.01
v 1.05 -0.37142 -0.15142
v 1.36 -0.25 -0.19
v 1.36 -0.12272 -0.13728
v 1.36 -0.07 -0.01
v 1.36 -0.12272 0.11728
v 1.36 -0.25 0.17
v 1.36 -0.37728 0.11728
v 1.36 -0.43 -0.01
v 1.36 -0.37728 -0.13728
v 1.7 -0.22 -0.13
v 1.7 -0.13515 -0.09485
v 1.7 -0.1 -0.01
v 1.7 -0.13515 0.07485
v 1.7 -0.22 0.11
v 1.7 -0.30485 0.07485
v 1.7 -0.34 -0.01
v 1.7 -0.30485 -0.09485
v 1.65 -0.25 -0.01
v 1.65 -0.25 -0.01
v 1.65 -0.25 -0.01
v 1.65 -0.25 -0.01
v 1.65 -0.25 -0.01
v 1.65 -0.25 -0.01
v 1.65 -0.25 -0.01
v 1.65 -0.25 -0.01
v -1.2 0 0.24
v -1.2 0 0.24
v -1.2 0 0.24
v -1.2 0 0.24
v -1.2 0 0.24
v -1.2 0 0.24
v -1.2 0 0.24
v -1.2 0 0.24
v -1.25 0 0.28
v -1.25 -0.02828 0.26828
v -1.25 -0.04 0.24
v -1.25 -0.02828 0.21172
v -1.25 0 0.2
v -1.25 0.02828 0.21172
v -1.25 0.04 0.24
v -1.25 0.02828 0.26828
v -1.15 0 0.33
v -1.15 -0.06364 0.30364
v -1.15 -0.09 0.24
v -1.15 -0.06364 0.17636
v -1.15 0 0.15
v -1.15 0.06364 0.17636
v -1.15 0.09 0.24
v -1.15 0.06364 0.30364
v -0.95 0 0.35
v -0.95 -0.07778 0.31778
v -0.95 -0.11 0.24
v -0.95 -0.07778 0.16222
v -0.95 0 0.13
v -0.95 0.07778 0.16222
v -0.95 0.11 0.24
v -0.95 0.07778 0.31778
v -0.65 0 0.34
v -0.65 -0.07071 0.31071
v -0.65 -0.1 0.24
v -0.65 -0.07071 0.16929
v -0.65 0 0.14
v -0.65 0.07071 0.16929
v -0.65 0.1 0.24
v -0.65 0.07071 0.31071
v -0.59 0 0.37
v -0.59 -0.09192 0.33192
v -0.59 -0.13 0.24
v -0.59 -0.09192 0.14808
v -0.59 0 0.11
v -0.59 0.09192 0.14808
v -0.59 0.13 0.24
v -0.59 0.09192 0.33192
v -0.3 0 0.37
v -0.3 -0.09192 0.33192
v -0.3 -0.13 0.24
v -0.3 -0.09192 0.14808
v -0.3 0 0.11
v -0.3 0.09192 0.14808
v -0.3 0.13 0.24
v -0.3 0.09192 0.33192
v -0.1 0 0.36
v -0.1 -0.07778 0.32778
v -0.1 -0.11 0.25
v -0.1 -0.07778 0.17222
v -0.1 0 0.14
v -0.1 0.07778 0.17222
v -0.1 0.11 0.25
v -0.1 0.07778 0.32778
v 0.1 0 0.44
v 0.1 -0.11314 0.39314
v 0.1 -0.16 0.28
v 0.1 -0.11314 0.16686
v 0.1 0 0.12
v 0.1 0.11314 0.16686
v 0.1 0.16 0.28
v 0.1 0.11314 0.39314
v 0.45 0 0.46
v 0.45 -0.12728 0.40728
v 0.45 -0.18 0.28
v 0.45 -0.12728 0.15272
v 0.45 0 0.1
v 0.45 0.12728 0.15272
v 0.45 0.18 0.28
v 0.45 0.12728 0.40728
v 0.55 0 0.5
v 0.55 -0.15556 0.43556
v 0.55 -0.22 0.28
v 0.55 -0.15556 0.12444
v 0.55 0 0.06
v 0.55 0.15556 0.12444
v 0.55 0.22 0.28
v 0.55 0.15556 0.43556
v 0.8 0 0.44
v 0.8 -0.11314 0.39314
v 0.8 -0.16 0.28
v 0.8 -0.11314 0.16686
v 0.8 0 0.12
v 0.8 0.11314 0.16686
v 0.8 0.16 0.28
v 0.8 0.11314 0.39314
v 1.2 0 0.44
v 1.2 -0.11314 0.39314
v 1.2 -0.16 0.28
v 1.2 -0.11314 0.16686
v 1.2 0 0.12
v 1.2 0.11314 0.16686
v 1.2 0.16 0.28
v 1.2 0.11314 0.39314
v 1.35 0 0.46
v 1.35 -0.12728 0.40728
v 1.35 -0.18 0.28
v 1.35 -0.12728 0.15272
v 1.35 0 0.1
v 1.35 0.12728 0.15272
v 1.35 0.18 0.28
v 1.35 0.12728 0.40728
v 1.8 0 0.41
v 1.8 -0.09192 0.37192
v 1.8 -0.13 0.28
v 1.8 -0.09192 0.18808
v 1.8 0 0.15
v 1.8 0.09192 0.18808
v 1.8 0.13 0.28
v 1.8 0.09192 0.37192
v 1.7 0 0.28
v 1.7 0 0.28
v 1.7 0 0.28
v 1.7 0 0.28
v 1.7 0 0.28
v 1.7 0 0.28
v 1.7 0 0.28
v 1.7 0 0.28
v 0.3 0.65 0
v 0.3 0.65 0
v 0.3 0.65 0
v 0.3 0.65 0
v 0.3 0.65 0
v 0.3 0.65 0
v 0.3 0.65 0
v 0.3 0.65 0
v 0.2 0.63 0.07
v 0.2 0.5805 0.0495
v 0.2 0.56 0
v 0.2 0.5805 -0.0495
v 0.2 0.63 -0.07
v 0.2 0.6795 -0.0495
v 0.2 0.7 0
v 0.2 0.6795 0.0495
v 0.4 0.65 0.11
v 0.4 0.57929 0.07778
v 0.4 0.55 0
v 0.4 0.57929 -0.07778
v 0.4 0.65 -0.11
v 0.4 0.72071 -0.07778
v 0.4 0.75 0
v 0.4 0.72071 0.07778
v 0.65 0.7 0.14
v 0.65 0.60101 0.09899
v 0.65 0.56 0
v 0.65 0.60101 -0.09899
v 0.65 0.7 -0.14
v 0.65 0.79899 -0.09899
v 0.65 0.84 0
v 0.65 0.79899 0.09899
v 0.9 0.65 0.11
v 0.9 0.57222 0.07778
v 0.9 0.54 0
v 0.9 0.57222 -0.07778
v 0.9 0.65 -0.11
v 0.9 0.72778 -0.07778
v 0.9 0.76 0
v 0.9 0.72778 0.07778
v 1.2 0.62 0.13
v 1.2 0.52808 0.09192
v 1.2 0.49 0
v 1.2 0.52808 -0.09192
v 1.2 0.62 -0.13
v 1.2 0.71192 -0.09192
v 1.2 0.75 0
v 1.2 0.71192 0.09192
v 1.45 0.65 0.15
v 1.45 0.54393 0.10607
v 1.45 0.5 0
v 1.45 0.54393 -0.10607
v 1.45 0.65 -0.15
v 1.45 0.75607 -0.10607
v 1.45 0.8 0
v 1.45 0.75607 0.10607
v 1.8 0.59 0.11
v 1.8 0.51222 0.07778
v 1.8 0.48 0
v 1.8 0.51222 -0.07778
v 1.8 0.59 -0.11
v 1.8 0.66778 -0.07778
v 1.8 0.7 0
v 1.8 0.66778 0.07778
v 1.7 0.59 0
v 1.7 0.59 0
v 1.7 0.59 0
v 1.7 0.59 0
v 1.7 0.59 0
v 1.7 0.59 0
v 1.7 0.59 0
v 1.7 0.59 0
v 0.3 -0.65 0
v 0.3 -0.65 0
v 0.3 -0.65 0
v 0.3 -0.65 0
v 0.3 -0.65 0
v 0.3 -0.65 0
v 0.3 -0.65 0
v 0.3 -0.65 0
v 0.2 -0.63 -0.07
v 0.2 -0.5805 -0.0495
v 0.2 -0.56 0
v 0.2 -0.5805 0.0495
v 0.2 -0.63 0.07
v 0.2 -0.6795 0.0495
v 0.2 -0.7 0
v 0.2 -0.6795 -0.0495
v 0.4 -0.65 -0.11
v 0.4 -0.57929 -0.07778
v 0.4 -0.55 0
v 0.4 -0.57929 0.07778
v 0.4 -0.65 0.11
v 0.4 -0.72071 0.07778
v 0.4 -0.75 0
v 0.4 -0.72071 -0.07778
v 0.65 -0.7 -0.14
v 0.65 -0.60101 -0.09899
v 0.65 -0.56 0
v 0.65 -0.60101 0.09899
v 0.65 -0.7 0.14
v 0.65 -0.79899 0.09899
v 0.65 -0.84 0
v 0.65 -0.79899 -0.09899
v 0.9 -0.65 -0.11
v 0.9 -0.57222 -0.07778
v 0.9 -0.54 0
v 0.9 -0.57222 0.07778
v 0.9 -0.65 0.11
v 0.9 -0.72778 0.07778
v 0.9 -0.76 0
v 0.9 -0.72778 -0.07778
v 1.2 -0.62 -0.13
v 1.2 -0.52808 -0.09192
v 1.2 -0.49 0
v 1.2 -0.52808 0.09192
v 1.2 -0.62 0.13
v 1.2 -0.71192 0.09192
v 1.2 -0.75 0
v 1.2 -0.71192 -0.09192
v 1.45 -0.65 -0.15
v 1.45 -0.54393 -0.10607
v 1.45 -0.5 0
v 1.45 -0.54393 0.10607
v 1.45 -0.65 0.15
v 1.45 -0.75607 0.10607
v 1.45 -0.8 0
v 1.45 -0.75607 -0.10607
v 1.8 -0.59 -0.11
v 1.8 -0.51222 -0.07778
v 1.8 -0.48 0
v 1.8 -0.51222 0.07778
v 1.8 -0.59 0.11
v 1.8 -0.66778 0.07778
v 1.8 -0.7 0
v 1.8 -0.66778 -0.07778
v 1.7 -0.59 0
v 1.7 -0.59 0
v 1.7 -0.59 0
v 1.7 -0.59 0
v 1.7 -0.59 0
v 1.7 -0.59 0
v 1.7 -0.59 0
v 1.7 -0.59 0
v -1.7 0.25 0
v -1.7 0.25 0
v -1.7 0.25 0
v -1.7 0.25 0
v -1.52 0.35 0
v -1.4 0.35 0.04
v -1.4 0.35 -0.04
v -1.12 0.35 0
v -1.4 0.4 0
v -1.2 0.4 0
v -1.7 -0.25 0
v -1.7 -0.25 0
v -1.7 -0.25 0
v -1.7 -0.25 0
v -1.52 -0.35 0
v -1.4 -0.35 0.04
v -1.4 -0.35 -0.04
v -1.12 -0.35 0
v -1.4 -0.4 0
v -1.2 -0.4 0
v -1.05 0.3 0
v -1.05 0.3 0
v -1.05 0.3 0
v -1.05 0.3 0
v -1.52 0.35 0
v -1.32 0.35 0.08
v -1.32 0.35 -0.08
v -1.12 0.35 0
v -1.4 0.4 0
v -1.3 0.4 0.04
v -1.3 0.4 -0.04
v -1.2 0.4 0
v -1.1 0.5 0
v -1.1 0.5 0
v -1.05 -0.3 0
v -1.05 -0.3 0
v -1.05 -0.3 0
v -1.05 -0.3 0
v -1.52 -0.35 0
v -1.32 -0.35 0.08
v -1.32 -0.35 -0.08
v -1.12 -0.35 0
v -1.4 -0.4 0
v -1.3 -0.4 0.04
v -1.3 -0.4 -0.04
v -1.2 -0.4 0
v -1.1 -0.5 0
v -1.1 -0.5 0
v -1.475 0.2 0
v -1.3 0.2 0.0525
v -1.3 0.2 -0.0525
v -1.125 0.2 0
v -1.525 0.32 0
v -1.275 0.32 0
v -1.475 -0.2 0
v -1.3 -0.2 0.0525
v -1.3 -0.2 -0.0525
v -1.125 -0.2 0
v -1.525 -0.32 0
v -1.275 -0.32 0
v -0.3 0.29 0
v -0.15 0.29 0.045
v -0.15 0.29 -0.045
v 0 0.29 0
v -0.44 0.45 0
v -0.44 0.45 0
v -0.3 -0.29 0
v -0.15 -0.29 0.045
v -0.15 -0.29 -0.045
v 0 -0.29 0
v -0.44 -0.45 0
v -0.44 -0.45 0
v -0.315 0.29 0
v -0.3 0.29 0.0045
v -0.3 0.29 -0.0045
v -0.285 0.29 0
v -0.465 0.45 0
v -0.435 0.45 0
v -0.315 -0.29 0
v -0.3 -0.29 0.0045
v -0.3 -0.29 -0.0045
v -0.285 -0.29 0
v -0.465 -0.45 0
v -0.435 -0.45 0
v -0.15 0.29 -0.03
v 0.05 0.29 -0.01
v 0.05 0.29 -0.05
v 0.25 0.29 -0.03
v -0.245 0.51 -0.03
v -0.095 0.51 -0.03
v -0.15 -0.29 -0.03
v 0.05 -0.29 -0.01
v 0.05 -0.29 -0.05
v 0.25 -0.29 -0.03
v -0.245 -0.51 -0.03
v -0.095 -0.51 -0.03
v -0.075 0.29 -0.01
v 0 0.29 -0.0025
v 0 0.29 -0.0175
v 0.075 0.29 -0.01
v -0.14 0.46 -0.01
v -0.14 0.46 -0.01
v -0.075 -0.29 -0.01
v 0 -0.29 -0.0025
v 0 -0.29 -0.0175
v 0.075 -0.29 -0.01
v -0.14 -0.46 -0.01
v -0.14 -0.46 -0.01
v 0.83 0.1 0.3
v 0.88 0.1 0.325
v 0.88 0.1 0.275
v 0.93 0.1 0.3
v 0.8 0.25975 0.24186
v 0.85 0.28241 0.25242
v 0.85 0.23709 0.23129
v 0.9 0.25975 0.24186
v 0.72 0.32314 0.10591
v 0.77 0.3458 0.11648
v 0.77 0.30048 0.09534
v 0.82 0.32314 0.10591
v 0.77 0.32314 0.10591
v 0.77 0.32314 0.10591
v 0.83 -0.1 0.3
v 0.88 -0.1 0.325
v 0.88 -0.1 0.275
v 0.93 -0.1 0.3
v 0.8 -0.25975 0.24186
v 0.85 -0.28241 0.25242
v 0.85 -0.23709 0.23129
v 0.9 -0.25975 0.24186
v 0.72 -0.32314 0.10591
v 0.77 -0.3458 0.11648
v 0.77 -0.30048 0.09534
v 0.82 -0.32314 0.10591
v 0.77 -0.32314 0.10591
v 0.77 -0.32314 0.10591
v 1.03 0.1 0.3
v 1.08 0.1 0.325
v 1.08 0.1 0.275
v 1.13 0.1 0.3
v 1 0.25975 0.24186
v 1.05 0.28241 0.25242
v 1.05 0.23709 0.23129
v 1.1 0.25975 0.24186
v 0.92 0.32314 0.10591
v 0.97 0.3458 0.11648
v 0.97 0.30048 0.09534
v 1.02 0.32314 0.10591
v 0.97 0.32314 0.10591
v 0.97 0.32314 0.10591
v 1.03 -0.1 0.3
v 1.08 -0.1 0.325
v 1.08 -0.1 0.275
v 1.13 -0.1 0.3
v 1 -0.25975 0.24186
v 1.05 -0.28241 0.25242
v 1.05 -0.23709 0.23129
v 1.1 -0.25975 0.24186
v 0.92 -0.32314 0.10591
v 0.97 -0.3458 0.11648
v 0.97 -0.30048 0.09534
v 1.02 -0.32314 0.10591
v 0.97 -0.32314 0.10591
v 0.97 -0.32314 0.10591
v 1.15 0.35 0
v 1.35 0.35 0.02
v 1.35 0.35 -0.02
v 1.55 0.35 0
v 1.3 0.55 0
v 1.45 0.55 0.015
v 1.45 0.55 -0.015
v 1.6 0.55 0
v 1.2 0.72 0
v 1.35 0.72 0.015
v 1.35 0.72 -0.015
v 1.5 0.72 0
v 1.105 0.97 0
v 1.255 0.97 0
v 1.15 -0.35 0
v 1.35 -0.35 0.02
v 1.35 -0.35 -0.02
v 1.55 -0.35 0
v 1.3 -0.55 0
v 1.45 -0.55 0.015
v 1.45 -0.55 -0.015
v 1.6 -0.55 0
v 1.2 -0.72 0
v 1.35 -0.72 0.015
v 1.35 -0.72 -0.015
v 1.5 -0.72 0
v 1.105 -0.97 0
v 1.255 -0.97 0
v 0.65 0.35 0
v 0.8 0.35 0.015
v 0.8 0.35 -0.015
v 0.95 0.35 0
v 0.5 0.55 0
v 0.7 0.55 0.02
v 0.7 0.55 -0.02
v 0.9 0.55 0
v 0.5 0.75 0
v 0.7 0.75 0.02
v 0.7 0.75 -0.02
v 0.9 0.75 0
v 0.8 1.05 0
v 1 1.05 0
v 0.65 -0.35 0
v 0.8 -0.35 0.015
v 0.8 -0.35 -0.015
v 0.95 -0.35 0
v 0.5 -0.55 0
v 0.7 -0.55 0.02
v 0.7 -0.55 -0.02
v 0.9 -0.55 0
v 0.5 -0.75 0
v 0.7 -0.75 0.02
v 0.7 -0.75 -0.02
v 0.9 -0.75 0
v 0.8 -1.05 0
v 1 -1.05 0
v 0.54 0.75 0.01
v 0.73 0.75 0.029
v 0.73 0.75 -0.009
v 0.92 0.75 0.01
v 0.835 1.01 0.01
v 0.985 1.01 0.01
v 0.54 -0.75 0.01
v 0.73 -0.75 0.029
v 0.73 -0.75 -0.009
v 0.92 -0.75 0.01
v 0.835 -1.01 0.01
v 0.985 -1.01 0.01
v 1.155 0.72 0.01
v 1.18 0.72 0.0125
v 1.18 0.72 0.0075
v 1.205 0.72 0.01
v 1.085 0.97 0.01
v 1.135 0.97 0.01
v 1.155 -0.72 0.01
v 1.18 -0.72 0.0125
v 1.18 -0.72 0.0075
v 1.205 -0.72 0.01
v 1.085 -0.97 0.01
v 1.135 -0.97 0.01

vt 0.8125 0.775
vt 0.8125 0.975
vt 0.8375 0.975
vt 0.8375 0.775
vt 0.8125 0.775
vt 0.8375 0.975
vt 0.8375 0.775
vt 0.8375 0.975
vt 0.8625 0.975
vt 0.8625 0.775
vt 0.8375 0.775
vt 0.8625 0.975
vt 0.7625 0.775
vt 0.7625 0.975
vt 0.7875 0.975
vt 0.7875 0.775
vt 0.7625 0.775
vt 0.7875 0.975
vt 0.7875 0.775
vt 0.7875 0.975
vt 0.8125 0.975
vt 0.8125 0.775
vt 0.7875 0.775
vt 0.8125 0.975
vt 0.8125 0.775
vt 0.8125 0.975
vt 0.8375 0.775
vt 0.8125 0.975
vt 0.8375 0.975
vt 0.8375 0.775
vt 0.8375 0.775
vt 0.8375 0.975
vt 0.8625 0.775
vt 0.8375 0.975
vt 0.8625 0.975
vt 0.8625 0.775
vt 0.7625 0.775
vt 0.7625 0.975
vt 0.7875 0.775
vt 0.7625 0.975
vt 0.7875 0.975
vt 0.7875 0.775
vt 0.7875 0.775
vt 0.7875 0.975
vt 0.8125 0.775
vt 0.7875 0.975
vt 0.8125 0.975
vt 0.8125 0.775
vt 0.1375 0.275
vt 0.1375 0.475
vt 0.2375 0.475
vt 0.2375 0.275
vt 0.1375 0.275
vt 0.2375 0.475
vt 0.1375 0.275
vt 0.1375 0.475
vt 0.2375 0.475
vt 0.2375 0.275
vt 0.1375 0.275
vt 0.2375 0.475
vt 0.1375 0.275
vt 0.1375 0.475
vt 0.2375 0.475
vt 0.2375 0.275
vt 0.1375 0.275
vt 0.2375 0.475
vt 0.1375 0.275
vt 0.1375 0.475
vt 0.2375 0.475
vt 0.2375 0.275
vt 0.1375 0.275
vt 0.2375 0.475
vt 0.1375 0.275
vt 0.1375 0.475
vt 0.2375 0.275
vt 0.1375 0.475
vt 0.2375 0.475
vt 0.2375 0.275
vt 0.1375 0.275
vt 0.1375 0.475
vt 0.2375 0.275
vt 0.1375 0.475
vt 0.2375 0.475
vt 0.2375 0.275
vt 0.1375 0.275
vt 0.1375 0.475
vt 0.2375 0.275
vt 0.1375 0.475
vt 0.2375 0.475
vt 0.2375 0.275
vt 0.1375 0.275
vt 0.1375 0.475
vt 0.2375 0.275
vt 0.1375 0.475
vt 0.2375 0.475
vt 0.2375 0.275
vt 0.87625 0.025
vt 0.87625 0.225
vt 0.87625 0.225
vt 0.87625 0.025
vt 0.87625 0.025
vt 0.87625 0.225
vt 0.87625 0.025
vt 0.87625 0.225
vt 0.87625 0.225
vt 0.87625 0.025
vt 0.87625 0.025
vt 0.87625 0.225
vt 0.87625 0.025
vt 0.87625 0.225
vt 0.87625 0.225
vt 0.87625 0.025
vt 0.87625 0.025
vt 0.87625 0.225
vt 0.87625 0.025
vt 0.87625 0.225
vt 0.87625 0.225
vt 0.87625 0.025
vt 0.87625 0.025
vt 0.87625 0.225
vt 0.87625 0.025
vt 0.87625 0.225
vt 0.87625 0.025
vt 0.87625 0.225
vt 0.87625 0.225
vt 0.87625 0.025
vt 0.87625 0.025
vt 0.87625 0.225
vt 0.87625 0.025
vt 0.87625 0.225
vt 0.87625 0.225
vt 0.87625 0.025
vt 0.87625 0.025
vt 0.87625 0.225
vt 0.87625 0.025
vt 0.87625 0.225
vt 0.87625 0.225
vt 0.87625 0.025
vt 0.87625 0.025
vt 0.87625 0.225
vt 0.87625 0.025
vt 0.87625 0.225
vt 0.87625 0.225
vt 0.87625 0.025
vt 0.2625 0.525
vt 0.2625 0.725
vt 0.3625 0.725
vt 0.3625 0.525
vt 0.2625 0.525
vt 0.3625 0.725
vt 0.2625 0.525
vt 0.2625 0.725
vt 0.3625 0.725
vt 0.3625 0.525
vt 0.2625 0.525
vt 0.3625 0.725
vt 0.2625 0.525
vt 0.2625 0.725
vt 0.3625 0.725
vt 0.3625 0.525
vt 0.2625 0.525
vt 0.3625 0.725
vt 0.2625 0.525
vt 0.2625 0.725
vt 0.3625 0.725
vt 0.3625 0.525
vt 0.2625 0.525
vt 0.3625 0.725
vt 0.2625 0.525
vt 0.2625 0.725
vt 0.3625 0.525
vt 0.2625 0.725
vt 0.3625 0.725
vt 0.3625 0.525
vt 0.2625 0.525
vt 0.2625 0.725
vt 0.3625 0.525
vt 0.2625 0.725
vt 0.3625 0.725
vt 0.3625 0.525
vt 0.2625 0.525
vt 0.2625 0.725
vt 0.3625 0.525
vt 0.2625 0.725
vt 0.3625 0.725
vt 0.3625 0.525
vt 0.2625 0.525
vt 0.2625 0.725
vt 0.3625 0.525
vt 0.2625 0.725
vt 0.3625 0.725
vt 0.3625 0.525
vt 0.3875 0.775
vt 0.3875 0.975
vt 0.4875 0.975
vt 0.4875 0.775
vt 0.3875 0.775
vt 0.4875 0.975
vt 0.3875 0.775
vt 0.3875 0.975
vt 0.4875 0.975
vt 0.4875 0.775
vt 0.3875 0.775
vt 0.4875 0.975
vt 0.3875 0.775
vt 0.3875 0.975
vt 0.4875 0.975
vt 0.4875 0.775
vt 0.3875 0.775
vt 0.4875 0.975
vt 0.3875 0.775
vt 0.3875 0.975
vt 0.4875 0.975
vt 0.4875 0.775
vt 0.3875 0.775
vt 0.4875 0.975
vt 0.3875 0.775
vt 0.3875 0.975
vt 0.4875 0.775
vt 0.3875 0.975
vt 0.4875 0.975
vt 0.4875 0.775
vt 0.3875 0.775
vt 0.3875 0.975
vt 0.4875 0.775
vt 0.3875 0.975
vt 0.4875 0.975
vt 0.4875 0.775
vt 0.3875 0.775
vt 0.3875 0.975
vt 0.4875 0.775
vt 0.3875 0.975
vt 0.4875 0.975
vt 0.4875 0.775
vt 0.3875 0.775
vt 0.3875 0.975
vt 0.4875 0.775
vt 0.3875 0.975
vt 0.4875 0.975
vt 0.4875 0.775
vt 0.3875 0.525
vt 0.3875 0.725
vt 0.4875 0.725
vt 0.4875 0.525
vt 0.3875 0.525
vt 0.4875 0.725
vt 0.3875 0.525
vt 0.3875 0.725
vt 0.4875 0.725
vt 0.4875 0.525
vt 0.3875 0.525
vt 0.4875 0.725
vt 0.3875 0.525
vt 0.3875 0.725
vt 0.4875 0.725
vt 0.4875 0.525
vt 0.3875 0.525
vt 0.4875 0.725
vt 0.3875 0.525
vt 0.3875 0.725
vt 0.4875 0.725
vt 0.4875 0.525
vt 0.3875 0.525
vt 0.4875 0.725
vt 0.3875 0.525
vt 0.3875 0.725
vt 0.4875 0.525
vt 0.3875 0.725
vt 0.4875 0.725
vt 0.4875 0.525
vt 0.3875 0.525
vt 0.3875 0.725
vt 0.4875 0.525
vt 0.3875 0.725
vt 0.4875 0.725
vt 0.4875 0.525
vt 0.3875 0.525
vt 0.3875 0.725
vt 0.4875 0.525
vt 0.3875 0.725
vt 0.4875 0.725
vt 0.4875 0.525
vt 0.3875 0.525
vt 0.3875 0.725
vt 0.4875 0.525
vt 0.3875 0.725
vt 0.4875 0.725
vt 0.4875 0.525
vt 0.87625 0.025
vt 0.87625 0.225
vt 0.87625 0.225
vt 0.87625 0.025
vt 0.87625 0.025
vt 0.87625 0.225
vt 0.87625 0.025
vt 0.87625 0.225
vt 0.87625 0.225
vt 0.87625 0.025
vt 0.87625 0.025
vt 0.87625 0.225
vt 0.87625 0.025
vt 0.87625 0.225
vt 0.87625 0.225
vt 0.87625 0.025
vt 0.87625 0.025
vt 0.87625 0.225
vt 0.87625 0.025
vt 0.87625 0.225
vt 0.87625 0.225
vt 0.87625 0.025
vt 0.87625 0.025
vt 0.87625 0.225
vt 0.87625 0.025
vt 0.87625 0.225
vt 0.87625 0.025
vt 0.87625 0.225
vt 0.87625 0.225
vt 0.87625 0.025
vt 0.87625 0.025
vt 0.87625 0.225
vt 0.87625 0.025
vt 0.87625 0.225
vt 0.87625 0.225
vt 0.87625 0.025
vt 0.87625 0.025
vt 0.87625 0.225
vt 0.87625 0.025
vt 0.87625 0.225
vt 0.87625 0.225
vt 0.87625 0.025
vt 0.87625 0.025
vt 0.87625 0.225
vt 0.87625 0.025
vt 0.87625 0.225
vt 0.87625 0.225
vt 0.87625 0.025
vt 0.5125 0.775
vt 0.5125 0.975
vt 0.6125 0.975
vt 0.6125 0.775
vt 0.5125 0.775
vt 0.6125 0.975
vt 0.5125 0.775
vt 0.5125 0.975
vt 0.6125 0.975
vt 0.6125 0.775
vt 0.5125 0.775
vt 0.6125 0.975
vt 0.5125 0.775
vt 0.5125 0.975
vt 0.6125 0.975
vt 0.6125 0.775
vt 0.5125 0.775
vt 0.6125 0.975
vt 0.5125 0.775
vt 0.5125 0.975
vt 0.6125 0.975
vt 0.6125 0.775
vt 0.5125 0.775
vt 0.6125 0.975
vt 0.5125 0.775
vt 0.5125 0.975
vt 0.6125 0.775
vt 0.5125 0.975
vt 0.6125 0.975
vt 0.6125 0.775
vt 0.5125 0.775
vt 0.5125 0.975
vt 0.6125 0.775
vt 0.5125 0.975
vt 0.6125 0.975
vt 0.6125 0.775
vt 0.5125 0.775
vt 0.5125 0.975
vt 0.6125 0.775
vt 0.5125 0.975
vt 0.6125 0.975
vt 0.6125 0.775
vt 0.5125 0.775
vt 0.5125 0.975
vt 0.6125 0.775
vt 0.5125 0.975
vt 0.6125 0.975
vt 0.6125 0.775
vt 0.0125 0.525
vt 0.0125 0.725
vt 0.1125 0.725
vt 0.1125 0.525
vt 0.0125 0.525
vt 0.1125 0.725
vt 0.0125 0.525
vt 0.0125 0.725
vt 0.1125 0.725
vt 0.1125 0.525
vt 0.0125 0.525
vt 0.1125 0.725
vt 0.0125 0.525
vt 0.0125 0.725
vt 0.1125 0.725
vt 0.1125 0.525
vt 0.0125 0.525
vt 0.1125 0.725
vt 0.0125 0.525
vt 0.0125 0.725
vt 0.1125 0.725
vt 0.1125 0.525
vt 0.0125 0.525
vt 0.1125 0.725
vt 0.0125 0.525
vt 0.0125 0.725
vt 0.1125 0.525
vt 0.0125 0.725
vt 0.1125 0.725
vt 0.1125 0.525
vt 0.0125 0.525
vt 0.0125 0.725
vt 0.1125 0.525
vt 0.0125 0.725
vt 0.1125 0.725
vt 0.1125 0.525
vt 0.0125 0.525
vt 0.0125 0.725
vt 0.1125 0.525
vt 0.0125 0.725
vt 0.1125 0.725
vt 0.1125 0.525
vt 0.0125 0.525
vt 0.0125 0.725
vt 0.1125 0.525
vt 0.0125 0.725
vt 0.1125 0.725
vt 0.1125 0.525
vt 0.87625 0.025
vt 0.87625 0.225
vt 0.87625 0.225
vt 0.87625 0.025
vt 0.87625 0.025
vt 0.87625 0.225
vt 0.87625 0.025
vt 0.87625 0.225
vt 0.87625 0.225
vt 0.87625 0.025
vt 0.87625 0.025
vt 0.87625 0.225
vt 0.87625 0.025
vt 0.87625 0.225
vt 0.87625 0.225
vt 0.87625 0.025
vt 0.87625 0.025
vt 0.87625 0.225
vt 0.87625 0.025
vt 0.87625 0.225
vt 0.87625 0.225
vt 0.87625 0.025
vt 0.87625 0.025
vt 0.87625 0.225
vt 0.87625 0.025
vt 0.87625 0.225
vt 0.87625 0.025
vt 0.87625 0.225
vt 0.87625 0.225
vt 0.87625 0.025
vt 0.87625 0.025
vt 0.87625 0.225
vt 0.87625 0.025
vt 0.87625 0.225
vt 0.87625 0.225
vt 0.87625 0.025
vt 0.87625 0.025
vt 0.87625 0.225
vt 0.87625 0.025
vt 0.87625 0.225
vt 0.87625 0.225
vt 0.87625 0.025
vt 0.87625 0.025
vt 0.87625 0.225
vt 0.87625 0.025
vt 0.87625 0.225
vt 0.87625 0.225
vt 0.87625 0.025
vt 0.3875 0.525
vt 0.3875 0.725
vt 0.4875 0.725
vt 0.4875 0.525
vt 0.3875 0.525
vt 0.4875 0.725
vt 0.3875 0.525
vt 0.3875 0.725
vt 0.4875 0.725
vt 0.4875 0.525
vt 0.3875 0.525
vt 0.4875 0.725
vt 0.3875 0.525
vt 0.3875 0.725
vt 0.4875 0.725
vt 0.4875 0.525
vt 0.3875 0.525
vt 0.4875 0.725
vt 0.3875 0.525
vt 0.3875 0.725
vt 0.4875 0.725
vt 0.4875 0.525
vt 0.3875 0.525
vt 0.4875 0.725
vt 0.3875 0.525
vt 0.3875 0.725
vt 0.4875 0.525
vt 0.3875 0.725
vt 0.4875 0.725
vt 0.4875 0.525
vt 0.3875 0.525
vt 0.3875 0.725
vt 0.4875 0.525
vt 0.3875 0.725
vt 0.4875 0.725
vt 0.4875 0.525
vt 0.3875 0.525
vt 0.3875 0.725
vt 0.4875 0.525
vt 0.3875 0.725
vt 0.4875 0.725
vt 0.4875 0.525
vt 0.3875 0.525
vt 0.3875 0.725
vt 0.4875 0.525
vt 0.3875 0.725
vt 0.4875 0.725
vt 0.4875 0.525
vt 0.5125 0.775
vt 0.5125 0.975
vt 0.6125 0.975
vt 0.6125 0.775
vt 0.5125 0.775
vt 0.6125 0.975
vt 0.5125 0.775
vt 0.5125 0.975
vt 0.6125 0.975
vt 0.6125 0.775
vt 0.5125 0.775
vt 0.6125 0.975
vt 0.5125 0.775
vt 0.5125 0.975
vt 0.6125 0.975
vt 0.6125 0.775
vt 0.5125 0.775
vt 0.6125 0.975
vt 0.5125 0.775
vt 0.5125 0.975
vt 0.6125 0.975
vt 0.6125 0.775
vt 0.5125 0.775
vt 0.6125 0.975
vt 0.5125 0.775
vt 0.5125 0.975
vt 0.6125 0.775
vt 0.5125 0.975
vt 0.6125 0.975
vt 0.6125 0.775
vt 0.5125 0.775
vt 0.5125 0.975
vt 0.6125 0.775
vt 0.5125 0.975
vt 0.6125 0.975
vt 0.6125 0.775
vt 0.5125 0.775
vt 0.5125 0.975
vt 0.6125 0.775
vt 0.5125 0.975
vt 0.6125 0.975
vt 0.6125 0.775
vt 0.5125 0.775
vt 0.5125 0.975
vt 0.6125 0.775
vt 0.5125 0.975
vt 0.6125 0.975
vt 0.6125 0.775
vt 0.2625 0.275
vt 0.2625 0.475
vt 0.3625 0.475
vt 0.3625 0.275
vt 0.2625 0.275
vt 0.3625 0.475
vt 0.2625 0.275
vt 0.2625 0.475
vt 0.3625 0.475
vt 0.3625 0.275
vt 0.2625 0.275
vt 0.3625 0.475
vt 0.2625 0.275
vt 0.2625 0.475
vt 0.3625 0.475
vt 0.3625 0.275
vt 0.2625 0.275
vt 0.3625 0.475
vt 0.2625 0.275
vt 0.2625 0.475
vt 0.3625 0.475
vt 0.3625 0.275
vt 0.2625 0.275
vt 0.3625 0.475
vt 0.2625 0.275
vt 0.2625 0.475
vt 0.3625 0.275
vt 0.2625 0.475
vt 0.3625 0.475
vt 0.3625 0.275
vt 0.2625 0.275
vt 0.2625 0.475
vt 0.3625 0.275
vt 0.2625 0.475
vt 0.3625 0.475
vt 0.3625 0.275
vt 0.2625 0.275
vt 0.2625 0.475
vt 0.3625 0.275
vt 0.2625 0.475
vt 0.3625 0.475
vt 0.3625 0.275
vt 0.2625 0.275
vt 0.2625 0.475
vt 0.3625 0.275
vt 0.2625 0.475
vt 0.3625 0.475
vt 0.3625 0.275
vt 0.6375 0.525
vt 0.6375 0.725
vt 0.6875 0.725
vt 0.6875 0.525
vt 0.6375 0.525
vt 0.6875 0.725
vt 0.6875 0.525
vt 0.6875 0.725
vt 0.7375 0.725
vt 0.7375 0.525
vt 0.6875 0.525
vt 0.7375 0.725
vt 0.6375 0.525
vt 0.6375 0.725
vt 0.6875 0.725
vt 0.6875 0.525
vt 0.6375 0.525
vt 0.6875 0.725
vt 0.6875 0.525
vt 0.6875 0.725
vt 0.7375 0.725
vt 0.7375 0.525
vt 0.6875 0.525
vt 0.7375 0.725
vt 0.6375 0.525
vt 0.6375 0.725
vt 0.6875 0.525
vt 0.6375 0.725
vt 0.6875 0.725
vt 0.6875 0.525
vt 0.6875 0.525
vt 0.6875 0.725
vt 0.7375 0.525
vt 0.6875 0.725
vt 0.7375 0.725
vt 0.7375 0.525
vt 0.6375 0.525
vt 0.6375 0.725
vt 0.6875 0.525
vt 0.6375 0.725
vt 0.6875 0.725
vt 0.6875 0.525
vt 0.6875 0.525
vt 0.6875 0.725
vt 0.7375 0.525
vt 0.6875 0.725
vt 0.7375 0.725
vt 0.7375 0.525
vt 0.1375 0.275
vt 0.1375 0.475
vt 0.2375 0.475
vt 0.2375 0.275
vt 0.1375 0.275
vt 0.2375 0.475
vt 0.1375 0.275
vt 0.1375 0.475
vt 0.2375 0.475
vt 0.2375 0.275
vt 0.1375 0.275
vt 0.2375 0.475
vt 0.1375 0.275
vt 0.1375 0.475
vt 0.2375 0.475
vt 0.2375 0.275
vt 0.1375 0.275
vt 0.2375 0.475
vt 0.1375 0.275
vt 0.1375 0.475
vt 0.2375 0.475
vt 0.2375 0.275
vt 0.1375 0.275
vt 0.2375 0.475
vt 0.1375 0.275
vt 0.1375 0.475
vt 0.2375 0.275
vt 0.1375 0.475
vt 0.2375 0.475
vt 0.2375 0.275
vt 0.1375 0.275
vt 0.1375 0.475
vt 0.2375 0.275
vt 0.1375 0.475
vt 0.2375 0.475
vt 0.2375 0.275
vt 0.1375 0.275
vt 0.1375 0.475
vt 0.2375 0.275
vt 0.1375 0.475
vt 0.2375 0.475
vt 0.2375 0.275
vt 0.1375 0.275
vt 0.1375 0.475
vt 0.2375 0.275
vt 0.1375 0.475
vt 0.2375 0.475
vt 0.2375 0.275
vt 0.1375 0.275
vt 0.1375 0.475
vt 0.2375 0.475
vt 0.2375 0.275
vt 0.1375 0.275
vt 0.2375 0.475
vt 0.1375 0.275
vt 0.1375 0.475
vt 0.2375 0.475
vt 0.2375 0.275
vt 0.1375 0.275
vt 0.2375 0.475
vt 0.1375 0.275
vt 0.1375 0.475
vt 0.2375 0.475
vt 0.2375 0.275
vt 0.1375 0.275
vt 0.2375 0.475
vt 0.1375 0.275
vt 0.1375 0.475
vt 0.2375 0.475
vt 0.2375 0.275
vt 0.1375 0.275
vt 0.2375 0.475
vt 0.1375 0.275
vt 0.1375 0.475
vt 0.2375 0.275
vt 0.1375 0.475
vt 0.2375 0.475
vt 0.2375 0.275
vt 0.1375 0.275
vt 0.1375 0.475
vt 0.2375 0.275
vt 0.1375 0.475
vt 0.2375 0.475
vt 0.2375 0.275
vt 0.1375 0.275
vt 0.1375 0.475
vt 0.2375 0.275
vt 0.1375 0.475
vt 0.2375 0.475
vt 0.2375 0.275
vt 0.1375 0.275
vt 0.1375 0.475
vt 0.2375 0.275
vt 0.1375 0.475
vt 0.2375 0.475
vt 0.2375 0.275
vt 0.87625 0.025
vt 0.87625 0.225
vt 0.87625 0.225
vt 0.87625 0.025
vt 0.87625 0.025
vt 0.87625 0.225
vt 0.87625 0.025
vt 0.87625 0.225
vt 0.87625 0.225
vt 0.87625 0.025
vt 0.87625 0.025
vt 0.87625 0.225
vt 0.87625 0.025
vt 0.87625 0.225
vt 0.87625 0.225
vt 0.87625 0.025
vt 0.87625 0.025
vt 0.87625 0.225
vt 0.87625 0.025
vt 0.87625 0.225
vt 0.87625 0.225
vt 0.87625 0.025
vt 0.87625 0.025
vt 0.87625 0.225
vt 0.87625 0.025
vt 0.87625 0.225
vt 0.87625 0.025
vt 0.87625 0.225
vt 0.87625 0.225
vt 0.87625 0.025
vt 0.87625 0.025
vt 0.87625 0.225
vt 0.87625 0.025
vt 0.87625 0.225
vt 0.87625 0.225
vt 0.87625 0.025
vt 0.87625 0.025
vt 0.87625 0.225
vt 0.87625 0.025
vt 0.87625 0.225
vt 0.87625 0.225
vt 0.87625 0.025
vt 0.87625 0.025
vt 0.87625 0.225
vt 0.87625 0.025
vt 0.87625 0.225
vt 0.87625 0.225
vt 0.87625 0.025
vt 0.0125 0.525
vt 0.0125 0.725
vt 0.0625 0.725
vt 0.0625 0.525
vt 0.0125 0.525
vt 0.0625 0.725
vt 0.0625 0.525
vt 0.0625 0.725
vt 0.1125 0.725
vt 0.1125 0.525
vt 0.0625 0.525
vt 0.1125 0.725
vt 0.0125 0.525
vt 0.0125 0.725
vt 0.0625 0.725
vt 0.0625 0.525
vt 0.0125 0.525
vt 0.0625 0.725
vt 0.0625 0.525
vt 0.0625 0.725
vt 0.1125 0.725
vt 0.1125 0.525
vt 0.0625 0.525
vt 0.1125 0.725
vt 0.0125 0.525
vt 0.0125 0.725
vt 0.0625 0.525
vt 0.0125 0.725
vt 0.0625 0.725
vt 0.0625 0.525
vt 0.0625 0.525
vt 0.0625 0.725
vt 0.1125 0.525
vt 0.0625 0.725
vt 0.1125 0.725
vt 0.1125 0.525
vt 0.0125 0.525
vt 0.0125 0.725
vt 0.0625 0.525
vt 0.0125 0.725
vt 0.0625 0.725
vt 0.0625 0.525
vt 0.0625 0.525
vt 0.0625 0.725
vt 0.1125 0.525
vt 0.0625 0.725
vt 0.1125 0.725
vt 0.1125 0.525
vt 0.2625 0.775
vt 0.2625 0.975
vt 0.3625 0.975
vt 0.3625 0.775
vt 0.2625 0.775
vt 0.3625 0.975
vt 0.2625 0.775
vt 0.2625 0.975
vt 0.3625 0.975
vt 0.3625 0.775
vt 0.2625 0.775
vt 0.3625 0.975
vt 0.2625 0.775
vt 0.2625 0.975
vt 0.3625 0.975
vt 0.3625 0.775
vt 0.2625 0.775
vt 0.3625 0.975
vt 0.2625 0.775
vt 0.2625 0.975
vt 0.3625 0.975
vt 0.3625 0.775
vt 0.2625 0.775
vt 0.3625 0.975
vt 0.2625 0.775
vt 0.2625 0.975
vt 0.3625 0.775
vt 0.2625 0.975
vt 0.3625 0.975
vt 0.3625 0.775
vt 0.2625 0.775
vt 0.2625 0.975
vt 0.3625 0.775
vt 0.2625 0.975
vt 0.3625 0.975
vt 0.3625 0.775
vt 0.2625 0.775
vt 0.2625 0.975
vt 0.3625 0.775
vt 0.2625 0.975
vt 0.3625 0.975
vt 0.3625 0.775
vt 0.2625 0.775
vt 0.2625 0.975
vt 0.3625 0.775
vt 0.2625 0.975
vt 0.3625 0.975
vt 0.3625 0.775
vt 0.2625 0.525
vt 0.2625 0.725
vt 0.3625 0.725
vt 0.3625 0.525
vt 0.2625 0.525
vt 0.3625 0.725
vt 0.2625 0.525
vt 0.2625 0.725
vt 0.3625 0.725
vt 0.3625 0.525
vt 0.2625 0.525
vt 0.3625 0.725
vt 0.2625 0.525
vt 0.2625 0.725
vt 0.3625 0.725
vt 0.3625 0.525
vt 0.2625 0.525
vt 0.3625 0.725
vt 0.2625 0.525
vt 0.2625 0.725
vt 0.3625 0.725
vt 0.3625 0.525
vt 0.2625 0.525
vt 0.3625 0.725
vt 0.2625 0.525
vt 0.2625 0.725
vt 0.3625 0.525
vt 0.2625 0.725
vt 0.3625 0.725
vt 0.3625 0.525
vt 0.2625 0.525
vt 0.2625 0.725
vt 0.3625 0.525
vt 0.2625 0.725
vt 0.3625 0.725
vt 0.3625 0.525
vt 0.2625 0.525
vt 0.2625 0.725
vt 0.3625 0.525
vt 0.2625 0.725
vt 0.3625 0.725
vt 0.3625 0.525
vt 0.2625 0.525
vt 0.2625 0.725
vt 0.3625 0.525
vt 0.2625 0.725
vt 0.3625 0.725
vt 0.3625 0.525
vt 0.5125 0.775
vt 0.5125 0.975
vt 0.6125 0.975
vt 0.6125 0.775
vt 0.5125 0.775
vt 0.6125 0.975
vt 0.5125 0.775
vt 0.5125 0.975
vt 0.6125 0.975
vt 0.6125 0.775
vt 0.5125 0.775
vt 0.6125 0.975
vt 0.5125 0.775
vt 0.5125 0.975
vt 0.6125 0.975
vt 0.6125 0.775
vt 0.5125 0.775
vt 0.6125 0.975
vt 0.5125 0.775
vt 0.5125 0.975
vt 0.6125 0.975
vt 0.6125 0.775
vt 0.5125 0.775
vt 0.6125 0.975
vt 0.5125 0.775
vt 0.5125 0.975
vt 0.6125 0.775
vt 0.5125 0.975
vt 0.6125 0.975
vt 0.6125 0.775
vt 0.5125 0.775
vt 0.5125 0.975
vt 0.6125 0.775
vt 0.5125 0.975
vt 0.6125 0.975
vt 0.6125 0.775
vt 0.5125 0.775
vt 0.5125 0.975
vt 0.6125 0.775
vt 0.5125 0.975
vt 0.6125 0.975
vt 0.6125 0.775
vt 0.5125 0.775
vt 0.5125 0.975
vt 0.6125 0.775
vt 0.5125 0.975
vt 0.6125 0.975
vt 0.6125 0.775
vt 0.6375 0.525
vt 0.6375 0.725
vt 0.6875 0.725
vt 0.6875 0.525
vt 0.6375 0.525
vt 0.6875 0.725
vt 0.6875 0.525
vt 0.6875 0.725
vt 0.7375 0.725
vt 0.7375 0.525
vt 0.6875 0.525
vt 0.7375 0.725
vt 0.6375 0.525
vt 0.6375 0.725
vt 0.6875 0.725
vt 0.6875 0.525
vt 0.6375 0.525
vt 0.6875 0.725
vt 0.6875 0.525
vt 0.6875 0.725
vt 0.7375 0.725
vt 0.7375 0.525
vt 0.6875 0.525
vt 0.7375 0.725
vt 0.6375 0.525
vt 0.6375 0.725
vt 0.6875 0.525
vt 0.6375 0.725
vt 0.6875 0.725
vt 0.6875 0.525
vt 0.6875 0.525
vt 0.6875 0.725
vt 0.7375 0.525
vt 0.6875 0.725
vt 0.7375 0.725
vt 0.7375 0.525
vt 0.6375 0.525
vt 0.6375 0.725
vt 0.6875 0.525
vt 0.6375 0.725
vt 0.6875 0.725
vt 0.6875 0.525
vt 0.6875 0.525
vt 0.6875 0.725
vt 0.7375 0.525
vt 0.6875 0.725
vt 0.7375 0.725
vt 0.7375 0.525
vt 0.1375 0.275
vt 0.1375 0.475
vt 0.2375 0.475
vt 0.2375 0.275
vt 0.1375 0.275
vt 0.2375 0.475
vt 0.1375 0.275
vt 0.1375 0.475
vt 0.2375 0.475
vt 0.2375 0.275
vt 0.1375 0.275
vt 0.2375 0.475
vt 0.1375 0.275
vt 0.1375 0.475
vt 0.2375 0.475
vt 0.2375 0.275
vt 0.1375 0.275
vt 0.2375 0.475
vt 0.1375 0.275
vt 0.1375 0.475
vt 0.2375 0.475
vt 0.2375 0.275
vt 0.1375 0.275
vt 0.2375 0.475
vt 0.1375 0.275
vt 0.1375 0.475
vt 0.2375 0.275
vt 0.1375 0.475
vt 0.2375 0.475
vt 0.2375 0.275
vt 0.1375 0.275
vt 0.1375 0.475
vt 0.2375 0.275
vt 0.1375 0.475
vt 0.2375 0.475
vt 0.2375 0.275
vt 0.1375 0.275
vt 0.1375 0.475
vt 0.2375 0.275
vt 0.1375 0.475
vt 0.2375 0.475
vt 0.2375 0.275
vt 0.1375 0.275
vt 0.1375 0.475
vt 0.2375 0.275
vt 0.1375 0.475
vt 0.2375 0.475
vt 0.2375 0.275
vt 0.87625 0.025
vt 0.87625 0.225
vt 0.87625 0.225
vt 0.87625 0.025
vt 0.87625 0.025
vt 0.87625 0.225
vt 0.87625 0.025
vt 0.87625 0.225
vt 0.87625 0.225
vt 0.87625 0.025
vt 0.87625 0.025
vt 0.87625 0.225
vt 0.87625 0.025
vt 0.87625 0.225
vt 0.87625 0.225
vt 0.87625 0.025
vt 0.87625 0.025
vt 0.87625 0.225
vt 0.87625 0.025
vt 0.87625 0.225
vt 0.87625 0.225
vt 0.87625 0.025
vt 0.87625 0.025
vt 0.87625 0.225
vt 0.87625 0.025
vt 0.87625 0.225
vt 0.87625 0.025
vt 0.87625 0.225
vt 0.87625 0.225
vt 0.87625 0.025
vt 0.87625 0.025
vt 0.87625 0.225
vt 0.87625 0.025
vt 0.87625 0.225
vt 0.87625 0.225
vt 0.87625 0.025
vt 0.87625 0.025
vt 0.87625 0.225
vt 0.87625 0.025
vt 0.87625 0.225
vt 0.87625 0.225
vt 0.87625 0.025
vt 0.87625 0.025
vt 0.87625 0.225
vt 0.87625 0.025
vt 0.87625 0.225
vt 0.87625 0.225
vt 0.87625 0.025
vt 0.0125 0.525
vt 0.0125 0.725
vt 0.0625 0.725
vt 0.0625 0.525
vt 0.0125 0.525
vt 0.0625 0.725
vt 0.0625 0.525
vt 0.0625 0.725
vt 0.1125 0.725
vt 0.1125 0.525
vt 0.0625 0.525
vt 0.1125 0.725
vt 0.0125 0.525
vt 0.0125 0.725
vt 0.0625 0.725
vt 0.0625 0.525
vt 0.0125 0.525
vt 0.0625 0.725
vt 0.0625 0.525
vt 0.0625 0.725
vt 0.1125 0.725
vt 0.1125 0.525
vt 0.0625 0.525
vt 0.1125 0.725
vt 0.0125 0.525
vt 0.0125 0.725
vt 0.0625 0.525
vt 0.0125 0.725
vt 0.0625 0.725
vt 0.0625 0.525
vt 0.0625 0.525
vt 0.0625 0.725
vt 0.1125 0.525
vt 0.0625 0.725
vt 0.1125 0.725
vt 0.1125 0.525
vt 0.0125 0.525
vt 0.0125 0.725
vt 0.0625 0.525
vt 0.0125 0.725
vt 0.0625 0.725
vt 0.0625 0.525
vt 0.0625 0.525
vt 0.0625 0.725
vt 0.1125 0.525
vt 0.0625 0.725
vt 0.1125 0.725
vt 0.1125 0.525
vt 0.2625 0.775
vt 0.2625 0.975
vt 0.3625 0.975
vt 0.3625 0.775
vt 0.2625 0.775
vt 0.3625 0.975
vt 0.2625 0.775
vt 0.2625 0.975
vt 0.3625 0.975
vt 0.3625 0.775
vt 0.2625 0.775
vt 0.3625 0.975
vt 0.2625 0.775
vt 0.2625 0.975
vt 0.3625 0.975
vt 0.3625 0.775
vt 0.2625 0.775
vt 0.3625 0.975
vt 0.2625 0.775
vt 0.2625 0.975
vt 0.3625 0.975
vt 0.3625 0.775
vt 0.2625 0.775
vt 0.3625 0.975
vt 0.2625 0.775
vt 0.2625 0.975
vt 0.3625 0.775
vt 0.2625 0.975
vt 0.3625 0.975
vt 0.3625 0.775
vt 0.2625 0.775
vt 0.2625 0.975
vt 0.3625 0.775
vt 0.2625 0.975
vt 0.3625 0.975
vt 0.3625 0.775
vt 0.2625 0.775
vt 0.2625 0.975
vt 0.3625 0.775
vt 0.2625 0.975
vt 0.3625 0.975
vt 0.3625 0.775
vt 0.2625 0.775
vt 0.2625 0.975
vt 0.3625 0.775
vt 0.2625 0.975
vt 0.3625 0.975
vt 0.3625 0.775
vt 0.2625 0.525
vt 0.2625 0.725
vt 0.3625 0.725
vt 0.3625 0.525
vt 0.2625 0.525
vt 0.3625 0.725
vt 0.2625 0.525
vt 0.2625 0.725
vt 0.3625 0.725
vt 0.3625 0.525
vt 0.2625 0.525
vt 0.3625 0.725
vt 0.2625 0.525
vt 0.2625 0.725
vt 0.3625 0.725
vt 0.3625 0.525
vt 0.2625 0.525
vt 0.3625 0.725
vt 0.2625 0.525
vt 0.2625 0.725
vt 0.3625 0.725
vt 0.3625 0.525
vt 0.2625 0.525
vt 0.3625 0.725
vt 0.2625 0.525
vt 0.2625 0.725
vt 0.3625 0.525
vt 0.2625 0.725
vt 0.3625 0.725
vt 0.3625 0.525
vt 0.2625 0.525
vt 0.2625 0.725
vt 0.3625 0.525
vt 0.2625 0.725
vt 0.3625 0.725
vt 0.3625 0.525
vt 0.2625 0.525
vt 0.2625 0.725
vt 0.3625 0.525
vt 0.2625 0.725
vt 0.3625 0.725
vt 0.3625 0.525
vt 0.2625 0.525
vt 0.2625 0.725
vt 0.3625 0.525
vt 0.2625 0.725
vt 0.3625 0.725
vt 0.3625 0.525
vt 0.5125 0.775
vt 0.5125 0.975
vt 0.6125 0.975
vt 0.6125 0.775
vt 0.5125 0.775
vt 0.6125 0.975
vt 0.5125 0.775
vt 0.5125 0.975
vt 0.6125 0.975
vt 0.6125 0.775
vt 0.5125 0.775
vt 0.6125 0.975
vt 0.5125 0.775
vt 0.5125 0.975
vt 0.6125 0.975
vt 0.6125 0.775
vt 0.5125 0.775
vt 0.6125 0.975
vt 0.5125 0.775
vt 0.5125 0.975
vt 0.6125 0.975
vt 0.6125 0.775
vt 0.5125 0.775
vt 0.6125 0.975
vt 0.5125 0.775
vt 0.5125 0.975
vt 0.6125 0.775
vt 0.5125 0.975
vt 0.6125 0.975
vt 0.6125 0.775
vt 0.5125 0.775
vt 0.5125 0.975
vt 0.6125 0.775
vt 0.5125 0.975
vt 0.6125 0.975
vt 0.6125 0.775
vt 0.5125 0.775
vt 0.5125 0.975
vt 0.6125 0.775
vt 0.5125 0.975
vt 0.6125 0.975
vt 0.6125 0.775
vt 0.5125 0.775
vt 0.5125 0.975
vt 0.6125 0.775
vt 0.5125 0.975
vt 0.6125 0.975
vt 0.6125 0.775
vt 0.6375 0.525
vt 0.6375 0.725
vt 0.6875 0.725
vt 0.6875 0.525
vt 0.6375 0.525
vt 0.6875 0.725
vt 0.6875 0.525
vt 0.6875 0.725
vt 0.7375 0.725
vt 0.7375 0.525
vt 0.6875 0.525
vt 0.7375 0.725
vt 0.6375 0.525
vt 0.6375 0.725
vt 0.6875 0.725
vt 0.6875 0.525
vt 0.6375 0.525
vt 0.6875 0.725
vt 0.6875 0.525
vt 0.6875 0.725
vt 0.7375 0.725
vt 0.7375 0.525
vt 0.6875 0.525
vt 0.7375 0.725
vt 0.6375 0.525
vt 0.6375 0.725
vt 0.6875 0.525
vt 0.6375 0.725
vt 0.6875 0.725
vt 0.6875 0.525
vt 0.6875 0.525
vt 0.6875 0.725
vt 0.7375 0.525
vt 0.6875 0.725
vt 0.7375 0.725
vt 0.7375 0.525
vt 0.6375 0.525
vt 0.6375 0.725
vt 0.6875 0.525
vt 0.6375 0.725
vt 0.6875 0.725
vt 0.6875 0.525
vt 0.6875 0.525
vt 0.6875 0.725
vt 0.7375 0.525
vt 0.6875 0.725
vt 0.7375 0.725
vt 0.7375 0.525
vt 0.6375 0.525
vt 0.6375 0.725
vt 0.6875 0.725
vt 0.6875 0.525
vt 0.6375 0.525
vt 0.6875 0.725
vt 0.6875 0.525
vt 0.6875 0.725
vt 0.7375 0.725
vt 0.7375 0.525
vt 0.6875 0.525
vt 0.7375 0.725
vt 0.6375 0.525
vt 0.6375 0.725
vt 0.6875 0.725
vt 0.6875 0.525
vt 0.6375 0.525
vt 0.6875 0.725
vt 0.6875 0.525
vt 0.6875 0.725
vt 0.7375 0.725
vt 0.7375 0.525
vt 0.6875 0.525
vt 0.7375 0.725
vt 0.6375 0.525
vt 0.6375 0.725
vt 0.6875 0.525
vt 0.6375 0.725
vt 0.6875 0.725
vt 0.6875 0.525
vt 0.6875 0.525
vt 0.6875 0.725
vt 0.7375 0.525
vt 0.6875 0.725
vt 0.7375 0.725
vt 0.7375 0.525
vt 0.6375 0.525
vt 0.6375 0.725
vt 0.6875 0.525
vt 0.6375 0.725
vt 0.6875 0.725
vt 0.6875 0.525
vt 0.6875 0.525
vt 0.6875 0.725
vt 0.7375 0.525
vt 0.6875 0.725
vt 0.7375 0.725
vt 0.7375 0.525
vt 0.2625 0.525
vt 0.2625 0.725
vt 0.3125 0.725
vt 0.3125 0.525
vt 0.2625 0.525
vt 0.3125 0.725
vt 0.3125 0.525
vt 0.3125 0.725
vt 0.3625 0.725
vt 0.3625 0.525
vt 0.3125 0.525
vt 0.3625 0.725
vt 0.2625 0.525
vt 0.2625 0.725
vt 0.3125 0.725
vt 0.3125 0.525
vt 0.2625 0.525
vt 0.3125 0.725
vt 0.3125 0.525
vt 0.3125 0.725
vt 0.3625 0.725
vt 0.3625 0.525
vt 0.3125 0.525
vt 0.3625 0.725
vt 0.2625 0.525
vt 0.2625 0.725
vt 0.3125 0.525
vt 0.2625 0.725
vt 0.3125 0.725
vt 0.3125 0.525
vt 0.3125 0.525
vt 0.3125 0.725
vt 0.3625 0.525
vt 0.3125 0.725
vt 0.3625 0.725
vt 0.3625 0.525
vt 0.2625 0.525
vt 0.2625 0.725
vt 0.3125 0.525
vt 0.2625 0.725
vt 0.3125 0.725
vt 0.3125 0.525
vt 0.3125 0.525
vt 0.3125 0.725
vt 0.3625 0.525
vt 0.3125 0.725
vt 0.3625 0.725
vt 0.3625 0.525
vt 0.3875 0.775
vt 0.3875 0.975
vt 0.4875 0.975
vt 0.4875 0.775
vt 0.3875 0.775
vt 0.4875 0.975
vt 0.3875 0.775
vt 0.3875 0.975
vt 0.4875 0.975
vt 0.4875 0.775
vt 0.3875 0.775
vt 0.4875 0.975
vt 0.3875 0.775
vt 0.3875 0.975
vt 0.4875 0.975
vt 0.4875 0.775
vt 0.3875 0.775
vt 0.4875 0.975
vt 0.3875 0.775
vt 0.3875 0.975
vt 0.4875 0.975
vt 0.4875 0.775
vt 0.3875 0.775
vt 0.4875 0.975
vt 0.3875 0.775
vt 0.3875 0.975
vt 0.4875 0.775
vt 0.3875 0.975
vt 0.4875 0.975
vt 0.4875 0.775
vt 0.3875 0.775
vt 0.3875 0.975
vt 0.4875 0.775
vt 0.3875 0.975
vt 0.4875 0.975
vt 0.4875 0.775
vt 0.3875 0.775
vt 0.3875 0.975
vt 0.4875 0.775
vt 0.3875 0.975
vt 0.4875 0.975
vt 0.4875 0.775
vt 0.3875 0.775
vt 0.3875 0.975
vt 0.4875 0.775
vt 0.3875 0.975
vt 0.4875 0.975
vt 0.4875 0.775
vt 0.3875 0.525
vt 0.3875 0.725
vt 0.4375 0.725
vt 0.4375 0.525
vt 0.3875 0.525
vt 0.4375 0.725
vt 0.4375 0.525
vt 0.4375 0.725
vt 0.4875 0.725
vt 0.4875 0.525
vt 0.4375 0.525
vt 0.4875 0.725
vt 0.3875 0.525
vt 0.3875 0.725
vt 0.4375 0.725
vt 0.4375 0.525
vt 0.3875 0.525
vt 0.4375 0.725
vt 0.4375 0.525
vt 0.4375 0.725
vt 0.4875 0.725
vt 0.4875 0.525
vt 0.4375 0.525
vt 0.4875 0.725
vt 0.3875 0.525
vt 0.3875 0.725
vt 0.4375 0.525
vt 0.3875 0.725
vt 0.4375 0.725
vt 0.4375 0.525
vt 0.4375 0.525
vt 0.4375 0.725
vt 0.4875 0.525
vt 0.4375 0.725
vt 0.4875 0.725
vt 0.4875 0.525
vt 0.3875 0.525
vt 0.3875 0.725
vt 0.4375 0.525
vt 0.3875 0.725
vt 0.4375 0.725
vt 0.4375 0.525
vt 0.4375 0.525
vt 0.4375 0.725
vt 0.4875 0.525
vt 0.4375 0.725
vt 0.4875 0.725
vt 0.4875 0.525
vt 0.0125 0.525
vt 0.0125 0.725
vt 0.0625 0.725
vt 0.0625 0.525
vt 0.0125 0.525
vt 0.0625 0.725
vt 0.0625 0.525
vt 0.0625 0.725
vt 0.1125 0.725
vt 0.1125 0.525
vt 0.0625 0.525
vt 0.1125 0.725
vt 0.0125 0.525
vt 0.0125 0.725
vt 0.0625 0.725
vt 0.0625 0.525
vt 0.0125 0.525
vt 0.0625 0.725
vt 0.0625 0.525
vt 0.0625 0.725
vt 0.1125 0.725
vt 0.1125 0.525
vt 0.0625 0.525
vt 0.1125 0.725
vt 0.0125 0.525
vt 0.0125 0.725
vt 0.0625 0.525
vt 0.0125 0.725
vt 0.0625 0.725
vt 0.0625 0.525
vt 0.0625 0.525
vt 0.0625 0.725
vt 0.1125 0.525
vt 0.0625 0.725
vt 0.1125 0.725
vt 0.1125 0.525
vt 0.0125 0.525
vt 0.0125 0.725
vt 0.0625 0.525
vt 0.0125 0.725
vt 0.0625 0.725
vt 0.0625 0.525
vt 0.0625 0.525
vt 0.0625 0.725
vt 0.1125 0.525
vt 0.0625 0.725
vt 0.1125 0.725
vt 0.1125 0.525
vt 0.1375 0.275
vt 0.1375 0.475
vt 0.2375 0.475
vt 0.2375 0.275
vt 0.1375 0.275
vt 0.2375 0.475
vt 0.1375 0.275
vt 0.1375 0.475
vt 0.2375 0.475
vt 0.2375 0.275
vt 0.1375 0.275
vt 0.2375 0.475
vt 0.1375 0.275
vt 0.1375 0.475
vt 0.2375 0.475
vt 0.2375 0.275
vt 0.1375 0.275
vt 0.2375 0.475
vt 0.1375 0.275
vt 0.1375 0.475
vt 0.2375 0.475
vt 0.2375 0.275
vt 0.1375 0.275
vt 0.2375 0.475
vt 0.1375 0.275
vt 0.1375 0.475
vt 0.2375 0.275
vt 0.1375 0.475
vt 0.2375 0.475
vt 0.2375 0.275
vt 0.1375 0.275
vt 0.1375 0.475
vt 0.2375 0.275
vt 0.1375 0.475
vt 0.2375 0.475
vt 0.2375 0.275
vt 0.1375 0.275
vt 0.1375 0.475
vt 0.2375 0.275
vt 0.1375 0.475
vt 0.2375 0.475
vt 0.2375 0.275
vt 0.1375 0.275
vt 0.1375 0.475
vt 0.2375 0.275
vt 0.1375 0.475
vt 0.2375 0.475
vt 0.2375 0.275
vt 0.6375 0.525
vt 0.6375 0.725
vt 0.6875 0.725
vt 0.6875 0.525
vt 0.6375 0.525
vt 0.6875 0.725
vt 0.6875 0.525
vt 0.6875 0.725
vt 0.7375 0.725
vt 0.7375 0.525
vt 0.6875 0.525
vt 0.7375 0.725
vt 0.6375 0.525
vt 0.6375 0.725
vt 0.6875 0.725
vt 0.6875 0.525
vt 0.6375 0.525
vt 0.6875 0.725
vt 0.6875 0.525
vt 0.6875 0.725
vt 0.7375 0.725
vt 0.7375 0.525
vt 0.6875 0.525
vt 0.7375 0.725
vt 0.6375 0.525
vt 0.6375 0.725
vt 0.6875 0.525
vt 0.6375 0.725
vt 0.6875 0.725
vt 0.6875 0.525
vt 0.6875 0.525
vt 0.6875 0.725
vt 0.7375 0.525
vt 0.6875 0.725
vt 0.7375 0.725
vt 0.7375 0.525
vt 0.6375 0.525
vt 0.6375 0.725
vt 0.6875 0.525
vt 0.6375 0.725
vt 0.6875 0.725
vt 0.6875 0.525
vt 0.6875 0.525
vt 0.6875 0.725
vt 0.7375 0.525
vt 0.6875 0.725
vt 0.7375 0.725
vt 0.7375 0.525
vt 0.2625 0.525
vt 0.2625 0.725
vt 0.3125 0.725
vt 0.3125 0.525
vt 0.2625 0.525
vt 0.3125 0.725
vt 0.3125 0.525
vt 0.3125 0.725
vt 0.3625 0.725
vt 0.3625 0.525
vt 0.3125 0.525
vt 0.3625 0.725
vt 0.2625 0.525
vt 0.2625 0.725
vt 0.3125 0.725
vt 0.3125 0.525
vt 0.2625 0.525
vt 0.3125 0.725
vt 0.3125 0.525
vt 0.3125 0.725
vt 0.3625 0.725
vt 0.3625 0.525
vt 0.3125 0.525
vt 0.3625 0.725
vt 0.2625 0.525
vt 0.2625 0.725
vt 0.3125 0.525
vt 0.2625 0.725
vt 0.3125 0.725
vt 0.3125 0.525
vt 0.3125 0.525
vt 0.3125 0.725
vt 0.3625 0.525
vt 0.3125 0.725
vt 0.3625 0.725
vt 0.3625 0.525
vt 0.2625 0.525
vt 0.2625 0.725
vt 0.3125 0.525
vt 0.2625 0.725
vt 0.3125 0.725
vt 0.3125 0.525
vt 0.3125 0.525
vt 0.3125 0.725
vt 0.3625 0.525
vt 0.3125 0.725
vt 0.3625 0.725
vt 0.3625 0.525
vt 0.3875 0.775
vt 0.3875 0.975
vt 0.4875 0.975
vt 0.4875 0.775
vt 0.3875 0.775
vt 0.4875 0.975
vt 0.3875 0.775
vt 0.3875 0.975
vt 0.4875 0.975
vt 0.4875 0.775
vt 0.3875 0.775
vt 0.4875 0.975
vt 0.3875 0.775
vt 0.3875 0.975
vt 0.4875 0.975
vt 0.4875 0.775
vt 0.3875 0.775
vt 0.4875 0.975
vt 0.3875 0.775
vt 0.3875 0.975
vt 0.4875 0.975
vt 0.4875 0.775
vt 0.3875 0.775
vt 0.4875 0.975
vt 0.3875 0.775
vt 0.3875 0.975
vt 0.4875 0.775
vt 0.3875 0.975
vt 0.4875 0.975
vt 0.4875 0.775
vt 0.3875 0.775
vt 0.3875 0.975
vt 0.4875 0.775
vt 0.3875 0.975
vt 0.4875 0.975
vt 0.4875 0.775
vt 0.3875 0.775
vt 0.3875 0.975
vt 0.4875 0.775
vt 0.3875 0.975
vt 0.4875 0.975
vt 0.4875 0.775
vt 0.3875 0.775
vt 0.3875 0.975
vt 0.4875 0.775
vt 0.3875 0.975
vt 0.4875 0.975
vt 0.4875 0.775
vt 0.3875 0.525
vt 0.3875 0.725
vt 0.4375 0.725
vt 0.4375 0.525
vt 0.3875 0.525
vt 0.4375 0.725
vt 0.4375 0.525
vt 0.4375 0.725
vt 0.4875 0.725
vt 0.4875 0.525
vt 0.4375 0.525
vt 0.4875 0.725
vt 0.3875 0.525
vt 0.3875 0.725
vt 0.4375 0.725
vt 0.4375 0.525
vt 0.3875 0.525
vt 0.4375 0.725
vt 0.4375 0.525
vt 0.4375 0.725
vt 0.4875 0.725
vt 0.4875 0.525
vt 0.4375 0.525
vt 0.4875 0.725
vt 0.3875 0.525
vt 0.3875 0.725
vt 0.4375 0.525
vt 0.3875 0.725
vt 0.4375 0.725
vt 0.4375 0.525
vt 0.4375 0.525
vt 0.4375 0.725
vt 0.4875 0.525
vt 0.4375 0.725
vt 0.4875 0.725
vt 0.4875 0.525
vt 0.3875 0.525
vt 0.3875 0.725
vt 0.4375 0.525
vt 0.3875 0.725
vt 0.4375 0.725
vt 0.4375 0.525
vt 0.4375 0.525
vt 0.4375 0.725
vt 0.4875 0.525
vt 0.4375 0.725
vt 0.4875 0.725
vt 0.4875 0.525
vt 0.0125 0.525
vt 0.0125 0.725
vt 0.0625 0.725
vt 0.0625 0.525
vt 0.0125 0.525
vt 0.0625 0.725
vt 0.0625 0.525
vt 0.0625 0.725
vt 0.1125 0.725
vt 0.1125 0.525
vt 0.0625 0.525
vt 0.1125 0.725
vt 0.0125 0.525
vt 0.0125 0.725
vt 0.0625 0.725
vt 0.0625 0.525
vt 0.0125 0.525
vt 0.0625 0.725
vt 0.0625 0.525
vt 0.0625 0.725
vt 0.1125 0.725
vt 0.1125 0.525
vt 0.0625 0.525
vt 0.1125 0.725
vt 0.0125 0.525
vt 0.0125 0.725
vt 0.0625 0.525
vt 0.0125 0.725
vt 0.0625 0.725
vt 0.0625 0.525
vt 0.0625 0.525
vt 0.0625 0.725
vt 0.1125 0.525
vt 0.0625 0.725
vt 0.1125 0.725
vt 0.1125 0.525
vt 0.0125 0.525
vt 0.0125 0.725
vt 0.0625 0.525
vt 0.0125 0.725
vt 0.0625 0.725
vt 0.0625 0.525
vt 0.0625 0.525
vt 0.0625 0.725
vt 0.1125 0.525
vt 0.0625 0.725
vt 0.1125 0.725
vt 0.1125 0.525
vt 0.1375 0.275
vt 0.1375 0.475
vt 0.2375 0.475
vt 0.2375 0.275
vt 0.1375 0.275
vt 0.2375 0.475
vt 0.1375 0.275
vt 0.1375 0.475
vt 0.2375 0.475
vt 0.2375 0.275
vt 0.1375 0.275
vt 0.2375 0.475
vt 0.1375 0.275
vt 0.1375 0.475
vt 0.2375 0.475
vt 0.2375 0.275
vt 0.1375 0.275
vt 0.2375 0.475
vt 0.1375 0.275
vt 0.1375 0.475
vt 0.2375 0.475
vt 0.2375 0.275
vt 0.1375 0.275
vt 0.2375 0.475
vt 0.1375 0.275
vt 0.1375 0.475
vt 0.2375 0.275
vt 0.1375 0.475
vt 0.2375 0.475
vt 0.2375 0.275
vt 0.1375 0.275
vt 0.1375 0.475
vt 0.2375 0.275
vt 0.1375 0.475
vt 0.2375 0.475
vt 0.2375 0.275
vt 0.1375 0.275
vt 0.1375 0.475
vt 0.2375 0.275
vt 0.1375 0.475
vt 0.2375 0.475
vt 0.2375 0.275
vt 0.1375 0.275
vt 0.1375 0.475
vt 0.2375 0.275
vt 0.1375 0.475
vt 0.2375 0.475
vt 0.2375 0.275
vt 0.1375 0.275
vt 0.1375 0.475
vt 0.1875 0.475
vt 0.1875 0.275
vt 0.1375 0.275
vt 0.1875 0.475
vt 0.1875 0.275
vt 0.1875 0.475
vt 0.2375 0.475
vt 0.2375 0.275
vt 0.1875 0.275
vt 0.2375 0.475
vt 0.1375 0.275
vt 0.1375 0.475
vt 0.1875 0.475
vt 0.1875 0.275
vt 0.1375 0.275
vt 0.1875 0.475
vt 0.1875 0.275
vt 0.1875 0.475
vt 0.2375 0.475
vt 0.2375 0.275
vt 0.1875 0.275
vt 0.2375 0.475
vt 0.1375 0.275
vt 0.1375 0.475
vt 0.1875 0.275
vt 0.1375 0.475
vt 0.1875 0.475
vt 0.1875 0.275
vt 0.1875 0.275
vt 0.1875 0.475
vt 0.2375 0.275
vt 0.1875 0.475
vt 0.2375 0.475
vt 0.2375 0.275
vt 0.1375 0.275
vt 0.1375 0.475
vt 0.1875 0.275
vt 0.1375 0.475
vt 0.1875 0.475
vt 0.1875 0.275
vt 0.1875 0.275
vt 0.1875 0.475
vt 0.2375 0.275
vt 0.1875 0.475
vt 0.2375 0.475
vt 0.2375 0.275
vt 0.5125 0.775
vt 0.5125 0.975
vt 0.6125 0.975
vt 0.6125 0.775
vt 0.5125 0.775
vt 0.6125 0.975
vt 0.5125 0.775
vt 0.5125 0.975
vt 0.6125 0.975
vt 0.6125 0.775
vt 0.5125 0.775
vt 0.6125 0.975
vt 0.5125 0.775
vt 0.5125 0.975
vt 0.6125 0.975
vt 0.6125 0.775
vt 0.5125 0.775
vt 0.6125 0.975
vt 0.5125 0.775
vt 0.5125 0.975
vt 0.6125 0.975
vt 0.6125 0.775
vt 0.5125 0.775
vt 0.6125 0.975
vt 0.5125 0.775
vt 0.5125 0.975
vt 0.6125 0.775
vt 0.5125 0.975
vt 0.6125 0.975
vt 0.6125 0.775
vt 0.5125 0.775
vt 0.5125 0.975
vt 0.6125 0.775
vt 0.5125 0.975
vt 0.6125 0.975
vt 0.6125 0.775
vt 0.5125 0.775
vt 0.5125 0.975
vt 0.6125 0.775
vt 0.5125 0.975
vt 0.6125 0.975
vt 0.6125 0.775
vt 0.5125 0.775
vt 0.5125 0.975
vt 0.6125 0.775
vt 0.5125 0.975
vt 0.6125 0.975
vt 0.6125 0.775
vt 0.1375 0.525
vt 0.1375 0.725
vt 0.1875 0.725
vt 0.1875 0.525
vt 0.1375 0.525
vt 0.1875 0.725
vt 0.1875 0.525
vt 0.1875 0.725
vt 0.2375 0.725
vt 0.2375 0.525
vt 0.1875 0.525
vt 0.2375 0.725
vt 0.1375 0.525
vt 0.1375 0.725
vt 0.1875 0.725
vt 0.1875 0.525
vt 0.1375 0.525
vt 0.1875 0.725
vt 0.1875 0.525
vt 0.1875 0.725
vt 0.2375 0.725
vt 0.2375 0.525
vt 0.1875 0.525
vt 0.2375 0.725
vt 0.1375 0.525
vt 0.1375 0.725
vt 0.1875 0.525
vt 0.1375 0.725
vt 0.1875 0.725
vt 0.1875 0.525
vt 0.1875 0.525
vt 0.1875 0.725
vt 0.2375 0.525
vt 0.1875 0.725
vt 0.2375 0.725
vt 0.2375 0.525
vt 0.1375 0.525
vt 0.1375 0.725
vt 0.1875 0.525
vt 0.1375 0.725
vt 0.1875 0.725
vt 0.1875 0.525
vt 0.1875 0.525
vt 0.1875 0.725
vt 0.2375 0.525
vt 0.1875 0.725
vt 0.2375 0.725
vt 0.2375 0.525
vt 0.1375 0.525
vt 0.1375 0.725
vt 0.1875 0.725
vt 0.1875 0.525
vt 0.1375 0.525
vt 0.1875 0.725
vt 0.1875 0.525
vt 0.1875 0.725
vt 0.2375 0.725
vt 0.2375 0.525
vt 0.1875 0.525
vt 0.2375 0.725
vt 0.1375 0.525
vt 0.1375 0.725
vt 0.1875 0.725
vt 0.1875 0.525
vt 0.1375 0.525
vt 0.1875 0.725
vt 0.1875 0.525
vt 0.1875 0.725
vt 0.2375 0.725
vt 0.2375 0.525
vt 0.1875 0.525
vt 0.2375 0.725
vt 0.1375 0.525
vt 0.1375 0.725
vt 0.1875 0.525
vt 0.1375 0.725
vt 0.1875 0.725
vt 0.1875 0.525
vt 0.1875 0.525
vt 0.1875 0.725
vt 0.2375 0.525
vt 0.1875 0.725
vt 0.2375 0.725
vt 0.2375 0.525
vt 0.1375 0.525
vt 0.1375 0.725
vt 0.1875 0.525
vt 0.1375 0.725
vt 0.1875 0.725
vt 0.1875 0.525
vt 0.1875 0.525
vt 0.1875 0.725
vt 0.2375 0.525
vt 0.1875 0.725
vt 0.2375 0.725
vt 0.2375 0.525
vt 0.2625 0.775
vt 0.2625 0.975
vt 0.3625 0.975
vt 0.3625 0.775
vt 0.2625 0.775
vt 0.3625 0.975
vt 0.2625 0.775
vt 0.2625 0.975
vt 0.3625 0.975
vt 0.3625 0.775
vt 0.2625 0.775
vt 0.3625 0.975
vt 0.2625 0.775
vt 0.2625 0.975
vt 0.3625 0.975
vt 0.3625 0.775
vt 0.2625 0.775
vt 0.3625 0.975
vt 0.2625 0.775
vt 0.2625 0.975
vt 0.3625 0.975
vt 0.3625 0.775
vt 0.2625 0.775
vt 0.3625 0.975
vt 0.2625 0.775
vt 0.2625 0.975
vt 0.3625 0.775
vt 0.2625 0.975
vt 0.3625 0.975
vt 0.3625 0.775
vt 0.2625 0.775
vt 0.2625 0.975
vt 0.3625 0.775
vt 0.2625 0.975
vt 0.3625 0.975
vt 0.3625 0.775
vt 0.2625 0.775
vt 0.2625 0.975
vt 0.3625 0.775
vt 0.2625 0.975
vt 0.3625 0.975
vt 0.3625 0.775
vt 0.2625 0.775
vt 0.2625 0.975
vt 0.3625 0.775
vt 0.2625 0.975
vt 0.3625 0.975
vt 0.3625 0.775
vt 0.0125 0.525
vt 0.0125 0.725
vt 0.0625 0.725
vt 0.0625 0.525
vt 0.0125 0.525
vt 0.0625 0.725
vt 0.0625 0.525
vt 0.0625 0.725
vt 0.1125 0.725
vt 0.1125 0.525
vt 0.0625 0.525
vt 0.1125 0.725
vt 0.0125 0.525
vt 0.0125 0.725
vt 0.0625 0.725
vt 0.0625 0.525
vt 0.0125 0.525
vt 0.0625 0.725
vt 0.0625 0.525
vt 0.0625 0.725
vt 0.1125 0.725
vt 0.1125 0.525
vt 0.0625 0.525
vt 0.1125 0.725
vt 0.0125 0.525
vt 0.0125 0.725
vt 0.0625 0.525
vt 0.0125 0.725
vt 0.0625 0.725
vt 0.0625 0.525
vt 0.0625 0.525
vt 0.0625 0.725
vt 0.1125 0.525
vt 0.0625 0.725
vt 0.1125 0.725
vt 0.1125 0.525
vt 0.0125 0.525
vt 0.0125 0.725
vt 0.0625 0.525
vt 0.0125 0.725
vt 0.0625 0.725
vt 0.0625 0.525
vt 0.0625 0.525
vt 0.0625 0.725
vt 0.1125 0.525
vt 0.0625 0.725
vt 0.1125 0.725
vt 0.1125 0.525
vt 0.87625 0.025
vt 0.87625 0.225
vt 0.87625 0.225
vt 0.87625 0.025
vt 0.87625 0.025
vt 0.87625 0.225
vt 0.87625 0.025
vt 0.87625 0.225
vt 0.87625 0.225
vt 0.87625 0.025
vt 0.87625 0.025
vt 0.87625 0.225
vt 0.87625 0.025
vt 0.87625 0.225
vt 0.87625 0.225
vt 0.87625 0.025
vt 0.87625 0.025
vt 0.87625 0.225
vt 0.87625 0.025
vt 0.87625 0.225
vt 0.87625 0.225
vt 0.87625 0.025
vt 0.87625 0.025
vt 0.87625 0.225
vt 0.87625 0.025
vt 0.87625 0.225
vt 0.87625 0.025
vt 0.87625 0.225
vt 0.87625 0.225
vt 0.87625 0.025
vt 0.87625 0.025
vt 0.87625 0.225
vt 0.87625 0.025
vt 0.87625 0.225
vt 0.87625 0.225
vt 0.87625 0.025
vt 0.87625 0.025
vt 0.87625 0.225
vt 0.87625 0.025
vt 0.87625 0.225
vt 0.87625 0.225
vt 0.87625 0.025
vt 0.87625 0.025
vt 0.87625 0.225
vt 0.87625 0.025
vt 0.87625 0.225
vt 0.87625 0.225
vt 0.87625 0.025
vt 0.5125 0.775
vt 0.5125 0.975
vt 0.6125 0.975
vt 0.6125 0.775
vt 0.5125 0.775
vt 0.6125 0.975
vt 0.5125 0.775
vt 0.5125 0.975
vt 0.6125 0.975
vt 0.6125 0.775
vt 0.5125 0.775
vt 0.6125 0.975
vt 0.5125 0.775
vt 0.5125 0.975
vt 0.6125 0.975
vt 0.6125 0.775
vt 0.5125 0.775
vt 0.6125 0.975
vt 0.5125 0.775
vt 0.5125 0.975
vt 0.6125 0.975
vt 0.6125 0.775
vt 0.5125 0.775
vt 0.6125 0.975
vt 0.5125 0.775
vt 0.5125 0.975
vt 0.6125 0.775
vt 0.5125 0.975
vt 0.6125 0.975
vt 0.6125 0.775
vt 0.5125 0.775
vt 0.5125 0.975
vt 0.6125 0.775
vt 0.5125 0.975
vt 0.6125 0.975
vt 0.6125 0.775
vt 0.5125 0.775
vt 0.5125 0.975
vt 0.6125 0.775
vt 0.5125 0.975
vt 0.6125 0.975
vt 0.6125 0.775
vt 0.5125 0.775
vt 0.5125 0.975
vt 0.6125 0.775
vt 0.5125 0.975
vt 0.6125 0.975
vt 0.6125 0.775
vt 0.2625 0.525
vt 0.2625 0.725
vt 0.3125 0.725
vt 0.3125 0.525
vt 0.2625 0.525
vt 0.3125 0.725
vt 0.3125 0.525
vt 0.3125 0.725
vt 0.3625 0.725
vt 0.3625 0.525
vt 0.3125 0.525
vt 0.3625 0.725
vt 0.2625 0.525
vt 0.2625 0.725
vt 0.3125 0.725
vt 0.3125 0.525
vt 0.2625 0.525
vt 0.3125 0.725
vt 0.3125 0.525
vt 0.3125 0.725
vt 0.3625 0.725
vt 0.3625 0.525
vt 0.3125 0.525
vt 0.3625 0.725
vt 0.2625 0.525
vt 0.2625 0.725
vt 0.3125 0.525
vt 0.2625 0.725
vt 0.3125 0.725
vt 0.3125 0.525
vt 0.3125 0.525
vt 0.3125 0.725
vt 0.3625 0.525
vt 0.3125 0.725
vt 0.3625 0.725
vt 0.3625 0.525
vt 0.2625 0.525
vt 0.2625 0.725
vt 0.3125 0.525
vt 0.2625 0.725
vt 0.3125 0.725
vt 0.3125 0.525
vt 0.3125 0.525
vt 0.3125 0.725
vt 0.3625 0.525
vt 0.3125 0.725
vt 0.3625 0.725
vt 0.3625 0.525
vt 0.87625 0.025
vt 0.87625 0.225
vt 0.87625 0.225
vt 0.87625 0.025
vt 0.87625 0.025
vt 0.87625 0.225
vt 0.87625 0.025
vt 0.87625 0.225
vt 0.87625 0.225
vt 0.87625 0.025
vt 0.87625 0.025
vt 0.87625 0.225
vt 0.87625 0.025
vt 0.87625 0.225
vt 0.87625 0.225
vt 0.87625 0.025
vt 0.87625 0.025
vt 0.87625 0.225
vt 0.87625 0.025
vt 0.87625 0.225
vt 0.87625 0.225
vt 0.87625 0.025
vt 0.87625 0.025
vt 0.87625 0.225
vt 0.87625 0.025
vt 0.87625 0.225
vt 0.87625 0.025
vt 0.87625 0.225
vt 0.87625 0.225
vt 0.87625 0.025
vt 0.87625 0.025
vt 0.87625 0.225
vt 0.87625 0.025
vt 0.87625 0.225
vt 0.87625 0.225
vt 0.87625 0.025
vt 0.87625 0.025
vt 0.87625 0.225
vt 0.87625 0.025
vt 0.87625 0.225
vt 0.87625 0.225
vt 0.87625 0.025
vt 0.87625 0.025
vt 0.87625 0.225
vt 0.87625 0.025
vt 0.87625 0.225
vt 0.87625 0.225
vt 0.87625 0.025
vt 0.2625 0.775
vt 0.2625 0.975
vt 0.3625 0.975
vt 0.3625 0.775
vt 0.2625 0.775
vt 0.3625 0.975
vt 0.2625 0.775
vt 0.2625 0.975
vt 0.3625 0.975
vt 0.3625 0.775
vt 0.2625 0.775
vt 0.3625 0.975
vt 0.2625 0.775
vt 0.2625 0.975
vt 0.3625 0.975
vt 0.3625 0.775
vt 0.2625 0.775
vt 0.3625 0.975
vt 0.2625 0.775
vt 0.2625 0.975
vt 0.3625 0.975
vt 0.3625 0.775
vt 0.2625 0.775
vt 0.3625 0.975
vt 0.2625 0.775
vt 0.2625 0.975
vt 0.3625 0.775
vt 0.2625 0.975
vt 0.3625 0.975
vt 0.3625 0.775
vt 0.2625 0.775
vt 0.2625 0.975
vt 0.3625 0.775
vt 0.2625 0.975
vt 0.3625 0.975
vt 0.3625 0.775
vt 0.2625 0.775
vt 0.2625 0.975
vt 0.3625 0.775
vt 0.2625 0.975
vt 0.3625 0.975
vt 0.3625 0.775
vt 0.2625 0.775
vt 0.2625 0.975
vt 0.3625 0.775
vt 0.2625 0.975
vt 0.3625 0.975
vt 0.3625 0.775
vt 0.0125 0.525
vt 0.0125 0.725
vt 0.0625 0.725
vt 0.0625 0.525
vt 0.0125 0.525
vt 0.0625 0.725
vt 0.0625 0.525
vt 0.0625 0.725
vt 0.1125 0.725
vt 0.1125 0.525
vt 0.0625 0.525
vt 0.1125 0.725
vt 0.0125 0.525
vt 0.0125 0.725
vt 0.0625 0.725
vt 0.0625 0.525
vt 0.0125 0.525
vt 0.0625 0.725
vt 0.0625 0.525
vt 0.0625 0.725
vt 0.1125 0.725
vt 0.1125 0.525
vt 0.0625 0.525
vt 0.1125 0.725
vt 0.0125 0.525
vt 0.0125 0.725
vt 0.0625 0.525
vt 0.0125 0.725
vt 0.0625 0.725
vt 0.0625 0.525
vt 0.0625 0.525
vt 0.0625 0.725
vt 0.1125 0.525
vt 0.0625 0.725
vt 0.1125 0.725
vt 0.1125 0.525
vt 0.0125 0.525
vt 0.0125 0.725
vt 0.0625 0.525
vt 0.0125 0.725
vt 0.0625 0.725
vt 0.0625 0.525
vt 0.0625 0.525
vt 0.0625 0.725
vt 0.1125 0.525
vt 0.0625 0.725
vt 0.1125 0.725
vt 0.1125 0.525
vt 0.2625 0.275
vt 0.2625 0.475
vt 0.3625 0.475
vt 0.3625 0.275
vt 0.2625 0.275
vt 0.3625 0.475
vt 0.2625 0.275
vt 0.2625 0.475
vt 0.3625 0.475
vt 0.3625 0.275
vt 0.2625 0.275
vt 0.3625 0.475
vt 0.2625 0.275
vt 0.2625 0.475
vt 0.3625 0.475
vt 0.3625 0.275
vt 0.2625 0.275
vt 0.3625 0.475
vt 0.2625 0.275
vt 0.2625 0.475
vt 0.3625 0.475
vt 0.3625 0.275
vt 0.2625 0.275
vt 0.3625 0.475
vt 0.2625 0.275
vt 0.2625 0.475
vt 0.3625 0.275
vt 0.2625 0.475
vt 0.3625 0.475
vt 0.3625 0.275
vt 0.2625 0.275
vt 0.2625 0.475
vt 0.3625 0.275
vt 0.2625 0.475
vt 0.3625 0.475
vt 0.3625 0.275
vt 0.2625 0.275
vt 0.2625 0.475
vt 0.3625 0.275
vt 0.2625 0.475
vt 0.3625 0.475
vt 0.3625 0.275
vt 0.2625 0.275
vt 0.2625 0.475
vt 0.3625 0.275
vt 0.2625 0.475
vt 0.3625 0.475
vt 0.3625 0.275
vt 0.6375 0.525
vt 0.6375 0.725
vt 0.6875 0.725
vt 0.6875 0.525
vt 0.6375 0.525
vt 0.6875 0.725
vt 0.6875 0.525
vt 0.6875 0.725
vt 0.7375 0.725
vt 0.7375 0.525
vt 0.6875 0.525
vt 0.7375 0.725
vt 0.6375 0.525
vt 0.6375 0.725
vt 0.6875 0.725
vt 0.6875 0.525
vt 0.6375 0.525
vt 0.6875 0.725
vt 0.6875 0.525
vt 0.6875 0.725
vt 0.7375 0.725
vt 0.7375 0.525
vt 0.6875 0.525
vt 0.7375 0.725
vt 0.6375 0.525
vt 0.6375 0.725
vt 0.6875 0.525
vt 0.6375 0.725
vt 0.6875 0.725
vt 0.6875 0.525
vt 0.6875 0.525
vt 0.6875 0.725
vt 0.7375 0.525
vt 0.6875 0.725
vt 0.7375 0.725
vt 0.7375 0.525
vt 0.6375 0.525
vt 0.6375 0.725
vt 0.6875 0.525
vt 0.6375 0.725
vt 0.6875 0.725
vt 0.6875 0.525
vt 0.6875 0.525
vt 0.6875 0.725
vt 0.7375 0.525
vt 0.6875 0.725
vt 0.7375 0.725
vt 0.7375 0.525
vt 0.1375 0.275
vt 0.1375 0.475
vt 0.2375 0.475
vt 0.2375 0.275
vt 0.1375 0.275
vt 0.2375 0.475
vt 0.1375 0.275
vt 0.1375 0.475
vt 0.2375 0.475
vt 0.2375 0.275
vt 0.1375 0.275
vt 0.2375 0.475
vt 0.1375 0.275
vt 0.1375 0.475
vt 0.2375 0.475
vt 0.2375 0.275
vt 0.1375 0.275
vt 0.2375 0.475
vt 0.1375 0.275
vt 0.1375 0.475
vt 0.2375 0.475
vt 0.2375 0.275
vt 0.1375 0.275
vt 0.2375 0.475
vt 0.1375 0.275
vt 0.1375 0.475
vt 0.2375 0.275
vt 0.1375 0.475
vt 0.2375 0.475
vt 0.2375 0.275
vt 0.1375 0.275
vt 0.1375 0.475
vt 0.2375 0.275
vt 0.1375 0.475
vt 0.2375 0.475
vt 0.2375 0.275
vt 0.1375 0.275
vt 0.1375 0.475
vt 0.2375 0.275
vt 0.1375 0.475
vt 0.2375 0.475
vt 0.2375 0.275
vt 0.1375 0.275
vt 0.1375 0.475
vt 0.2375 0.275
vt 0.1375 0.475
vt 0.2375 0.475
vt 0.2375 0.275
vt 0.1375 0.275
vt 0.1375 0.475
vt 0.1875 0.475
vt 0.1875 0.275
vt 0.1375 0.275
vt 0.1875 0.475
vt 0.1875 0.275
vt 0.1875 0.475
vt 0.2375 0.475
vt 0.2375 0.275
vt 0.1875 0.275
vt 0.2375 0.475
vt 0.1375 0.275
vt 0.1375 0.475
vt 0.1875 0.475
vt 0.1875 0.275
vt 0.1375 0.275
vt 0.1875 0.475
vt 0.1875 0.275
vt 0.1875 0.475
vt 0.2375 0.475
vt 0.2375 0.275
vt 0.1875 0.275
vt 0.2375 0.475
vt 0.1375 0.275
vt 0.1375 0.475
vt 0.1875 0.275
vt 0.1375 0.475
vt 0.1875 0.475
vt 0.1875 0.275
vt 0.1875 0.275
vt 0.1875 0.475
vt 0.2375 0.275
vt 0.1875 0.475
vt 0.2375 0.475
vt 0.2375 0.275
vt 0.1375 0.275
vt 0.1375 0.475
vt 0.1875 0.275
vt 0.1375 0.475
vt 0.1875 0.475
vt 0.1875 0.275
vt 0.1875 0.275
vt 0.1875 0.475
vt 0.2375 0.275
vt 0.1875 0.475
vt 0.2375 0.475
vt 0.2375 0.275
vt 0.0125 0.525
vt 0.0125 0.725
vt 0.0625 0.725
vt 0.0625 0.525
vt 0.0125 0.525
vt 0.0625 0.725
vt 0.0625 0.525
vt 0.0625 0.725
vt 0.1125 0.725
vt 0.1125 0.525
vt 0.0625 0.525
vt 0.1125 0.725
vt 0.0125 0.525
vt 0.0125 0.725
vt 0.0625 0.725
vt 0.0625 0.525
vt 0.0125 0.525
vt 0.0625 0.725
vt 0.0625 0.525
vt 0.0625 0.725
vt 0.1125 0.725
vt 0.1125 0.525
vt 0.0625 0.525
vt 0.1125 0.725
vt 0.0125 0.525
vt 0.0125 0.725
vt 0.0625 0.525
vt 0.0125 0.725
vt 0.0625 0.725
vt 0.0625 0.525
vt 0.0625 0.525
vt 0.0625 0.725
vt 0.1125 0.525
vt 0.0625 0.725
vt 0.1125 0.725
vt 0.1125 0.525
vt 0.0125 0.525
vt 0.0125 0.725
vt 0.0625 0.525
vt 0.0125 0.725
vt 0.0625 0.725
vt 0.0625 0.525
vt 0.0625 0.525
vt 0.0625 0.725
vt 0.1125 0.525
vt 0.0625 0.725
vt 0.1125 0.725
vt 0.1125 0.525
vt 0.5125 0.775
vt 0.5125 0.975
vt 0.5625 0.975
vt 0.5625 0.775
vt 0.5125 0.775
vt 0.5625 0.975
vt 0.5625 0.775
vt 0.5625 0.975
vt 0.6125 0.975
vt 0.6125 0.775
vt 0.5625 0.775
vt 0.6125 0.975
vt 0.5125 0.775
vt 0.5125 0.975
vt 0.5625 0.975
vt 0.5625 0.775
vt 0.5125 0.775
vt 0.5625 0.975
vt 0.5625 0.775
vt 0.5625 0.975
vt 0.6125 0.975
vt 0.6125 0.775
vt 0.5625 0.775
vt 0.6125 0.975
vt 0.5125 0.775
vt 0.5125 0.975
vt 0.5625 0.775
vt 0.5125 0.975
vt 0.5625 0.975
vt 0.5625 0.775
vt 0.5625 0.775
vt 0.5625 0.975
vt 0.6125 0.775
vt 0.5625 0.975
vt 0.6125 0.975
vt 0.6125 0.775
vt 0.5125 0.775
vt 0.5125 0.975
vt 0.5625 0.775
vt 0.5125 0.975
vt 0.5625 0.975
vt 0.5625 0.775
vt 0.5625 0.775
vt 0.5625 0.975
vt 0.6125 0.775
vt 0.5625 0.975
vt 0.6125 0.975
vt 0.6125 0.775
vt 0.87625 0.025
vt 0.87625 0.225
vt 0.87625 0.225
vt 0.87625 0.025
vt 0.87625 0.025
vt 0.87625 0.225
vt 0.87625 0.025
vt 0.87625 0.225
vt 0.87625 0.225
vt 0.87625 0.025
vt 0.87625 0.025
vt 0.87625 0.225
vt 0.87625 0.025
vt 0.87625 0.225
vt 0.87625 0.225
vt 0.87625 0.025
vt 0.87625 0.025
vt 0.87625 0.225
vt 0.87625 0.025
vt 0.87625 0.225
vt 0.87625 0.225
vt 0.87625 0.025
vt 0.87625 0.025
vt 0.87625 0.225
vt 0.87625 0.025
vt 0.87625 0.225
vt 0.87625 0.025
vt 0.87625 0.225
vt 0.87625 0.225
vt 0.87625 0.025
vt 0.87625 0.025
vt 0.87625 0.225
vt 0.87625 0.025
vt 0.87625 0.225
vt 0.87625 0.225
vt 0.87625 0.025
vt 0.87625 0.025
vt 0.87625 0.225
vt 0.87625 0.025
vt 0.87625 0.225
vt 0.87625 0.225
vt 0.87625 0.025
vt 0.87625 0.025
vt 0.87625 0.225
vt 0.87625 0.025
vt 0.87625 0.225
vt 0.87625 0.225
vt 0.87625 0.025
vt 0.2625 0.525
vt 0.2625 0.725
vt 0.3125 0.725
vt 0.3125 0.525
vt 0.2625 0.525
vt 0.3125 0.725
vt 0.3125 0.525
vt 0.3125 0.725
vt 0.3625 0.725
vt 0.3625 0.525
vt 0.3125 0.525
vt 0.3625 0.725
vt 0.2625 0.525
vt 0.2625 0.725
vt 0.3125 0.725
vt 0.3125 0.525
vt 0.2625 0.525
vt 0.3125 0.725
vt 0.3125 0.525
vt 0.3125 0.725
vt 0.3625 0.725
vt 0.3625 0.525
vt 0.3125 0.525
vt 0.3625 0.725
vt 0.2625 0.525
vt 0.2625 0.725
vt 0.3125 0.525
vt 0.2625 0.725
vt 0.3125 0.725
vt 0.3125 0.525
vt 0.3125 0.525
vt 0.3125 0.725
vt 0.3625 0.525
vt 0.3125 0.725
vt 0.3625 0.725
vt 0.3625 0.525
vt 0.2625 0.525
vt 0.2625 0.725
vt 0.3125 0.525
vt 0.2625 0.725
vt 0.3125 0.725
vt 0.3125 0.525
vt 0.3125 0.525
vt 0.3125 0.725
vt 0.3625 0.525
vt 0.3125 0.725
vt 0.3625 0.725
vt 0.3625 0.525
vt 0.3875 0.775
vt 0.3875 0.975
vt 0.4375 0.975
vt 0.4375 0.775
vt 0.3875 0.775
vt 0.4375 0.975
vt 0.4375 0.775
vt 0.4375 0.975
vt 0.4875 0.975
vt 0.4875 0.775
vt 0.4375 0.775
vt 0.4875 0.975
vt 0.3875 0.775
vt 0.3875 0.975
vt 0.4375 0.975
vt 0.4375 0.775
vt 0.3875 0.775
vt 0.4375 0.975
vt 0.4375 0.775
vt 0.4375 0.975
vt 0.4875 0.975
vt 0.4875 0.775
vt 0.4375 0.775
vt 0.4875 0.975
vt 0.3875 0.775
vt 0.3875 0.975
vt 0.4375 0.775
vt 0.3875 0.975
vt 0.4375 0.975
vt 0.4375 0.775
vt 0.4375 0.775
vt 0.4375 0.975
vt 0.4875 0.775
vt 0.4375 0.975
vt 0.4875 0.975
vt 0.4875 0.775
vt 0.3875 0.775
vt 0.3875 0.975
vt 0.4375 0.775
vt 0.3875 0.975
vt 0.4375 0.975
vt 0.4375 0.775
vt 0.4375 0.775
vt 0.4375 0.975
vt 0.4875 0.775
vt 0.4375 0.975
vt 0.4875 0.975
vt 0.4875 0.775
vt 0.6375 0.525
vt 0.6375 0.725
vt 0.6875 0.725
vt 0.6875 0.525
vt 0.6375 0.525
vt 0.6875 0.725
vt 0.6875 0.525
vt 0.6875 0.725
vt 0.7375 0.725
vt 0.7375 0.525
vt 0.6875 0.525
vt 0.7375 0.725
vt 0.6375 0.525
vt 0.6375 0.725
vt 0.6875 0.725
vt 0.6875 0.525
vt 0.6375 0.525
vt 0.6875 0.725
vt 0.6875 0.525
vt 0.6875 0.725
vt 0.7375 0.725
vt 0.7375 0.525
vt 0.6875 0.525
vt 0.7375 0.725
vt 0.6375 0.525
vt 0.6375 0.725
vt 0.6875 0.525
vt 0.6375 0.725
vt 0.6875 0.725
vt 0.6875 0.525
vt 0.6875 0.525
vt 0.6875 0.725
vt 0.7375 0.525
vt 0.6875 0.725
vt 0.7375 0.725
vt 0.7375 0.525
vt 0.6375 0.525
vt 0.6375 0.725
vt 0.6875 0.525
vt 0.6375 0.725
vt 0.6875 0.725
vt 0.6875 0.525
vt 0.6875 0.525
vt 0.6875 0.725
vt 0.7375 0.525
vt 0.6875 0.725
vt 0.7375 0.725
vt 0.7375 0.525
vt 0.1375 0.275
vt 0.1375 0.475
vt 0.1875 0.475
vt 0.1875 0.275
vt 0.1375 0.275
vt 0.1875 0.475
vt 0.1875 0.275
vt 0.1875 0.475
vt 0.2375 0.475
vt 0.2375 0.275
vt 0.1875 0.275
vt 0.2375 0.475
vt 0.1375 0.275
vt 0.1375 0.475
vt 0.1875 0.475
vt 0.1875 0.275
vt 0.1375 0.275
vt 0.1875 0.475
vt 0.1875 0.275
vt 0.1875 0.475
vt 0.2375 0.475
vt 0.2375 0.275
vt 0.1875 0.275
vt 0.2375 0.475
vt 0.1375 0.275
vt 0.1375 0.475
vt 0.1875 0.275
vt 0.1375 0.475
vt 0.1875 0.475
vt 0.1875 0.275
vt 0.1875 0.275
vt 0.1875 0.475
vt 0.2375 0.275
vt 0.1875 0.475
vt 0.2375 0.475
vt 0.2375 0.275
vt 0.1375 0.275
vt 0.1375 0.475
vt 0.1875 0.275
vt 0.1375 0.475
vt 0.1875 0.475
vt 0.1875 0.275
vt 0.1875 0.275
vt 0.1875 0.475
vt 0.2375 0.275
vt 0.1875 0.475
vt 0.2375 0.475
vt 0.2375 0.275
vt 0.1375 0.275
vt 0.1375 0.475
vt 0.1875 0.475
vt 0.1875 0.275
vt 0.1375 0.275
vt 0.1875 0.475
vt 0.1875 0.275
vt 0.1875 0.475
vt 0.2375 0.475
vt 0.2375 0.275
vt 0.1875 0.275
vt 0.2375 0.475
vt 0.1375 0.275
vt 0.1375 0.475
vt 0.1875 0.475
vt 0.1875 0.275
vt 0.1375 0.275
vt 0.1875 0.475
vt 0.1875 0.275
vt 0.1875 0.475
vt 0.2375 0.475
vt 0.2375 0.275
vt 0.1875 0.275
vt 0.2375 0.475
vt 0.1375 0.275
vt 0.1375 0.475
vt 0.1875 0.275
vt 0.1375 0.475
vt 0.1875 0.475
vt 0.1875 0.275
vt 0.1875 0.275
vt 0.1875 0.475
vt 0.2375 0.275
vt 0.1875 0.475
vt 0.2375 0.475
vt 0.2375 0.275
vt 0.1375 0.275
vt 0.1375 0.475
vt 0.1875 0.275
vt 0.1375 0.475
vt 0.1875 0.475
vt 0.1875 0.275
vt 0.1875 0.275
vt 0.1875 0.475
vt 0.2375 0.275
vt 0.1875 0.475
vt 0.2375 0.475
vt 0.2375 0.275
vt 0.0125 0.525
vt 0.0125 0.725
vt 0.0625 0.725
vt 0.0625 0.525
vt 0.0125 0.525
vt 0.0625 0.725
vt 0.0625 0.525
vt 0.0625 0.725
vt 0.1125 0.725
vt 0.1125 0.525
vt 0.0625 0.525
vt 0.1125 0.725
vt 0.0125 0.525
vt 0.0125 0.725
vt 0.0625 0.725
vt 0.0625 0.525
vt 0.0125 0.525
vt 0.0625 0.725
vt 0.0625 0.525
vt 0.0625 0.725
vt 0.1125 0.725
vt 0.1125 0.525
vt 0.0625 0.525
vt 0.1125 0.725
vt 0.0125 0.525
vt 0.0125 0.725
vt 0.0625 0.525
vt 0.0125 0.725
vt 0.0625 0.725
vt 0.0625 0.525
vt 0.0625 0.525
vt 0.0625 0.725
vt 0.1125 0.525
vt 0.0625 0.725
vt 0.1125 0.725
vt 0.1125 0.525
vt 0.0125 0.525
vt 0.0125 0.725
vt 0.0625 0.525
vt 0.0125 0.725
vt 0.0625 0.725
vt 0.0625 0.525
vt 0.0625 0.525
vt 0.0625 0.725
vt 0.1125 0.525
vt 0.0625 0.725
vt 0.1125 0.725
vt 0.1125 0.525
vt 0.5125 0.775
vt 0.5125 0.975
vt 0.5625 0.975
vt 0.5625 0.775
vt 0.5125 0.775
vt 0.5625 0.975
vt 0.5625 0.775
vt 0.5625 0.975
vt 0.6125 0.975
vt 0.6125 0.775
vt 0.5625 0.775
vt 0.6125 0.975
vt 0.5125 0.775
vt 0.5125 0.975
vt 0.5625 0.975
vt 0.5625 0.775
vt 0.5125 0.775
vt 0.5625 0.975
vt 0.5625 0.775
vt 0.5625 0.975
vt 0.6125 0.975
vt 0.6125 0.775
vt 0.5625 0.775
vt 0.6125 0.975
vt 0.5125 0.775
vt 0.5125 0.975
vt 0.5625 0.775
vt 0.5125 0.975
vt 0.5625 0.975
vt 0.5625 0.775
vt 0.5625 0.775
vt 0.5625 0.975
vt 0.6125 0.775
vt 0.5625 0.975
vt 0.6125 0.975
vt 0.6125 0.775
vt 0.5125 0.775
vt 0.5125 0.975
vt 0.5625 0.775
vt 0.5125 0.975
vt 0.5625 0.975
vt 0.5625 0.775
vt 0.5625 0.775
vt 0.5625 0.975
vt 0.6125 0.775
vt 0.5625 0.975
vt 0.6125 0.975
vt 0.6125 0.775
vt 0.87625 0.025
vt 0.87625 0.225
vt 0.87625 0.225
vt 0.87625 0.025
vt 0.87625 0.025
vt 0.87625 0.225
vt 0.87625 0.025
vt 0.87625 0.225
vt 0.87625 0.225
vt 0.87625 0.025
vt 0.87625 0.025
vt 0.87625 0.225
vt 0.87625 0.025
vt 0.87625 0.225
vt 0.87625 0.225
vt 0.87625 0.025
vt 0.87625 0.025
vt 0.87625 0.225
vt 0.87625 0.025
vt 0.87625 0.225
vt 0.87625 0.225
vt 0.87625 0.025
vt 0.87625 0.025
vt 0.87625 0.225
vt 0.87625 0.025
vt 0.87625 0.225
vt 0.87625 0.025
vt 0.87625 0.225
vt 0.87625 0.225
vt 0.87625 0.025
vt 0.87625 0.025
vt 0.87625 0.225
vt 0.87625 0.025
vt 0.87625 0.225
vt 0.87625 0.225
vt 0.87625 0.025
vt 0.87625 0.025
vt 0.87625 0.225
vt 0.87625 0.025
vt 0.87625 0.225
vt 0.87625 0.225
vt 0.87625 0.025
vt 0.87625 0.025
vt 0.87625 0.225
vt 0.87625 0.025
vt 0.87625 0.225
vt 0.87625 0.225
vt 0.87625 0.025
vt 0.2625 0.525
vt 0.2625 0.725
vt 0.3125 0.725
vt 0.3125 0.525
vt 0.2625 0.525
vt 0.3125 0.725
vt 0.3125 0.525
vt 0.3125 0.725
vt 0.3625 0.725
vt 0.3625 0.525
vt 0.3125 0.525
vt 0.3625 0.725
vt 0.2625 0.525
vt 0.2625 0.725
vt 0.3125 0.725
vt 0.3125 0.525
vt 0.2625 0.525
vt 0.3125 0.725
vt 0.3125 0.525
vt 0.3125 0.725
vt 0.3625 0.725
vt 0.3625 0.525
vt 0.3125 0.525
vt 0.3625 0.725
vt 0.2625 0.525
vt 0.2625 0.725
vt 0.3125 0.525
vt 0.2625 0.725
vt 0.3125 0.725
vt 0.3125 0.525
vt 0.3125 0.525
vt 0.3125 0.725
vt 0.3625 0.525
vt 0.3125 0.725
vt 0.3625 0.725
vt 0.3625 0.525
vt 0.2625 0.525
vt 0.2625 0.725
vt 0.3125 0.525
vt 0.2625 0.725
vt 0.3125 0.725
vt 0.3125 0.525
vt 0.3125 0.525
vt 0.3125 0.725
vt 0.3625 0.525
vt 0.3125 0.725
vt 0.3625 0.725
vt 0.3625 0.525
vt 0.3875 0.775
vt 0.3875 0.975
vt 0.4375 0.975
vt 0.4375 0.775
vt 0.3875 0.775
vt 0.4375 0.975
vt 0.4375 0.775
vt 0.4375 0.975
vt 0.4875 0.975
vt 0.4875 0.775
vt 0.4375 0.775
vt 0.4875 0.975
vt 0.3875 0.775
vt 0.3875 0.975
vt 0.4375 0.975
vt 0.4375 0.775
vt 0.3875 0.775
vt 0.4375 0.975
vt 0.4375 0.775
vt 0.4375 0.975
vt 0.4875 0.975
vt 0.4875 0.775
vt 0.4375 0.775
vt 0.4875 0.975
vt 0.3875 0.775
vt 0.3875 0.975
vt 0.4375 0.775
vt 0.3875 0.975
vt 0.4375 0.975
vt 0.4375 0.775
vt 0.4375 0.775
vt 0.4375 0.975
vt 0.4875 0.775
vt 0.4375 0.975
vt 0.4875 0.975
vt 0.4875 0.775
vt 0.3875 0.775
vt 0.3875 0.975
vt 0.4375 0.775
vt 0.3875 0.975
vt 0.4375 0.975
vt 0.4375 0.775
vt 0.4375 0.775
vt 0.4375 0.975
vt 0.4875 0.775
vt 0.4375 0.975
vt 0.4875 0.975
vt 0.4875 0.775
vt 0.6375 0.525
vt 0.6375 0.725
vt 0.6875 0.725
vt 0.6875 0.525
vt 0.6375 0.525
vt 0.6875 0.725
vt 0.6875 0.525
vt 0.6875 0.725
vt 0.7375 0.725
vt 0.7375 0.525
vt 0.6875 0.525
vt 0.7375 0.725
vt 0.6375 0.525
vt 0.6375 0.725
vt 0.6875 0.725
vt 0.6875 0.525
vt 0.6375 0.525
vt 0.6875 0.725
vt 0.6875 0.525
vt 0.6875 0.725
vt 0.7375 0.725
vt 0.7375 0.525
vt 0.6875 0.525
vt 0.7375 0.725
vt 0.6375 0.525
vt 0.6375 0.725
vt 0.6875 0.525
vt 0.6375 0.725
vt 0.6875 0.725
vt 0.6875 0.525
vt 0.6875 0.525
vt 0.6875 0.725
vt 0.7375 0.525
vt 0.6875 0.725
vt 0.7375 0.725
vt 0.7375 0.525
vt 0.6375 0.525
vt 0.6375 0.725
vt 0.6875 0.525
vt 0.6375 0.725
vt 0.6875 0.725
vt 0.6875 0.525
vt 0.6875 0.525
vt 0.6875 0.725
vt 0.7375 0.525
vt 0.6875 0.725
vt 0.7375 0.725
vt 0.7375 0.525
vt 0.1375 0.275
vt 0.1375 0.475
vt 0.1875 0.475
vt 0.1875 0.275
vt 0.1375 0.275
vt 0.1875 0.475
vt 0.1875 0.275
vt 0.1875 0.475
vt 0.2375 0.475
vt 0.2375 0.275
vt 0.1875 0.275
vt 0.2375 0.475
vt 0.1375 0.275
vt 0.1375 0.475
vt 0.1875 0.475
vt 0.1875 0.275
vt 0.1375 0.275
vt 0.1875 0.475
vt 0.1875 0.275
vt 0.1875 0.475
vt 0.2375 0.475
vt 0.2375 0.275
vt 0.1875 0.275
vt 0.2375 0.475
vt 0.1375 0.275
vt 0.1375 0.475
vt 0.1875 0.275
vt 0.1375 0.475
vt 0.1875 0.475
vt 0.1875 0.275
vt 0.1875 0.275
vt 0.1875 0.475
vt 0.2375 0.275
vt 0.1875 0.475
vt 0.2375 0.475
vt 0.2375 0.275
vt 0.1375 0.275
vt 0.1375 0.475
vt 0.1875 0.275
vt 0.1375 0.475
vt 0.1875 0.475
vt 0.1875 0.275
vt 0.1875 0.275
vt 0.1875 0.475
vt 0.2375 0.275
vt 0.1875 0.475
vt 0.2375 0.475
vt 0.2375 0.275
vt 0.87625 0.025
vt 0.87625 0.085
vt 0.87625 0.025
vt 0.87625 0.025
vt 0.87625 0.085
vt 0.87625 0.085
vt 0.87625 0.085
vt 0.87625 0.225
vt 0.87625 0.085
vt 0.87625 0.085
vt 0.87625 0.225
vt 0.87625 0.225
vt 0.87625 0.025
vt 0.87625 0.025
vt 0.87625 0.085
vt 0.87625 0.025
vt 0.87625 0.085
vt 0.87625 0.085
vt 0.87625 0.085
vt 0.87625 0.085
vt 0.87625 0.225
vt 0.87625 0.085
vt 0.87625 0.225
vt 0.87625 0.225
vt 0.87625 0.025
vt 0.87625 0.085
vt 0.87625 0.025
vt 0.87625 0.025
vt 0.87625 0.085
vt 0.87625 0.225
vt 0.87625 0.085
vt 0.87625 0.225
vt 0.87625 0.225
vt 0.87625 0.025
vt 0.87625 0.025
vt 0.87625 0.085
vt 0.87625 0.025
vt 0.87625 0.225
vt 0.87625 0.085
vt 0.87625 0.085
vt 0.87625 0.225
vt 0.87625 0.225
vt 0.87625 0.085
vt 0.87625 0.025
vt 0.87625 0.025
vt 0.87625 0.085
vt 0.87625 0.025
vt 0.87625 0.085
vt 0.87625 0.225
vt 0.87625 0.085
vt 0.87625 0.085
vt 0.87625 0.225
vt 0.87625 0.085
vt 0.87625 0.225
vt 0.87625 0.085
vt 0.87625 0.025
vt 0.87625 0.025
vt 0.87625 0.085
vt 0.87625 0.085
vt 0.87625 0.025
vt 0.87625 0.225
vt 0.87625 0.085
vt 0.87625 0.085
vt 0.87625 0.225
vt 0.87625 0.225
vt 0.87625 0.085
vt 0.87625 0.085
vt 0.87625 0.025
vt 0.87625 0.025
vt 0.87625 0.085
vt 0.87625 0.025
vt 0.87625 0.225
vt 0.87625 0.225
vt 0.87625 0.085
vt 0.87625 0.225
vt 0.87625 0.085
vt 0.87625 0.025
vt 0.87625 0.025
vt 0.87625 0.085
vt 0.87625 0.225
vt 0.87625 0.025
vt 0.87625 0.225
vt 0.87625 0.225
vt 0.87625 0.085
vt 0.5125 0.775
vt 0.5125 0.875
vt 0.6125 0.775
vt 0.6125 0.775
vt 0.5125 0.875
vt 0.6125 0.875
vt 0.5125 0.875
vt 0.5125 0.975
vt 0.6125 0.875
vt 0.6125 0.875
vt 0.5125 0.975
vt 0.6125 0.975
vt 0.5125 0.775
vt 0.6125 0.775
vt 0.5125 0.875
vt 0.6125 0.775
vt 0.6125 0.875
vt 0.5125 0.875
vt 0.5125 0.875
vt 0.6125 0.875
vt 0.5125 0.975
vt 0.6125 0.875
vt 0.6125 0.975
vt 0.5125 0.975
vt 0.5125 0.775
vt 0.5125 0.875
vt 0.6125 0.775
vt 0.6125 0.775
vt 0.5125 0.875
vt 0.6125 0.875
vt 0.5125 0.875
vt 0.5125 0.975
vt 0.6125 0.875
vt 0.6125 0.875
vt 0.5125 0.975
vt 0.6125 0.975
vt 0.5125 0.775
vt 0.6125 0.775
vt 0.5125 0.875
vt 0.6125 0.775
vt 0.6125 0.875
vt 0.5125 0.875
vt 0.5125 0.875
vt 0.6125 0.875
vt 0.5125 0.975
vt 0.6125 0.875
vt 0.6125 0.975
vt 0.5125 0.975
vt 0.2625 0.775
vt 0.2625 0.875
vt 0.3625 0.775
vt 0.3625 0.775
vt 0.2625 0.875
vt 0.3625 0.975
vt 0.2625 0.875
vt 0.2625 0.975
vt 0.3625 0.975
vt 0.2625 0.775
vt 0.3625 0.775
vt 0.2625 0.875
vt 0.3625 0.775
vt 0.3625 0.975
vt 0.2625 0.875
vt 0.2625 0.875
vt 0.3625 0.975
vt 0.2625 0.975
vt 0.5125 0.875
vt 0.5125 0.775
vt 0.6125 0.775
vt 0.5125 0.875
vt 0.6125 0.775
vt 0.6125 0.875
vt 0.5125 0.975
vt 0.5125 0.875
vt 0.6125 0.875
vt 0.5125 0.975
vt 0.6125 0.875
vt 0.6125 0.975
vt 0.5125 0.875
vt 0.6125 0.775
vt 0.5125 0.775
vt 0.5125 0.875
vt 0.6125 0.875
vt 0.6125 0.775
vt 0.5125 0.975
vt 0.6125 0.875
vt 0.5125 0.875
vt 0.5125 0.975
vt 0.6125 0.975
vt 0.6125 0.875
vt 0.5125 0.875
vt 0.5125 0.775
vt 0.6125 0.775
vt 0.5125 0.875
vt 0.6125 0.775
vt 0.6125 0.875
vt 0.5125 0.975
vt 0.5125 0.875
vt 0.6125 0.875
vt 0.5125 0.975
vt 0.6125 0.875
vt 0.6125 0.975
vt 0.5125 0.875
vt 0.6125 0.775
vt 0.5125 0.775
vt 0.5125 0.875
vt 0.6125 0.875
vt 0.6125 0.775
vt 0.5125 0.975
vt 0.6125 0.875
vt 0.5125 0.875
vt 0.5125 0.975
vt 0.6125 0.975
vt 0.6125 0.875
vt 0.2625 0.875
vt 0.2625 0.775
vt 0.3625 0.775
vt 0.2625 0.875
vt 0.3625 0.775
vt 0.3625 0.975
vt 0.2625 0.975
vt 0.2625 0.875
vt 0.3625 0.975
vt 0.2625 0.875
vt 0.3625 0.775
vt 0.2625 0.775
vt 0.2625 0.875
vt 0.3625 0.975
vt 0.3625 0.775
vt 0.2625 0.975
vt 0.3625 0.975
vt 0.2625 0.875
vt 0.3875 0.775
vt 0.3875 0.875
vt 0.4875 0.775
vt 0.4875 0.775
vt 0.3875 0.875
vt 0.4875 0.975
vt 0.3875 0.875
vt 0.3875 0.975
vt 0.4875 0.975
vt 0.3875 0.775
vt 0.4875 0.775
vt 0.3875 0.875
vt 0.4875 0.775
vt 0.4875 0.975
vt 0.3875 0.875
vt 0.3875 0.875
vt 0.4875 0.975
vt 0.3875 0.975
vt 0.3875 0.875
vt 0.3875 0.775
vt 0.4875 0.775
vt 0.3875 0.875
vt 0.4875 0.775
vt 0.4875 0.975
vt 0.3875 0.975
vt 0.3875 0.875
vt 0.4875 0.975
vt 0.3875 0.875
vt 0.4875 0.775
vt 0.3875 0.775
vt 0.3875 0.875
vt 0.4875 0.975
vt 0.4875 0.775
vt 0.3875 0.975
vt 0.4875 0.975
vt 0.3875 0.875
vt 0.87625 0.025
vt 0.87625 0.125
vt 0.87625 0.025
vt 0.87625 0.025
vt 0.87625 0.125
vt 0.87625 0.225
vt 0.87625 0.125
vt 0.87625 0.225
vt 0.87625 0.225
vt 0.87625 0.025
vt 0.87625 0.025
vt 0.87625 0.125
vt 0.87625 0.025
vt 0.87625 0.225
vt 0.87625 0.125
vt 0.87625 0.125
vt 0.87625 0.225
vt 0.87625 0.225
vt 0.87625 0.125
vt 0.87625 0.025
vt 0.87625 0.025
vt 0.87625 0.125
vt 0.87625 0.025
vt 0.87625 0.225
vt 0.87625 0.225
vt 0.87625 0.125
vt 0.87625 0.225
vt 0.87625 0.125
vt 0.87625 0.025
vt 0.87625 0.025
vt 0.87625 0.125
vt 0.87625 0.225
vt 0.87625 0.025
vt 0.87625 0.225
vt 0.87625 0.225
vt 0.87625 0.125
vt 0.1375 0.275
vt 0.1375 0.375
vt 0.2375 0.275
vt 0.2375 0.275
vt 0.1375 0.375
vt 0.2375 0.475
vt 0.1375 0.375
vt 0.1375 0.475
vt 0.2375 0.475
vt 0.1375 0.275
vt 0.2375 0.275
vt 0.1375 0.375
vt 0.2375 0.275
vt 0.2375 0.475
vt 0.1375 0.375
vt 0.1375 0.375
vt 0.2375 0.475
vt 0.1375 0.475
vt 0.1375 0.375
vt 0.1375 0.275
vt 0.2375 0.275
vt 0.1375 0.375
vt 0.2375 0.275
vt 0.2375 0.475
vt 0.1375 0.475
vt 0.1375 0.375
vt 0.2375 0.475
vt 0.1375 0.375
vt 0.2375 0.275
vt 0.1375 0.275
vt 0.1375 0.375
vt 0.2375 0.475
vt 0.2375 0.275
vt 0.1375 0.475
vt 0.2375 0.475
vt 0.1375 0.375
vt 0.5125 0.775
vt 0.5125 0.875
vt 0.6125 0.775
vt 0.6125 0.775
vt 0.5125 0.875
vt 0.6125 0.975
vt 0.5125 0.875
vt 0.5125 0.975
vt 0.6125 0.975
vt 0.5125 0.775
vt 0.6125 0.775
vt 0.5125 0.875
vt 0.6125 0.775
vt 0.6125 0.975
vt 0.5125 0.875
vt 0.5125 0.875
vt 0.6125 0.975
vt 0.5125 0.975
vt 0.5125 0.875
vt 0.5125 0.775
vt 0.6125 0.775
vt 0.5125 0.875
vt 0.6125 0.775
vt 0.6125 0.975
vt 0.5125 0.975
vt 0.5125 0.875
vt 0.6125 0.975
vt 0.5125 0.875
vt 0.6125 0.775
vt 0.5125 0.775
vt 0.5125 0.875
vt 0.6125 0.975
vt 0.6125 0.775
vt 0.5125 0.975
vt 0.6125 0.975
vt 0.5125 0.875
vt 0.3875 0.775
vt 0.3875 0.875
vt 0.4875 0.775
vt 0.4875 0.775
vt 0.3875 0.875
vt 0.4875 0.975
vt 0.3875 0.875
vt 0.3875 0.975
vt 0.4875 0.975
vt 0.3875 0.775
vt 0.4875 0.775
vt 0.3875 0.875
vt 0.4875 0.775
vt 0.4875 0.975
vt 0.3875 0.875
vt 0.3875 0.875
vt 0.4875 0.975
vt 0.3875 0.975
vt 0.3875 0.875
vt 0.3875 0.775
vt 0.4875 0.775
vt 0.3875 0.875
vt 0.4875 0.775
vt 0.4875 0.975
vt 0.3875 0.975
vt 0.3875 0.875
vt 0.4875 0.975
vt 0.3875 0.875
vt 0.4875 0.775
vt 0.3875 0.775
vt 0.3875 0.875
vt 0.4875 0.975
vt 0.4875 0.775
vt 0.3875 0.975
vt 0.4875 0.975
vt 0.3875 0.875
vt 0.87625 0.025
vt 0.87625 0.125
vt 0.87625 0.025
vt 0.87625 0.025
vt 0.87625 0.125
vt 0.87625 0.125
vt 0.87625 0.125
vt 0.87625 0.225
vt 0.87625 0.125
vt 0.87625 0.125
vt 0.87625 0.225
vt 0.87625 0.225
vt 0.87625 0.025
vt 0.87625 0.025
vt 0.87625 0.125
vt 0.87625 0.025
vt 0.87625 0.125
vt 0.87625 0.125
vt 0.87625 0.125
vt 0.87625 0.125
vt 0.87625 0.225
vt 0.87625 0.125
vt 0.87625 0.225
vt 0.87625 0.225
vt 0.87625 0.025
vt 0.87625 0.125
vt 0.87625 0.025
vt 0.87625 0.025
vt 0.87625 0.125
vt 0.87625 0.125
vt 0.87625 0.125
vt 0.87625 0.225
vt 0.87625 0.125
vt 0.87625 0.125
vt 0.87625 0.225
vt 0.87625 0.225
vt 0.87625 0.025
vt 0.87625 0.025
vt 0.87625 0.125
vt 0.87625 0.025
vt 0.87625 0.125
vt 0.87625 0.125
vt 0.87625 0.125
vt 0.87625 0.125
vt 0.87625 0.225
vt 0.87625 0.125
vt 0.87625 0.225
vt 0.87625 0.225
vt 0.87625 0.025
vt 0.87625 0.125
vt 0.87625 0.025
vt 0.87625 0.025
vt 0.87625 0.125
vt 0.87625 0.225
vt 0.87625 0.125
vt 0.87625 0.225
vt 0.87625 0.225
vt 0.87625 0.025
vt 0.87625 0.025
vt 0.87625 0.125
vt 0.87625 0.025
vt 0.87625 0.225
vt 0.87625 0.125
vt 0.87625 0.125
vt 0.87625 0.225
vt 0.87625 0.225
vt 0.87625 0.125
vt 0.87625 0.025
vt 0.87625 0.025
vt 0.87625 0.125
vt 0.87625 0.025
vt 0.87625 0.125
vt 0.87625 0.225
vt 0.87625 0.125
vt 0.87625 0.125
vt 0.87625 0.225
vt 0.87625 0.125
vt 0.87625 0.225
vt 0.87625 0.125
vt 0.87625 0.025
vt 0.87625 0.025
vt 0.87625 0.125
vt 0.87625 0.125
vt 0.87625 0.025
vt 0.87625 0.225
vt 0.87625 0.125
vt 0.87625 0.125
vt 0.87625 0.225
vt 0.87625 0.225
vt 0.87625 0.125
vt 0.87625 0.125
vt 0.87625 0.025
vt 0.87625 0.025
vt 0.87625 0.125
vt 0.87625 0.025
vt 0.87625 0.125
vt 0.87625 0.225
vt 0.87625 0.125
vt 0.87625 0.125
vt 0.87625 0.225
vt 0.87625 0.125
vt 0.87625 0.225
vt 0.87625 0.125
vt 0.87625 0.025
vt 0.87625 0.025
vt 0.87625 0.125
vt 0.87625 0.125
vt 0.87625 0.025
vt 0.87625 0.225
vt 0.87625 0.125
vt 0.87625 0.125
vt 0.87625 0.225
vt 0.87625 0.225
vt 0.87625 0.125
vt 0.87625 0.125
vt 0.87625 0.025
vt 0.87625 0.025
vt 0.87625 0.125
vt 0.87625 0.025
vt 0.87625 0.225
vt 0.87625 0.225
vt 0.87625 0.125
vt 0.87625 0.225
vt 0.87625 0.125
vt 0.87625 0.025
vt 0.87625 0.025
vt 0.87625 0.125
vt 0.87625 0.225
vt 0.87625 0.025
vt 0.87625 0.225
vt 0.87625 0.225
vt 0.87625 0.125
vt 0.87625 0.025
vt 0.87625 0.125
vt 0.87625 0.025
vt 0.87625 0.025
vt 0.87625 0.125
vt 0.87625 0.125
vt 0.87625 0.125
vt 0.87625 0.225
vt 0.87625 0.125
vt 0.87625 0.125
vt 0.87625 0.225
vt 0.87625 0.225
vt 0.87625 0.025
vt 0.87625 0.025
vt 0.87625 0.125
vt 0.87625 0.025
vt 0.87625 0.125
vt 0.87625 0.125
vt 0.87625 0.125
vt 0.87625 0.125
vt 0.87625 0.225
vt 0.87625 0.125
vt 0.87625 0.225
vt 0.87625 0.225
vt 0.87625 0.025
vt 0.87625 0.125
vt 0.87625 0.025
vt 0.87625 0.025
vt 0.87625 0.125
vt 0.87625 0.125
vt 0.87625 0.125
vt 0.87625 0.225
vt 0.87625 0.125
vt 0.87625 0.125
vt 0.87625 0.225
vt 0.87625 0.225
vt 0.87625 0.025
vt 0.87625 0.025
vt 0.87625 0.125
vt 0.87625 0.025
vt 0.87625 0.125
vt 0.87625 0.125
vt 0.87625 0.125
vt 0.87625 0.125
vt 0.87625 0.225
vt 0.87625 0.125
vt 0.87625 0.225
vt 0.87625 0.225
vt 0.87625 0.025
vt 0.87625 0.125
vt 0.87625 0.025
vt 0.87625 0.025
vt 0.87625 0.125
vt 0.87625 0.225
vt 0.87625 0.125
vt 0.87625 0.225
vt 0.87625 0.225
vt 0.87625 0.025
vt 0.87625 0.025
vt 0.87625 0.125
vt 0.87625 0.025
vt 0.87625 0.225
vt 0.87625 0.125
vt 0.87625 0.125
vt 0.87625 0.225
vt 0.87625 0.225
vt 0.87625 0.125
vt 0.87625 0.025
vt 0.87625 0.025
vt 0.87625 0.125
vt 0.87625 0.025
vt 0.87625 0.125
vt 0.87625 0.225
vt 0.87625 0.125
vt 0.87625 0.125
vt 0.87625 0.225
vt 0.87625 0.125
vt 0.87625 0.225
vt 0.87625 0.125
vt 0.87625 0.025
vt 0.87625 0.025
vt 0.87625 0.125
vt 0.87625 0.125
vt 0.87625 0.025
vt 0.87625 0.225
vt 0.87625 0.125
vt 0.87625 0.125
vt 0.87625 0.225
vt 0.87625 0.225
vt 0.87625 0.125
vt 0.87625 0.125
vt 0.87625 0.025
vt 0.87625 0.025
vt 0.87625 0.125
vt 0.87625 0.025
vt 0.87625 0.125
vt 0.87625 0.225
vt 0.87625 0.125
vt 0.87625 0.125
vt 0.87625 0.225
vt 0.87625 0.125
vt 0.87625 0.225
vt 0.87625 0.125
vt 0.87625 0.025
vt 0.87625 0.025
vt 0.87625 0.125
vt 0.87625 0.125
vt 0.87625 0.025
vt 0.87625 0.225
vt 0.87625 0.125
vt 0.87625 0.125
vt 0.87625 0.225
vt 0.87625 0.225
vt 0.87625 0.125
vt 0.87625 0.125
vt 0.87625 0.025
vt 0.87625 0.025
vt 0.87625 0.125
vt 0.87625 0.025
vt 0.87625 0.225
vt 0.87625 0.225
vt 0.87625 0.125
vt 0.87625 0.225
vt 0.87625 0.125
vt 0.87625 0.025
vt 0.87625 0.025
vt 0.87625 0.125
vt 0.87625 0.225
vt 0.87625 0.025
vt 0.87625 0.225
vt 0.87625 0.225
vt 0.87625 0.125
vt 0.5125 0.775
vt 0.5125 0.875
vt 0.6125 0.775
vt 0.6125 0.775
vt 0.5125 0.875
vt 0.6125 0.875
vt 0.5125 0.875
vt 0.5125 0.975
vt 0.6125 0.875
vt 0.6125 0.875
vt 0.5125 0.975
vt 0.6125 0.975
vt 0.5125 0.775
vt 0.6125 0.775
vt 0.5125 0.875
vt 0.6125 0.775
vt 0.6125 0.875
vt 0.5125 0.875
vt 0.5125 0.875
vt 0.6125 0.875
vt 0.5125 0.975
vt 0.6125 0.875
vt 0.6125 0.975
vt 0.5125 0.975
vt 0.5125 0.775
vt 0.5125 0.875
vt 0.6125 0.775
vt 0.6125 0.775
vt 0.5125 0.875
vt 0.6125 0.875
vt 0.5125 0.875
vt 0.5125 0.975
vt 0.6125 0.875
vt 0.6125 0.875
vt 0.5125 0.975
vt 0.6125 0.975
vt 0.5125 0.775
vt 0.6125 0.775
vt 0.5125 0.875
vt 0.6125 0.775
vt 0.6125 0.875
vt 0.5125 0.875
vt 0.5125 0.875
vt 0.6125 0.875
vt 0.5125 0.975
vt 0.6125 0.875
vt 0.6125 0.975
vt 0.5125 0.975
vt 0.87625 0.025
vt 0.87625 0.125
vt 0.87625 0.025
vt 0.87625 0.025
vt 0.87625 0.125
vt 0.87625 0.225
vt 0.87625 0.125
vt 0.87625 0.225
vt 0.87625 0.225
vt 0.87625 0.025
vt 0.87625 0.025
vt 0.87625 0.125
vt 0.87625 0.025
vt 0.87625 0.225
vt 0.87625 0.125
vt 0.87625 0.125
vt 0.87625 0.225
vt 0.87625 0.225
vt 0.5125 0.875
vt 0.5125 0.775
vt 0.6125 0.775
vt 0.5125 0.875
vt 0.6125 0.775
vt 0.6125 0.875
vt 0.5125 0.975
vt 0.5125 0.875
vt 0.6125 0.875
vt 0.5125 0.975
vt 0.6125 0.875
vt 0.6125 0.975
vt 0.5125 0.875
vt 0.6125 0.775
vt 0.5125 0.775
vt 0.5125 0.875
vt 0.6125 0.875
vt 0.6125 0.775
vt 0.5125 0.975
vt 0.6125 0.875
vt 0.5125 0.875
vt 0.5125 0.975
vt 0.6125 0.975
vt 0.6125 0.875
vt 0.5125 0.875
vt 0.5125 0.775
vt 0.6125 0.775
vt 0.5125 0.875
vt 0.6125 0.775
vt 0.6125 0.875
vt 0.5125 0.975
vt 0.5125 0.875
vt 0.6125 0.875
vt 0.5125 0.975
vt 0.6125 0.875
vt 0.6125 0.975
vt 0.5125 0.875
vt 0.6125 0.775
vt 0.5125 0.775
vt 0.5125 0.875
vt 0.6125 0.875
vt 0.6125 0.775
vt 0.5125 0.975
vt 0.6125 0.875
vt 0.5125 0.875
vt 0.5125 0.975
vt 0.6125 0.975
vt 0.6125 0.875
vt 0.87625 0.125
vt 0.87625 0.025
vt 0.87625 0.025
vt 0.87625 0.125
vt 0.87625 0.025
vt 0.87625 0.225
vt 0.87625 0.225
vt 0.87625 0.125
vt 0.87625 0.225
vt 0.87625 0.125
vt 0.87625 0.025
vt 0.87625 0.025
vt 0.87625 0.125
vt 0.87625 0.225
vt 0.87625 0.025
vt 0.87625 0.225
vt 0.87625 0.225
vt 0.87625 0.125
vt 0.6375 0.525
vt 0.6375 0.625
vt 0.7375 0.525
vt 0.7375 0.525
vt 0.6375 0.625
vt 0.7375 0.625
vt 0.6375 0.625
vt 0.6375 0.725
vt 0.7375 0.625
vt 0.7375 0.625
vt 0.6375 0.725
vt 0.7375 0.725
vt 0.6375 0.525
vt 0.7375 0.525
vt 0.6375 0.625
vt 0.7375 0.525
vt 0.7375 0.625
vt 0.6375 0.625
vt 0.6375 0.625
vt 0.7375 0.625
vt 0.6375 0.725
vt 0.7375 0.625
vt 0.7375 0.725
vt 0.6375 0.725
vt 0.6375 0.525
vt 0.6375 0.625
vt 0.7375 0.525
vt 0.7375 0.525
vt 0.6375 0.625
vt 0.7375 0.625
vt 0.6375 0.625
vt 0.6375 0.725
vt 0.7375 0.625
vt 0.7375 0.625
vt 0.6375 0.725
vt 0.7375 0.725
vt 0.6375 0.525
vt 0.7375 0.525
vt 0.6375 0.625
vt 0.7375 0.525
vt 0.7375 0.625
vt 0.6375 0.625
vt 0.6375 0.625
vt 0.7375 0.625
vt 0.6375 0.725
vt 0.7375 0.625
vt 0.7375 0.725
vt 0.6375 0.725
vt 0.7625 0.525
vt 0.7625 0.625
vt 0.8625 0.525
vt 0.8625 0.525
vt 0.7625 0.625
vt 0.8625 0.725
vt 0.7625 0.625
vt 0.7625 0.725
vt 0.8625 0.725
vt 0.7625 0.525
vt 0.8625 0.525
vt 0.7625 0.625
vt 0.8625 0.525
vt 0.8625 0.725
vt 0.7625 0.625
vt 0.7625 0.625
vt 0.8625 0.725
vt 0.7625 0.725
vt 0.6375 0.625
vt 0.6375 0.525
vt 0.7375 0.525
vt 0.6375 0.625
vt 0.7375 0.525
vt 0.7375 0.625
vt 0.6375 0.725
vt 0.6375 0.625
vt 0.7375 0.625
vt 0.6375 0.725
vt 0.7375 0.625
vt 0.7375 0.725
vt 0.6375 0.625
vt 0.7375 0.525
vt 0.6375 0.525
vt 0.6375 0.625
vt 0.7375 0.625
vt 0.7375 0.525
vt 0.6375 0.725
vt 0.7375 0.625
vt 0.6375 0.625
vt 0.6375 0.725
vt 0.7375 0.725
vt 0.7375 0.625
vt 0.6375 0.625
vt 0.6375 0.525
vt 0.7375 0.525
vt 0.6375 0.625
vt 0.7375 0.525
vt 0.7375 0.625
vt 0.6375 0.725
vt 0.6375 0.625
vt 0.7375 0.625
vt 0.6375 0.725
vt 0.7375 0.625
vt 0.7375 0.725
vt 0.6375 0.625
vt 0.7375 0.525
vt 0.6375 0.525
vt 0.6375 0.625
vt 0.7375 0.625
vt 0.7375 0.525
vt 0.6375 0.725
vt 0.7375 0.625
vt 0.6375 0.625
vt 0.6375 0.725
vt 0.7375 0.725
vt 0.7375 0.625
vt 0.7625 0.625
vt 0.7625 0.525
vt 0.8625 0.525
vt 0.7625 0.625
vt 0.8625 0.525
vt 0.8625 0.725
vt 0.7625 0.725
vt 0.7625 0.625
vt 0.8625 0.725
vt 0.7625 0.625
vt 0.8625 0.525
vt 0.7625 0.525
vt 0.7625 0.625
vt 0.8625 0.725
vt 0.8625 0.525
vt 0.7625 0.725
vt 0.8625 0.725
vt 0.7625 0.625
vt 0.3875 0.525
vt 0.3875 0.625
vt 0.4875 0.525
vt 0.4875 0.525
vt 0.3875 0.625
vt 0.4875 0.725
vt 0.3875 0.625
vt 0.3875 0.725
vt 0.4875 0.725
vt 0.3875 0.525
vt 0.4875 0.525
vt 0.3875 0.625
vt 0.4875 0.525
vt 0.4875 0.725
vt 0.3875 0.625
vt 0.3875 0.625
vt 0.4875 0.725
vt 0.3875 0.725
vt 0.3875 0.625
vt 0.3875 0.525
vt 0.4875 0.525
vt 0.3875 0.625
vt 0.4875 0.525
vt 0.4875 0.725
vt 0.3875 0.725
vt 0.3875 0.625
vt 0.4875 0.725
vt 0.3875 0.625
vt 0.4875 0.525
vt 0.3875 0.525
vt 0.3875 0.625
vt 0.4875 0.725
vt 0.4875 0.525
vt 0.3875 0.725
vt 0.4875 0.725
vt 0.3875 0.625
vt 0.2625 0.775
vt 0.2625 0.875
vt 0.3625 0.775
vt 0.3625 0.775
vt 0.2625 0.875
vt 0.3625 0.975
vt 0.2625 0.875
vt 0.2625 0.975
vt 0.3625 0.975
vt 0.2625 0.775
vt 0.3625 0.775
vt 0.2625 0.875
vt 0.3625 0.775
vt 0.3625 0.975
vt 0.2625 0.875
vt 0.2625 0.875
vt 0.3625 0.975
vt 0.2625 0.975
vt 0.2625 0.875
vt 0.2625 0.775
vt 0.3625 0.775
vt 0.2625 0.875
vt 0.3625 0.775
vt 0.3625 0.975
vt 0.2625 0.975
vt 0.2625 0.875
vt 0.3625 0.975
vt 0.2625 0.875
vt 0.3625 0.775
vt 0.2625 0.775
vt 0.2625 0.875
vt 0.3625 0.975
vt 0.3625 0.775
vt 0.2625 0.975
vt 0.3625 0.975
vt 0.2625 0.875

f 9/1 1/2 2/3
f 10/4 9/5 2/6
f 10/7 2/8 3/9
f 11/10 10/11 3/12
f 11/13 3/14 4/15
f 12/16 11/17 4/18
f 12/19 4/20 5/21
f 13/22 12/23 5/24
f 13/25 5/26 14/27
f 5/28 6/29 14/30
f 14/31 6/32 15/33
f 6/34 7/35 15/36
f 15/37 7/38 16/39
f 7/40 8/41 16/42
f 16/43 8/44 9/45
f 8/46 1/47 9/48
f 17/49 9/50 10/51
f 18/52 17/53 10/54
f 18/55 10/56 11/57
f 19/58 18/59 11/60
f 19/61 11/62 12/63
f 20/64 19/65 12/66
f 20/67 12/68 13/69
f 21/70 20/71 13/72
f 21/73 13/74 22/75
f 13/76 14/77 22/78
f 22/79 14/80 23/81
f 14/82 15/83 23/84
f 23/85 15/86 24/87
f 15/88 16/89 24/90
f 24/91 16/92 17/93
f 16/94 9/95 17/96
f 25/97 17/98 18/99
f 26/100 25/101 18/102
f 26/103 18/104 19/105
f 27/106 26/107 19/108
f 27/109 19/110 20/111
f 28/112 27/113 20/114
f 28/115 20/116 21/117
f 29/118 28/119 21/120
f 29/121 21/122 30/123
f 21/124 22/125 30/126
f 30/127 22/128 31/129
f 22/130 23/131 31/132
f 31/133 23/134 32/135
f 23/136 24/137 32/138
f 32/139 24/140 25/141
f 24/142 17/143 25/144
f 33/145 25/146 26/147
f 34/148 33/149 26/150
f 34/151 26/152 27/153
f 35/154 34/155 27/156
f 35/157 27/158 28/159
f 36/160 35/161 28/162
f 36/163 28/164 29/165
f 37/166 36/167 29/168
f 37/169 29/170 38/171
f 29/172 30/173 38/174
f 38/175 30/176 39/177
f 30/178 31/179 39/180
f 39/181 31/182 40/183
f 31/184 32/185 40/186
f 40/187 32/188 33/189
f 32/190 25/191 33/192
f 41/193 33/194 34/195
f 42/196 41/197 34/198
f 42/199 34/200 35/201
f 43/202 42/203 35/204
f 43/205 35/206 36/207
f 44/208 43/209 36/210
f 44/211 36/212 37/213
f 45/214 44/215 37/216
f 45/217 37/218 46/219
f 37/220 38/221 46/222
f 46/223 38/224 47/225
f 38/226 39/227 47/228
f 47/229 39/230 48/231
f 39/232 40/233 48/234
f 48/235 40/236 41/237
f 40/238 33/239 41/240
f 49/241 41/242 42/243
f 50/244 49/245 42/246
f 50/247 42/248 43/249
f 51/250 50/251 43/252
f 51/253 43/254 44/255
f 52/256 51/257 44/258
f 52/259 44/260 45/261
f 53/262 52/263 45/264
f 53/265 45/266 54/267
f 45/268 46/269 54/270
f 54/271 46/272 55/273
f 46/274 47/275 55/276
f 55/277 47/278 56/279
f 47/280 48/281 56/282
f 56/283 48/284 49/285
f 48/286 41/287 49/288
f 57/289 49/290 50/291
f 58/292 57/293 50/294
f 58/295 50/296 51/297
f 59/298 58/299 51/300
f 59/301 51/302 52/303
f 60/304 59/305 52/306
f 60/307 52/308 53/309
f 61/310 60/311 53/312
f 61/313 53/314 62/315
f 53/316 54/317 62/318
f 62/319 54/320 63/321
f 54/322 55/323 63/324
f 63/325 55/326 64/327
f 55/328 56/329 64/330
f 64/331 56/332 57/333
f 56/334 49/335 57/336
f 65/337 57/338 58/339
f 66/340 65/341 58/342
f 66/343 58/344 59/345
f 67/346 66/347 59/348
f 67/349 59/350 60/351
f 68/352 67/353 60/354
f 68/355 60/356 61/357
f 69/358 68/359 61/360
f 69/361 61/362 70/363
f 61/364 62/365 70/366
f 70/367 62/368 71/369
f 62/370 63/371 71/372
f 71/373 63/374 72/375
f 63/376 64/377 72/378
f 72/379 64/380 65/381
f 64/382 57/383 65/384
f 73/385 65/386 66/387
f 74/388 73/389 66/390
f 74/391 66/392 67/393
f 75/394 74/395 67/396
f 75/397 67/398 68/399
f 76/400 75/401 68/402
f 76/403 68/404 69/405
f 77/406 76/407 69/408
f 77/409 69/410 78/411
f 69/412 70/413 78/414
f 78/415 70/416 79/417
f 70/418 71/419 79/420
f 79/421 71/422 80/423
f 71/424 72/425 80/426
f 80/427 72/428 73/429
f 72/430 65/431 73/432
f 81/433 73/434 74/435
f 82/436 81/437 74/438
f 82/439 74/440 75/441
f 83/442 82/443 75/444
f 83/445 75/446 76/447
f 84/448 83/449 76/450
f 84/451 76/452 77/453
f 85/454 84/455 77/456
f 85/457 77/458 86/459
f 77/460 78/461 86/462
f 86/463 78/464 87/465
f 78/466 79/467 87/468
f 87/469 79/470 88/471
f 79/472 80/473 88/474
f 88/475 80/476 81/477
f 80/478 73/479 81/480
f 89/481 81/482 82/483
f 90/484 89/485 82/486
f 90/487 82/488 83/489
f 91/490 90/491 83/492
f 91/493 83/494 84/495
f 92/496 91/497 84/498
f 92/499 84/500 85/501
f 93/502 92/503 85/504
f 93/505 85/506 94/507
f 85/508 86/509 94/510
f 94/511 86/512 95/513
f 86/514 87/515 95/516
f 95/517 87/518 96/519
f 87/520 88/521 96/522
f 96/523 88/524 89/525
f 88/526 81/527 89/528
f 97/529 89/530 90/531
f 98/532 97/533 90/534
f 98/535 90/536 91/537
f 99/538 98/539 91/540
f 99/541 91/542 92/543
f 100/544 99/545 92/546
f 100/547 92/548 93/549
f 101/550 100/551 93/552
f 101/553 93/554 102/555
f 93/556 94/557 102/558
f 102/559 94/560 103/561
f 94/562 95/563 103/564
f 103/565 95/566 104/567
f 95/568 96/569 104/570
f 104/571 96/572 97/573
f 96/574 89/575 97/576
f 105/577 97/578 98/579
f 106/580 105/581 98/582
f 106/583 98/584 99/585
f 107/586 106/587 99/588
f 107/589 99/590 100/591
f 108/592 107/593 100/594
f 108/595 100/596 101/597
f 109/598 108/599 101/600
f 109/601 101/602 110/603
f 101/604 102/605 110/606
f 110/607 102/608 111/609
f 102/610 103/611 111/612
f 111/613 103/614 112/615
f 103/616 104/617 112/618
f 112/619 104/620 105/621
f 104/622 97/623 105/624
f 113/625 105/626 106/627
f 114/628 113/629 106/630
f 114/631 106/632 107/633
f 115/634 114/635 107/636
f 115/637 107/638 108/639
f 116/640 115/641 108/642
f 116/643 108/644 109/645
f 117/646 116/647 109/648
f 117/649 109/650 118/651
f 109/652 110/653 118/654
f 118/655 110/656 119/657
f 110/658 111/659 119/660
f 119/661 111/662 120/663
f 111/664 112/665 120/666
f 120/667 112/668 113/669
f 112/670 105/671 113/672
f 121/673 113/674 114/675
f 122/676 121/677 114/678
f 122/679 114/680 115/681
f 123/682 122/683 115/684
f 123/685 115/686 116/687
f 124/688 123/689 116/690
f 124/691 116/692 117/693
f 125/694 124/695 117/696
f 125/697 117/698 126/699
f 117/700 118/701 126/702
f 126/703 118/704 127/705
f 118/706 119/707 127/708
f 127/709 119/710 128/711
f 119/712 120/713 128/714
f 128/715 120/716 121/717
f 120/718 113/719 121/720
f 137/721 129/722 130/723
f 138/724 137/725 130/726
f 138/727 130/728 131/729
f 139/730 138/731 131/732
f 139/733 131/734 132/735
f 140/736 139/737 132/738
f 140/739 132/740 133/741
f 141/742 140/743 133/744
f 141/745 133/746 142/747
f 133/748 134/749 142/750
f 142/751 134/752 143/753
f 134/754 135/755 143/756
f 143/757 135/758 144/759
f 135/760 136/761 144/762
f 144/763 136/764 137/765
f 136/766 129/767 137/768
f 145/769 137/770 138/771
f 146/772 145/773 138/774
f 146/775 138/776 139/777
f 147/778 146/779 139/780
f 147/781 139/782 140/783
f 148/784 147/785 140/786
f 148/787 140/788 141/789
f 149/790 148/791 141/792
f 149/793 141/794 150/795
f 141/796 142/797 150/798
f 150/799 142/800 151/801
f 142/802 143/803 151/804
f 151/805 143/806 152/807
f 143/808 144/809 152/810
f 152/811 144/812 145/813
f 144/814 137/815 145/816
f 153/817 145/818 146/819
f 154/820 153/821 146/822
f 154/823 146/824 147/825
f 155/826 154/827 147/828
f 155/829 147/830 148/831
f 156/832 155/833 148/834
f 156/835 148/836 149/837
f 157/838 156/839 149/840
f 157/841 149/842 158/843
f 149/844 150/845 158/846
f 158/847 150/848 159/849
f 150/850 151/851 159/852
f 159/853 151/854 160/855
f 151/856 152/857 160/858
f 160/859 152/860 153/861
f 152/862 145/863 153/864
f 161/865 153/866 154/867
f 162/868 161/869 154/870
f 162/871 154/872 155/873
f 163/874 162/875 155/876
f 163/877 155/878 156/879
f 164/880 163/881 156/882
f 164/883 156/884 157/885
f 165/886 164/887 157/888
f 165/889 157/890 166/891
f 157/892 158/893 166/894
f 166/895 158/896 167/897
f 158/898 159/899 167/900
f 167/901 159/902 168/903
f 159/904 160/905 168/906
f 168/907 160/908 161/909
f 160/910 153/911 161/912
f 169/913 161/914 162/915
f 170/916 169/917 162/918
f 170/919 162/920 163/921
f 171/922 170/923 163/924
f 171/925 163/926 164/927
f 172/928 171/929 164/930
f 172/931 164/932 165/933
f 173/934 172/935 165/936
f 173/937 165/938 174/939
f 165/940 166/941 174/942
f 174/943 166/944 175/945
f 166/946 167/947 175/948
f 175/949 167/950 176/951
f 167/952 168/953 176/954
f 176/955 168/956 169/957
f 168/958 161/959 169/960
f 177/961 169/962 170/963
f 178/964 177/965 170/966
f 178/967 170/968 171/969
f 179/970 178/971 171/972
f 179/973 171/974 172/975
f 180/976 179/977 172/978
f 180/979 172/980 173/981
f 181/982 180/983 173/984
f 181/985 173/986 182/987
f 173/988 174/989 182/990
f 182/991 174/992 183/993
f 174/994 175/995 183/996
f 183/997 175/998 184/999
f 175/1000 176/1001 184/1002
f 184/1003 176/1004 177/1005
f 176/1006 169/1007 177/1008
f 185/1009 177/1010 178/1011
f 186/1012 185/1013 178/1014
f 186/1015 178/1016 179/1017
f 187/1018 186/1019 179/1020
f 187/1021 179/1022 180/1023
f 188/1024 187/1025 180/1026
f 188/1027 180/1028 181/1029
f 189/1030 188/1031 181/1032
f 189/1033 181/1034 190/1035
f 181/1036 182/1037 190/1038
f 190/1039 182/1040 191/1041
f 182/1042 183/1043 191/1044
f 191/1045 183/1046 192/1047
f 183/1048 184/1049 192/1050
f 192/1051 184/1052 185/1053
f 184/1054 177/1055 185/1056
f 201/1057 193/1058 194/1059
f 202/1060 201/1061 194/1062
f 202/1063 194/1064 195/1065
f 203/1066 202/1067 195/1068
f 203/1069 195/1070 196/1071
f 204/1072 203/1073 196/1074
f 204/1075 196/1076 197/1077
f 205/1078 204/1079 197/1080
f 205/1081 197/1082 206/1083
f 197/1084 198/1085 206/1086
f 206/1087 198/1088 207/1089
f 198/1090 199/1091 207/1092
f 207/1093 199/1094 208/1095
f 199/1096 200/1097 208/1098
f 208/1099 200/1100 201/1101
f 200/1102 193/1103 201/1104
f 209/1105 201/1106 202/1107
f 210/1108 209/1109 202/1110
f 210/1111 202/1112 203/1113
f 211/1114 210/1115 203/1116
f 211/1117 203/1118 204/1119
f 212/1120 211/1121 204/1122
f 212/1123 204/1124 205/1125
f 213/1126 212/1127 205/1128
f 213/1129 205/1130 214/1131
f 205/1132 206/1133 214/1134
f 214/1135 206/1136 215/1137
f 206/1138 207/1139 215/1140
f 215/1141 207/1142 216/1143
f 207/1144 208/1145 216/1146
f 216/1147 208/1148 209/1149
f 208/1150 201/1151 209/1152
f 217/1153 209/1154 210/1155
f 218/1156 217/1157 210/1158
f 218/1159 210/1160 211/1161
f 219/1162 218/1163 211/1164
f 219/1165 211/1166 212/1167
f 220/1168 219/1169 212/1170
f 220/1171 212/1172 213/1173
f 221/1174 220/1175 213/1176
f 221/1177 213/1178 222/1179
f 213/1180 214/1181 222/1182
f 222/1183 214/1184 223/1185
f 214/1186 215/1187 223/1188
f 223/1189 215/1190 224/1191
f 215/1192 216/1193 224/1194
f 224/1195 216/1196 217/1197
f 216/1198 209/1199 217/1200
f 225/1201 217/1202 218/1203
f 226/1204 225/1205 218/1206
f 226/1207 218/1208 219/1209
f 227/1210 226/1211 219/1212
f 227/1213 219/1214 220/1215
f 228/1216 227/1217 220/1218
f 228/1219 220/1220 221/1221
f 229/1222 228/1223 221/1224
f 229/1225 221/1226 230/1227
f 221/1228 222/1229 230/1230
f 230/1231 222/1232 231/1233
f 222/1234 223/1235 231/1236
f 231/1237 223/1238 232/1239
f 223/1240 224/1241 232/1242
f 232/1243 224/1244 225/1245
f 224/1246 217/1247 225/1248
f 233/1249 225/1250 226/1251
f 234/1252 233/1253 226/1254
f 234/1255 226/1256 227/1257
f 235/1258 234/1259 227/1260
f 235/1261 227/1262 228/1263
f 236/1264 235/1265 228/1266
f 236/1267 228/1268 229/1269
f 237/1270 236/1271 229/1272
f 237/1273 229/1274 238/1275
f 229/1276 230/1277 238/1278
f 238/1279 230/1280 239/1281
f 230/1282 231/1283 239/1284
f 239/1285 231/1286 240/1287
f 231/1288 232/1289 240/1290
f 240/1291 232/1292 233/1293
f 232/1294 225/1295 233/1296
f 241/1297 233/1298 234/1299
f 242/1300 241/1301 234/1302
f 242/1303 234/1304 235/1305
f 243/1306 242/1307 235/1308
f 243/1309 235/1310 236/1311
f 244/1312 243/1313 236/1314
f 244/1315 236/1316 237/1317
f 245/1318 244/1319 237/1320
f 245/1321 237/1322 246/1323
f 237/1324 238/1325 246/1326
f 246/1327 238/1328 247/1329
f 238/1330 239/1331 247/1332
f 247/1333 239/1334 248/1335
f 239/1336 240/1337 248/1338
f 248/1339 240/1340 241/1341
f 240/1342 233/1343 241/1344
f 249/1345 241/1346 242/1347
f 250/1348 249/1349 242/1350
f 250/1351 242/1352 243/1353
f 251/1354 250/1355 243/1356
f 251/1357 243/1358 244/1359
f 252/1360 251/1361 244/1362
f 252/1363 244/1364 245/1365
f 253/1366 252/1367 245/1368
f 253/1369 245/1370 254/1371
f 245/1372 246/1373 254/1374
f 254/1375 246/1376 255/1377
f 246/1378 247/1379 255/1380
f 255/1381 247/1382 256/1383
f 247/1384 248/1385 256/1386
f 256/1387 248/1388 249/1389
f 248/1390 241/1391 249/1392
f 265/1393 257/1394 258/1395
f 266/1396 265/1397 258/1398
f 266/1399 258/1400 259/1401
f 267/1402 266/1403 259/1404
f 267/1405 259/1406 260/1407
f 268/1408 267/1409 260/1410
f 268/1411 260/1412 261/1413
f 269/1414 268/1415 261/1416
f 269/1417 261/1418 270/1419
f 261/1420 262/1421 270/1422
f 270/1423 262/1424 271/1425
f 262/1426 263/1427 271/1428
f 271/1429 263/1430 272/1431
f 263/1432 264/1433 272/1434
f 272/1435 264/1436 265/1437
f 264/1438 257/1439 265/1440
f 273/1441 265/1442 266/1443
f 274/1444 273/1445 266/1446
f 274/1447 266/1448 267/1449
f 275/1450 274/1451 267/1452
f 275/1453 267/1454 268/1455
f 276/1456 275/1457 268/1458
f 276/1459 268/1460 269/1461
f 277/1462 276/1463 269/1464
f 277/1465 269/1466 278/1467
f 269/1468 270/1469 278/1470
f 278/1471 270/1472 279/1473
f 270/1474 271/1475 279/1476
f 279/1477 271/1478 280/1479
f 271/1480 272/1481 280/1482
f 280/1483 272/1484 273/1485
f 272/1486 265/1487 273/1488
f 281/1489 273/1490 274/1491
f 282/1492 281/1493 274/1494
f 282/1495 274/1496 275/1497
f 283/1498 282/1499 275/1500
f 283/1501 275/1502 276/1503
f 284/1504 283/1505 276/1506
f 284/1507 276/1508 277/1509
f 285/1510 284/1511 277/1512
f 285/1513 277/1514 286/1515
f 277/1516 278/1517 286/1518
f 286/1519 278/1520 287/1521
f 278/1522 279/1523 287/1524
f 287/1525 279/1526 288/1527
f 279/1528 280/1529 288/1530
f 288/1531 280/1532 281/1533
f 280/1534 273/1535 281/1536
f 289/1537 281/1538 282/1539
f 290/1540 289/1541 282/1542
f 290/1543 282/1544 283/1545
f 291/1546 290/1547 283/1548
f 291/1549 283/1550 284/1551
f 292/1552 291/1553 284/1554
f 292/1555 284/1556 285/1557
f 293/1558 292/1559 285/1560
f 293/1561 285/1562 294/1563
f 285/1564 286/1565 294/1566
f 294/1567 286/1568 295/1569
f 286/1570 287/1571 295/1572
f 295/1573 287/1574 296/1575
f 287/1576 288/1577 296/1578
f 296/1579 288/1580 289/1581
f 288/1582 281/1583 289/1584
f 297/1585 289/1586 290/1587
f 298/1588 297/1589 290/1590
f 298/1591 290/1592 291/1593
f 299/1594 298/1595 291/1596
f 299/1597 291/1598 292/1599
f 300/1600 299/1601 292/1602
f 300/1603 292/1604 293/1605
f 301/1606 300/1607 293/1608
f 301/1609 293/1610 302/1611
f 293/1612 294/1613 302/1614
f 302/1615 294/1616 303/1617
f 294/1618 295/1619 303/1620
f 303/1621 295/1622 304/1623
f 295/1624 296/1625 304/1626
f 304/1627 296/1628 297/1629
f 296/1630 289/1631 297/1632
f 305/1633 297/1634 298/1635
f 306/1636 305/1637 298/1638
f 306/1639 298/1640 299/1641
f 307/1642 306/1643 299/1644
f 307/1645 299/1646 300/1647
f 308/1648 307/1649 300/1650
f 308/1651 300/1652 301/1653
f 309/1654 308/1655 301/1656
f 309/1657 301/1658 310/1659
f 301/1660 302/1661 310/1662
f 310/1663 302/1664 311/1665
f 302/1666 303/1667 311/1668
f 311/1669 303/1670 312/1671
f 303/1672 304/1673 312/1674
f 312/1675 304/1676 305/1677
f 304/1678 297/1679 305/1680
f 321/1681 313/1682 314/1683
f 322/1684 321/1685 314/1686
f 322/1687 314/1688 315/1689
f 323/1690 322/1691 315/1692
f 323/1693 315/1694 316/1695
f 324/1696 323/1697 316/1698
f 324/1699 316/1700 317/1701
f 325/1702 324/1703 317/1704
f 325/1705 317/1706 326/1707
f 317/1708 318/1709 326/1710
f 326/1711 318/1712 327/1713
f 318/1714 319/1715 327/1716
f 327/1717 319/1718 328/1719
f 319/1720 320/1721 328/1722
f 328/1723 320/1724 321/1725
f 320/1726 313/1727 321/1728
f 329/1729 321/1730 322/1731
f 330/1732 329/1733 322/1734
f 330/1735 322/1736 323/1737
f 331/1738 330/1739 323/1740
f 331/1741 323/1742 324/1743
f 332/1744 331/1745 324/1746
f 332/1747 324/1748 325/1749
f 333/1750 332/1751 325/1752
f 333/1753 325/1754 334/1755
f 325/1756 326/1757 334/1758
f 334/1759 326/1760 335/1761
f 326/1762 327/1763 335/1764
f 335/1765 327/1766 336/1767
f 327/1768 328/1769 336/1770
f 336/1771 328/1772 329/1773
f 328/1774 321/1775 329/1776
f 337/1777 329/1778 330/1779
f 338/1780 337/1781 330/1782
f 338/1783 330/1784 331/1785
f 339/1786 338/1787 331/1788
f 339/1789 331/1790 332/1791
f 340/1792 339/1793 332/1794
f 340/1795 332/1796 333/1797
f 341/1798 340/1799 333/1800
f 341/1801 333/1802 342/1803
f 333/1804 334/1805 342/1806
f 342/1807 334/1808 343/1809
f 334/1810 335/1811 343/1812
f 343/1813 335/1814 344/1815
f 335/1816 336/1817 344/1818
f 344/1819 336/1820 337/1821
f 336/1822 329/1823 337/1824
f 345/1825 337/1826 338/1827
f 346/1828 345/1829 338/1830
f 346/1831 338/1832 339/1833
f 347/1834 346/1835 339/1836
f 347/1837 339/1838 340/1839
f 348/1840 347/1841 340/1842
f 348/1843 340/1844 341/1845
f 349/1846 348/1847 341/1848
f 349/1849 341/1850 350/1851
f 341/1852 342/1853 350/1854
f 350/1855 342/1856 351/1857
f 342/1858 343/1859 351/1860
f 351/1861 343/1862 352/1863
f 343/1864 344/1865 352/1866
f 352/1867 344/1868 345/1869
f 344/1870 337/1871 345/1872
f 353/1873 345/1874 346/1875
f 354/1876 353/1877 346/1878
f 354/1879 346/1880 347/1881
f 355/1882 354/1883 347/1884
f 355/1885 347/1886 348/1887
f 356/1888 355/1889 348/1890
f 356/1891 348/1892 349/1893
f 357/1894 356/1895 349/1896
f 357/1897 349/1898 358/1899
f 349/1900 350/1901 358/1902
f 358/1903 350/1904 359/1905
f 350/1906 351/1907 359/1908
f 359/1909 351/1910 360/1911
f 351/1912 352/1913 360/1914
f 360/1915 352/1916 353/1917
f 352/1918 345/1919 353/1920
f 361/1921 353/1922 354/1923
f 362/1924 361/1925 354/1926
f 362/1927 354/1928 355/1929
f 363/1930 362/1931 355/1932
f 363/1933 355/1934 356/1935
f 364/1936 363/1937 356/1938
f 364/1939 356/1940 357/1941
f 365/1942 364/1943 357/1944
f 365/1945 357/1946 366/1947
f 357/1948 358/1949 366/1950
f 366/1951 358/1952 367/1953
f 358/1954 359/1955 367/1956
f 367/1957 359/1958 368/1959
f 359/1960 360/1961 368/1962
f 368/1963 360/1964 361/1965
f 360/1966 353/1967 361/1968
f 377/1969 369/1970 370/1971
f 378/1972 377/1973 370/1974
f 378/1975 370/1976 371/1977
f 379/1978 378/1979 371/1980
f 379/1981 371/1982 372/1983
f 380/1984 379/1985 372/1986
f 380/1987 372/1988 373/1989
f 381/1990 380/1991 373/1992
f 381/1993 373/1994 382/1995
f 373/1996 374/1997 382/1998
f 382/1999 374/2000 383/2001
f 374/2002 375/2003 383/2004
f 383/2005 375/2006 384/2007
f 375/2008 376/2009 384/2010
f 384/2011 376/2012 377/2013
f 376/2014 369/2015 377/2016
f 385/2017 377/2018 378/2019
f 386/2020 385/2021 378/2022
f 386/2023 378/2024 379/2025
f 387/2026 386/2027 379/2028
f 387/2029 379/2030 380/2031
f 388/2032 387/2033 380/2034
f 388/2035 380/2036 381/2037
f 389/2038 388/2039 381/2040
f 389/2041 381/2042 390/2043
f 381/2044 382/2045 390/2046
f 390/2047 382/2048 391/2049
f 382/2050 383/2051 391/2052
f 391/2053 383/2054 392/2055
f 383/2056 384/2057 392/2058
f 392/2059 384/2060 385/2061
f 384/2062 377/2063 385/2064
f 393/2065 385/2066 386/2067
f 394/2068 393/2069 386/2070
f 394/2071 386/2072 387/2073
f 395/2074 394/2075 387/2076
f 395/2077 387/2078 388/2079
f 396/2080 395/2081 388/2082
f 396/2083 388/2084 389/2085
f 397/2086 396/2087 389/2088
f 397/2089 389/2090 398/2091
f 389/2092 390/2093 398/2094
f 398/2095 390/2096 399/2097
f 390/2098 391/2099 399/2100
f 399/2101 391/2102 400/2103
f 391/2104 392/2105 400/2106
f 400/2107 392/2108 393/2109
f 392/2110 385/2111 393/2112
f 401/2113 393/2114 394/2115
f 402/2116 401/2117 394/2118
f 402/2119 394/2120 395/2121
f 403/2122 402/2123 395/2124
f 403/2125 395/2126 396/2127
f 404/2128 403/2129 396/2130
f 404/2131 396/2132 397/2133
f 405/2134 404/2135 397/2136
f 405/2137 397/2138 406/2139
f 397/2140 398/2141 406/2142
f 406/2143 398/2144 407/2145
f 398/2146 399/2147 407/2148
f 407/2149 399/2150 408/2151
f 399/2152 400/2153 408/2154
f 408/2155 400/2156 401/2157
f 400/2158 393/2159 401/2160
f 409/2161 401/2162 402/2163
f 410/2164 409/2165 402/2166
f 410/2167 402/2168 403/2169
f 411/2170 410/2171 403/2172
f 411/2173 403/2174 404/2175
f 412/2176 411/2177 404/2178
f 412/2179 404/2180 405/2181
f 413/2182 412/2183 405/2184
f 413/2185 405/2186 414/2187
f 405/2188 406/2189 414/2190
f 414/2191 406/2192 415/2193
f 406/2194 407/2195 415/2196
f 415/2197 407/2198 416/2199
f 407/2200 408/2201 416/2202
f 416/2203 408/2204 409/2205
f 408/2206 401/2207 409/2208
f 417/2209 409/2210 410/2211
f 418/2212 417/2213 410/2214
f 418/2215 410/2216 411/2217
f 419/2218 418/2219 411/2220
f 419/2221 411/2222 412/2223
f 420/2224 419/2225 412/2226
f 420/2227 412/2228 413/2229
f 421/2230 420/2231 413/2232
f 421/2233 413/2234 422/2235
f 413/2236 414/2237 422/2238
f 422/2239 414/2240 423/2241
f 414/2242 415/2243 423/2244
f 423/2245 415/2246 424/2247
f 415/2248 416/2249 424/2250
f 424/2251 416/2252 417/2253
f 416/2254 409/2255 417/2256
f 425/2257 417/2258 418/2259
f 426/2260 425/2261 418/2262
f 426/2263 418/2264 419/2265
f 427/2266 426/2267 419/2268
f 427/2269 419/2270 420/2271
f 428/2272 427/2273 420/2274
f 428/2275 420/2276 421/2277
f 429/2278 428/2279 421/2280
f 429/2281 421/2282 430/2283
f 421/2284 422/2285 430/2286
f 430/2287 422/2288 431/2289
f 422/2290 423/2291 431/2292
f 431/2293 423/2294 432/2295
f 423/2296 424/2297 432/2298
f 432/2299 424/2300 425/2301
f 424/2302 417/2303 425/2304
f 433/2305 425/2306 426/2307
f 434/2308 433/2309 426/2310
f 434/2311 426/2312 427/2313
f 435/2314 434/2315 427/2316
f 435/2317 427/2318 428/2319
f 436/2320 435/2321 428/2322
f 436/2323 428/2324 429/2325
f 437/2326 436/2327 429/2328
f 437/2329 429/2330 438/2331
f 429/2332 430/2333 438/2334
f 438/2335 430/2336 439/2337
f 430/2338 431/2339 439/2340
f 439/2341 431/2342 440/2343
f 431/2344 432/2345 440/2346
f 440/2347 432/2348 433/2349
f 432/2350 425/2351 433/2352
f 441/2353 433/2354 434/2355
f 442/2356 441/2357 434/2358
f 442/2359 434/2360 435/2361
f 443/2362 442/2363 435/2364
f 443/2365 435/2366 436/2367
f 444/2368 443/2369 436/2370
f 444/2371 436/2372 437/2373
f 445/2374 444/2375 437/2376
f 445/2377 437/2378 446/2379
f 437/2380 438/2381 446/2382
f 446/2383 438/2384 447/2385
f 438/2386 439/2387 447/2388
f 447/2389 439/2390 448/2391
f 439/2392 440/2393 448/2394
f 448/2395 440/2396 441/2397
f 440/2398 433/2399 441/2400
f 449/2401 441/2402 442/2403
f 450/2404 449/2405 442/2406
f 450/2407 442/2408 443/2409
f 451/2410 450/2411 443/2412
f 451/2413 443/2414 444/2415
f 452/2416 451/2417 444/2418
f 452/2419 444/2420 445/2421
f 453/2422 452/2423 445/2424
f 453/2425 445/2426 454/2427
f 445/2428 446/2429 454/2430
f 454/2431 446/2432 455/2433
f 446/2434 447/2435 455/2436
f 455/2437 447/2438 456/2439
f 447/2440 448/2441 456/2442
f 456/2443 448/2444 449/2445
f 448/2446 441/2447 449/2448
f 457/2449 449/2450 450/2451
f 458/2452 457/2453 450/2454
f 458/2455 450/2456 451/2457
f 459/2458 458/2459 451/2460
f 459/2461 451/2462 452/2463
f 460/2464 459/2465 452/2466
f 460/2467 452/2468 453/2469
f 461/2470 460/2471 453/2472
f 461/2473 453/2474 462/2475
f 453/2476 454/2477 462/2478
f 462/2479 454/2480 463/2481
f 454/2482 455/2483 463/2484
f 463/2485 455/2486 464/2487
f 455/2488 456/2489 464/2490
f 464/2491 456/2492 457/2493
f 456/2494 449/2495 457/2496
f 465/2497 457/2498 458/2499
f 466/2500 465/2501 458/2502
f 466/2503 458/2504 459/2505
f 467/2506 466/2507 459/2508
f 467/2509 459/2510 460/2511
f 468/2512 467/2513 460/2514
f 468/2515 460/2516 461/2517
f 469/2518 468/2519 461/2520
f 469/2521 461/2522 470/2523
f 461/2524 462/2525 470/2526
f 470/2527 462/2528 471/2529
f 462/2530 463/2531 471/2532
f 471/2533 463/2534 472/2535
f 463/2536 464/2537 472/2538
f 472/2539 464/2540 465/2541
f 464/2542 457/2543 465/2544
f 473/2545 465/2546 466/2547
f 474/2548 473/2549 466/2550
f 474/2551 466/2552 467/2553
f 475/2554 474/2555 467/2556
f 475/2557 467/2558 468/2559
f 476/2560 475/2561 468/2562
f 476/2563 468/2564 469/2565
f 477/2566 476/2567 469/2568
f 477/2569 469/2570 478/2571
f 469/2572 470/2573 478/2574
f 478/2575 470/2576 479/2577
f 470/2578 471/2579 479/2580
f 479/2581 471/2582 480/2583
f 471/2584 472/2585 480/2586
f 480/2587 472/2588 473/2589
f 472/2590 465/2591 473/2592
f 481/2593 473/2594 474/2595
f 482/2596 481/2597 474/2598
f 482/2599 474/2600 475/2601
f 483/2602 482/2603 475/2604
f 483/2605 475/2606 476/2607
f 484/2608 483/2609 476/2610
f 484/2611 476/2612 477/2613
f 485/2614 484/2615 477/2616
f 485/2617 477/2618 486/2619
f 477/2620 478/2621 486/2622
f 486/2623 478/2624 487/2625
f 478/2626 479/2627 487/2628
f 487/2629 479/2630 488/2631
f 479/2632 480/2633 488/2634
f 488/2635 480/2636 481/2637
f 480/2638 473/2639 481/2640
f 489/2641 481/2642 482/2643
f 490/2644 489/2645 482/2646
f 490/2647 482/2648 483/2649
f 491/2650 490/2651 483/2652
f 491/2653 483/2654 484/2655
f 492/2656 491/2657 484/2658
f 492/2659 484/2660 485/2661
f 493/2662 492/2663 485/2664
f 493/2665 485/2666 494/2667
f 485/2668 486/2669 494/2670
f 494/2671 486/2672 495/2673
f 486/2674 487/2675 495/2676
f 495/2677 487/2678 496/2679
f 487/2680 488/2681 496/2682
f 496/2683 488/2684 489/2685
f 488/2686 481/2687 489/2688
f 505/2689 497/2690 498/2691
f 506/2692 505/2693 498/2694
f 506/2695 498/2696 499/2697
f 507/2698 506/2699 499/2700
f 507/2701 499/2702 500/2703
f 508/2704 507/2705 500/2706
f 508/2707 500/2708 501/2709
f 509/2710 508/2711 501/2712
f 509/2713 501/2714 510/2715
f 501/2716 502/2717 510/2718
f 510/2719 502/2720 511/2721
f 502/2722 503/2723 511/2724
f 511/2725 503/2726 512/2727
f 503/2728 504/2729 512/2730
f 512/2731 504/2732 505/2733
f 504/2734 497/2735 505/2736
f 513/2737 505/2738 506/2739
f 514/2740 513/2741 506/2742
f 514/2743 506/2744 507/2745
f 515/2746 514/2747 507/2748
f 515/2749 507/2750 508/2751
f 516/2752 515/2753 508/2754
f 516/2755 508/2756 509/2757
f 517/2758 516/2759 509/2760
f 517/2761 509/2762 518/2763
f 509/2764 510/2765 518/2766
f 518/2767 510/2768 519/2769
f 510/2770 511/2771 519/2772
f 519/2773 511/2774 520/2775
f 511/2776 512/2777 520/2778
f 520/2779 512/2780 513/2781
f 512/2782 505/2783 513/2784
f 521/2785 513/2786 514/2787
f 522/2788 521/2789 514/2790
f 522/2791 514/2792 515/2793
f 523/2794 522/2795 515/2796
f 523/2797 515/2798 516/2799
f 524/2800 523/2801 516/2802
f 524/2803 516/2804 517/2805
f 525/2806 524/2807 517/2808
f 525/2809 517/2810 526/2811
f 517/2812 518/2813 526/2814
f 526/2815 518/2816 527/2817
f 518/2818 519/2819 527/2820
f 527/2821 519/2822 528/2823
f 519/2824 520/2825 528/2826
f 528/2827 520/2828 521/2829
f 520/2830 513/2831 521/2832
f 529/2833 521/2834 522/2835
f 530/2836 529/2837 522/2838
f 530/2839 522/2840 523/2841
f 531/2842 530/2843 523/2844
f 531/2845 523/2846 524/2847
f 532/2848 531/2849 524/2850
f 532/2851 524/2852 525/2853
f 533/2854 532/2855 525/2856
f 533/2857 525/2858 534/2859
f 525/2860 526/2861 534/2862
f 534/2863 526/2864 535/2865
f 526/2866 527/2867 535/2868
f 535/2869 527/2870 536/2871
f 527/2872 528/2873 536/2874
f 536/2875 528/2876 529/2877
f 528/2878 521/2879 529/2880
f 537/2881 529/2882 530/2883
f 538/2884 537/2885 530/2886
f 538/2887 530/2888 531/2889
f 539/2890 538/2891 531/2892
f 539/2893 531/2894 532/2895
f 540/2896 539/2897 532/2898
f 540/2899 532/2900 533/2901
f 541/2902 540/2903 533/2904
f 541/2905 533/2906 542/2907
f 533/2908 534/2909 542/2910
f 542/2911 534/2912 543/2913
f 534/2914 535/2915 543/2916
f 543/2917 535/2918 544/2919
f 535/2920 536/2921 544/2922
f 544/2923 536/2924 537/2925
f 536/2926 529/2927 537/2928
f 545/2929 537/2930 538/2931
f 546/2932 545/2933 538/2934
f 546/2935 538/2936 539/2937
f 547/2938 546/2939 539/2940
f 547/2941 539/2942 540/2943
f 548/2944 547/2945 540/2946
f 548/2947 540/2948 541/2949
f 549/2950 548/2951 541/2952
f 549/2953 541/2954 550/2955
f 541/2956 542/2957 550/2958
f 550/2959 542/2960 551/2961
f 542/2962 543/2963 551/2964
f 551/2965 543/2966 552/2967
f 543/2968 544/2969 552/2970
f 552/2971 544/2972 545/2973
f 544/2974 537/2975 545/2976
f 553/2977 545/2978 546/2979
f 554/2980 553/2981 546/2982
f 554/2983 546/2984 547/2985
f 555/2986 554/2987 547/2988
f 555/2989 547/2990 548/2991
f 556/2992 555/2993 548/2994
f 556/2995 548/2996 549/2997
f 557/2998 556/2999 549/3000
f 557/3001 549/3002 558/3003
f 549/3004 550/3005 558/3006
f 558/3007 550/3008 559/3009
f 550/3010 551/3011 559/3012
f 559/3013 551/3014 560/3015
f 551/3016 552/3017 560/3018
f 560/3019 552/3020 553/3021
f 552/3022 545/3023 553/3024
f 561/3025 553/3026 554/3027
f 562/3028 561/3029 554/3030
f 562/3031 554/3032 555/3033
f 563/3034 562/3035 555/3036
f 563/3037 555/3038 556/3039
f 564/3040 563/3041 556/3042
f 564/3043 556/3044 557/3045
f 565/3046 564/3047 557/3048
f 565/3049 557/3050 566/3051
f 557/3052 558/3053 566/3054
f 566/3055 558/3056 567/3057
f 558/3058 559/3059 567/3060
f 567/3061 559/3062 568/3063
f 559/3064 560/3065 568/3066
f 568/3067 560/3068 561/3069
f 560/3070 553/3071 561/3072
f 577/3073 569/3074 570/3075
f 578/3076 577/3077 570/3078
f 578/3079 570/3080 571/3081
f 579/3082 578/3083 571/3084
f 579/3085 571/3086 572/3087
f 580/3088 579/3089 572/3090
f 580/3091 572/3092 573/3093
f 581/3094 580/3095 573/3096
f 581/3097 573/3098 582/3099
f 573/3100 574/3101 582/3102
f 582/3103 574/3104 583/3105
f 574/3106 575/3107 583/3108
f 583/3109 575/3110 584/3111
f 575/3112 576/3113 584/3114
f 584/3115 576/3116 577/3117
f 576/3118 569/3119 577/3120
f 585/3121 577/3122 578/3123
f 586/3124 585/3125 578/3126
f 586/3127 578/3128 579/3129
f 587/3130 586/3131 579/3132
f 587/3133 579/3134 580/3135
f 588/3136 587/3137 580/3138
f 588/3139 580/3140 581/3141
f 589/3142 588/3143 581/3144
f 589/3145 581/3146 590/3147
f 581/3148 582/3149 590/3150
f 590/3151 582/3152 591/3153
f 582/3154 583/3155 591/3156
f 591/3157 583/3158 592/3159
f 583/3160 584/3161 592/3162
f 592/3163 584/3164 585/3165
f 584/3166 577/3167 585/3168
f 593/3169 585/3170 586/3171
f 594/3172 593/3173 586/3174
f 594/3175 586/3176 587/3177
f 595/3178 594/3179 587/3180
f 595/3181 587/3182 588/3183
f 596/3184 595/3185 588/3186
f 596/3187 588/3188 589/3189
f 597/3190 596/3191 589/3192
f 597/3193 589/3194 598/3195
f 589/3196 590/3197 598/3198
f 598/3199 590/3200 599/3201
f 590/3202 591/3203 599/3204
f 599/3205 591/3206 600/3207
f 591/3208 592/3209 600/3210
f 600/3211 592/3212 593/3213
f 592/3214 585/3215 593/3216
f 601/3217 593/3218 594/3219
f 602/3220 601/3221 594/3222
f 602/3223 594/3224 595/3225
f 603/3226 602/3227 595/3228
f 603/3229 595/3230 596/3231
f 604/3232 603/3233 596/3234
f 604/3235 596/3236 597/3237
f 605/3238 604/3239 597/3240
f 605/3241 597/3242 606/3243
f 597/3244 598/3245 606/3246
f 606/3247 598/3248 607/3249
f 598/3250 599/3251 607/3252
f 607/3253 599/3254 608/3255
f 599/3256 600/3257 608/3258
f 608/3259 600/3260 601/3261
f 600/3262 593/3263 601/3264
f 609/3265 601/3266 602/3267
f 610/3268 609/3269 602/3270
f 610/3271 602/3272 603/3273
f 611/3274 610/3275 603/3276
f 611/3277 603/3278 604/3279
f 612/3280 611/3281 604/3282
f 612/3283 604/3284 605/3285
f 613/3286 612/3287 605/3288
f 613/3289 605/3290 614/3291
f 605/3292 606/3293 614/3294
f 614/3295 606/3296 615/3297
f 606/3298 607/3299 615/3300
f 615/3301 607/3302 616/3303
f 607/3304 608/3305 616/3306
f 616/3307 608/3308 609/3309
f 608/3310 601/3311 609/3312
f 617/3313 609/3314 610/3315
f 618/3316 617/3317 610/3318
f 618/3319 610/3320 611/3321
f 619/3322 618/3323 611/3324
f 619/3325 611/3326 612/3327
f 620/3328 619/3329 612/3330
f 620/3331 612/3332 613/3333
f 621/3334 620/3335 613/3336
f 621/3337 613/3338 622/3339
f 613/3340 614/3341 622/3342
f 622/3343 614/3344 623/3345
f 614/3346 615/3347 623/3348
f 623/3349 615/3350 624/3351
f 615/3352 616/3353 624/3354
f 624/3355 616/3356 617/3357
f 616/3358 609/3359 617/3360
f 625/3361 617/3362 618/3363
f 626/3364 625/3365 618/3366
f 626/3367 618/3368 619/3369
f 627/3370 626/3371 619/3372
f 627/3373 619/3374 620/3375
f 628/3376 627/3377 620/3378
f 628/3379 620/3380 621/3381
f 629/3382 628/3383 621/3384
f 629/3385 621/3386 630/3387
f 621/3388 622/3389 630/3390
f 630/3391 622/3392 631/3393
f 622/3394 623/3395 631/3396
f 631/3397 623/3398 632/3399
f 623/3400 624/3401 632/3402
f 632/3403 624/3404 625/3405
f 624/3406 617/3407 625/3408
f 633/3409 625/3410 626/3411
f 634/3412 633/3413 626/3414
f 634/3415 626/3416 627/3417
f 635/3418 634/3419 627/3420
f 635/3421 627/3422 628/3423
f 636/3424 635/3425 628/3426
f 636/3427 628/3428 629/3429
f 637/3430 636/3431 629/3432
f 637/3433 629/3434 638/3435
f 629/3436 630/3437 638/3438
f 638/3439 630/3440 639/3441
f 630/3442 631/3443 639/3444
f 639/3445 631/3446 640/3447
f 631/3448 632/3449 640/3450
f 640/3451 632/3452 633/3453
f 632/3454 625/3455 633/3456
f 641/3457 642/3458 645/3459
f 645/3460 642/3461 646/3462
f 642/3463 644/3464 646/3465
f 646/3466 644/3467 648/3468
f 641/3469 645/3470 643/3471
f 645/3472 647/3473 643/3474
f 643/3475 647/3476 644/3477
f 647/3478 648/3479 644/3480
f 645/3481 646/3482 649/3483
f 649/3484 646/3485 650/3486
f 646/3487 648/3488 650/3489
f 645/3490 649/3491 647/3492
f 649/3493 650/3494 647/3495
f 647/3496 650/3497 648/3498
f 652/3499 651/3500 655/3501
f 652/3502 655/3503 656/3504
f 654/3505 652/3506 656/3507
f 654/3508 656/3509 658/3510
f 653/3511 655/3512 651/3513
f 653/3514 657/3515 655/3516
f 654/3517 657/3518 653/3519
f 654/3520 658/3521 657/3522
f 656/3523 655/3524 659/3525
f 656/3526 659/3527 660/3528
f 658/3529 656/3530 660/3531
f 657/3532 659/3533 655/3534
f 657/3535 660/3536 659/3537
f 658/3538 660/3539 657/3540
f 661/3541 662/3542 665/3543
f 665/3544 662/3545 666/3546
f 662/3547 664/3548 666/3549
f 666/3550 664/3551 668/3552
f 661/3553 665/3554 663/3555
f 665/3556 667/3557 663/3558
f 663/3559 667/3560 664/3561
f 667/3562 668/3563 664/3564
f 665/3565 666/3566 669/3567
f 669/3568 666/3569 670/3570
f 666/3571 668/3572 670/3573
f 670/3574 668/3575 672/3576
f 665/3577 669/3578 667/3579
f 669/3580 671/3581 667/3582
f 667/3583 671/3584 668/3585
f 671/3586 672/3587 668/3588
f 669/3589 670/3590 673/3591
f 673/3592 670/3593 674/3594
f 670/3595 672/3596 674/3597
f 669/3598 673/3599 671/3600
f 673/3601 674/3602 671/3603
f 671/3604 674/3605 672/3606
f 676/3607 675/3608 679/3609
f 676/3610 679/3611 680/3612
f 678/3613 676/3614 680/3615
f 678/3616 680/3617 682/3618
f 677/3619 679/3620 675/3621
f 677/3622 681/3623 679/3624
f 678/3625 681/3626 677/3627
f 678/3628 682/3629 681/3630
f 680/3631 679/3632 683/3633
f 680/3634 683/3635 684/3636
f 682/3637 680/3638 684/3639
f 682/3640 684/3641 686/3642
f 681/3643 683/3644 679/3645
f 681/3646 685/3647 683/3648
f 682/3649 685/3650 681/3651
f 682/3652 686/3653 685/3654
f 684/3655 683/3656 687/3657
f 684/3658 687/3659 688/3660
f 686/3661 684/3662 688/3663
f 685/3664 687/3665 683/3666
f 685/3667 688/3668 687/3669
f 686/3670 688/3671 685/3672
f 689/3673 690/3674 693/3675
f 693/3676 690/3677 694/3678
f 690/3679 692/3680 694/3681
f 689/3682 693/3683 691/3684
f 693/3685 694/3686 691/3687
f 691/3688 694/3689 692/3690
f 696/3691 695/3692 699/3693
f 696/3694 699/3695 700/3696
f 698/3697 696/3698 700/3699
f 697/3700 699/3701 695/3702
f 697/3703 700/3704 699/3705
f 698/3706 700/3707 697/3708
f 701/3709 702/3710 705/3711
f 705/3712 702/3713 706/3714
f 702/3715 704/3716 706/3717
f 701/3718 705/3719 703/3720
f 705/3721 706/3722 703/3723
f 703/3724 706/3725 704/3726
f 708/3727 707/3728 711/3729
f 708/3730 711/3731 712/3732
f 710/3733 708/3734 712/3735
f 709/3736 711/3737 707/3738
f 709/3739 712/3740 711/3741
f 710/3742 712/3743 709/3744
f 713/3745 714/3746 717/3747
f 717/3748 714/3749 718/3750
f 714/3751 716/3752 718/3753
f 713/3754 717/3755 715/3756
f 717/3757 718/3758 715/3759
f 715/3760 718/3761 716/3762
f 720/3763 719/3764 723/3765
f 720/3766 723/3767 724/3768
f 722/3769 720/3770 724/3771
f 721/3772 723/3773 719/3774
f 721/3775 724/3776 723/3777
f 722/3778 724/3779 721/3780
f 725/3781 726/3782 729/3783
f 729/3784 726/3785 730/3786
f 726/3787 728/3788 730/3789
f 725/3790 729/3791 727/3792
f 729/3793 730/3794 727/3795
f 727/3796 730/3797 728/3798
f 732/3799 731/3800 735/3801
f 732/3802 735/3803 736/3804
f 734/3805 732/3806 736/3807
f 733/3808 735/3809 731/3810
f 733/3811 736/3812 735/3813
f 734/3814 736/3815 733/3816
f 737/3817 738/3818 741/3819
f 741/3820 738/3821 742/3822
f 738/3823 740/3824 742/3825
f 737/3826 741/3827 739/3828
f 741/3829 742/3830 739/3831
f 739/3832 742/3833 740/3834
f 744/3835 743/3836 747/3837
f 744/3838 747/3839 748/3840
f 746/3841 744/3842 748/3843
f 745/3844 747/3845 743/3846
f 745/3847 748/3848 747/3849
f 746/3850 748/3851 745/3852
f 749/3853 750/3854 753/3855
f 753/3856 750/3857 754/3858
f 750/3859 752/3860 754/3861
f 754/3862 752/3863 756/3864
f 749/3865 753/3866 751/3867
f 753/3868 755/3869 751/3870
f 751/3871 755/3872 752/3873
f 755/3874 756/3875 752/3876
f 753/3877 754/3878 757/3879
f 757/3880 754/3881 758/3882
f 754/3883 756/3884 758/3885
f 758/3886 756/3887 760/3888
f 753/3889 757/3890 755/3891
f 757/3892 759/3893 755/3894
f 755/3895 759/3896 756/3897
f 759/3898 760/3899 756/3900
f 757/3901 758/3902 761/3903
f 761/3904 758/3905 762/3906
f 758/3907 760/3908 762/3909
f 757/3910 761/3911 759/3912
f 761/3913 762/3914 759/3915
f 759/3916 762/3917 760/3918
f 764/3919 763/3920 767/3921
f 764/3922 767/3923 768/3924
f 766/3925 764/3926 768/3927
f 766/3928 768/3929 770/3930
f 765/3931 767/3932 763/3933
f 765/3934 769/3935 767/3936
f 766/3937 769/3938 765/3939
f 766/3940 770/3941 769/3942
f 768/3943 767/3944 771/3945
f 768/3946 771/3947 772/3948
f 770/3949 768/3950 772/3951
f 770/3952 772/3953 774/3954
f 769/3955 771/3956 767/3957
f 769/3958 773/3959 771/3960
f 770/3961 773/3962 769/3963
f 770/3964 774/3965 773/3966
f 772/3967 771/3968 775/3969
f 772/3970 775/3971 776/3972
f 774/3973 772/3974 776/3975
f 773/3976 775/3977 771/3978
f 773/3979 776/3980 775/3981
f 774/3982 776/3983 773/3984
f 777/3985 778/3986 781/3987
f 781/3988 778/3989 782/3990
f 778/3991 780/3992 782/3993
f 782/3994 780/3995 784/3996
f 777/3997 781/3998 779/3999
f 781/4000 783/4001 779/4002
f 779/4003 783/4004 780/4005
f 783/4006 784/4007 780/4008
f 781/4009 782/4010 785/4011
f 785/4012 782/4013 786/4014
f 782/4015 784/4016 786/4017
f 786/4018 784/4019 788/4020
f 781/4021 785/4022 783/4023
f 785/4024 787/4025 783/4026
f 783/4027 787/4028 784/4029
f 787/4030 788/4031 784/4032
f 785/4033 786/4034 789/4035
f 789/4036 786/4037 790/4038
f 786/4039 788/4040 790/4041
f 785/4042 789/4043 787/4044
f 789/4045 790/4046 787/4047
f 787/4048 790/4049 788/4050
f 792/4051 791/4052 795/4053
f 792/4054 795/4055 796/4056
f 794/4057 792/4058 796/4059
f 794/4060 796/4061 798/4062
f 793/4063 795/4064 791/4065
f 793/4066 797/4067 795/4068
f 794/4069 797/4070 793/4071
f 794/4072 798/4073 797/4074
f 796/4075 795/4076 799/4077
f 796/4078 799/4079 800/4080
f 798/4081 796/4082 800/4083
f 798/4084 800/4085 802/4086
f 797/4087 799/4088 795/4089
f 797/4090 801/4091 799/4092
f 798/4093 801/4094 797/4095
f 798/4096 802/4097 801/4098
f 800/4099 799/4100 803/4101
f 800/4102 803/4103 804/4104
f 802/4105 800/4106 804/4107
f 801/4108 803/4109 799/4110
f 801/4111 804/4112 803/4113
f 802/4114 804/4115 801/4116
f 805/4117 806/4118 809/4119
f 809/4120 806/4121 810/4122
f 806/4123 808/4124 810/4125
f 810/4126 808/4127 812/4128
f 805/4129 809/4130 807/4131
f 809/4132 811/4133 807/4134
f 807/4135 811/4136 808/4137
f 811/4138 812/4139 808/4140
f 809/4141 810/4142 813/4143
f 813/4144 810/4145 814/4146
f 810/4147 812/4148 814/4149
f 814/4150 812/4151 816/4152
f 809/4153 813/4154 811/4155
f 813/4156 815/4157 811/4158
f 811/4159 815/4160 812/4161
f 815/4162 816/4163 812/4164
f 813/4165 814/4166 817/4167
f 817/4168 814/4169 818/4170
f 814/4171 816/4172 818/4173
f 813/4174 817/4175 815/4176
f 817/4177 818/4178 815/4179
f 815/4180 818/4181 816/4182
f 820/4183 819/4184 823/4185
f 820/4186 823/4187 824/4188
f 822/4189 820/4190 824/4191
f 822/4192 824/4193 826/4194
f 821/4195 823/4196 819/4197
f 821/4198 825/4199 823/4200
f 822/4201 825/4202 821/4203
f 822/4204 826/4205 825/4206
f 824/4207 823/4208 827/4209
f 824/4210 827/4211 828/4212
f 826/4213 824/4214 828/4215
f 826/4216 828/4217 830/4218
f 825/4219 827/4220 823/4221
f 825/4222 829/4223 827/4224
f 826/4225 829/4226 825/4227
f 826/4228 830/4229 829/4230
f 828/4231 827/4232 831/4233
f 828/4234 831/4235 832/4236
f 830/4237 828/4238 832/4239
f 829/4240 831/4241 827/4242
f 829/4243 832/4244 831/4245
f 830/4246 832/4247 829/4248
f 833/4249 834/4250 837/4251
f 837/4252 834/4253 838/4254
f 834/4255 836/4256 838/4257
f 838/4258 836/4259 840/4260
f 833/4261 837/4262 835/4263
f 837/4264 839/4265 835/4266
f 835/4267 839/4268 836/4269
f 839/4270 840/4271 836/4272
f 837/4273 838/4274 841/4275
f 841/4276 838/4277 842/4278
f 838/4279 840/4280 842/4281
f 842/4282 840/4283 844/4284
f 837/4285 841/4286 839/4287
f 841/4288 843/4289 839/4290
f 839/4291 843/4292 840/4293
f 843/4294 844/4295 840/4296
f 841/4297 842/4298 845/4299
f 845/4300 842/4301 846/4302
f 842/4303 844/4304 846/4305
f 841/4306 845/4307 843/4308
f 845/4309 846/4310 843/4311
f 843/4312 846/4313 844/4314
f 848/4315 847/4316 851/4317
f 848/4318 851/4319 852/4320
f 850/4321 848/4322 852/4323
f 850/4324 852/4325 854/4326
f 849/4327 851/4328 847/4329
f 849/4330 853/4331 851/4332
f 850/4333 853/4334 849/4335
f 850/4336 854/4337 853/4338
f 852/4339 851/4340 855/4341
f 852/4342 855/4343 856/4344
f 854/4345 852/4346 856/4347
f 854/4348 856/4349 858/4350
f 853/4351 855/4352 851/4353
f 853/4354 857/4355 855/4356
f 854/4357 857/4358 853/4359
f 854/4360 858/4361 857/4362
f 856/4363 855/4364 859/4365
f 856/4366 859/4367 860/4368
f 858/4369 856/4370 860/4371
f 857/4372 859/4373 855/4374
f 857/4375 860/4376 859/4377
f 858/4378 860/4379 857/4380
f 861/4381 862/4382 865/4383
f 865/4384 862/4385 866/4386
f 862/4387 864/4388 866/4389
f 861/4390 865/4391 863/4392
f 865/4393 866/4394 863/4395
f 863/4396 866/4397 864/4398
f 868/4399 867/4400 871/4401
f 868/4402 871/4403 872/4404
f 870/4405 868/4406 872/4407
f 869/4408 871/4409 867/4410
f 869/4411 872/4412 871/4413
f 870/4414 872/4415 869/4416
f 873/4417 874/4418 877/4419
f 877/4420 874/4421 878/4422
f 874/4423 876/4424 878/4425
f 873/4426 877/4427 875/4428
f 877/4429 878/4430 875/4431
f 875/4432 878/4433 876/4434
f 880/4435 879/4436 883/4437
f 880/4438 883/4439 884/4440
f 882/4441 880/4442 884/4443
f 881/4444 883/4445 879/4446
f 881/4447 884/4448 883/4449
f 882/4450 884/4451 881/4452
