v -0.49 0 0
v -0.49 0 0
v -0.49 0 0
v -0.49 0 0
v -0.49 0 0
v -0.49 0 0
v -0.49 0 0
v -0.49 0 0
v -0.43 0 0.06
v -0.43 -0.04243 0.04243
v -0.43 -0.06 0
v -0.43 -0.04243 -0.04243
v -0.43 0 -0.06
v -0.43 0.04243 -0.04243
v -0.43 0.06 0
v -0.43 0.04243 0.04243
v -0.3 0 0.09
v -0.3 -0.06364 0.06364
v -0.3 -0.09 0
v -0.3 -0.06364 -0.06364
v -0.3 0 -0.09
v -0.3 0.06364 -0.06364
v -0.3 0.09 0
v -0.3 0.06364 0.06364
v -0.13 0 0.11
v -0.13 -0.07778 0.07778
v -0.13 -0.11 0
v -0.13 -0.07778 -0.07778
v -0.13 0 -0.11
v -0.13 0.07778 -0.07778
v -0.13 0.11 0
v -0.13 0.07778 0.07778
v 0.1 0 0.15
v 0.1 -0.10607 0.10607
v 0.1 -0.15 0
v 0.1 -0.10607 -0.10607
v 0.1 0 -0.15
v 0.1 0.10607 -0.10607
v 0.1 0.15 0
v 0.1 0.10607 0.10607
v 0.25 0 0.11
v 0.25 -0.07778 0.07778
v 0.25 -0.11 0
v 0.25 -0.07778 -0.07778
v 0.25 0 -0.11
v 0.25 0.07778 -0.07778
v 0.25 0.11 0
v 0.25 0.07778 0.07778
v 0.4 0 0.18
v 0.4 -0.12728 0.12728
v 0.4 -0.18 0
v 0.4 -0.12728 -0.12728
v 0.4 0 -0.18
v 0.4 0.12728 -0.12728
v 0.4 0.18 0
v 0.4 0.12728 0.12728
v 0.55 0 0.16
v 0.55 -0.11314 0.11314
v 0.55 -0.16 0
v 0.55 -0.11314 -0.11314
v 0.55 0 -0.16
v 0.55 0.11314 -0.11314
v 0.55 0.16 0
v 0.55 0.11314 0.11314
v 0.5 0 0.1
v 0.5 -0.07071 0.07071
v 0.5 -0.1 0
v 0.5 -0.07071 -0.07071
v 0.5 0 -0.1
v 0.5 0.07071 -0.07071
v 0.5 0.1 0
v 0.5 0.07071 0.07071
v 0.45 0 0
v 0.45 0 0
v 0.45 0 0
v 0.45 0 0
v 0.45 0 0
v 0.45 0 0
v 0.45 0 0
v 0.45 0 0
v -0.42 0 0.06
v -0.42 0 0.06
v -0.42 0 0.06
v -0.42 0 0.06
v -0.42 0 0.06
v -0.42 0 0.06
v -0.42 0 0.06
v -0.42 0 0.06
v -0.35 0 0.14
v -0.35 -0.04243 0.11657
v -0.35 -0.06 0.06
v -0.35 -0.04243 0.00343
v -0.35 0 -0.02
v -0.35 0.04243 0.00343
v -0.35 0.06 0.06
v -0.35 0.04243 0.11657
v -0.12 0 0.24
v -0.12 -0.06364 0.18728
v -0.12 -0.09 0.06
v -0.12 -0.06364 -0.06728
v -0.12 0 -0.12
v -0.12 0.06364 -0.06728
v -0.12 0.09 0.06
v -0.12 0.06364 0.18728
v 0.065 0 0.19
v 0.065 -0.04243 0.15192
v 0.065 -0.06 0.06
v 0.065 -0.04243 -0.03192
v 0.065 0 -0.07
v 0.065 0.04243 -0.03192
v 0.065 0.06 0.06
v 0.065 0.04243 0.15192
v 0.18 0 0.06
v 0.18 0 0.06
v 0.18 0 0.06
v 0.18 0 0.06
v 0.18 0 0.06
v 0.18 0 0.06
v 0.18 0 0.06
v 0.18 0 0.06
v -0.2 0.65 0
v -0.2 0.65 0
v -0.2 0.65 0
v -0.2 0.65 0
v -0.2 0.65 0
v -0.2 0.65 0
v -0.2 0.65 0
v -0.2 0.65 0
v -0.15 0.65 0.05
v -0.15 0.61464 0.03536
v -0.15 0.6 0
v -0.15 0.61464 -0.03536
v -0.15 0.65 -0.05
v -0.15 0.68536 -0.03536
v -0.15 0.7 0
v -0.15 0.68536 0.03536
v 0 0.65 0.08
v 0 0.59343 0.05657
v 0 0.57 0
v 0 0.59343 -0.05657
v 0 0.65 -0.08
v 0 0.70657 -0.05657
v 0 0.73 0
v 0 0.70657 0.05657
v 0.2 0.65 0.1
v 0.2 0.57929 0.07071
v 0.2 0.55 0
v 0.2 0.57929 -0.07071
v 0.2 0.65 -0.1
v 0.2 0.72071 -0.07071
v 0.2 0.75 0
v 0.2 0.72071 0.07071
v 0.275 0.7 0.05
v 0.275 0.66464 0.03536
v 0.275 0.65 0
v 0.275 0.66464 -0.03536
v 0.275 0.7 -0.05
v 0.275 0.73536 -0.03536
v 0.275 0.75 0
v 0.275 0.73536 0.03536
v 0.35 0.7 0.1
v 0.35 0.62929 0.07071
v 0.35 0.6 0
v 0.35 0.62929 -0.07071
v 0.35 0.7 -0.1
v 0.35 0.77071 -0.07071
v 0.35 0.8 0
v 0.35 0.77071 0.07071
v 0.5 0.7 0.12
v 0.5 0.61515 0.08485
v 0.5 0.58 0
v 0.5 0.61515 -0.08485
v 0.5 0.7 -0.12
v 0.5 0.78485 -0.08485
v 0.5 0.82 0
v 0.5 0.78485 0.08485
v 0.7 0.7 0.1
v 0.7 0.62929 0.07071
v 0.7 0.6 0
v 0.7 0.62929 -0.07071
v 0.7 0.7 -0.1
v 0.7 0.77071 -0.07071
v 0.7 0.8 0
v 0.7 0.77071 0.07071
v 0.5 0.7 0
v 0.5 0.7 0
v 0.5 0.7 0
v 0.5 0.7 0
v 0.5 0.7 0
v 0.5 0.7 0
v 0.5 0.7 0
v 0.5 0.7 0
v -0.2 -0.65 0
v -0.2 -0.65 0
v -0.2 -0.65 0
v -0.2 -0.65 0
v -0.2 -0.65 0
v -0.2 -0.65 0
v -0.2 -0.65 0
v -0.2 -0.65 0
v -0.15 -0.65 -0.05
v -0.15 -0.61464 -0.03536
v -0.15 -0.6 0
v -0.15 -0.61464 0.03536
v -0.15 -0.65 0.05
v -0.15 -0.68536 0.03536
v -0.15 -0.7 0
v -0.15 -0.68536 -0.03536
v 0 -0.65 -0.08
v 0 -0.59343 -0.05657
v 0 -0.57 0
v 0 -0.59343 0.05657
v 0 -0.65 0.08
v 0 -0.70657 0.05657
v 0 -0.73 0
v 0 -0.70657 -0.05657
v 0.2 -0.65 -0.1
v 0.2 -0.57929 -0.07071
v 0.2 -0.55 0
v 0.2 -0.57929 0.07071
v 0.2 -0.65 0.1
v 0.2 -0.72071 0.07071
v 0.2 -0.75 0
v 0.2 -0.72071 -0.07071
v 0.275 -0.7 -0.05
v 0.275 -0.66464 -0.03536
v 0.275 -0.65 0
v 0.275 -0.66464 0.03536
v 0.275 -0.7 0.05
v 0.275 -0.73536 0.03536
v 0.275 -0.75 0
v 0.275 -0.73536 -0.03536
v 0.35 -0.7 -0.1
v 0.35 -0.62929 -0.07071
v 0.35 -0.6 0
v 0.35 -0.62929 0.07071
v 0.35 -0.7 0.1
v 0.35 -0.77071 0.07071
v 0.35 -0.8 0
v 0.35 -0.77071 -0.07071
v 0.5 -0.7 -0.12
v 0.5 -0.61515 -0.08485
v 0.5 -0.58 0
v 0.5 -0.61515 0.08485
v 0.5 -0.7 0.12
v 0.5 -0.78485 0.08485
v 0.5 -0.82 0
v 0.5 -0.78485 -0.08485
v 0.7 -0.7 -0.1
v 0.7 -0.62929 -0.07071
v 0.7 -0.6 0
v 0.7 -0.62929 0.07071
v 0.7 -0.7 0.1
v 0.7 -0.77071 0.07071
v 0.7 -0.8 0
v 0.7 -0.77071 -0.07071
v 0.5 -0.7 0
v 0.5 -0.7 0
v 0.5 -0.7 0
v 0.5 -0.7 0
v 0.5 -0.7 0
v 0.5 -0.7 0
v 0.5 -0.7 0
v 0.5 -0.7 0
v -0.2 0.3 0.45
v -0.2 0.3 0.45
v -0.2 0.3 0.45
v -0.2 0.3 0.45
v -0.2 0.3 0.45
v -0.2 0.3 0.45
v -0.2 0.3 0.45
v -0.2 0.3 0.45
v -0.15 0.3 0.5
v -0.15 0.26464 0.48536
v -0.15 0.25 0.45
v -0.15 0.26464 0.41464
v -0.15 0.3 0.4
v -0.15 0.33536 0.41464
v -0.15 0.35 0.45
v -0.15 0.33536 0.48536
v 0 0.3 0.53
v 0 0.24343 0.50657
v 0 0.22 0.45
v 0 0.24343 0.39343
v 0 0.3 0.37
v 0 0.35657 0.39343
v 0 0.38 0.45
v 0 0.35657 0.50657
v 0.2 0.3 0.55
v 0.2 0.22929 0.52071
v 0.2 0.2 0.45
v 0.2 0.22929 0.37929
v 0.2 0.3 0.35
v 0.2 0.37071 0.37929
v 0.2 0.4 0.45
v 0.2 0.37071 0.52071
v 0.275 0.35 0.55
v 0.275 0.31464 0.53536
v 0.275 0.3 0.5
v 0.275 0.31464 0.46464
v 0.275 0.35 0.45
v 0.275 0.38536 0.46464
v 0.275 0.4 0.5
v 0.275 0.38536 0.53536
v 0.35 0.35 0.6
v 0.35 0.27929 0.57071
v 0.35 0.25 0.5
v 0.35 0.27929 0.42929
v 0.35 0.35 0.4
v 0.35 0.42071 0.42929
v 0.35 0.45 0.5
v 0.35 0.42071 0.57071
v 0.5 0.35 0.62
v 0.5 0.26515 0.58485
v 0.5 0.23 0.5
v 0.5 0.26515 0.41515
v 0.5 0.35 0.38
v 0.5 0.43485 0.41515
v 0.5 0.47 0.5
v 0.5 0.43485 0.58485
v 0.7 0.35 0.6
v 0.7 0.27929 0.57071
v 0.7 0.25 0.5
v 0.7 0.27929 0.42929
v 0.7 0.35 0.4
v 0.7 0.42071 0.42929
v 0.7 0.45 0.5
v 0.7 0.42071 0.57071
v 0.5 0.35 0.5
v 0.5 0.35 0.5
v 0.5 0.35 0.5
v 0.5 0.35 0.5
v 0.5 0.35 0.5
v 0.5 0.35 0.5
v 0.5 0.35 0.5
v 0.5 0.35 0.5
v -0.2 -0.3 0.45
v -0.2 -0.3 0.45
v -0.2 -0.3 0.45
v -0.2 -0.3 0.45
v -0.2 -0.3 0.45
v -0.2 -0.3 0.45
v -0.2 -0.3 0.45
v -0.2 -0.3 0.45
v -0.15 -0.3 0.4
v -0.15 -0.26464 0.41464
v -0.15 -0.25 0.45
v -0.15 -0.26464 0.48536
v -0.15 -0.3 0.5
v -0.15 -0.33536 0.48536
v -0.15 -0.35 0.45
v -0.15 -0.33536 0.41464
v 0 -0.3 0.37
v 0 -0.24343 0.39343
v 0 -0.22 0.45
v 0 -0.24343 0.50657
v 0 -0.3 0.53
v 0 -0.35657 0.50657
v 0 -0.38 0.45
v 0 -0.35657 0.39343
v 0.2 -0.3 0.35
v 0.2 -0.22929 0.37929
v 0.2 -0.2 0.45
v 0.2 -0.22929 0.52071
v 0.2 -0.3 0.55
v 0.2 -0.37071 0.52071
v 0.2 -0.4 0.45
v 0.2 -0.37071 0.37929
v 0.275 -0.35 0.45
v 0.275 -0.31464 0.46464
v 0.275 -0.3 0.5
v 0.275 -0.31464 0.53536
v 0.275 -0.35 0.55
v 0.275 -0.38536 0.53536
v 0.275 -0.4 0.5
v 0.275 -0.38536 0.46464
v 0.35 -0.35 0.4
v 0.35 -0.27929 0.42929
v 0.35 -0.25 0.5
v 0.35 -0.27929 0.57071
v 0.35 -0.35 0.6
v 0.35 -0.42071 0.57071
v 0.35 -0.45 0.5
v 0.35 -0.42071 0.42929
v 0.5 -0.35 0.38
v 0.5 -0.26515 0.41515
v 0.5 -0.23 0.5
v 0.5 -0.26515 0.58485
v 0.5 -0.35 0.62
v 0.5 -0.43485 0.58485
v 0.5 -0.47 0.5
v 0.5 -0.43485 0.41515
v 0.7 -0.35 0.4
v 0.7 -0.27929 0.42929
v 0.7 -0.25 0.5
v 0.7 -0.27929 0.57071
v 0.7 -0.35 0.6
v 0.7 -0.42071 0.57071
v 0.7 -0.45 0.5
v 0.7 -0.42071 0.42929
v 0.5 -0.35 0.5
v 0.5 -0.35 0.5
v 0.5 -0.35 0.5
v 0.5 -0.35 0.5
v 0.5 -0.35 0.5
v 0.5 -0.35 0.5
v 0.5 -0.35 0.5
v 0.5 -0.35 0.5
v -0.2 0.3 -0.45
v -0.2 0.3 -0.45
v -0.2 0.3 -0.45
v -0.2 0.3 -0.45
v -0.2 0.3 -0.45
v -0.2 0.3 -0.45
v -0.2 0.3 -0.45
v -0.2 0.3 -0.45
v -0.15 0.3 -0.4
v -0.15 0.26464 -0.41464
v -0.15 0.25 -0.45
v -0.15 0.26464 -0.48536
v -0.15 0.3 -0.5
v -0.15 0.33536 -0.48536
v -0.15 0.35 -0.45
v -0.15 0.33536 -0.41464
v 0 0.3 -0.37
v 0 0.24343 -0.39343
v 0 0.22 -0.45
v 0 0.24343 -0.50657
v 0 0.3 -0.53
v 0 0.35657 -0.50657
v 0 0.38 -0.45
v 0 0.35657 -0.39343
v 0.2 0.3 -0.35
v 0.2 0.22929 -0.37929
v 0.2 0.2 -0.45
v 0.2 0.22929 -0.52071
v 0.2 0.3 -0.55
v 0.2 0.37071 -0.52071
v 0.2 0.4 -0.45
v 0.2 0.37071 -0.37929
v 0.275 0.35 -0.45
v 0.275 0.31464 -0.46464
v 0.275 0.3 -0.5
v 0.275 0.31464 -0.53536
v 0.275 0.35 -0.55
v 0.275 0.38536 -0.53536
v 0.275 0.4 -0.5
v 0.275 0.38536 -0.46464
v 0.35 0.35 -0.4
v 0.35 0.27929 -0.42929
v 0.35 0.25 -0.5
v 0.35 0.27929 -0.57071
v 0.35 0.35 -0.6
v 0.35 0.42071 -0.57071
v 0.35 0.45 -0.5
v 0.35 0.42071 -0.42929
v 0.5 0.35 -0.38
v 0.5 0.26515 -0.41515
v 0.5 0.23 -0.5
v 0.5 0.26515 -0.58485
v 0.5 0.35 -0.62
v 0.5 0.43485 -0.58485
v 0.5 0.47 -0.5
v 0.5 0.43485 -0.41515
v 0.7 0.35 -0.4
v 0.7 0.27929 -0.42929
v 0.7 0.25 -0.5
v 0.7 0.27929 -0.57071
v 0.7 0.35 -0.6
v 0.7 0.42071 -0.57071
v 0.7 0.45 -0.5
v 0.7 0.42071 -0.42929
v 0.5 0.35 -0.5
v 0.5 0.35 -0.5
v 0.5 0.35 -0.5
v 0.5 0.35 -0.5
v 0.5 0.35 -0.5
v 0.5 0.35 -0.5
v 0.5 0.35 -0.5
v 0.5 0.35 -0.5
v -0.2 -0.3 -0.45
v -0.2 -0.3 -0.45
v -0.2 -0.3 -0.45
v -0.2 -0.3 -0.45
v -0.2 -0.3 -0.45
v -0.2 -0.3 -0.45
v -0.2 -0.3 -0.45
v -0.2 -0.3 -0.45
v -0.15 -0.3 -0.5
v -0.15 -0.26464 -0.48536
v -0.15 -0.25 -0.45
v -0.15 -0.26464 -0.41464
v -0.15 -0.3 -0.4
v -0.15 -0.33536 -0.41464
v -0.15 -0.35 -0.45
v -0.15 -0.33536 -0.48536
v 0 -0.3 -0.53
v 0 -0.24343 -0.50657
v 0 -0.22 -0.45
v 0 -0.24343 -0.39343
v 0 -0.3 -0.37
v 0 -0.35657 -0.39343
v 0 -0.38 -0.45
v 0 -0.35657 -0.50657
v 0.2 -0.3 -0.55
v 0.2 -0.22929 -0.52071
v 0.2 -0.2 -0.45
v 0.2 -0.22929 -0.37929
v 0.2 -0.3 -0.35
v 0.2 -0.37071 -0.37929
v 0.2 -0.4 -0.45
v 0.2 -0.37071 -0.52071
v 0.275 -0.35 -0.55
v 0.275 -0.31464 -0.53536
v 0.275 -0.3 -0.5
v 0.275 -0.31464 -0.46464
v 0.275 -0.35 -0.45
v 0.275 -0.38536 -0.46464
v 0.275 -0.4 -0.5
v 0.275 -0.38536 -0.53536
v 0.35 -0.35 -0.6
v 0.35 -0.27929 -0.57071
v 0.35 -0.25 -0.5
v 0.35 -0.27929 -0.42929
v 0.35 -0.35 -0.4
v 0.35 -0.42071 -0.42929
v 0.35 -0.45 -0.5
v 0.35 -0.42071 -0.57071
v 0.5 -0.35 -0.62
v 0.5 -0.26515 -0.58485
v 0.5 -0.23 -0.5
v 0.5 -0.26515 -0.41515
v 0.5 -0.35 -0.38
v 0.5 -0.43485 -0.41515
v 0.5 -0.47 -0.5
v 0.5 -0.43485 -0.58485
v 0.7 -0.35 -0.6
v 0.7 -0.27929 -0.57071
v 0.7 -0.25 -0.5
v 0.7 -0.27929 -0.42929
v 0.7 -0.35 -0.4
v 0.7 -0.42071 -0.42929
v 0.7 -0.45 -0.5
v 0.7 -0.42071 -0.57071
v 0.5 -0.35 -0.5
v 0.5 -0.35 -0.5
v 0.5 -0.35 -0.5
v 0.5 -0.35 -0.5
v 0.5 -0.35 -0.5
v 0.5 -0.35 -0.5
v 0.5 -0.35 -0.5
v 0.5 -0.35 -0.5
v -0.5 0 -0.08
v -0.5 0 -0.08
v -0.5 0 -0.08
v -0.5 0 -0.08
v -0.5 0 -0.08
v -0.5 0 -0.08
v -0.5 0 -0.08
v -0.5 0 -0.08
v -0.43 0 -0.03
v -0.43 -0.03536 -0.04464
v -0.43 -0.05 -0.08
v -0.43 -0.03536 -0.11536
v -0.43 0 -0.13
v -0.43 0.03536 -0.11536
v -0.43 0.05 -0.08
v -0.43 0.03536 -0.04464
v -0.2 0 -0.01
v -0.2 -0.0495 -0.0305
v -0.2 -0.07 -0.08
v -0.2 -0.0495 -0.1295
v -0.2 0 -0.15
v -0.2 0.0495 -0.1295
v -0.2 0.07 -0.08
v -0.2 0.0495 -0.0305
v 0 0 0.02
v 0 -0.07071 -0.00929
v 0 -0.1 -0.08
v 0 -0.07071 -0.15071
v 0 0 -0.18
v 0 0.07071 -0.15071
v 0 0.1 -0.08
v 0 0.07071 -0.00929
v 0.15 0 -0.03
v 0.15 -0.03536 -0.04464
v 0.15 -0.05 -0.08
v 0.15 -0.03536 -0.11536
v 0.15 0 -0.13
v 0.15 0.03536 -0.11536
v 0.15 0.05 -0.08
v 0.15 0.03536 -0.04464
v 0.2 0 -0.08
v 0.2 0 -0.08
v 0.2 0 -0.08
v 0.2 0 -0.08
v 0.2 0 -0.08
v 0.2 0 -0.08
v 0.2 0 -0.08
v 0.2 0 -0.08
v 0.2 0.51 0
v 0.29192 0.49243 0
v 0.33 0.45 0
v 0.29192 0.40757 0
v 0.2 0.39 0
v 0.10808 0.40757 0
v 0.07 0.45 0
v 0.10808 0.49243 0
v 0.2 0.44167 -0.255
v 0.29192 0.42645 -0.24621
v 0.33 0.38971 -0.225
v 0.29192 0.35297 -0.20379
v 0.2 0.33775 -0.195
v 0.10808 0.35297 -0.20379
v 0.07 0.38971 -0.225
v 0.10808 0.42645 -0.24621
v 0.2 0.255 -0.44167
v 0.29192 0.24621 -0.42645
v 0.33 0.225 -0.38971
v 0.29192 0.20379 -0.35297
v 0.2 0.195 -0.33775
v 0.10808 0.20379 -0.35297
v 0.07 0.225 -0.38971
v 0.10808 0.24621 -0.42645
v 0.2 0 -0.51
v 0.29192 0 -0.49243
v 0.33 0 -0.45
v 0.29192 0 -0.40757
v 0.2 0 -0.39
v 0.10808 0 -0.40757
v 0.07 0 -0.45
v 0.10808 0 -0.49243
v 0.2 -0.255 -0.44167
v 0.29192 -0.24621 -0.42645
v 0.33 -0.225 -0.38971
v 0.29192 -0.20379 -0.35297
v 0.2 -0.195 -0.33775
v 0.10808 -0.20379 -0.35297
v 0.07 -0.225 -0.38971
v 0.10808 -0.24621 -0.42645
v 0.2 -0.44167 -0.255
v 0.29192 -0.42645 -0.24621
v 0.33 -0.38971 -0.225
v 0.29192 -0.35297 -0.20379
v 0.2 -0.33775 -0.195
v 0.10808 -0.35297 -0.20379
v 0.07 -0.38971 -0.225
v 0.10808 -0.42645 -0.24621
v 0.2 -0.51 0
v 0.29192 -0.49243 0
v 0.33 -0.45 0
v 0.29192 -0.40757 0
v 0.2 -0.39 0
v 0.10808 -0.40757 0
v 0.07 -0.45 0
v 0.10808 -0.49243 0
v 0.2 -0.44167 0.255
v 0.29192 -0.42645 0.24621
v 0.33 -0.38971 0.225
v 0.29192 -0.35297 0.20379
v 0.2 -0.33775 0.195
v 0.10808 -0.35297 0.20379
v 0.07 -0.38971 0.225
v 0.10808 -0.42645 0.24621
v 0.2 -0.255 0.44167
v 0.29192 -0.24621 0.42645
v 0.33 -0.225 0.38971
v 0.29192 -0.20379 0.35297
v 0.2 -0.195 0.33775
v 0.10808 -0.20379 0.35297
v 0.07 -0.225 0.38971
v 0.10808 -0.24621 0.42645
v 0.2 0 0.51
v 0.29192 0 0.49243
v 0.33 0 0.45
v 0.29192 0 0.40757
v 0.2 0 0.39
v 0.10808 0 0.40757
v 0.07 0 0.45
v 0.10808 0 0.49243
v 0.2 0.255 0.44167
v 0.29192 0.24621 0.42645
v 0.33 0.225 0.38971
v 0.29192 0.20379 0.35297
v 0.2 0.195 0.33775
v 0.10808 0.20379 0.35297
v 0.07 0.225 0.38971
v 0.10808 0.24621 0.42645
v 0.2 0.44167 0.255
v 0.29192 0.42645 0.24621
v 0.33 0.38971 0.225
v 0.29192 0.35297 0.20379
v 0.2 0.33775 0.195
v 0.10808 0.35297 0.20379
v 0.07 0.38971 0.225
v 0.10808 0.42645 0.24621
v 0.2 0.51 0
v 0.29192 0.49243 0
v 0.33 0.45 0
v 0.29192 0.40757 0
v 0.2 0.39 0
v 0.10808 0.40757 0
v 0.07 0.45 0
v 0.10808 0.49243 0
v -0.125 0 0
v 0.145 0 0.036
v 0.145 0 -0.036
v 0.325 0 0
v 0.1 0.27532 0.39319
v 0.22 0.26221 0.40237
v 0.22 0.28842 0.38402
v 0.3 0.27532 0.39319
v 0.375 0.50475 0.72085
v 0.465 0.49492 0.72774
v 0.465 0.51458 0.71397
v 0.525 0.50475 0.72085
v 0.45 0.50475 0.72085
v 0.45 0.50475 0.72085
v 0.45 0.50475 0.72085
v 0.45 0.50475 0.72085
v -0.3 0.44739 0.63894
v 0.24 0.38841 0.68024
v 0.24 0.50637 0.59764
v 0.6 0.44739 0.63894
v 0.35 0.61946 0.88468
v 0.55 0.61946 0.88468
v -0.125 0 0
v 0.145 0 0.036
v 0.145 0 -0.036
v 0.325 0 0
v 0.1 -0.27532 0.39319
v 0.22 -0.26221 0.40237
v 0.22 -0.28842 0.38402
v 0.3 -0.27532 0.39319
v 0.375 -0.50475 0.72085
v 0.465 -0.49492 0.72774
v 0.465 -0.51458 0.71397
v 0.525 -0.50475 0.72085
v 0.45 -0.50475 0.72085
v 0.45 -0.50475 0.72085
v 0.45 -0.50475 0.72085
v 0.45 -0.50475 0.72085
v -0.3 -0.44739 0.63894
v 0.24 -0.38841 0.68024
v 0.24 -0.50637 0.59764
v 0.6 -0.44739 0.63894
v 0.35 -0.61946 0.88468
v 0.55 -0.61946 0.88468
v -0.125 0 0
v 0.145 0 0.036
v 0.145 0 -0.036
v 0.325 0 0
v 0.1 0.27532 -0.39319
v 0.22 0.28842 -0.38402
v 0.22 0.26221 -0.40237
v 0.3 0.27532 -0.39319
v 0.375 0.50475 -0.72085
v 0.465 0.51458 -0.71397
v 0.465 0.49492 -0.72774
v 0.525 0.50475 -0.72085
v 0.45 0.50475 -0.72085
v 0.45 0.50475 -0.72085
v 0.45 0.50475 -0.72085
v 0.45 0.50475 -0.72085
v -0.3 0.44739 -0.63894
v 0.24 0.50637 -0.59764
v 0.24 0.38841 -0.68024
v 0.6 0.44739 -0.63894
v 0.35 0.61946 -0.88468
v 0.55 0.61946 -0.88468
v -0.125 0 0
v 0.145 0 0.036
v 0.145 0 -0.036
v 0.325 0 0
v 0.1 -0.27532 -0.39319
v 0.22 -0.28842 -0.38402
v 0.22 -0.26221 -0.40237
v 0.3 -0.27532 -0.39319
v 0.375 -0.50475 -0.72085
v 0.465 -0.51458 -0.71397
v 0.465 -0.49492 -0.72774
v 0.525 -0.50475 -0.72085
v 0.45 -0.50475 -0.72085
v 0.45 -0.50475 -0.72085
v 0.45 -0.50475 -0.72085
v 0.45 -0.50475 -0.72085
v -0.3 -0.44739 -0.63894
v 0.24 -0.50637 -0.59764
v 0.24 -0.38841 -0.68024
v 0.6 -0.44739 -0.63894
v 0.35 -0.61946 -0.88468
v 0.55 -0.61946 -0.88468
v -0.125 0 0
v 0.145 0 0.036
v 0.145 0 -0.036
v 0.325 0 0
v 0.1 0.48 0
v 0.22 0.48 0.016
v 0.22 0.48 -0.016
v 0.3 0.48 0
v 0.375 0.88 0
v 0.465 0.88 0.012
v 0.465 0.88 -0.012
v 0.525 0.88 0
v 0.45 0.88 0
v 0.45 0.88 0
v 0.45 0.88 0
v 0.45 0.88 0
v -0.3 0.78 0
v 0.24 0.78 0.072
v 0.24 0.78 -0.072
v 0.6 0.78 0
v 0.35 1.08 0
v 0.55 1.08 0
v -0.125 0 0
v 0.145 0 0.036
v 0.145 0 -0.036
v 0.325 0 0
v 0.1 -0.48 0
v 0.22 -0.48 0.016
v 0.22 -0.48 -0.016
v 0.3 -0.48 0
v 0.375 -0.88 0
v 0.465 -0.88 0.012
v 0.465 -0.88 -0.012
v 0.525 -0.88 0
v 0.45 -0.88 0
v 0.45 -0.88 0
v 0.45 -0.88 0
v 0.45 -0.88 0
v -0.3 -0.78 0
v 0.24 -0.78 0.072
v 0.24 -0.78 -0.072
v 0.6 -0.78 0
v 0.35 -1.08 0
v 0.55 -1.08 0
v -0.375 0 0
v -0.105 0 0.036
v -0.105 0 -0.036
v 0.075 0 0
v -0.225 0 0
v -0.135 -0.00507 0.01088
v -0.135 0.00507 -0.01088
v -0.075 0 0
v -0.225 0.22658 0.10565
v -0.135 0.22151 0.11653
v -0.135 0.23165 0.09478
v -0.075 0.22658 0.10565
v -0.15 0.22658 0.10565
v -0.15 0.22658 0.10565
v -0.15 0.22658 0.10565
v -0.15 0.22658 0.10565
v -0.65 0.13595 0.06339
v -0.29 0.11566 0.1069
v -0.29 0.15623 0.01989
v -0.05 0.13595 0.06339
v -0.25 0.28096 0.13101
v -0.05 0.28096 0.13101
v -0.375 0 0
v -0.105 0 0.036
v -0.105 0 -0.036
v 0.075 0 0
v -0.225 0 0
v -0.135 0.00507 0.01088
v -0.135 -0.00507 -0.01088
v -0.075 0 0
v -0.225 -0.22658 0.10565
v -0.135 -0.22151 0.11653
v -0.135 -0.23165 0.09478
v -0.075 -0.22658 0.10565
v -0.15 -0.22658 0.10565
v -0.15 -0.22658 0.10565
v -0.15 -0.22658 0.10565
v -0.15 -0.22658 0.10565
v -0.65 -0.13595 0.06339
v -0.29 -0.11566 0.1069
v -0.29 -0.15623 0.01989
v -0.05 -0.13595 0.06339
v -0.25 -0.28096 0.13101
v -0.05 -0.28096 0.13101
v -0.375 0 0
v -0.105 0 0.036
v -0.105 0 -0.036
v 0.075 0 0
v -0.225 0 0
v -0.135 0.012 0
v -0.135 -0.012 0
v -0.075 0 0
v -0.225 0 -0.25
v -0.135 0.012 -0.25
v -0.135 -0.012 -0.25
v -0.075 0 -0.25
v -0.15 0 -0.25
v -0.15 0 -0.25
v -0.15 0 -0.25
v -0.15 0 -0.25
v -0.65 0 -0.15
v -0.29 0.048 -0.15
v -0.29 -0.048 -0.15
v -0.05 0 -0.15
v -0.25 0 -0.31
v -0.05 0 -0.31
v -0.375 0 0
v -0.105 0 0.036
v -0.105 0 -0.036
v 0.075 0 0
v -0.225 0 0
v -0.135 -0.012 0
v -0.135 0.012 0
v -0.075 0 0
v -0.225 0 -0.25
v -0.135 -0.012 -0.25
v -0.135 0.012 -0.25
v -0.075 0 -0.25
v -0.15 0 -0.25
v -0.15 0 -0.25
v -0.15 0 -0.25
v -0.15 0 -0.25
v -0.65 0 -0.15
v -0.29 -0.048 -0.15
v -0.29 0.048 -0.15
v -0.05 0 -0.15
v -0.25 0 -0.31
v -0.05 0 -0.31

vt 0.7625 0.775
vt 0.7625 0.975
vt 0.8125 0.975
vt 0.8125 0.775
vt 0.7625 0.775
vt 0.8125 0.975
vt 0.8125 0.775
vt 0.8125 0.975
vt 0.8625 0.975
vt 0.8625 0.775
vt 0.8125 0.775
vt 0.8625 0.975
vt 0.7625 0.775
vt 0.7625 0.975
vt 0.8125 0.975
vt 0.8125 0.775
vt 0.7625 0.775
vt 0.8125 0.975
vt 0.8125 0.775
vt 0.8125 0.975
vt 0.8625 0.975
vt 0.8625 0.775
vt 0.8125 0.775
vt 0.8625 0.975
vt 0.7625 0.775
vt 0.7625 0.975
vt 0.8125 0.775
vt 0.7625 0.975
vt 0.8125 0.975
vt 0.8125 0.775
vt 0.8125 0.775
vt 0.8125 0.975
vt 0.8625 0.775
vt 0.8125 0.975
vt 0.8625 0.975
vt 0.8625 0.775
vt 0.7625 0.775
vt 0.7625 0.975
vt 0.8125 0.775
vt 0.7625 0.975
vt 0.8125 0.975
vt 0.8125 0.775
vt 0.8125 0.775
vt 0.8125 0.975
vt 0.8625 0.775
vt 0.8125 0.975
vt 0.8625 0.975
vt 0.8625 0.775
vt 0.3875 0.775
vt 0.3875 0.975
vt 0.4375 0.975
vt 0.4375 0.775
vt 0.3875 0.775
vt 0.4375 0.975
vt 0.4375 0.775
vt 0.4375 0.975
vt 0.4875 0.975
vt 0.4875 0.775
vt 0.4375 0.775
vt 0.4875 0.975
vt 0.3875 0.775
vt 0.3875 0.975
vt 0.4375 0.975
vt 0.4375 0.775
vt 0.3875 0.775
vt 0.4375 0.975
vt 0.4375 0.775
vt 0.4375 0.975
vt 0.4875 0.975
vt 0.4875 0.775
vt 0.4375 0.775
vt 0.4875 0.975
vt 0.3875 0.775
vt 0.3875 0.975
vt 0.4375 0.775
vt 0.3875 0.975
vt 0.4375 0.975
vt 0.4375 0.775
vt 0.4375 0.775
vt 0.4375 0.975
vt 0.4875 0.775
vt 0.4375 0.975
vt 0.4875 0.975
vt 0.4875 0.775
vt 0.3875 0.775
vt 0.3875 0.975
vt 0.4375 0.775
vt 0.3875 0.975
vt 0.4375 0.975
vt 0.4375 0.775
vt 0.4375 0.775
vt 0.4375 0.975
vt 0.4875 0.775
vt 0.4375 0.975
vt 0.4875 0.975
vt 0.4875 0.775
vt 0.2625 0.775
vt 0.2625 0.975
vt 0.3125 0.975
vt 0.3125 0.775
vt 0.2625 0.775
vt 0.3125 0.975
vt 0.3125 0.775
vt 0.3125 0.975
vt 0.3625 0.975
vt 0.3625 0.775
vt 0.3125 0.775
vt 0.3625 0.975
vt 0.2625 0.775
vt 0.2625 0.975
vt 0.3125 0.975
vt 0.3125 0.775
vt 0.2625 0.775
vt 0.3125 0.975
vt 0.3125 0.775
vt 0.3125 0.975
vt 0.3625 0.975
vt 0.3625 0.775
vt 0.3125 0.775
vt 0.3625 0.975
vt 0.2625 0.775
vt 0.2625 0.975
vt 0.3125 0.775
vt 0.2625 0.975
vt 0.3125 0.975
vt 0.3125 0.775
vt 0.3125 0.775
vt 0.3125 0.975
vt 0.3625 0.775
vt 0.3125 0.975
vt 0.3625 0.975
vt 0.3625 0.775
vt 0.2625 0.775
vt 0.2625 0.975
vt 0.3125 0.775
vt 0.2625 0.975
vt 0.3125 0.975
vt 0.3125 0.775
vt 0.3125 0.775
vt 0.3125 0.975
vt 0.3625 0.775
vt 0.3125 0.975
vt 0.3625 0.975
vt 0.3625 0.775
vt 0.2625 0.525
vt 0.2625 0.725
vt 0.3125 0.725
vt 0.3125 0.525
vt 0.2625 0.525
vt 0.3125 0.725
vt 0.3125 0.525
vt 0.3125 0.725
vt 0.3625 0.725
vt 0.3625 0.525
vt 0.3125 0.525
vt 0.3625 0.725
vt 0.2625 0.525
vt 0.2625 0.725
vt 0.3125 0.725
vt 0.3125 0.525
vt 0.2625 0.525
vt 0.3125 0.725
vt 0.3125 0.525
vt 0.3125 0.725
vt 0.3625 0.725
vt 0.3625 0.525
vt 0.3125 0.525
vt 0.3625 0.725
vt 0.2625 0.525
vt 0.2625 0.725
vt 0.3125 0.525
vt 0.2625 0.725
vt 0.3125 0.725
vt 0.3125 0.525
vt 0.3125 0.525
vt 0.3125 0.725
vt 0.3625 0.525
vt 0.3125 0.725
vt 0.3625 0.725
vt 0.3625 0.525
vt 0.2625 0.525
vt 0.2625 0.725
vt 0.3125 0.525
vt 0.2625 0.725
vt 0.3125 0.725
vt 0.3125 0.525
vt 0.3125 0.525
vt 0.3125 0.725
vt 0.3625 0.525
vt 0.3125 0.725
vt 0.3625 0.725
vt 0.3625 0.525
vt 0.1375 0.775
vt 0.1375 0.975
vt 0.2375 0.975
vt 0.2375 0.775
vt 0.1375 0.775
vt 0.2375 0.975
vt 0.1375 0.775
vt 0.1375 0.975
vt 0.2375 0.975
vt 0.2375 0.775
vt 0.1375 0.775
vt 0.2375 0.975
vt 0.1375 0.775
vt 0.1375 0.975
vt 0.2375 0.975
vt 0.2375 0.775
vt 0.1375 0.775
vt 0.2375 0.975
vt 0.1375 0.775
vt 0.1375 0.975
vt 0.2375 0.975
vt 0.2375 0.775
vt 0.1375 0.775
vt 0.2375 0.975
vt 0.1375 0.775
vt 0.1375 0.975
vt 0.2375 0.775
vt 0.1375 0.975
vt 0.2375 0.975
vt 0.2375 0.775
vt 0.1375 0.775
vt 0.1375 0.975
vt 0.2375 0.775
vt 0.1375 0.975
vt 0.2375 0.975
vt 0.2375 0.775
vt 0.1375 0.775
vt 0.1375 0.975
vt 0.2375 0.775
vt 0.1375 0.975
vt 0.2375 0.975
vt 0.2375 0.775
vt 0.1375 0.775
vt 0.1375 0.975
vt 0.2375 0.775
vt 0.1375 0.975
vt 0.2375 0.975
vt 0.2375 0.775
vt 0.5125 0.775
vt 0.5125 0.975
vt 0.6125 0.975
vt 0.6125 0.775
vt 0.5125 0.775
vt 0.6125 0.975
vt 0.5125 0.775
vt 0.5125 0.975
vt 0.6125 0.975
vt 0.6125 0.775
vt 0.5125 0.775
vt 0.6125 0.975
vt 0.5125 0.775
vt 0.5125 0.975
vt 0.6125 0.975
vt 0.6125 0.775
vt 0.5125 0.775
vt 0.6125 0.975
vt 0.5125 0.775
vt 0.5125 0.975
vt 0.6125 0.975
vt 0.6125 0.775
vt 0.5125 0.775
vt 0.6125 0.975
vt 0.5125 0.775
vt 0.5125 0.975
vt 0.6125 0.775
vt 0.5125 0.975
vt 0.6125 0.975
vt 0.6125 0.775
vt 0.5125 0.775
vt 0.5125 0.975
vt 0.6125 0.775
vt 0.5125 0.975
vt 0.6125 0.975
vt 0.6125 0.775
vt 0.5125 0.775
vt 0.5125 0.975
vt 0.6125 0.775
vt 0.5125 0.975
vt 0.6125 0.975
vt 0.6125 0.775
vt 0.5125 0.775
vt 0.5125 0.975
vt 0.6125 0.775
vt 0.5125 0.975
vt 0.6125 0.975
vt 0.6125 0.775
vt 0.3875 0.775
vt 0.3875 0.975
vt 0.4875 0.975
vt 0.4875 0.775
vt 0.3875 0.775
vt 0.4875 0.975
vt 0.3875 0.775
vt 0.3875 0.975
vt 0.4875 0.975
vt 0.4875 0.775
vt 0.3875 0.775
vt 0.4875 0.975
vt 0.3875 0.775
vt 0.3875 0.975
vt 0.4875 0.975
vt 0.4875 0.775
vt 0.3875 0.775
vt 0.4875 0.975
vt 0.3875 0.775
vt 0.3875 0.975
vt 0.4875 0.975
vt 0.4875 0.775
vt 0.3875 0.775
vt 0.4875 0.975
vt 0.3875 0.775
vt 0.3875 0.975
vt 0.4875 0.775
vt 0.3875 0.975
vt 0.4875 0.975
vt 0.4875 0.775
vt 0.3875 0.775
vt 0.3875 0.975
vt 0.4875 0.775
vt 0.3875 0.975
vt 0.4875 0.975
vt 0.4875 0.775
vt 0.3875 0.775
vt 0.3875 0.975
vt 0.4875 0.775
vt 0.3875 0.975
vt 0.4875 0.975
vt 0.4875 0.775
vt 0.3875 0.775
vt 0.3875 0.975
vt 0.4875 0.775
vt 0.3875 0.975
vt 0.4875 0.975
vt 0.4875 0.775
vt 0.6375 0.525
vt 0.6375 0.725
vt 0.7375 0.725
vt 0.7375 0.525
vt 0.6375 0.525
vt 0.7375 0.725
vt 0.6375 0.525
vt 0.6375 0.725
vt 0.7375 0.725
vt 0.7375 0.525
vt 0.6375 0.525
vt 0.7375 0.725
vt 0.6375 0.525
vt 0.6375 0.725
vt 0.7375 0.725
vt 0.7375 0.525
vt 0.6375 0.525
vt 0.7375 0.725
vt 0.6375 0.525
vt 0.6375 0.725
vt 0.7375 0.725
vt 0.7375 0.525
vt 0.6375 0.525
vt 0.7375 0.725
vt 0.6375 0.525
vt 0.6375 0.725
vt 0.7375 0.525
vt 0.6375 0.725
vt 0.7375 0.725
vt 0.7375 0.525
vt 0.6375 0.525
vt 0.6375 0.725
vt 0.7375 0.525
vt 0.6375 0.725
vt 0.7375 0.725
vt 0.7375 0.525
vt 0.6375 0.525
vt 0.6375 0.725
vt 0.7375 0.525
vt 0.6375 0.725
vt 0.7375 0.725
vt 0.7375 0.525
vt 0.6375 0.525
vt 0.6375 0.725
vt 0.7375 0.525
vt 0.6375 0.725
vt 0.7375 0.725
vt 0.7375 0.525
vt 0.1375 0.275
vt 0.1375 0.475
vt 0.2375 0.475
vt 0.2375 0.275
vt 0.1375 0.275
vt 0.2375 0.475
vt 0.1375 0.275
vt 0.1375 0.475
vt 0.2375 0.475
vt 0.2375 0.275
vt 0.1375 0.275
vt 0.2375 0.475
vt 0.1375 0.275
vt 0.1375 0.475
vt 0.2375 0.475
vt 0.2375 0.275
vt 0.1375 0.275
vt 0.2375 0.475
vt 0.1375 0.275
vt 0.1375 0.475
vt 0.2375 0.475
vt 0.2375 0.275
vt 0.1375 0.275
vt 0.2375 0.475
vt 0.1375 0.275
vt 0.1375 0.475
vt 0.2375 0.275
vt 0.1375 0.475
vt 0.2375 0.475
vt 0.2375 0.275
vt 0.1375 0.275
vt 0.1375 0.475
vt 0.2375 0.275
vt 0.1375 0.475
vt 0.2375 0.475
vt 0.2375 0.275
vt 0.1375 0.275
vt 0.1375 0.475
vt 0.2375 0.275
vt 0.1375 0.475
vt 0.2375 0.475
vt 0.2375 0.275
vt 0.1375 0.275
vt 0.1375 0.475
vt 0.2375 0.275
vt 0.1375 0.475
vt 0.2375 0.475
vt 0.2375 0.275
vt 0.1375 0.525
vt 0.1375 0.725
vt 0.1875 0.725
vt 0.1875 0.525
vt 0.1375 0.525
vt 0.1875 0.725
vt 0.1875 0.525
vt 0.1875 0.725
vt 0.2375 0.725
vt 0.2375 0.525
vt 0.1875 0.525
vt 0.2375 0.725
vt 0.1375 0.525
vt 0.1375 0.725
vt 0.1875 0.725
vt 0.1875 0.525
vt 0.1375 0.525
vt 0.1875 0.725
vt 0.1875 0.525
vt 0.1875 0.725
vt 0.2375 0.725
vt 0.2375 0.525
vt 0.1875 0.525
vt 0.2375 0.725
vt 0.1375 0.525
vt 0.1375 0.725
vt 0.1875 0.525
vt 0.1375 0.725
vt 0.1875 0.725
vt 0.1875 0.525
vt 0.1875 0.525
vt 0.1875 0.725
vt 0.2375 0.525
vt 0.1875 0.725
vt 0.2375 0.725
vt 0.2375 0.525
vt 0.1375 0.525
vt 0.1375 0.725
vt 0.1875 0.525
vt 0.1375 0.725
vt 0.1875 0.725
vt 0.1875 0.525
vt 0.1875 0.525
vt 0.1875 0.725
vt 0.2375 0.525
vt 0.1875 0.725
vt 0.2375 0.725
vt 0.2375 0.525
vt 0.1375 0.525
vt 0.1375 0.725
vt 0.1875 0.725
vt 0.1875 0.525
vt 0.1375 0.525
vt 0.1875 0.725
vt 0.1875 0.525
vt 0.1875 0.725
vt 0.2375 0.725
vt 0.2375 0.525
vt 0.1875 0.525
vt 0.2375 0.725
vt 0.1375 0.525
vt 0.1375 0.725
vt 0.1875 0.725
vt 0.1875 0.525
vt 0.1375 0.525
vt 0.1875 0.725
vt 0.1875 0.525
vt 0.1875 0.725
vt 0.2375 0.725
vt 0.2375 0.525
vt 0.1875 0.525
vt 0.2375 0.725
vt 0.1375 0.525
vt 0.1375 0.725
vt 0.1875 0.525
vt 0.1375 0.725
vt 0.1875 0.725
vt 0.1875 0.525
vt 0.1875 0.525
vt 0.1875 0.725
vt 0.2375 0.525
vt 0.1875 0.725
vt 0.2375 0.725
vt 0.2375 0.525
vt 0.1375 0.525
vt 0.1375 0.725
vt 0.1875 0.525
vt 0.1375 0.725
vt 0.1875 0.725
vt 0.1875 0.525
vt 0.1875 0.525
vt 0.1875 0.725
vt 0.2375 0.525
vt 0.1875 0.725
vt 0.2375 0.725
vt 0.2375 0.525
vt 0.1375 0.525
vt 0.1375 0.725
vt 0.1875 0.725
vt 0.1875 0.525
vt 0.1375 0.525
vt 0.1875 0.725
vt 0.1875 0.525
vt 0.1875 0.725
vt 0.2375 0.725
vt 0.2375 0.525
vt 0.1875 0.525
vt 0.2375 0.725
vt 0.1375 0.525
vt 0.1375 0.725
vt 0.1875 0.725
vt 0.1875 0.525
vt 0.1375 0.525
vt 0.1875 0.725
vt 0.1875 0.525
vt 0.1875 0.725
vt 0.2375 0.725
vt 0.2375 0.525
vt 0.1875 0.525
vt 0.2375 0.725
vt 0.1375 0.525
vt 0.1375 0.725
vt 0.1875 0.525
vt 0.1375 0.725
vt 0.1875 0.725
vt 0.1875 0.525
vt 0.1875 0.525
vt 0.1875 0.725
vt 0.2375 0.525
vt 0.1875 0.725
vt 0.2375 0.725
vt 0.2375 0.525
vt 0.1375 0.525
vt 0.1375 0.725
vt 0.1875 0.525
vt 0.1375 0.725
vt 0.1875 0.725
vt 0.1875 0.525
vt 0.1875 0.525
vt 0.1875 0.725
vt 0.2375 0.525
vt 0.1875 0.725
vt 0.2375 0.725
vt 0.2375 0.525
vt 0.1375 0.525
vt 0.1375 0.725
vt 0.1875 0.725
vt 0.1875 0.525
vt 0.1375 0.525
vt 0.1875 0.725
vt 0.1875 0.525
vt 0.1875 0.725
vt 0.2375 0.725
vt 0.2375 0.525
vt 0.1875 0.525
vt 0.2375 0.725
vt 0.1375 0.525
vt 0.1375 0.725
vt 0.1875 0.725
vt 0.1875 0.525
vt 0.1375 0.525
vt 0.1875 0.725
vt 0.1875 0.525
vt 0.1875 0.725
vt 0.2375 0.725
vt 0.2375 0.525
vt 0.1875 0.525
vt 0.2375 0.725
vt 0.1375 0.525
vt 0.1375 0.725
vt 0.1875 0.525
vt 0.1375 0.725
vt 0.1875 0.725
vt 0.1875 0.525
vt 0.1875 0.525
vt 0.1875 0.725
vt 0.2375 0.525
vt 0.1875 0.725
vt 0.2375 0.725
vt 0.2375 0.525
vt 0.1375 0.525
vt 0.1375 0.725
vt 0.1875 0.525
vt 0.1375 0.725
vt 0.1875 0.725
vt 0.1875 0.525
vt 0.1875 0.525
vt 0.1875 0.725
vt 0.2375 0.525
vt 0.1875 0.725
vt 0.2375 0.725
vt 0.2375 0.525
vt 0.1375 0.275
vt 0.1375 0.475
vt 0.1875 0.475
vt 0.1875 0.275
vt 0.1375 0.275
vt 0.1875 0.475
vt 0.1875 0.275
vt 0.1875 0.475
vt 0.2375 0.475
vt 0.2375 0.275
vt 0.1875 0.275
vt 0.2375 0.475
vt 0.1375 0.275
vt 0.1375 0.475
vt 0.1875 0.475
vt 0.1875 0.275
vt 0.1375 0.275
vt 0.1875 0.475
vt 0.1875 0.275
vt 0.1875 0.475
vt 0.2375 0.475
vt 0.2375 0.275
vt 0.1875 0.275
vt 0.2375 0.475
vt 0.1375 0.275
vt 0.1375 0.475
vt 0.1875 0.275
vt 0.1375 0.475
vt 0.1875 0.475
vt 0.1875 0.275
vt 0.1875 0.275
vt 0.1875 0.475
vt 0.2375 0.275
vt 0.1875 0.475
vt 0.2375 0.475
vt 0.2375 0.275
vt 0.1375 0.275
vt 0.1375 0.475
vt 0.1875 0.275
vt 0.1375 0.475
vt 0.1875 0.475
vt 0.1875 0.275
vt 0.1875 0.275
vt 0.1875 0.475
vt 0.2375 0.275
vt 0.1875 0.475
vt 0.2375 0.475
vt 0.2375 0.275
vt 0.1375 0.275
vt 0.1375 0.475
vt 0.1875 0.475
vt 0.1875 0.275
vt 0.1375 0.275
vt 0.1875 0.475
vt 0.1875 0.275
vt 0.1875 0.475
vt 0.2375 0.475
vt 0.2375 0.275
vt 0.1875 0.275
vt 0.2375 0.475
vt 0.1375 0.275
vt 0.1375 0.475
vt 0.1875 0.475
vt 0.1875 0.275
vt 0.1375 0.275
vt 0.1875 0.475
vt 0.1875 0.275
vt 0.1875 0.475
vt 0.2375 0.475
vt 0.2375 0.275
vt 0.1875 0.275
vt 0.2375 0.475
vt 0.1375 0.275
vt 0.1375 0.475
vt 0.1875 0.275
vt 0.1375 0.475
vt 0.1875 0.475
vt 0.1875 0.275
vt 0.1875 0.275
vt 0.1875 0.475
vt 0.2375 0.275
vt 0.1875 0.475
vt 0.2375 0.475
vt 0.2375 0.275
vt 0.1375 0.275
vt 0.1375 0.475
vt 0.1875 0.275
vt 0.1375 0.475
vt 0.1875 0.475
vt 0.1875 0.275
vt 0.1875 0.275
vt 0.1875 0.475
vt 0.2375 0.275
vt 0.1875 0.475
vt 0.2375 0.475
vt 0.2375 0.275
vt 0.1375 0.275
vt 0.1375 0.475
vt 0.1875 0.475
vt 0.1875 0.275
vt 0.1375 0.275
vt 0.1875 0.475
vt 0.1875 0.275
vt 0.1875 0.475
vt 0.2375 0.475
vt 0.2375 0.275
vt 0.1875 0.275
vt 0.2375 0.475
vt 0.1375 0.275
vt 0.1375 0.475
vt 0.1875 0.475
vt 0.1875 0.275
vt 0.1375 0.275
vt 0.1875 0.475
vt 0.1875 0.275
vt 0.1875 0.475
vt 0.2375 0.475
vt 0.2375 0.275
vt 0.1875 0.275
vt 0.2375 0.475
vt 0.1375 0.275
vt 0.1375 0.475
vt 0.1875 0.275
vt 0.1375 0.475
vt 0.1875 0.475
vt 0.1875 0.275
vt 0.1875 0.275
vt 0.1875 0.475
vt 0.2375 0.275
vt 0.1875 0.475
vt 0.2375 0.475
vt 0.2375 0.275
vt 0.1375 0.275
vt 0.1375 0.475
vt 0.1875 0.275
vt 0.1375 0.475
vt 0.1875 0.475
vt 0.1875 0.275
vt 0.1875 0.275
vt 0.1875 0.475
vt 0.2375 0.275
vt 0.1875 0.475
vt 0.2375 0.475
vt 0.2375 0.275
vt 0.1375 0.275
vt 0.1375 0.475
vt 0.2375 0.475
vt 0.2375 0.275
vt 0.1375 0.275
vt 0.2375 0.475
vt 0.1375 0.275
vt 0.1375 0.475
vt 0.2375 0.475
vt 0.2375 0.275
vt 0.1375 0.275
vt 0.2375 0.475
vt 0.1375 0.275
vt 0.1375 0.475
vt 0.2375 0.475
vt 0.2375 0.275
vt 0.1375 0.275
vt 0.2375 0.475
vt 0.1375 0.275
vt 0.1375 0.475
vt 0.2375 0.475
vt 0.2375 0.275
vt 0.1375 0.275
vt 0.2375 0.475
vt 0.1375 0.275
vt 0.1375 0.475
vt 0.2375 0.275
vt 0.1375 0.475
vt 0.2375 0.475
vt 0.2375 0.275
vt 0.1375 0.275
vt 0.1375 0.475
vt 0.2375 0.275
vt 0.1375 0.475
vt 0.2375 0.475
vt 0.2375 0.275
vt 0.1375 0.275
vt 0.1375 0.475
vt 0.2375 0.275
vt 0.1375 0.475
vt 0.2375 0.475
vt 0.2375 0.275
vt 0.1375 0.275
vt 0.1375 0.475
vt 0.2375 0.275
vt 0.1375 0.475
vt 0.2375 0.475
vt 0.2375 0.275
vt 0.1375 0.275
vt 0.1375 0.475
vt 0.2375 0.475
vt 0.2375 0.275
vt 0.1375 0.275
vt 0.2375 0.475
vt 0.1375 0.275
vt 0.1375 0.475
vt 0.2375 0.475
vt 0.2375 0.275
vt 0.1375 0.275
vt 0.2375 0.475
vt 0.1375 0.275
vt 0.1375 0.475
vt 0.2375 0.475
vt 0.2375 0.275
vt 0.1375 0.275
vt 0.2375 0.475
vt 0.1375 0.275
vt 0.1375 0.475
vt 0.2375 0.475
vt 0.2375 0.275
vt 0.1375 0.275
vt 0.2375 0.475
vt 0.1375 0.275
vt 0.1375 0.475
vt 0.2375 0.275
vt 0.1375 0.475
vt 0.2375 0.475
vt 0.2375 0.275
vt 0.1375 0.275
vt 0.1375 0.475
vt 0.2375 0.275
vt 0.1375 0.475
vt 0.2375 0.475
vt 0.2375 0.275
vt 0.1375 0.275
vt 0.1375 0.475
vt 0.2375 0.275
vt 0.1375 0.475
vt 0.2375 0.475
vt 0.2375 0.275
vt 0.1375 0.275
vt 0.1375 0.475
vt 0.2375 0.275
vt 0.1375 0.475
vt 0.2375 0.475
vt 0.2375 0.275
vt 0.1375 0.275
vt 0.1375 0.475
vt 0.2375 0.475
vt 0.2375 0.275
vt 0.1375 0.275
vt 0.2375 0.475
vt 0.1375 0.275
vt 0.1375 0.475
vt 0.2375 0.475
vt 0.2375 0.275
vt 0.1375 0.275
vt 0.2375 0.475
vt 0.1375 0.275
vt 0.1375 0.475
vt 0.2375 0.475
vt 0.2375 0.275
vt 0.1375 0.275
vt 0.2375 0.475
vt 0.1375 0.275
vt 0.1375 0.475
vt 0.2375 0.475
vt 0.2375 0.275
vt 0.1375 0.275
vt 0.2375 0.475
vt 0.1375 0.275
vt 0.1375 0.475
vt 0.2375 0.275
vt 0.1375 0.475
vt 0.2375 0.475
vt 0.2375 0.275
vt 0.1375 0.275
vt 0.1375 0.475
vt 0.2375 0.275
vt 0.1375 0.475
vt 0.2375 0.475
vt 0.2375 0.275
vt 0.1375 0.275
vt 0.1375 0.475
vt 0.2375 0.275
vt 0.1375 0.475
vt 0.2375 0.475
vt 0.2375 0.275
vt 0.1375 0.275
vt 0.1375 0.475
vt 0.2375 0.275
vt 0.1375 0.475
vt 0.2375 0.475
vt 0.2375 0.275
vt 0.1375 0.275
vt 0.1375 0.475
vt 0.1875 0.475
vt 0.1875 0.275
vt 0.1375 0.275
vt 0.1875 0.475
vt 0.1875 0.275
vt 0.1875 0.475
vt 0.2375 0.475
vt 0.2375 0.275
vt 0.1875 0.275
vt 0.2375 0.475
vt 0.1375 0.275
vt 0.1375 0.475
vt 0.1875 0.475
vt 0.1875 0.275
vt 0.1375 0.275
vt 0.1875 0.475
vt 0.1875 0.275
vt 0.1875 0.475
vt 0.2375 0.475
vt 0.2375 0.275
vt 0.1875 0.275
vt 0.2375 0.475
vt 0.1375 0.275
vt 0.1375 0.475
vt 0.1875 0.275
vt 0.1375 0.475
vt 0.1875 0.475
vt 0.1875 0.275
vt 0.1875 0.275
vt 0.1875 0.475
vt 0.2375 0.275
vt 0.1875 0.475
vt 0.2375 0.475
vt 0.2375 0.275
vt 0.1375 0.275
vt 0.1375 0.475
vt 0.1875 0.275
vt 0.1375 0.475
vt 0.1875 0.475
vt 0.1875 0.275
vt 0.1875 0.275
vt 0.1875 0.475
vt 0.2375 0.275
vt 0.1875 0.475
vt 0.2375 0.475
vt 0.2375 0.275
vt 0.1875 0.275
vt 0.1875 0.475
vt 0.2125 0.475
vt 0.2125 0.275
vt 0.1875 0.275
vt 0.2125 0.475
vt 0.2125 0.275
vt 0.2125 0.475
vt 0.2375 0.475
vt 0.2375 0.275
vt 0.2125 0.275
vt 0.2375 0.475
vt 0.1375 0.275
vt 0.1375 0.475
vt 0.1625 0.475
vt 0.1625 0.275
vt 0.1375 0.275
vt 0.1625 0.475
vt 0.1625 0.275
vt 0.1625 0.475
vt 0.1875 0.475
vt 0.1875 0.275
vt 0.1625 0.275
vt 0.1875 0.475
vt 0.1875 0.275
vt 0.1875 0.475
vt 0.2125 0.275
vt 0.1875 0.475
vt 0.2125 0.475
vt 0.2125 0.275
vt 0.2125 0.275
vt 0.2125 0.475
vt 0.2375 0.275
vt 0.2125 0.475
vt 0.2375 0.475
vt 0.2375 0.275
vt 0.1375 0.275
vt 0.1375 0.475
vt 0.1625 0.275
vt 0.1375 0.475
vt 0.1625 0.475
vt 0.1625 0.275
vt 0.1625 0.275
vt 0.1625 0.475
vt 0.1875 0.275
vt 0.1625 0.475
vt 0.1875 0.475
vt 0.1875 0.275
vt 0.1375 0.275
vt 0.1375 0.475
vt 0.1875 0.475
vt 0.1875 0.275
vt 0.1375 0.275
vt 0.1875 0.475
vt 0.1875 0.275
vt 0.1875 0.475
vt 0.2375 0.475
vt 0.2375 0.275
vt 0.1875 0.275
vt 0.2375 0.475
vt 0.1375 0.275
vt 0.1375 0.475
vt 0.1875 0.475
vt 0.1875 0.275
vt 0.1375 0.275
vt 0.1875 0.475
vt 0.1875 0.275
vt 0.1875 0.475
vt 0.2375 0.475
vt 0.2375 0.275
vt 0.1875 0.275
vt 0.2375 0.475
vt 0.1375 0.275
vt 0.1375 0.475
vt 0.1875 0.275
vt 0.1375 0.475
vt 0.1875 0.475
vt 0.1875 0.275
vt 0.1875 0.275
vt 0.1875 0.475
vt 0.2375 0.275
vt 0.1875 0.475
vt 0.2375 0.475
vt 0.2375 0.275
vt 0.1375 0.275
vt 0.1375 0.475
vt 0.1875 0.275
vt 0.1375 0.475
vt 0.1875 0.475
vt 0.1875 0.275
vt 0.1875 0.275
vt 0.1875 0.475
vt 0.2375 0.275
vt 0.1875 0.475
vt 0.2375 0.475
vt 0.2375 0.275
vt 0.1375 0.275
vt 0.1375 0.475
vt 0.1875 0.475
vt 0.1875 0.275
vt 0.1375 0.275
vt 0.1875 0.475
vt 0.1875 0.275
vt 0.1875 0.475
vt 0.2375 0.475
vt 0.2375 0.275
vt 0.1875 0.275
vt 0.2375 0.475
vt 0.1375 0.275
vt 0.1375 0.475
vt 0.1875 0.475
vt 0.1875 0.275
vt 0.1375 0.275
vt 0.1875 0.475
vt 0.1875 0.275
vt 0.1875 0.475
vt 0.2375 0.475
vt 0.2375 0.275
vt 0.1875 0.275
vt 0.2375 0.475
vt 0.1375 0.275
vt 0.1375 0.475
vt 0.1875 0.275
vt 0.1375 0.475
vt 0.1875 0.475
vt 0.1875 0.275
vt 0.1875 0.275
vt 0.1875 0.475
vt 0.2375 0.275
vt 0.1875 0.475
vt 0.2375 0.475
vt 0.2375 0.275
vt 0.1375 0.275
vt 0.1375 0.475
vt 0.1875 0.275
vt 0.1375 0.475
vt 0.1875 0.475
vt 0.1875 0.275
vt 0.1875 0.275
vt 0.1875 0.475
vt 0.2375 0.275
vt 0.1875 0.475
vt 0.2375 0.475
vt 0.2375 0.275
vt 0.1375 0.275
vt 0.1375 0.475
vt 0.1875 0.475
vt 0.1875 0.275
vt 0.1375 0.275
vt 0.1875 0.475
vt 0.1875 0.275
vt 0.1875 0.475
vt 0.2375 0.475
vt 0.2375 0.275
vt 0.1875 0.275
vt 0.2375 0.475
vt 0.1375 0.275
vt 0.1375 0.475
vt 0.1875 0.475
vt 0.1875 0.275
vt 0.1375 0.275
vt 0.1875 0.475
vt 0.1875 0.275
vt 0.1875 0.475
vt 0.2375 0.475
vt 0.2375 0.275
vt 0.1875 0.275
vt 0.2375 0.475
vt 0.1375 0.275
vt 0.1375 0.475
vt 0.1875 0.275
vt 0.1375 0.475
vt 0.1875 0.475
vt 0.1875 0.275
vt 0.1875 0.275
vt 0.1875 0.475
vt 0.2375 0.275
vt 0.1875 0.475
vt 0.2375 0.475
vt 0.2375 0.275
vt 0.1375 0.275
vt 0.1375 0.475
vt 0.1875 0.275
vt 0.1375 0.475
vt 0.1875 0.475
vt 0.1875 0.275
vt 0.1875 0.275
vt 0.1875 0.475
vt 0.2375 0.275
vt 0.1875 0.475
vt 0.2375 0.475
vt 0.2375 0.275
vt 0.1375 0.275
vt 0.1375 0.475
vt 0.2375 0.475
vt 0.2375 0.275
vt 0.1375 0.275
vt 0.2375 0.475
vt 0.1375 0.275
vt 0.1375 0.475
vt 0.2375 0.475
vt 0.2375 0.275
vt 0.1375 0.275
vt 0.2375 0.475
vt 0.1375 0.275
vt 0.1375 0.475
vt 0.2375 0.475
vt 0.2375 0.275
vt 0.1375 0.275
vt 0.2375 0.475
vt 0.1375 0.275
vt 0.1375 0.475
vt 0.2375 0.475
vt 0.2375 0.275
vt 0.1375 0.275
vt 0.2375 0.475
vt 0.1375 0.275
vt 0.1375 0.475
vt 0.2375 0.275
vt 0.1375 0.475
vt 0.2375 0.475
vt 0.2375 0.275
vt 0.1375 0.275
vt 0.1375 0.475
vt 0.2375 0.275
vt 0.1375 0.475
vt 0.2375 0.475
vt 0.2375 0.275
vt 0.1375 0.275
vt 0.1375 0.475
vt 0.2375 0.275
vt 0.1375 0.475
vt 0.2375 0.475
vt 0.2375 0.275
vt 0.1375 0.275
vt 0.1375 0.475
vt 0.2375 0.275
vt 0.1375 0.475
vt 0.2375 0.475
vt 0.2375 0.275
vt 0.1375 0.275
vt 0.1375 0.475
vt 0.2375 0.475
vt 0.2375 0.275
vt 0.1375 0.275
vt 0.2375 0.475
vt 0.1375 0.275
vt 0.1375 0.475
vt 0.2375 0.475
vt 0.2375 0.275
vt 0.1375 0.275
vt 0.2375 0.475
vt 0.1375 0.275
vt 0.1375 0.475
vt 0.2375 0.475
vt 0.2375 0.275
vt 0.1375 0.275
vt 0.2375 0.475
vt 0.1375 0.275
vt 0.1375 0.475
vt 0.2375 0.475
vt 0.2375 0.275
vt 0.1375 0.275
vt 0.2375 0.475
vt 0.1375 0.275
vt 0.1375 0.475
vt 0.2375 0.275
vt 0.1375 0.475
vt 0.2375 0.475
vt 0.2375 0.275
vt 0.1375 0.275
vt 0.1375 0.475
vt 0.2375 0.275
vt 0.1375 0.475
vt 0.2375 0.475
vt 0.2375 0.275
vt 0.1375 0.275
vt 0.1375 0.475
vt 0.2375 0.275
vt 0.1375 0.475
vt 0.2375 0.475
vt 0.2375 0.275
vt 0.1375 0.275
vt 0.1375 0.475
vt 0.2375 0.275
vt 0.1375 0.475
vt 0.2375 0.475
vt 0.2375 0.275
vt 0.1375 0.275
vt 0.1375 0.475
vt 0.2375 0.475
vt 0.2375 0.275
vt 0.1375 0.275
vt 0.2375 0.475
vt 0.1375 0.275
vt 0.1375 0.475
vt 0.2375 0.475
vt 0.2375 0.275
vt 0.1375 0.275
vt 0.2375 0.475
vt 0.1375 0.275
vt 0.1375 0.475
vt 0.2375 0.475
vt 0.2375 0.275
vt 0.1375 0.275
vt 0.2375 0.475
vt 0.1375 0.275
vt 0.1375 0.475
vt 0.2375 0.475
vt 0.2375 0.275
vt 0.1375 0.275
vt 0.2375 0.475
vt 0.1375 0.275
vt 0.1375 0.475
vt 0.2375 0.275
vt 0.1375 0.475
vt 0.2375 0.475
vt 0.2375 0.275
vt 0.1375 0.275
vt 0.1375 0.475
vt 0.2375 0.275
vt 0.1375 0.475
vt 0.2375 0.475
vt 0.2375 0.275
vt 0.1375 0.275
vt 0.1375 0.475
vt 0.2375 0.275
vt 0.1375 0.475
vt 0.2375 0.475
vt 0.2375 0.275
vt 0.1375 0.275
vt 0.1375 0.475
vt 0.2375 0.275
vt 0.1375 0.475
vt 0.2375 0.475
vt 0.2375 0.275
vt 0.1375 0.275
vt 0.1375 0.475
vt 0.1875 0.475
vt 0.1875 0.275
vt 0.1375 0.275
vt 0.1875 0.475
vt 0.1875 0.275
vt 0.1875 0.475
vt 0.2375 0.475
vt 0.2375 0.275
vt 0.1875 0.275
vt 0.2375 0.475
vt 0.1375 0.275
vt 0.1375 0.475
vt 0.1875 0.475
vt 0.1875 0.275
vt 0.1375 0.275
vt 0.1875 0.475
vt 0.1875 0.275
vt 0.1875 0.475
vt 0.2375 0.475
vt 0.2375 0.275
vt 0.1875 0.275
vt 0.2375 0.475
vt 0.1375 0.275
vt 0.1375 0.475
vt 0.1875 0.275
vt 0.1375 0.475
vt 0.1875 0.475
vt 0.1875 0.275
vt 0.1875 0.275
vt 0.1875 0.475
vt 0.2375 0.275
vt 0.1875 0.475
vt 0.2375 0.475
vt 0.2375 0.275
vt 0.1375 0.275
vt 0.1375 0.475
vt 0.1875 0.275
vt 0.1375 0.475
vt 0.1875 0.475
vt 0.1875 0.275
vt 0.1875 0.275
vt 0.1875 0.475
vt 0.2375 0.275
vt 0.1875 0.475
vt 0.2375 0.475
vt 0.2375 0.275
vt 0.1875 0.275
vt 0.1875 0.475
vt 0.2125 0.475
vt 0.2125 0.275
vt 0.1875 0.275
vt 0.2125 0.475
vt 0.2125 0.275
vt 0.2125 0.475
vt 0.2375 0.475
vt 0.2375 0.275
vt 0.2125 0.275
vt 0.2375 0.475
vt 0.1375 0.275
vt 0.1375 0.475
vt 0.1625 0.475
vt 0.1625 0.275
vt 0.1375 0.275
vt 0.1625 0.475
vt 0.1625 0.275
vt 0.1625 0.475
vt 0.1875 0.475
vt 0.1875 0.275
vt 0.1625 0.275
vt 0.1875 0.475
vt 0.1875 0.275
vt 0.1875 0.475
vt 0.2125 0.275
vt 0.1875 0.475
vt 0.2125 0.475
vt 0.2125 0.275
vt 0.2125 0.275
vt 0.2125 0.475
vt 0.2375 0.275
vt 0.2125 0.475
vt 0.2375 0.475
vt 0.2375 0.275
vt 0.1375 0.275
vt 0.1375 0.475
vt 0.1625 0.275
vt 0.1375 0.475
vt 0.1625 0.475
vt 0.1625 0.275
vt 0.1625 0.275
vt 0.1625 0.475
vt 0.1875 0.275
vt 0.1625 0.475
vt 0.1875 0.475
vt 0.1875 0.275
vt 0.1375 0.275
vt 0.1375 0.475
vt 0.1875 0.475
vt 0.1875 0.275
vt 0.1375 0.275
vt 0.1875 0.475
vt 0.1875 0.275
vt 0.1875 0.475
vt 0.2375 0.475
vt 0.2375 0.275
vt 0.1875 0.275
vt 0.2375 0.475
vt 0.1375 0.275
vt 0.1375 0.475
vt 0.1875 0.475
vt 0.1875 0.275
vt 0.1375 0.275
vt 0.1875 0.475
vt 0.1875 0.275
vt 0.1875 0.475
vt 0.2375 0.475
vt 0.2375 0.275
vt 0.1875 0.275
vt 0.2375 0.475
vt 0.1375 0.275
vt 0.1375 0.475
vt 0.1875 0.275
vt 0.1375 0.475
vt 0.1875 0.475
vt 0.1875 0.275
vt 0.1875 0.275
vt 0.1875 0.475
vt 0.2375 0.275
vt 0.1875 0.475
vt 0.2375 0.475
vt 0.2375 0.275
vt 0.1375 0.275
vt 0.1375 0.475
vt 0.1875 0.275
vt 0.1375 0.475
vt 0.1875 0.475
vt 0.1875 0.275
vt 0.1875 0.275
vt 0.1875 0.475
vt 0.2375 0.275
vt 0.1875 0.475
vt 0.2375 0.475
vt 0.2375 0.275
vt 0.1375 0.275
vt 0.1375 0.475
vt 0.1875 0.475
vt 0.1875 0.275
vt 0.1375 0.275
vt 0.1875 0.475
vt 0.1875 0.275
vt 0.1875 0.475
vt 0.2375 0.475
vt 0.2375 0.275
vt 0.1875 0.275
vt 0.2375 0.475
vt 0.1375 0.275
vt 0.1375 0.475
vt 0.1875 0.475
vt 0.1875 0.275
vt 0.1375 0.275
vt 0.1875 0.475
vt 0.1875 0.275
vt 0.1875 0.475
vt 0.2375 0.475
vt 0.2375 0.275
vt 0.1875 0.275
vt 0.2375 0.475
vt 0.1375 0.275
vt 0.1375 0.475
vt 0.1875 0.275
vt 0.1375 0.475
vt 0.1875 0.475
vt 0.1875 0.275
vt 0.1875 0.275
vt 0.1875 0.475
vt 0.2375 0.275
vt 0.1875 0.475
vt 0.2375 0.475
vt 0.2375 0.275
vt 0.1375 0.275
vt 0.1375 0.475
vt 0.1875 0.275
vt 0.1375 0.475
vt 0.1875 0.475
vt 0.1875 0.275
vt 0.1875 0.275
vt 0.1875 0.475
vt 0.2375 0.275
vt 0.1875 0.475
vt 0.2375 0.475
vt 0.2375 0.275
vt 0.1375 0.275
vt 0.1375 0.475
vt 0.1875 0.475
vt 0.1875 0.275
vt 0.1375 0.275
vt 0.1875 0.475
vt 0.1875 0.275
vt 0.1875 0.475
vt 0.2375 0.475
vt 0.2375 0.275
vt 0.1875 0.275
vt 0.2375 0.475
vt 0.1375 0.275
vt 0.1375 0.475
vt 0.1875 0.475
vt 0.1875 0.275
vt 0.1375 0.275
vt 0.1875 0.475
vt 0.1875 0.275
vt 0.1875 0.475
vt 0.2375 0.475
vt 0.2375 0.275
vt 0.1875 0.275
vt 0.2375 0.475
vt 0.1375 0.275
vt 0.1375 0.475
vt 0.1875 0.275
vt 0.1375 0.475
vt 0.1875 0.475
vt 0.1875 0.275
vt 0.1875 0.275
vt 0.1875 0.475
vt 0.2375 0.275
vt 0.1875 0.475
vt 0.2375 0.475
vt 0.2375 0.275
vt 0.1375 0.275
vt 0.1375 0.475
vt 0.1875 0.275
vt 0.1375 0.475
vt 0.1875 0.475
vt 0.1875 0.275
vt 0.1875 0.275
vt 0.1875 0.475
vt 0.2375 0.275
vt 0.1875 0.475
vt 0.2375 0.475
vt 0.2375 0.275
vt 0.1375 0.275
vt 0.1375 0.475
vt 0.2375 0.475
vt 0.2375 0.275
vt 0.1375 0.275
vt 0.2375 0.475
vt 0.1375 0.275
vt 0.1375 0.475
vt 0.2375 0.475
vt 0.2375 0.275
vt 0.1375 0.275
vt 0.2375 0.475
vt 0.1375 0.275
vt 0.1375 0.475
vt 0.2375 0.475
vt 0.2375 0.275
vt 0.1375 0.275
vt 0.2375 0.475
vt 0.1375 0.275
vt 0.1375 0.475
vt 0.2375 0.475
vt 0.2375 0.275
vt 0.1375 0.275
vt 0.2375 0.475
vt 0.1375 0.275
vt 0.1375 0.475
vt 0.2375 0.275
vt 0.1375 0.475
vt 0.2375 0.475
vt 0.2375 0.275
vt 0.1375 0.275
vt 0.1375 0.475
vt 0.2375 0.275
vt 0.1375 0.475
vt 0.2375 0.475
vt 0.2375 0.275
vt 0.1375 0.275
vt 0.1375 0.475
vt 0.2375 0.275
vt 0.1375 0.475
vt 0.2375 0.475
vt 0.2375 0.275
vt 0.1375 0.275
vt 0.1375 0.475
vt 0.2375 0.275
vt 0.1375 0.475
vt 0.2375 0.475
vt 0.2375 0.275
vt 0.1375 0.275
vt 0.1375 0.475
vt 0.2375 0.475
vt 0.2375 0.275
vt 0.1375 0.275
vt 0.2375 0.475
vt 0.1375 0.275
vt 0.1375 0.475
vt 0.2375 0.475
vt 0.2375 0.275
vt 0.1375 0.275
vt 0.2375 0.475
vt 0.1375 0.275
vt 0.1375 0.475
vt 0.2375 0.475
vt 0.2375 0.275
vt 0.1375 0.275
vt 0.2375 0.475
vt 0.1375 0.275
vt 0.1375 0.475
vt 0.2375 0.475
vt 0.2375 0.275
vt 0.1375 0.275
vt 0.2375 0.475
vt 0.1375 0.275
vt 0.1375 0.475
vt 0.2375 0.275
vt 0.1375 0.475
vt 0.2375 0.475
vt 0.2375 0.275
vt 0.1375 0.275
vt 0.1375 0.475
vt 0.2375 0.275
vt 0.1375 0.475
vt 0.2375 0.475
vt 0.2375 0.275
vt 0.1375 0.275
vt 0.1375 0.475
vt 0.2375 0.275
vt 0.1375 0.475
vt 0.2375 0.475
vt 0.2375 0.275
vt 0.1375 0.275
vt 0.1375 0.475
vt 0.2375 0.275
vt 0.1375 0.475
vt 0.2375 0.475
vt 0.2375 0.275
vt 0.1375 0.275
vt 0.1375 0.475
vt 0.2375 0.475
vt 0.2375 0.275
vt 0.1375 0.275
vt 0.2375 0.475
vt 0.1375 0.275
vt 0.1375 0.475
vt 0.2375 0.475
vt 0.2375 0.275
vt 0.1375 0.275
vt 0.2375 0.475
vt 0.1375 0.275
vt 0.1375 0.475
vt 0.2375 0.475
vt 0.2375 0.275
vt 0.1375 0.275
vt 0.2375 0.475
vt 0.1375 0.275
vt 0.1375 0.475
vt 0.2375 0.475
vt 0.2375 0.275
vt 0.1375 0.275
vt 0.2375 0.475
vt 0.1375 0.275
vt 0.1375 0.475
vt 0.2375 0.275
vt 0.1375 0.475
vt 0.2375 0.475
vt 0.2375 0.275
vt 0.1375 0.275
vt 0.1375 0.475
vt 0.2375 0.275
vt 0.1375 0.475
vt 0.2375 0.475
vt 0.2375 0.275
vt 0.1375 0.275
vt 0.1375 0.475
vt 0.2375 0.275
vt 0.1375 0.475
vt 0.2375 0.475
vt 0.2375 0.275
vt 0.1375 0.275
vt 0.1375 0.475
vt 0.2375 0.275
vt 0.1375 0.475
vt 0.2375 0.475
vt 0.2375 0.275
vt 0.1375 0.275
vt 0.1375 0.475
vt 0.1875 0.475
vt 0.1875 0.275
vt 0.1375 0.275
vt 0.1875 0.475
vt 0.1875 0.275
vt 0.1875 0.475
vt 0.2375 0.475
vt 0.2375 0.275
vt 0.1875 0.275
vt 0.2375 0.475
vt 0.1375 0.275
vt 0.1375 0.475
vt 0.1875 0.475
vt 0.1875 0.275
vt 0.1375 0.275
vt 0.1875 0.475
vt 0.1875 0.275
vt 0.1875 0.475
vt 0.2375 0.475
vt 0.2375 0.275
vt 0.1875 0.275
vt 0.2375 0.475
vt 0.1375 0.275
vt 0.1375 0.475
vt 0.1875 0.275
vt 0.1375 0.475
vt 0.1875 0.475
vt 0.1875 0.275
vt 0.1875 0.275
vt 0.1875 0.475
vt 0.2375 0.275
vt 0.1875 0.475
vt 0.2375 0.475
vt 0.2375 0.275
vt 0.1375 0.275
vt 0.1375 0.475
vt 0.1875 0.275
vt 0.1375 0.475
vt 0.1875 0.475
vt 0.1875 0.275
vt 0.1875 0.275
vt 0.1875 0.475
vt 0.2375 0.275
vt 0.1875 0.475
vt 0.2375 0.475
vt 0.2375 0.275
vt 0.1875 0.275
vt 0.1875 0.475
vt 0.2125 0.475
vt 0.2125 0.275
vt 0.1875 0.275
vt 0.2125 0.475
vt 0.2125 0.275
vt 0.2125 0.475
vt 0.2375 0.475
vt 0.2375 0.275
vt 0.2125 0.275
vt 0.2375 0.475
vt 0.1375 0.275
vt 0.1375 0.475
vt 0.1625 0.475
vt 0.1625 0.275
vt 0.1375 0.275
vt 0.1625 0.475
vt 0.1625 0.275
vt 0.1625 0.475
vt 0.1875 0.475
vt 0.1875 0.275
vt 0.1625 0.275
vt 0.1875 0.475
vt 0.1875 0.275
vt 0.1875 0.475
vt 0.2125 0.275
vt 0.1875 0.475
vt 0.2125 0.475
vt 0.2125 0.275
vt 0.2125 0.275
vt 0.2125 0.475
vt 0.2375 0.275
vt 0.2125 0.475
vt 0.2375 0.475
vt 0.2375 0.275
vt 0.1375 0.275
vt 0.1375 0.475
vt 0.1625 0.275
vt 0.1375 0.475
vt 0.1625 0.475
vt 0.1625 0.275
vt 0.1625 0.275
vt 0.1625 0.475
vt 0.1875 0.275
vt 0.1625 0.475
vt 0.1875 0.475
vt 0.1875 0.275
vt 0.1375 0.275
vt 0.1375 0.475
vt 0.1875 0.475
vt 0.1875 0.275
vt 0.1375 0.275
vt 0.1875 0.475
vt 0.1875 0.275
vt 0.1875 0.475
vt 0.2375 0.475
vt 0.2375 0.275
vt 0.1875 0.275
vt 0.2375 0.475
vt 0.1375 0.275
vt 0.1375 0.475
vt 0.1875 0.475
vt 0.1875 0.275
vt 0.1375 0.275
vt 0.1875 0.475
vt 0.1875 0.275
vt 0.1875 0.475
vt 0.2375 0.475
vt 0.2375 0.275
vt 0.1875 0.275
vt 0.2375 0.475
vt 0.1375 0.275
vt 0.1375 0.475
vt 0.1875 0.275
vt 0.1375 0.475
vt 0.1875 0.475
vt 0.1875 0.275
vt 0.1875 0.275
vt 0.1875 0.475
vt 0.2375 0.275
vt 0.1875 0.475
vt 0.2375 0.475
vt 0.2375 0.275
vt 0.1375 0.275
vt 0.1375 0.475
vt 0.1875 0.275
vt 0.1375 0.475
vt 0.1875 0.475
vt 0.1875 0.275
vt 0.1875 0.275
vt 0.1875 0.475
vt 0.2375 0.275
vt 0.1875 0.475
vt 0.2375 0.475
vt 0.2375 0.275
vt 0.1375 0.275
vt 0.1375 0.475
vt 0.1875 0.475
vt 0.1875 0.275
vt 0.1375 0.275
vt 0.1875 0.475
vt 0.1875 0.275
vt 0.1875 0.475
vt 0.2375 0.475
vt 0.2375 0.275
vt 0.1875 0.275
vt 0.2375 0.475
vt 0.1375 0.275
vt 0.1375 0.475
vt 0.1875 0.475
vt 0.1875 0.275
vt 0.1375 0.275
vt 0.1875 0.475
vt 0.1875 0.275
vt 0.1875 0.475
vt 0.2375 0.475
vt 0.2375 0.275
vt 0.1875 0.275
vt 0.2375 0.475
vt 0.1375 0.275
vt 0.1375 0.475
vt 0.1875 0.275
vt 0.1375 0.475
vt 0.1875 0.475
vt 0.1875 0.275
vt 0.1875 0.275
vt 0.1875 0.475
vt 0.2375 0.275
vt 0.1875 0.475
vt 0.2375 0.475
vt 0.2375 0.275
vt 0.1375 0.275
vt 0.1375 0.475
vt 0.1875 0.275
vt 0.1375 0.475
vt 0.1875 0.475
vt 0.1875 0.275
vt 0.1875 0.275
vt 0.1875 0.475
vt 0.2375 0.275
vt 0.1875 0.475
vt 0.2375 0.475
vt 0.2375 0.275
vt 0.1375 0.275
vt 0.1375 0.475
vt 0.1875 0.475
vt 0.1875 0.275
vt 0.1375 0.275
vt 0.1875 0.475
vt 0.1875 0.275
vt 0.1875 0.475
vt 0.2375 0.475
vt 0.2375 0.275
vt 0.1875 0.275
vt 0.2375 0.475
vt 0.1375 0.275
vt 0.1375 0.475
vt 0.1875 0.475
vt 0.1875 0.275
vt 0.1375 0.275
vt 0.1875 0.475
vt 0.1875 0.275
vt 0.1875 0.475
vt 0.2375 0.475
vt 0.2375 0.275
vt 0.1875 0.275
vt 0.2375 0.475
vt 0.1375 0.275
vt 0.1375 0.475
vt 0.1875 0.275
vt 0.1375 0.475
vt 0.1875 0.475
vt 0.1875 0.275
vt 0.1875 0.275
vt 0.1875 0.475
vt 0.2375 0.275
vt 0.1875 0.475
vt 0.2375 0.475
vt 0.2375 0.275
vt 0.1375 0.275
vt 0.1375 0.475
vt 0.1875 0.275
vt 0.1375 0.475
vt 0.1875 0.475
vt 0.1875 0.275
vt 0.1875 0.275
vt 0.1875 0.475
vt 0.2375 0.275
vt 0.1875 0.475
vt 0.2375 0.475
vt 0.2375 0.275
vt 0.1375 0.275
vt 0.1375 0.475
vt 0.2375 0.475
vt 0.2375 0.275
vt 0.1375 0.275
vt 0.2375 0.475
vt 0.1375 0.275
vt 0.1375 0.475
vt 0.2375 0.475
vt 0.2375 0.275
vt 0.1375 0.275
vt 0.2375 0.475
vt 0.1375 0.275
vt 0.1375 0.475
vt 0.2375 0.475
vt 0.2375 0.275
vt 0.1375 0.275
vt 0.2375 0.475
vt 0.1375 0.275
vt 0.1375 0.475
vt 0.2375 0.475
vt 0.2375 0.275
vt 0.1375 0.275
vt 0.2375 0.475
vt 0.1375 0.275
vt 0.1375 0.475
vt 0.2375 0.275
vt 0.1375 0.475
vt 0.2375 0.475
vt 0.2375 0.275
vt 0.1375 0.275
vt 0.1375 0.475
vt 0.2375 0.275
vt 0.1375 0.475
vt 0.2375 0.475
vt 0.2375 0.275
vt 0.1375 0.275
vt 0.1375 0.475
vt 0.2375 0.275
vt 0.1375 0.475
vt 0.2375 0.475
vt 0.2375 0.275
vt 0.1375 0.275
vt 0.1375 0.475
vt 0.2375 0.275
vt 0.1375 0.475
vt 0.2375 0.475
vt 0.2375 0.275
vt 0.1375 0.275
vt 0.1375 0.475
vt 0.2375 0.475
vt 0.2375 0.275
vt 0.1375 0.275
vt 0.2375 0.475
vt 0.1375 0.275
vt 0.1375 0.475
vt 0.2375 0.475
vt 0.2375 0.275
vt 0.1375 0.275
vt 0.2375 0.475
vt 0.1375 0.275
vt 0.1375 0.475
vt 0.2375 0.475
vt 0.2375 0.275
vt 0.1375 0.275
vt 0.2375 0.475
vt 0.1375 0.275
vt 0.1375 0.475
vt 0.2375 0.475
vt 0.2375 0.275
vt 0.1375 0.275
vt 0.2375 0.475
vt 0.1375 0.275
vt 0.1375 0.475
vt 0.2375 0.275
vt 0.1375 0.475
vt 0.2375 0.475
vt 0.2375 0.275
vt 0.1375 0.275
vt 0.1375 0.475
vt 0.2375 0.275
vt 0.1375 0.475
vt 0.2375 0.475
vt 0.2375 0.275
vt 0.1375 0.275
vt 0.1375 0.475
vt 0.2375 0.275
vt 0.1375 0.475
vt 0.2375 0.475
vt 0.2375 0.275
vt 0.1375 0.275
vt 0.1375 0.475
vt 0.2375 0.275
vt 0.1375 0.475
vt 0.2375 0.475
vt 0.2375 0.275
vt 0.1375 0.275
vt 0.1375 0.475
vt 0.2375 0.475
vt 0.2375 0.275
vt 0.1375 0.275
vt 0.2375 0.475
vt 0.1375 0.275
vt 0.1375 0.475
vt 0.2375 0.475
vt 0.2375 0.275
vt 0.1375 0.275
vt 0.2375 0.475
vt 0.1375 0.275
vt 0.1375 0.475
vt 0.2375 0.475
vt 0.2375 0.275
vt 0.1375 0.275
vt 0.2375 0.475
vt 0.1375 0.275
vt 0.1375 0.475
vt 0.2375 0.475
vt 0.2375 0.275
vt 0.1375 0.275
vt 0.2375 0.475
vt 0.1375 0.275
vt 0.1375 0.475
vt 0.2375 0.275
vt 0.1375 0.475
vt 0.2375 0.475
vt 0.2375 0.275
vt 0.1375 0.275
vt 0.1375 0.475
vt 0.2375 0.275
vt 0.1375 0.475
vt 0.2375 0.475
vt 0.2375 0.275
vt 0.1375 0.275
vt 0.1375 0.475
vt 0.2375 0.275
vt 0.1375 0.475
vt 0.2375 0.475
vt 0.2375 0.275
vt 0.1375 0.275
vt 0.1375 0.475
vt 0.2375 0.275
vt 0.1375 0.475
vt 0.2375 0.475
vt 0.2375 0.275
vt 0.1375 0.275
vt 0.1375 0.475
vt 0.1875 0.475
vt 0.1875 0.275
vt 0.1375 0.275
vt 0.1875 0.475
vt 0.1875 0.275
vt 0.1875 0.475
vt 0.2375 0.475
vt 0.2375 0.275
vt 0.1875 0.275
vt 0.2375 0.475
vt 0.1375 0.275
vt 0.1375 0.475
vt 0.1875 0.475
vt 0.1875 0.275
vt 0.1375 0.275
vt 0.1875 0.475
vt 0.1875 0.275
vt 0.1875 0.475
vt 0.2375 0.475
vt 0.2375 0.275
vt 0.1875 0.275
vt 0.2375 0.475
vt 0.1375 0.275
vt 0.1375 0.475
vt 0.1875 0.275
vt 0.1375 0.475
vt 0.1875 0.475
vt 0.1875 0.275
vt 0.1875 0.275
vt 0.1875 0.475
vt 0.2375 0.275
vt 0.1875 0.475
vt 0.2375 0.475
vt 0.2375 0.275
vt 0.1375 0.275
vt 0.1375 0.475
vt 0.1875 0.275
vt 0.1375 0.475
vt 0.1875 0.475
vt 0.1875 0.275
vt 0.1875 0.275
vt 0.1875 0.475
vt 0.2375 0.275
vt 0.1875 0.475
vt 0.2375 0.475
vt 0.2375 0.275
vt 0.1875 0.275
vt 0.1875 0.475
vt 0.2125 0.475
vt 0.2125 0.275
vt 0.1875 0.275
vt 0.2125 0.475
vt 0.2125 0.275
vt 0.2125 0.475
vt 0.2375 0.475
vt 0.2375 0.275
vt 0.2125 0.275
vt 0.2375 0.475
vt 0.1375 0.275
vt 0.1375 0.475
vt 0.1625 0.475
vt 0.1625 0.275
vt 0.1375 0.275
vt 0.1625 0.475
vt 0.1625 0.275
vt 0.1625 0.475
vt 0.1875 0.475
vt 0.1875 0.275
vt 0.1625 0.275
vt 0.1875 0.475
vt 0.1875 0.275
vt 0.1875 0.475
vt 0.2125 0.275
vt 0.1875 0.475
vt 0.2125 0.475
vt 0.2125 0.275
vt 0.2125 0.275
vt 0.2125 0.475
vt 0.2375 0.275
vt 0.2125 0.475
vt 0.2375 0.475
vt 0.2375 0.275
vt 0.1375 0.275
vt 0.1375 0.475
vt 0.1625 0.275
vt 0.1375 0.475
vt 0.1625 0.475
vt 0.1625 0.275
vt 0.1625 0.275
vt 0.1625 0.475
vt 0.1875 0.275
vt 0.1625 0.475
vt 0.1875 0.475
vt 0.1875 0.275
vt 0.1375 0.275
vt 0.1375 0.475
vt 0.1875 0.475
vt 0.1875 0.275
vt 0.1375 0.275
vt 0.1875 0.475
vt 0.1875 0.275
vt 0.1875 0.475
vt 0.2375 0.475
vt 0.2375 0.275
vt 0.1875 0.275
vt 0.2375 0.475
vt 0.1375 0.275
vt 0.1375 0.475
vt 0.1875 0.475
vt 0.1875 0.275
vt 0.1375 0.275
vt 0.1875 0.475
vt 0.1875 0.275
vt 0.1875 0.475
vt 0.2375 0.475
vt 0.2375 0.275
vt 0.1875 0.275
vt 0.2375 0.475
vt 0.1375 0.275
vt 0.1375 0.475
vt 0.1875 0.275
vt 0.1375 0.475
vt 0.1875 0.475
vt 0.1875 0.275
vt 0.1875 0.275
vt 0.1875 0.475
vt 0.2375 0.275
vt 0.1875 0.475
vt 0.2375 0.475
vt 0.2375 0.275
vt 0.1375 0.275
vt 0.1375 0.475
vt 0.1875 0.275
vt 0.1375 0.475
vt 0.1875 0.475
vt 0.1875 0.275
vt 0.1875 0.275
vt 0.1875 0.475
vt 0.2375 0.275
vt 0.1875 0.475
vt 0.2375 0.475
vt 0.2375 0.275
vt 0.1375 0.275
vt 0.1375 0.475
vt 0.1875 0.475
vt 0.1875 0.275
vt 0.1375 0.275
vt 0.1875 0.475
vt 0.1875 0.275
vt 0.1875 0.475
vt 0.2375 0.475
vt 0.2375 0.275
vt 0.1875 0.275
vt 0.2375 0.475
vt 0.1375 0.275
vt 0.1375 0.475
vt 0.1875 0.475
vt 0.1875 0.275
vt 0.1375 0.275
vt 0.1875 0.475
vt 0.1875 0.275
vt 0.1875 0.475
vt 0.2375 0.475
vt 0.2375 0.275
vt 0.1875 0.275
vt 0.2375 0.475
vt 0.1375 0.275
vt 0.1375 0.475
vt 0.1875 0.275
vt 0.1375 0.475
vt 0.1875 0.475
vt 0.1875 0.275
vt 0.1875 0.275
vt 0.1875 0.475
vt 0.2375 0.275
vt 0.1875 0.475
vt 0.2375 0.475
vt 0.2375 0.275
vt 0.1375 0.275
vt 0.1375 0.475
vt 0.1875 0.275
vt 0.1375 0.475
vt 0.1875 0.475
vt 0.1875 0.275
vt 0.1875 0.275
vt 0.1875 0.475
vt 0.2375 0.275
vt 0.1875 0.475
vt 0.2375 0.475
vt 0.2375 0.275
vt 0.1375 0.275
vt 0.1375 0.475
vt 0.1875 0.475
vt 0.1875 0.275
vt 0.1375 0.275
vt 0.1875 0.475
vt 0.1875 0.275
vt 0.1875 0.475
vt 0.2375 0.475
vt 0.2375 0.275
vt 0.1875 0.275
vt 0.2375 0.475
vt 0.1375 0.275
vt 0.1375 0.475
vt 0.1875 0.475
vt 0.1875 0.275
vt 0.1375 0.275
vt 0.1875 0.475
vt 0.1875 0.275
vt 0.1875 0.475
vt 0.2375 0.475
vt 0.2375 0.275
vt 0.1875 0.275
vt 0.2375 0.475
vt 0.1375 0.275
vt 0.1375 0.475
vt 0.1875 0.275
vt 0.1375 0.475
vt 0.1875 0.475
vt 0.1875 0.275
vt 0.1875 0.275
vt 0.1875 0.475
vt 0.2375 0.275
vt 0.1875 0.475
vt 0.2375 0.475
vt 0.2375 0.275
vt 0.1375 0.275
vt 0.1375 0.475
vt 0.1875 0.275
vt 0.1375 0.475
vt 0.1875 0.475
vt 0.1875 0.275
vt 0.1875 0.275
vt 0.1875 0.475
vt 0.2375 0.275
vt 0.1875 0.475
vt 0.2375 0.475
vt 0.2375 0.275
vt 0.1375 0.275
vt 0.1375 0.475
vt 0.2375 0.475
vt 0.2375 0.275
vt 0.1375 0.275
vt 0.2375 0.475
vt 0.1375 0.275
vt 0.1375 0.475
vt 0.2375 0.475
vt 0.2375 0.275
vt 0.1375 0.275
vt 0.2375 0.475
vt 0.1375 0.275
vt 0.1375 0.475
vt 0.2375 0.475
vt 0.2375 0.275
vt 0.1375 0.275
vt 0.2375 0.475
vt 0.1375 0.275
vt 0.1375 0.475
vt 0.2375 0.475
vt 0.2375 0.275
vt 0.1375 0.275
vt 0.2375 0.475
vt 0.1375 0.275
vt 0.1375 0.475
vt 0.2375 0.275
vt 0.1375 0.475
vt 0.2375 0.475
vt 0.2375 0.275
vt 0.1375 0.275
vt 0.1375 0.475
vt 0.2375 0.275
vt 0.1375 0.475
vt 0.2375 0.475
vt 0.2375 0.275
vt 0.1375 0.275
vt 0.1375 0.475
vt 0.2375 0.275
vt 0.1375 0.475
vt 0.2375 0.475
vt 0.2375 0.275
vt 0.1375 0.275
vt 0.1375 0.475
vt 0.2375 0.275
vt 0.1375 0.475
vt 0.2375 0.475
vt 0.2375 0.275
vt 0.1375 0.275
vt 0.1375 0.475
vt 0.2375 0.475
vt 0.2375 0.275
vt 0.1375 0.275
vt 0.2375 0.475
vt 0.1375 0.275
vt 0.1375 0.475
vt 0.2375 0.475
vt 0.2375 0.275
vt 0.1375 0.275
vt 0.2375 0.475
vt 0.1375 0.275
vt 0.1375 0.475
vt 0.2375 0.475
vt 0.2375 0.275
vt 0.1375 0.275
vt 0.2375 0.475
vt 0.1375 0.275
vt 0.1375 0.475
vt 0.2375 0.475
vt 0.2375 0.275
vt 0.1375 0.275
vt 0.2375 0.475
vt 0.1375 0.275
vt 0.1375 0.475
vt 0.2375 0.275
vt 0.1375 0.475
vt 0.2375 0.475
vt 0.2375 0.275
vt 0.1375 0.275
vt 0.1375 0.475
vt 0.2375 0.275
vt 0.1375 0.475
vt 0.2375 0.475
vt 0.2375 0.275
vt 0.1375 0.275
vt 0.1375 0.475
vt 0.2375 0.275
vt 0.1375 0.475
vt 0.2375 0.475
vt 0.2375 0.275
vt 0.1375 0.275
vt 0.1375 0.475
vt 0.2375 0.275
vt 0.1375 0.475
vt 0.2375 0.475
vt 0.2375 0.275
vt 0.1375 0.275
vt 0.1375 0.475
vt 0.2375 0.475
vt 0.2375 0.275
vt 0.1375 0.275
vt 0.2375 0.475
vt 0.1375 0.275
vt 0.1375 0.475
vt 0.2375 0.475
vt 0.2375 0.275
vt 0.1375 0.275
vt 0.2375 0.475
vt 0.1375 0.275
vt 0.1375 0.475
vt 0.2375 0.475
vt 0.2375 0.275
vt 0.1375 0.275
vt 0.2375 0.475
vt 0.1375 0.275
vt 0.1375 0.475
vt 0.2375 0.475
vt 0.2375 0.275
vt 0.1375 0.275
vt 0.2375 0.475
vt 0.1375 0.275
vt 0.1375 0.475
vt 0.2375 0.275
vt 0.1375 0.475
vt 0.2375 0.475
vt 0.2375 0.275
vt 0.1375 0.275
vt 0.1375 0.475
vt 0.2375 0.275
vt 0.1375 0.475
vt 0.2375 0.475
vt 0.2375 0.275
vt 0.1375 0.275
vt 0.1375 0.475
vt 0.2375 0.275
vt 0.1375 0.475
vt 0.2375 0.475
vt 0.2375 0.275
vt 0.1375 0.275
vt 0.1375 0.475
vt 0.2375 0.275
vt 0.1375 0.475
vt 0.2375 0.475
vt 0.2375 0.275
vt 0.1375 0.275
vt 0.1375 0.475
vt 0.1875 0.475
vt 0.1875 0.275
vt 0.1375 0.275
vt 0.1875 0.475
vt 0.1875 0.275
vt 0.1875 0.475
vt 0.2375 0.475
vt 0.2375 0.275
vt 0.1875 0.275
vt 0.2375 0.475
vt 0.1375 0.275
vt 0.1375 0.475
vt 0.1875 0.475
vt 0.1875 0.275
vt 0.1375 0.275
vt 0.1875 0.475
vt 0.1875 0.275
vt 0.1875 0.475
vt 0.2375 0.475
vt 0.2375 0.275
vt 0.1875 0.275
vt 0.2375 0.475
vt 0.1375 0.275
vt 0.1375 0.475
vt 0.1875 0.275
vt 0.1375 0.475
vt 0.1875 0.475
vt 0.1875 0.275
vt 0.1875 0.275
vt 0.1875 0.475
vt 0.2375 0.275
vt 0.1875 0.475
vt 0.2375 0.475
vt 0.2375 0.275
vt 0.1375 0.275
vt 0.1375 0.475
vt 0.1875 0.275
vt 0.1375 0.475
vt 0.1875 0.475
vt 0.1875 0.275
vt 0.1875 0.275
vt 0.1875 0.475
vt 0.2375 0.275
vt 0.1875 0.475
vt 0.2375 0.475
vt 0.2375 0.275
vt 0.1875 0.275
vt 0.1875 0.475
vt 0.2125 0.475
vt 0.2125 0.275
vt 0.1875 0.275
vt 0.2125 0.475
vt 0.2125 0.275
vt 0.2125 0.475
vt 0.2375 0.475
vt 0.2375 0.275
vt 0.2125 0.275
vt 0.2375 0.475
vt 0.1375 0.275
vt 0.1375 0.475
vt 0.1625 0.475
vt 0.1625 0.275
vt 0.1375 0.275
vt 0.1625 0.475
vt 0.1625 0.275
vt 0.1625 0.475
vt 0.1875 0.475
vt 0.1875 0.275
vt 0.1625 0.275
vt 0.1875 0.475
vt 0.1875 0.275
vt 0.1875 0.475
vt 0.2125 0.275
vt 0.1875 0.475
vt 0.2125 0.475
vt 0.2125 0.275
vt 0.2125 0.275
vt 0.2125 0.475
vt 0.2375 0.275
vt 0.2125 0.475
vt 0.2375 0.475
vt 0.2375 0.275
vt 0.1375 0.275
vt 0.1375 0.475
vt 0.1625 0.275
vt 0.1375 0.475
vt 0.1625 0.475
vt 0.1625 0.275
vt 0.1625 0.275
vt 0.1625 0.475
vt 0.1875 0.275
vt 0.1625 0.475
vt 0.1875 0.475
vt 0.1875 0.275
vt 0.1375 0.275
vt 0.1375 0.475
vt 0.1875 0.475
vt 0.1875 0.275
vt 0.1375 0.275
vt 0.1875 0.475
vt 0.1875 0.275
vt 0.1875 0.475
vt 0.2375 0.475
vt 0.2375 0.275
vt 0.1875 0.275
vt 0.2375 0.475
vt 0.1375 0.275
vt 0.1375 0.475
vt 0.1875 0.475
vt 0.1875 0.275
vt 0.1375 0.275
vt 0.1875 0.475
vt 0.1875 0.275
vt 0.1875 0.475
vt 0.2375 0.475
vt 0.2375 0.275
vt 0.1875 0.275
vt 0.2375 0.475
vt 0.1375 0.275
vt 0.1375 0.475
vt 0.1875 0.275
vt 0.1375 0.475
vt 0.1875 0.475
vt 0.1875 0.275
vt 0.1875 0.275
vt 0.1875 0.475
vt 0.2375 0.275
vt 0.1875 0.475
vt 0.2375 0.475
vt 0.2375 0.275
vt 0.1375 0.275
vt 0.1375 0.475
vt 0.1875 0.275
vt 0.1375 0.475
vt 0.1875 0.475
vt 0.1875 0.275
vt 0.1875 0.275
vt 0.1875 0.475
vt 0.2375 0.275
vt 0.1875 0.475
vt 0.2375 0.475
vt 0.2375 0.275
vt 0.1375 0.275
vt 0.1375 0.475
vt 0.1875 0.475
vt 0.1875 0.275
vt 0.1375 0.275
vt 0.1875 0.475
vt 0.1875 0.275
vt 0.1875 0.475
vt 0.2375 0.475
vt 0.2375 0.275
vt 0.1875 0.275
vt 0.2375 0.475
vt 0.1375 0.275
vt 0.1375 0.475
vt 0.1875 0.475
vt 0.1875 0.275
vt 0.1375 0.275
vt 0.1875 0.475
vt 0.1875 0.275
vt 0.1875 0.475
vt 0.2375 0.475
vt 0.2375 0.275
vt 0.1875 0.275
vt 0.2375 0.475
vt 0.1375 0.275
vt 0.1375 0.475
vt 0.1875 0.275
vt 0.1375 0.475
vt 0.1875 0.475
vt 0.1875 0.275
vt 0.1875 0.275
vt 0.1875 0.475
vt 0.2375 0.275
vt 0.1875 0.475
vt 0.2375 0.475
vt 0.2375 0.275
vt 0.1375 0.275
vt 0.1375 0.475
vt 0.1875 0.275
vt 0.1375 0.475
vt 0.1875 0.475
vt 0.1875 0.275
vt 0.1875 0.275
vt 0.1875 0.475
vt 0.2375 0.275
vt 0.1875 0.475
vt 0.2375 0.475
vt 0.2375 0.275
vt 0.1375 0.275
vt 0.1375 0.475
vt 0.1875 0.475
vt 0.1875 0.275
vt 0.1375 0.275
vt 0.1875 0.475
vt 0.1875 0.275
vt 0.1875 0.475
vt 0.2375 0.475
vt 0.2375 0.275
vt 0.1875 0.275
vt 0.2375 0.475
vt 0.1375 0.275
vt 0.1375 0.475
vt 0.1875 0.475
vt 0.1875 0.275
vt 0.1375 0.275
vt 0.1875 0.475
vt 0.1875 0.275
vt 0.1875 0.475
vt 0.2375 0.475
vt 0.2375 0.275
vt 0.1875 0.275
vt 0.2375 0.475
vt 0.1375 0.275
vt 0.1375 0.475
vt 0.1875 0.275
vt 0.1375 0.475
vt 0.1875 0.475
vt 0.1875 0.275
vt 0.1875 0.275
vt 0.1875 0.475
vt 0.2375 0.275
vt 0.1875 0.475
vt 0.2375 0.475
vt 0.2375 0.275
vt 0.1375 0.275
vt 0.1375 0.475
vt 0.1875 0.275
vt 0.1375 0.475
vt 0.1875 0.475
vt 0.1875 0.275
vt 0.1875 0.275
vt 0.1875 0.475
vt 0.2375 0.275
vt 0.1875 0.475
vt 0.2375 0.475
vt 0.2375 0.275
vt 0.1375 0.275
vt 0.1375 0.475
vt 0.2375 0.475
vt 0.2375 0.275
vt 0.1375 0.275
vt 0.2375 0.475
vt 0.1375 0.275
vt 0.1375 0.475
vt 0.2375 0.475
vt 0.2375 0.275
vt 0.1375 0.275
vt 0.2375 0.475
vt 0.1375 0.275
vt 0.1375 0.475
vt 0.2375 0.475
vt 0.2375 0.275
vt 0.1375 0.275
vt 0.2375 0.475
vt 0.1375 0.275
vt 0.1375 0.475
vt 0.2375 0.475
vt 0.2375 0.275
vt 0.1375 0.275
vt 0.2375 0.475
vt 0.1375 0.275
vt 0.1375 0.475
vt 0.2375 0.275
vt 0.1375 0.475
vt 0.2375 0.475
vt 0.2375 0.275
vt 0.1375 0.275
vt 0.1375 0.475
vt 0.2375 0.275
vt 0.1375 0.475
vt 0.2375 0.475
vt 0.2375 0.275
vt 0.1375 0.275
vt 0.1375 0.475
vt 0.2375 0.275
vt 0.1375 0.475
vt 0.2375 0.475
vt 0.2375 0.275
vt 0.1375 0.275
vt 0.1375 0.475
vt 0.2375 0.275
vt 0.1375 0.475
vt 0.2375 0.475
vt 0.2375 0.275
vt 0.1375 0.275
vt 0.1375 0.475
vt 0.2375 0.475
vt 0.2375 0.275
vt 0.1375 0.275
vt 0.2375 0.475
vt 0.1375 0.275
vt 0.1375 0.475
vt 0.2375 0.475
vt 0.2375 0.275
vt 0.1375 0.275
vt 0.2375 0.475
vt 0.1375 0.275
vt 0.1375 0.475
vt 0.2375 0.475
vt 0.2375 0.275
vt 0.1375 0.275
vt 0.2375 0.475
vt 0.1375 0.275
vt 0.1375 0.475
vt 0.2375 0.475
vt 0.2375 0.275
vt 0.1375 0.275
vt 0.2375 0.475
vt 0.1375 0.275
vt 0.1375 0.475
vt 0.2375 0.275
vt 0.1375 0.475
vt 0.2375 0.475
vt 0.2375 0.275
vt 0.1375 0.275
vt 0.1375 0.475
vt 0.2375 0.275
vt 0.1375 0.475
vt 0.2375 0.475
vt 0.2375 0.275
vt 0.1375 0.275
vt 0.1375 0.475
vt 0.2375 0.275
vt 0.1375 0.475
vt 0.2375 0.475
vt 0.2375 0.275
vt 0.1375 0.275
vt 0.1375 0.475
vt 0.2375 0.275
vt 0.1375 0.475
vt 0.2375 0.475
vt 0.2375 0.275
vt 0.1375 0.275
vt 0.1375 0.475
vt 0.2375 0.475
vt 0.2375 0.275
vt 0.1375 0.275
vt 0.2375 0.475
vt 0.1375 0.275
vt 0.1375 0.475
vt 0.2375 0.475
vt 0.2375 0.275
vt 0.1375 0.275
vt 0.2375 0.475
vt 0.1375 0.275
vt 0.1375 0.475
vt 0.2375 0.475
vt 0.2375 0.275
vt 0.1375 0.275
vt 0.2375 0.475
vt 0.1375 0.275
vt 0.1375 0.475
vt 0.2375 0.475
vt 0.2375 0.275
vt 0.1375 0.275
vt 0.2375 0.475
vt 0.1375 0.275
vt 0.1375 0.475
vt 0.2375 0.275
vt 0.1375 0.475
vt 0.2375 0.475
vt 0.2375 0.275
vt 0.1375 0.275
vt 0.1375 0.475
vt 0.2375 0.275
vt 0.1375 0.475
vt 0.2375 0.475
vt 0.2375 0.275
vt 0.1375 0.275
vt 0.1375 0.475
vt 0.2375 0.275
vt 0.1375 0.475
vt 0.2375 0.475
vt 0.2375 0.275
vt 0.1375 0.275
vt 0.1375 0.475
vt 0.2375 0.275
vt 0.1375 0.475
vt 0.2375 0.475
vt 0.2375 0.275
vt 0.1375 0.275
vt 0.1375 0.475
vt 0.1875 0.475
vt 0.1875 0.275
vt 0.1375 0.275
vt 0.1875 0.475
vt 0.1875 0.275
vt 0.1875 0.475
vt 0.2375 0.475
vt 0.2375 0.275
vt 0.1875 0.275
vt 0.2375 0.475
vt 0.1375 0.275
vt 0.1375 0.475
vt 0.1875 0.475
vt 0.1875 0.275
vt 0.1375 0.275
vt 0.1875 0.475
vt 0.1875 0.275
vt 0.1875 0.475
vt 0.2375 0.475
vt 0.2375 0.275
vt 0.1875 0.275
vt 0.2375 0.475
vt 0.1375 0.275
vt 0.1375 0.475
vt 0.1875 0.275
vt 0.1375 0.475
vt 0.1875 0.475
vt 0.1875 0.275
vt 0.1875 0.275
vt 0.1875 0.475
vt 0.2375 0.275
vt 0.1875 0.475
vt 0.2375 0.475
vt 0.2375 0.275
vt 0.1375 0.275
vt 0.1375 0.475
vt 0.1875 0.275
vt 0.1375 0.475
vt 0.1875 0.475
vt 0.1875 0.275
vt 0.1875 0.275
vt 0.1875 0.475
vt 0.2375 0.275
vt 0.1875 0.475
vt 0.2375 0.475
vt 0.2375 0.275
vt 0.1875 0.275
vt 0.1875 0.475
vt 0.2125 0.475
vt 0.2125 0.275
vt 0.1875 0.275
vt 0.2125 0.475
vt 0.2125 0.275
vt 0.2125 0.475
vt 0.2375 0.475
vt 0.2375 0.275
vt 0.2125 0.275
vt 0.2375 0.475
vt 0.1375 0.275
vt 0.1375 0.475
vt 0.1625 0.475
vt 0.1625 0.275
vt 0.1375 0.275
vt 0.1625 0.475
vt 0.1625 0.275
vt 0.1625 0.475
vt 0.1875 0.475
vt 0.1875 0.275
vt 0.1625 0.275
vt 0.1875 0.475
vt 0.1875 0.275
vt 0.1875 0.475
vt 0.2125 0.275
vt 0.1875 0.475
vt 0.2125 0.475
vt 0.2125 0.275
vt 0.2125 0.275
vt 0.2125 0.475
vt 0.2375 0.275
vt 0.2125 0.475
vt 0.2375 0.475
vt 0.2375 0.275
vt 0.1375 0.275
vt 0.1375 0.475
vt 0.1625 0.275
vt 0.1375 0.475
vt 0.1625 0.475
vt 0.1625 0.275
vt 0.1625 0.275
vt 0.1625 0.475
vt 0.1875 0.275
vt 0.1625 0.475
vt 0.1875 0.475
vt 0.1875 0.275
vt 0.3875 0.775
vt 0.3875 0.975
vt 0.4375 0.975
vt 0.4375 0.775
vt 0.3875 0.775
vt 0.4375 0.975
vt 0.4375 0.775
vt 0.4375 0.975
vt 0.4875 0.975
vt 0.4875 0.775
vt 0.4375 0.775
vt 0.4875 0.975
vt 0.3875 0.775
vt 0.3875 0.975
vt 0.4375 0.975
vt 0.4375 0.775
vt 0.3875 0.775
vt 0.4375 0.975
vt 0.4375 0.775
vt 0.4375 0.975
vt 0.4875 0.975
vt 0.4875 0.775
vt 0.4375 0.775
vt 0.4875 0.975
vt 0.3875 0.775
vt 0.3875 0.975
vt 0.4375 0.775
vt 0.3875 0.975
vt 0.4375 0.975
vt 0.4375 0.775
vt 0.4375 0.775
vt 0.4375 0.975
vt 0.4875 0.775
vt 0.4375 0.975
vt 0.4875 0.975
vt 0.4875 0.775
vt 0.3875 0.775
vt 0.3875 0.975
vt 0.4375 0.775
vt 0.3875 0.975
vt 0.4375 0.975
vt 0.4375 0.775
vt 0.4375 0.775
vt 0.4375 0.975
vt 0.4875 0.775
vt 0.4375 0.975
vt 0.4875 0.975
vt 0.4875 0.775
vt 0.5625 0.775
vt 0.5625 0.975
vt 0.5875 0.975
vt 0.5875 0.775
vt 0.5625 0.775
vt 0.5875 0.975
vt 0.5875 0.775
vt 0.5875 0.975
vt 0.6125 0.975
vt 0.6125 0.775
vt 0.5875 0.775
vt 0.6125 0.975
vt 0.5125 0.775
vt 0.5125 0.975
vt 0.5375 0.975
vt 0.5375 0.775
vt 0.5125 0.775
vt 0.5375 0.975
vt 0.5375 0.775
vt 0.5375 0.975
vt 0.5625 0.975
vt 0.5625 0.775
vt 0.5375 0.775
vt 0.5625 0.975
vt 0.5625 0.775
vt 0.5625 0.975
vt 0.5875 0.775
vt 0.5625 0.975
vt 0.5875 0.975
vt 0.5875 0.775
vt 0.5875 0.775
vt 0.5875 0.975
vt 0.6125 0.775
vt 0.5875 0.975
vt 0.6125 0.975
vt 0.6125 0.775
vt 0.5125 0.775
vt 0.5125 0.975
vt 0.5375 0.775
vt 0.5125 0.975
vt 0.5375 0.975
vt 0.5375 0.775
vt 0.5375 0.775
vt 0.5375 0.975
vt 0.5625 0.775
vt 0.5375 0.975
vt 0.5625 0.975
vt 0.5625 0.775
vt 0.3875 0.525
vt 0.3875 0.725
vt 0.4375 0.725
vt 0.4375 0.525
vt 0.3875 0.525
vt 0.4375 0.725
vt 0.4375 0.525
vt 0.4375 0.725
vt 0.4875 0.725
vt 0.4875 0.525
vt 0.4375 0.525
vt 0.4875 0.725
vt 0.3875 0.525
vt 0.3875 0.725
vt 0.4375 0.725
vt 0.4375 0.525
vt 0.3875 0.525
vt 0.4375 0.725
vt 0.4375 0.525
vt 0.4375 0.725
vt 0.4875 0.725
vt 0.4875 0.525
vt 0.4375 0.525
vt 0.4875 0.725
vt 0.3875 0.525
vt 0.3875 0.725
vt 0.4375 0.525
vt 0.3875 0.725
vt 0.4375 0.725
vt 0.4375 0.525
vt 0.4375 0.525
vt 0.4375 0.725
vt 0.4875 0.525
vt 0.4375 0.725
vt 0.4875 0.725
vt 0.4875 0.525
vt 0.3875 0.525
vt 0.3875 0.725
vt 0.4375 0.525
vt 0.3875 0.725
vt 0.4375 0.725
vt 0.4375 0.525
vt 0.4375 0.525
vt 0.4375 0.725
vt 0.4875 0.525
vt 0.4375 0.725
vt 0.4875 0.725
vt 0.4875 0.525
vt 0.5125 0.775
vt 0.5125 0.975
vt 0.5625 0.975
vt 0.5625 0.775
vt 0.5125 0.775
vt 0.5625 0.975
vt 0.5625 0.775
vt 0.5625 0.975
vt 0.6125 0.975
vt 0.6125 0.775
vt 0.5625 0.775
vt 0.6125 0.975
vt 0.5125 0.775
vt 0.5125 0.975
vt 0.5625 0.975
vt 0.5625 0.775
vt 0.5125 0.775
vt 0.5625 0.975
vt 0.5625 0.775
vt 0.5625 0.975
vt 0.6125 0.975
vt 0.6125 0.775
vt 0.5625 0.775
vt 0.6125 0.975
vt 0.5125 0.775
vt 0.5125 0.975
vt 0.5625 0.775
vt 0.5125 0.975
vt 0.5625 0.975
vt 0.5625 0.775
vt 0.5625 0.775
vt 0.5625 0.975
vt 0.6125 0.775
vt 0.5625 0.975
vt 0.6125 0.975
vt 0.6125 0.775
vt 0.5125 0.775
vt 0.5125 0.975
vt 0.5625 0.775
vt 0.5125 0.975
vt 0.5625 0.975
vt 0.5625 0.775
vt 0.5625 0.775
vt 0.5625 0.975
vt 0.6125 0.775
vt 0.5625 0.975
vt 0.6125 0.975
vt 0.6125 0.775
vt 0.5125 0.775
vt 0.5125 0.975
vt 0.5625 0.975
vt 0.5625 0.775
vt 0.5125 0.775
vt 0.5625 0.975
vt 0.5625 0.775
vt 0.5625 0.975
vt 0.6125 0.975
vt 0.6125 0.775
vt 0.5625 0.775
vt 0.6125 0.975
vt 0.5125 0.775
vt 0.5125 0.975
vt 0.5625 0.975
vt 0.5625 0.775
vt 0.5125 0.775
vt 0.5625 0.975
vt 0.5625 0.775
vt 0.5625 0.975
vt 0.6125 0.975
vt 0.6125 0.775
vt 0.5625 0.775
vt 0.6125 0.975
vt 0.5125 0.775
vt 0.5125 0.975
vt 0.5625 0.775
vt 0.5125 0.975
vt 0.5625 0.975
vt 0.5625 0.775
vt 0.5625 0.775
vt 0.5625 0.975
vt 0.6125 0.775
vt 0.5625 0.975
vt 0.6125 0.975
vt 0.6125 0.775
vt 0.5125 0.775
vt 0.5125 0.975
vt 0.5625 0.775
vt 0.5125 0.975
vt 0.5625 0.975
vt 0.5625 0.775
vt 0.5625 0.775
vt 0.5625 0.975
vt 0.6125 0.775
vt 0.5625 0.975
vt 0.6125 0.975
vt 0.6125 0.775
vt 0.26 0.525
vt 0.26 0.725
vt 0.285 0.725
vt 0.285 0.525
vt 0.26 0.525
vt 0.285 0.725
vt 0.285 0.525
vt 0.285 0.725
vt 0.31 0.725
vt 0.31 0.525
vt 0.285 0.525
vt 0.31 0.725
vt 0.31 0.525
vt 0.31 0.725
vt 0.335 0.725
vt 0.335 0.525
vt 0.31 0.525
vt 0.335 0.725
vt 0.335 0.525
vt 0.335 0.725
vt 0.36 0.725
vt 0.36 0.525
vt 0.335 0.525
vt 0.36 0.725
vt 0.26 0.525
vt 0.26 0.725
vt 0.285 0.725
vt 0.285 0.525
vt 0.26 0.525
vt 0.285 0.725
vt 0.285 0.525
vt 0.285 0.725
vt 0.31 0.725
vt 0.31 0.525
vt 0.285 0.525
vt 0.31 0.725
vt 0.31 0.525
vt 0.31 0.725
vt 0.335 0.725
vt 0.335 0.525
vt 0.31 0.525
vt 0.335 0.725
vt 0.335 0.525
vt 0.335 0.725
vt 0.36 0.725
vt 0.36 0.525
vt 0.335 0.525
vt 0.36 0.725
vt 0.26 0.525
vt 0.26 0.725
vt 0.285 0.725
vt 0.285 0.525
vt 0.26 0.525
vt 0.285 0.725
vt 0.285 0.525
vt 0.285 0.725
vt 0.31 0.725
vt 0.31 0.525
vt 0.285 0.525
vt 0.31 0.725
vt 0.31 0.525
vt 0.31 0.725
vt 0.335 0.725
vt 0.335 0.525
vt 0.31 0.525
vt 0.335 0.725
vt 0.335 0.525
vt 0.335 0.725
vt 0.36 0.725
vt 0.36 0.525
vt 0.335 0.525
vt 0.36 0.725
vt 0.26 0.525
vt 0.26 0.725
vt 0.285 0.725
vt 0.285 0.525
vt 0.26 0.525
vt 0.285 0.725
vt 0.285 0.525
vt 0.285 0.725
vt 0.31 0.725
vt 0.31 0.525
vt 0.285 0.525
vt 0.31 0.725
vt 0.31 0.525
vt 0.31 0.725
vt 0.335 0.725
vt 0.335 0.525
vt 0.31 0.525
vt 0.335 0.725
vt 0.335 0.525
vt 0.335 0.725
vt 0.36 0.725
vt 0.36 0.525
vt 0.335 0.525
vt 0.36 0.725
vt 0.26 0.525
vt 0.26 0.725
vt 0.285 0.725
vt 0.285 0.525
vt 0.26 0.525
vt 0.285 0.725
vt 0.285 0.525
vt 0.285 0.725
vt 0.31 0.725
vt 0.31 0.525
vt 0.285 0.525
vt 0.31 0.725
vt 0.31 0.525
vt 0.31 0.725
vt 0.335 0.725
vt 0.335 0.525
vt 0.31 0.525
vt 0.335 0.725
vt 0.335 0.525
vt 0.335 0.725
vt 0.36 0.725
vt 0.36 0.525
vt 0.335 0.525
vt 0.36 0.725
vt 0.26 0.525
vt 0.26 0.725
vt 0.285 0.725
vt 0.285 0.525
vt 0.26 0.525
vt 0.285 0.725
vt 0.285 0.525
vt 0.285 0.725
vt 0.31 0.725
vt 0.31 0.525
vt 0.285 0.525
vt 0.31 0.725
vt 0.31 0.525
vt 0.31 0.725
vt 0.335 0.725
vt 0.335 0.525
vt 0.31 0.525
vt 0.335 0.725
vt 0.335 0.525
vt 0.335 0.725
vt 0.36 0.725
vt 0.36 0.525
vt 0.335 0.525
vt 0.36 0.725
vt 0.26 0.525
vt 0.26 0.725
vt 0.285 0.725
vt 0.285 0.525
vt 0.26 0.525
vt 0.285 0.725
vt 0.285 0.525
vt 0.285 0.725
vt 0.31 0.725
vt 0.31 0.525
vt 0.285 0.525
vt 0.31 0.725
vt 0.31 0.525
vt 0.31 0.725
vt 0.335 0.725
vt 0.335 0.525
vt 0.31 0.525
vt 0.335 0.725
vt 0.335 0.525
vt 0.335 0.725
vt 0.36 0.725
vt 0.36 0.525
vt 0.335 0.525
vt 0.36 0.725
vt 0.26 0.525
vt 0.26 0.725
vt 0.285 0.725
vt 0.285 0.525
vt 0.26 0.525
vt 0.285 0.725
vt 0.285 0.525
vt 0.285 0.725
vt 0.31 0.725
vt 0.31 0.525
vt 0.285 0.525
vt 0.31 0.725
vt 0.31 0.525
vt 0.31 0.725
vt 0.335 0.725
vt 0.335 0.525
vt 0.31 0.525
vt 0.335 0.725
vt 0.335 0.525
vt 0.335 0.725
vt 0.36 0.725
vt 0.36 0.525
vt 0.335 0.525
vt 0.36 0.725
vt 0.26 0.525
vt 0.26 0.725
vt 0.285 0.725
vt 0.285 0.525
vt 0.26 0.525
vt 0.285 0.725
vt 0.285 0.525
vt 0.285 0.725
vt 0.31 0.725
vt 0.31 0.525
vt 0.285 0.525
vt 0.31 0.725
vt 0.31 0.525
vt 0.31 0.725
vt 0.335 0.725
vt 0.335 0.525
vt 0.31 0.525
vt 0.335 0.725
vt 0.335 0.525
vt 0.335 0.725
vt 0.36 0.725
vt 0.36 0.525
vt 0.335 0.525
vt 0.36 0.725
vt 0.26 0.525
vt 0.26 0.725
vt 0.285 0.725
vt 0.285 0.525
vt 0.26 0.525
vt 0.285 0.725
vt 0.285 0.525
vt 0.285 0.725
vt 0.31 0.725
vt 0.31 0.525
vt 0.285 0.525
vt 0.31 0.725
vt 0.31 0.525
vt 0.31 0.725
vt 0.335 0.725
vt 0.335 0.525
vt 0.31 0.525
vt 0.335 0.725
vt 0.335 0.525
vt 0.335 0.725
vt 0.36 0.725
vt 0.36 0.525
vt 0.335 0.525
vt 0.36 0.725
vt 0.26 0.525
vt 0.26 0.725
vt 0.285 0.725
vt 0.285 0.525
vt 0.26 0.525
vt 0.285 0.725
vt 0.285 0.525
vt 0.285 0.725
vt 0.31 0.725
vt 0.31 0.525
vt 0.285 0.525
vt 0.31 0.725
vt 0.31 0.525
vt 0.31 0.725
vt 0.335 0.725
vt 0.335 0.525
vt 0.31 0.525
vt 0.335 0.725
vt 0.335 0.525
vt 0.335 0.725
vt 0.36 0.725
vt 0.36 0.525
vt 0.335 0.525
vt 0.36 0.725
vt 0.26 0.525
vt 0.26 0.725
vt 0.285 0.725
vt 0.285 0.525
vt 0.26 0.525
vt 0.285 0.725
vt 0.285 0.525
vt 0.285 0.725
vt 0.31 0.725
vt 0.31 0.525
vt 0.285 0.525
vt 0.31 0.725
vt 0.31 0.525
vt 0.31 0.725
vt 0.335 0.725
vt 0.335 0.525
vt 0.31 0.525
vt 0.335 0.725
vt 0.335 0.525
vt 0.335 0.725
vt 0.36 0.725
vt 0.36 0.525
vt 0.335 0.525
vt 0.36 0.725
vt 0.26 0.525
vt 0.26 0.725
vt 0.285 0.725
vt 0.285 0.525
vt 0.26 0.525
vt 0.285 0.725
vt 0.285 0.525
vt 0.285 0.725
vt 0.31 0.725
vt 0.31 0.525
vt 0.285 0.525
vt 0.31 0.725
vt 0.31 0.525
vt 0.31 0.725
vt 0.335 0.725
vt 0.335 0.525
vt 0.31 0.525
vt 0.335 0.725
vt 0.335 0.525
vt 0.335 0.725
vt 0.36 0.725
vt 0.36 0.525
vt 0.335 0.525
vt 0.36 0.725
vt 0.26 0.525
vt 0.26 0.725
vt 0.285 0.725
vt 0.285 0.525
vt 0.26 0.525
vt 0.285 0.725
vt 0.285 0.525
vt 0.285 0.725
vt 0.31 0.725
vt 0.31 0.525
vt 0.285 0.525
vt 0.31 0.725
vt 0.31 0.525
vt 0.31 0.725
vt 0.335 0.725
vt 0.335 0.525
vt 0.31 0.525
vt 0.335 0.725
vt 0.335 0.525
vt 0.335 0.725
vt 0.36 0.725
vt 0.36 0.525
vt 0.335 0.525
vt 0.36 0.725
vt 0.26 0.525
vt 0.26 0.725
vt 0.285 0.725
vt 0.285 0.525
vt 0.26 0.525
vt 0.285 0.725
vt 0.285 0.525
vt 0.285 0.725
vt 0.31 0.725
vt 0.31 0.525
vt 0.285 0.525
vt 0.31 0.725
vt 0.31 0.525
vt 0.31 0.725
vt 0.335 0.725
vt 0.335 0.525
vt 0.31 0.525
vt 0.335 0.725
vt 0.335 0.525
vt 0.335 0.725
vt 0.36 0.725
vt 0.36 0.525
vt 0.335 0.525
vt 0.36 0.725
vt 0.26 0.525
vt 0.26 0.725
vt 0.285 0.725
vt 0.285 0.525
vt 0.26 0.525
vt 0.285 0.725
vt 0.285 0.525
vt 0.285 0.725
vt 0.31 0.725
vt 0.31 0.525
vt 0.285 0.525
vt 0.31 0.725
vt 0.31 0.525
vt 0.31 0.725
vt 0.335 0.725
vt 0.335 0.525
vt 0.31 0.525
vt 0.335 0.725
vt 0.335 0.525
vt 0.335 0.725
vt 0.36 0.725
vt 0.36 0.525
vt 0.335 0.525
vt 0.36 0.725
vt 0.26 0.525
vt 0.26 0.725
vt 0.285 0.725
vt 0.285 0.525
vt 0.26 0.525
vt 0.285 0.725
vt 0.285 0.525
vt 0.285 0.725
vt 0.31 0.725
vt 0.31 0.525
vt 0.285 0.525
vt 0.31 0.725
vt 0.31 0.525
vt 0.31 0.725
vt 0.335 0.725
vt 0.335 0.525
vt 0.31 0.525
vt 0.335 0.725
vt 0.335 0.525
vt 0.335 0.725
vt 0.36 0.725
vt 0.36 0.525
vt 0.335 0.525
vt 0.36 0.725
vt 0.26 0.525
vt 0.26 0.725
vt 0.285 0.725
vt 0.285 0.525
vt 0.26 0.525
vt 0.285 0.725
vt 0.285 0.525
vt 0.285 0.725
vt 0.31 0.725
vt 0.31 0.525
vt 0.285 0.525
vt 0.31 0.725
vt 0.31 0.525
vt 0.31 0.725
vt 0.335 0.725
vt 0.335 0.525
vt 0.31 0.525
vt 0.335 0.725
vt 0.335 0.525
vt 0.335 0.725
vt 0.36 0.725
vt 0.36 0.525
vt 0.335 0.525
vt 0.36 0.725
vt 0.26 0.525
vt 0.26 0.725
vt 0.285 0.725
vt 0.285 0.525
vt 0.26 0.525
vt 0.285 0.725
vt 0.285 0.525
vt 0.285 0.725
vt 0.31 0.725
vt 0.31 0.525
vt 0.285 0.525
vt 0.31 0.725
vt 0.31 0.525
vt 0.31 0.725
vt 0.335 0.725
vt 0.335 0.525
vt 0.31 0.525
vt 0.335 0.725
vt 0.335 0.525
vt 0.335 0.725
vt 0.36 0.725
vt 0.36 0.525
vt 0.335 0.525
vt 0.36 0.725
vt 0.26 0.525
vt 0.26 0.725
vt 0.285 0.725
vt 0.285 0.525
vt 0.26 0.525
vt 0.285 0.725
vt 0.285 0.525
vt 0.285 0.725
vt 0.31 0.725
vt 0.31 0.525
vt 0.285 0.525
vt 0.31 0.725
vt 0.31 0.525
vt 0.31 0.725
vt 0.335 0.725
vt 0.335 0.525
vt 0.31 0.525
vt 0.335 0.725
vt 0.335 0.525
vt 0.335 0.725
vt 0.36 0.725
vt 0.36 0.525
vt 0.335 0.525
vt 0.36 0.725
vt 0.26 0.525
vt 0.26 0.725
vt 0.285 0.725
vt 0.285 0.525
vt 0.26 0.525
vt 0.285 0.725
vt 0.285 0.525
vt 0.285 0.725
vt 0.31 0.725
vt 0.31 0.525
vt 0.285 0.525
vt 0.31 0.725
vt 0.31 0.525
vt 0.31 0.725
vt 0.335 0.725
vt 0.335 0.525
vt 0.31 0.525
vt 0.335 0.725
vt 0.335 0.525
vt 0.335 0.725
vt 0.36 0.725
vt 0.36 0.525
vt 0.335 0.525
vt 0.36 0.725
vt 0.26 0.525
vt 0.26 0.725
vt 0.285 0.725
vt 0.285 0.525
vt 0.26 0.525
vt 0.285 0.725
vt 0.285 0.525
vt 0.285 0.725
vt 0.31 0.725
vt 0.31 0.525
vt 0.285 0.525
vt 0.31 0.725
vt 0.31 0.525
vt 0.31 0.725
vt 0.335 0.725
vt 0.335 0.525
vt 0.31 0.525
vt 0.335 0.725
vt 0.335 0.525
vt 0.335 0.725
vt 0.36 0.725
vt 0.36 0.525
vt 0.335 0.525
vt 0.36 0.725
vt 0.26 0.525
vt 0.26 0.725
vt 0.285 0.725
vt 0.285 0.525
vt 0.26 0.525
vt 0.285 0.725
vt 0.285 0.525
vt 0.285 0.725
vt 0.31 0.725
vt 0.31 0.525
vt 0.285 0.525
vt 0.31 0.725
vt 0.31 0.525
vt 0.31 0.725
vt 0.335 0.725
vt 0.335 0.525
vt 0.31 0.525
vt 0.335 0.725
vt 0.335 0.525
vt 0.335 0.725
vt 0.36 0.725
vt 0.36 0.525
vt 0.335 0.525
vt 0.36 0.725
vt 0.26 0.525
vt 0.26 0.725
vt 0.285 0.725
vt 0.285 0.525
vt 0.26 0.525
vt 0.285 0.725
vt 0.285 0.525
vt 0.285 0.725
vt 0.31 0.725
vt 0.31 0.525
vt 0.285 0.525
vt 0.31 0.725
vt 0.31 0.525
vt 0.31 0.725
vt 0.335 0.725
vt 0.335 0.525
vt 0.31 0.525
vt 0.335 0.725
vt 0.335 0.525
vt 0.335 0.725
vt 0.36 0.725
vt 0.36 0.525
vt 0.335 0.525
vt 0.36 0.725
vt 0.1375 0.275
vt 0.1375 0.395
vt 0.2375 0.275
vt 0.2375 0.275
vt 0.1375 0.395
vt 0.2375 0.395
vt 0.1375 0.395
vt 0.1375 0.475
vt 0.2375 0.395
vt 0.2375 0.395
vt 0.1375 0.475
vt 0.2375 0.475
vt 0.1375 0.275
vt 0.2375 0.275
vt 0.1375 0.395
vt 0.2375 0.275
vt 0.2375 0.395
vt 0.1375 0.395
vt 0.1375 0.395
vt 0.2375 0.395
vt 0.1375 0.475
vt 0.2375 0.395
vt 0.2375 0.475
vt 0.1375 0.475
vt 0.1375 0.275
vt 0.1375 0.395
vt 0.2375 0.275
vt 0.2375 0.275
vt 0.1375 0.395
vt 0.2375 0.395
vt 0.1375 0.395
vt 0.1375 0.475
vt 0.2375 0.395
vt 0.2375 0.395
vt 0.1375 0.475
vt 0.2375 0.475
vt 0.1375 0.275
vt 0.2375 0.275
vt 0.1375 0.395
vt 0.2375 0.275
vt 0.2375 0.395
vt 0.1375 0.395
vt 0.1375 0.395
vt 0.2375 0.395
vt 0.1375 0.475
vt 0.2375 0.395
vt 0.2375 0.475
vt 0.1375 0.475
vt 0.1375 0.275
vt 0.1375 0.395
vt 0.2375 0.275
vt 0.2375 0.275
vt 0.1375 0.395
vt 0.2375 0.395
vt 0.1375 0.395
vt 0.1375 0.475
vt 0.2375 0.395
vt 0.2375 0.395
vt 0.1375 0.475
vt 0.2375 0.475
vt 0.1375 0.275
vt 0.2375 0.275
vt 0.1375 0.395
vt 0.2375 0.275
vt 0.2375 0.395
vt 0.1375 0.395
vt 0.1375 0.395
vt 0.2375 0.395
vt 0.1375 0.475
vt 0.2375 0.395
vt 0.2375 0.475
vt 0.1375 0.475
vt 0.1375 0.275
vt 0.1375 0.395
vt 0.2375 0.275
vt 0.2375 0.275
vt 0.1375 0.395
vt 0.2375 0.395
vt 0.1375 0.395
vt 0.1375 0.475
vt 0.2375 0.395
vt 0.2375 0.395
vt 0.1375 0.475
vt 0.2375 0.475
vt 0.1375 0.275
vt 0.2375 0.275
vt 0.1375 0.395
vt 0.2375 0.275
vt 0.2375 0.395
vt 0.1375 0.395
vt 0.1375 0.395
vt 0.2375 0.395
vt 0.1375 0.475
vt 0.2375 0.395
vt 0.2375 0.475
vt 0.1375 0.475
vt 0.1375 0.275
vt 0.1375 0.395
vt 0.2375 0.275
vt 0.2375 0.275
vt 0.1375 0.395
vt 0.2375 0.475
vt 0.1375 0.395
vt 0.1375 0.475
vt 0.2375 0.475
vt 0.1375 0.275
vt 0.2375 0.275
vt 0.1375 0.395
vt 0.2375 0.275
vt 0.2375 0.475
vt 0.1375 0.395
vt 0.1375 0.395
vt 0.2375 0.475
vt 0.1375 0.475
vt 0.1375 0.395
vt 0.1375 0.275
vt 0.2375 0.275
vt 0.1375 0.395
vt 0.2375 0.275
vt 0.2375 0.395
vt 0.1375 0.475
vt 0.1375 0.395
vt 0.2375 0.395
vt 0.1375 0.475
vt 0.2375 0.395
vt 0.2375 0.475
vt 0.1375 0.395
vt 0.2375 0.275
vt 0.1375 0.275
vt 0.1375 0.395
vt 0.2375 0.395
vt 0.2375 0.275
vt 0.1375 0.475
vt 0.2375 0.395
vt 0.1375 0.395
vt 0.1375 0.475
vt 0.2375 0.475
vt 0.2375 0.395
vt 0.1375 0.395
vt 0.1375 0.275
vt 0.2375 0.275
vt 0.1375 0.395
vt 0.2375 0.275
vt 0.2375 0.395
vt 0.1375 0.475
vt 0.1375 0.395
vt 0.2375 0.395
vt 0.1375 0.475
vt 0.2375 0.395
vt 0.2375 0.475
vt 0.1375 0.395
vt 0.2375 0.275
vt 0.1375 0.275
vt 0.1375 0.395
vt 0.2375 0.395
vt 0.2375 0.275
vt 0.1375 0.475
vt 0.2375 0.395
vt 0.1375 0.395
vt 0.1375 0.475
vt 0.2375 0.475
vt 0.2375 0.395
vt 0.1375 0.395
vt 0.1375 0.275
vt 0.2375 0.275
vt 0.1375 0.395
vt 0.2375 0.275
vt 0.2375 0.395
vt 0.1375 0.475
vt 0.1375 0.395
vt 0.2375 0.395
vt 0.1375 0.475
vt 0.2375 0.395
vt 0.2375 0.475
vt 0.1375 0.395
vt 0.2375 0.275
vt 0.1375 0.275
vt 0.1375 0.395
vt 0.2375 0.395
vt 0.2375 0.275
vt 0.1375 0.475
vt 0.2375 0.395
vt 0.1375 0.395
vt 0.1375 0.475
vt 0.2375 0.475
vt 0.2375 0.395
vt 0.1375 0.395
vt 0.1375 0.275
vt 0.2375 0.275
vt 0.1375 0.395
vt 0.2375 0.275
vt 0.2375 0.395
vt 0.1375 0.475
vt 0.1375 0.395
vt 0.2375 0.395
vt 0.1375 0.475
vt 0.2375 0.395
vt 0.2375 0.475
vt 0.1375 0.395
vt 0.2375 0.275
vt 0.1375 0.275
vt 0.1375 0.395
vt 0.2375 0.395
vt 0.2375 0.275
vt 0.1375 0.475
vt 0.2375 0.395
vt 0.1375 0.395
vt 0.1375 0.475
vt 0.2375 0.475
vt 0.2375 0.395
vt 0.1375 0.395
vt 0.1375 0.275
vt 0.2375 0.275
vt 0.1375 0.395
vt 0.2375 0.275
vt 0.2375 0.475
vt 0.1375 0.475
vt 0.1375 0.395
vt 0.2375 0.475
vt 0.1375 0.395
vt 0.2375 0.275
vt 0.1375 0.275
vt 0.1375 0.395
vt 0.2375 0.475
vt 0.2375 0.275
vt 0.1375 0.475
vt 0.2375 0.475
vt 0.1375 0.395
vt 0.1375 0.275
vt 0.1375 0.395
vt 0.2375 0.275
vt 0.2375 0.275
vt 0.1375 0.395
vt 0.2375 0.395
vt 0.1375 0.395
vt 0.1375 0.475
vt 0.2375 0.395
vt 0.2375 0.395
vt 0.1375 0.475
vt 0.2375 0.475
vt 0.1375 0.275
vt 0.2375 0.275
vt 0.1375 0.395
vt 0.2375 0.275
vt 0.2375 0.395
vt 0.1375 0.395
vt 0.1375 0.395
vt 0.2375 0.395
vt 0.1375 0.475
vt 0.2375 0.395
vt 0.2375 0.475
vt 0.1375 0.475
vt 0.1375 0.275
vt 0.1375 0.395
vt 0.2375 0.275
vt 0.2375 0.275
vt 0.1375 0.395
vt 0.2375 0.395
vt 0.1375 0.395
vt 0.1375 0.475
vt 0.2375 0.395
vt 0.2375 0.395
vt 0.1375 0.475
vt 0.2375 0.475
vt 0.1375 0.275
vt 0.2375 0.275
vt 0.1375 0.395
vt 0.2375 0.275
vt 0.2375 0.395
vt 0.1375 0.395
vt 0.1375 0.395
vt 0.2375 0.395
vt 0.1375 0.475
vt 0.2375 0.395
vt 0.2375 0.475
vt 0.1375 0.475
vt 0.1375 0.275
vt 0.1375 0.395
vt 0.2375 0.275
vt 0.2375 0.275
vt 0.1375 0.395
vt 0.2375 0.395
vt 0.1375 0.395
vt 0.1375 0.475
vt 0.2375 0.395
vt 0.2375 0.395
vt 0.1375 0.475
vt 0.2375 0.475
vt 0.1375 0.275
vt 0.2375 0.275
vt 0.1375 0.395
vt 0.2375 0.275
vt 0.2375 0.395
vt 0.1375 0.395
vt 0.1375 0.395
vt 0.2375 0.395
vt 0.1375 0.475
vt 0.2375 0.395
vt 0.2375 0.475
vt 0.1375 0.475
vt 0.1375 0.275
vt 0.1375 0.395
vt 0.2375 0.275
vt 0.2375 0.275
vt 0.1375 0.395
vt 0.2375 0.395
vt 0.1375 0.395
vt 0.1375 0.475
vt 0.2375 0.395
vt 0.2375 0.395
vt 0.1375 0.475
vt 0.2375 0.475
vt 0.1375 0.275
vt 0.2375 0.275
vt 0.1375 0.395
vt 0.2375 0.275
vt 0.2375 0.395
vt 0.1375 0.395
vt 0.1375 0.395
vt 0.2375 0.395
vt 0.1375 0.475
vt 0.2375 0.395
vt 0.2375 0.475
vt 0.1375 0.475
vt 0.1375 0.275
vt 0.1375 0.395
vt 0.2375 0.275
vt 0.2375 0.275
vt 0.1375 0.395
vt 0.2375 0.475
vt 0.1375 0.395
vt 0.1375 0.475
vt 0.2375 0.475
vt 0.1375 0.275
vt 0.2375 0.275
vt 0.1375 0.395
vt 0.2375 0.275
vt 0.2375 0.475
vt 0.1375 0.395
vt 0.1375 0.395
vt 0.2375 0.475
vt 0.1375 0.475
vt 0.1375 0.395
vt 0.1375 0.275
vt 0.2375 0.275
vt 0.1375 0.395
vt 0.2375 0.275
vt 0.2375 0.395
vt 0.1375 0.475
vt 0.1375 0.395
vt 0.2375 0.395
vt 0.1375 0.475
vt 0.2375 0.395
vt 0.2375 0.475
vt 0.1375 0.395
vt 0.2375 0.275
vt 0.1375 0.275
vt 0.1375 0.395
vt 0.2375 0.395
vt 0.2375 0.275
vt 0.1375 0.475
vt 0.2375 0.395
vt 0.1375 0.395
vt 0.1375 0.475
vt 0.2375 0.475
vt 0.2375 0.395
vt 0.1375 0.395
vt 0.1375 0.275
vt 0.2375 0.275
vt 0.1375 0.395
vt 0.2375 0.275
vt 0.2375 0.395
vt 0.1375 0.475
vt 0.1375 0.395
vt 0.2375 0.395
vt 0.1375 0.475
vt 0.2375 0.395
vt 0.2375 0.475
vt 0.1375 0.395
vt 0.2375 0.275
vt 0.1375 0.275
vt 0.1375 0.395
vt 0.2375 0.395
vt 0.2375 0.275
vt 0.1375 0.475
vt 0.2375 0.395
vt 0.1375 0.395
vt 0.1375 0.475
vt 0.2375 0.475
vt 0.2375 0.395
vt 0.1375 0.395
vt 0.1375 0.275
vt 0.2375 0.275
vt 0.1375 0.395
vt 0.2375 0.275
vt 0.2375 0.395
vt 0.1375 0.475
vt 0.1375 0.395
vt 0.2375 0.395
vt 0.1375 0.475
vt 0.2375 0.395
vt 0.2375 0.475
vt 0.1375 0.395
vt 0.2375 0.275
vt 0.1375 0.275
vt 0.1375 0.395
vt 0.2375 0.395
vt 0.2375 0.275
vt 0.1375 0.475
vt 0.2375 0.395
vt 0.1375 0.395
vt 0.1375 0.475
vt 0.2375 0.475
vt 0.2375 0.395
vt 0.1375 0.395
vt 0.1375 0.275
vt 0.2375 0.275
vt 0.1375 0.395
vt 0.2375 0.275
vt 0.2375 0.395
vt 0.1375 0.475
vt 0.1375 0.395
vt 0.2375 0.395
vt 0.1375 0.475
vt 0.2375 0.395
vt 0.2375 0.475
vt 0.1375 0.395
vt 0.2375 0.275
vt 0.1375 0.275
vt 0.1375 0.395
vt 0.2375 0.395
vt 0.2375 0.275
vt 0.1375 0.475
vt 0.2375 0.395
vt 0.1375 0.395
vt 0.1375 0.475
vt 0.2375 0.475
vt 0.2375 0.395
vt 0.1375 0.395
vt 0.1375 0.275
vt 0.2375 0.275
vt 0.1375 0.395
vt 0.2375 0.275
vt 0.2375 0.475
vt 0.1375 0.475
vt 0.1375 0.395
vt 0.2375 0.475
vt 0.1375 0.395
vt 0.2375 0.275
vt 0.1375 0.275
vt 0.1375 0.395
vt 0.2375 0.475
vt 0.2375 0.275
vt 0.1375 0.475
vt 0.2375 0.475
vt 0.1375 0.395
vt 0.1375 0.275
vt 0.1375 0.395
vt 0.2375 0.275
vt 0.2375 0.275
vt 0.1375 0.395
vt 0.2375 0.395
vt 0.1375 0.395
vt 0.1375 0.475
vt 0.2375 0.395
vt 0.2375 0.395
vt 0.1375 0.475
vt 0.2375 0.475
vt 0.1375 0.275
vt 0.2375 0.275
vt 0.1375 0.395
vt 0.2375 0.275
vt 0.2375 0.395
vt 0.1375 0.395
vt 0.1375 0.395
vt 0.2375 0.395
vt 0.1375 0.475
vt 0.2375 0.395
vt 0.2375 0.475
vt 0.1375 0.475
vt 0.1375 0.275
vt 0.1375 0.395
vt 0.2375 0.275
vt 0.2375 0.275
vt 0.1375 0.395
vt 0.2375 0.395
vt 0.1375 0.395
vt 0.1375 0.475
vt 0.2375 0.395
vt 0.2375 0.395
vt 0.1375 0.475
vt 0.2375 0.475
vt 0.1375 0.275
vt 0.2375 0.275
vt 0.1375 0.395
vt 0.2375 0.275
vt 0.2375 0.395
vt 0.1375 0.395
vt 0.1375 0.395
vt 0.2375 0.395
vt 0.1375 0.475
vt 0.2375 0.395
vt 0.2375 0.475
vt 0.1375 0.475
vt 0.1375 0.275
vt 0.1375 0.395
vt 0.2375 0.275
vt 0.2375 0.275
vt 0.1375 0.395
vt 0.2375 0.395
vt 0.1375 0.395
vt 0.1375 0.475
vt 0.2375 0.395
vt 0.2375 0.395
vt 0.1375 0.475
vt 0.2375 0.475
vt 0.1375 0.275
vt 0.2375 0.275
vt 0.1375 0.395
vt 0.2375 0.275
vt 0.2375 0.395
vt 0.1375 0.395
vt 0.1375 0.395
vt 0.2375 0.395
vt 0.1375 0.475
vt 0.2375 0.395
vt 0.2375 0.475
vt 0.1375 0.475
vt 0.1375 0.275
vt 0.1375 0.395
vt 0.2375 0.275
vt 0.2375 0.275
vt 0.1375 0.395
vt 0.2375 0.395
vt 0.1375 0.395
vt 0.1375 0.475
vt 0.2375 0.395
vt 0.2375 0.395
vt 0.1375 0.475
vt 0.2375 0.475
vt 0.1375 0.275
vt 0.2375 0.275
vt 0.1375 0.395
vt 0.2375 0.275
vt 0.2375 0.395
vt 0.1375 0.395
vt 0.1375 0.395
vt 0.2375 0.395
vt 0.1375 0.475
vt 0.2375 0.395
vt 0.2375 0.475
vt 0.1375 0.475
vt 0.1375 0.275
vt 0.1375 0.395
vt 0.2375 0.275
vt 0.2375 0.275
vt 0.1375 0.395
vt 0.2375 0.475
vt 0.1375 0.395
vt 0.1375 0.475
vt 0.2375 0.475
vt 0.1375 0.275
vt 0.2375 0.275
vt 0.1375 0.395
vt 0.2375 0.275
vt 0.2375 0.475
vt 0.1375 0.395
vt 0.1375 0.395
vt 0.2375 0.475
vt 0.1375 0.475
vt 0.1375 0.395
vt 0.1375 0.275
vt 0.2375 0.275
vt 0.1375 0.395
vt 0.2375 0.275
vt 0.2375 0.395
vt 0.1375 0.475
vt 0.1375 0.395
vt 0.2375 0.395
vt 0.1375 0.475
vt 0.2375 0.395
vt 0.2375 0.475
vt 0.1375 0.395
vt 0.2375 0.275
vt 0.1375 0.275
vt 0.1375 0.395
vt 0.2375 0.395
vt 0.2375 0.275
vt 0.1375 0.475
vt 0.2375 0.395
vt 0.1375 0.395
vt 0.1375 0.475
vt 0.2375 0.475
vt 0.2375 0.395
vt 0.1375 0.395
vt 0.1375 0.275
vt 0.2375 0.275
vt 0.1375 0.395
vt 0.2375 0.275
vt 0.2375 0.395
vt 0.1375 0.475
vt 0.1375 0.395
vt 0.2375 0.395
vt 0.1375 0.475
vt 0.2375 0.395
vt 0.2375 0.475
vt 0.1375 0.395
vt 0.2375 0.275
vt 0.1375 0.275
vt 0.1375 0.395
vt 0.2375 0.395
vt 0.2375 0.275
vt 0.1375 0.475
vt 0.2375 0.395
vt 0.1375 0.395
vt 0.1375 0.475
vt 0.2375 0.475
vt 0.2375 0.395
vt 0.1375 0.395
vt 0.1375 0.275
vt 0.2375 0.275
vt 0.1375 0.395
vt 0.2375 0.275
vt 0.2375 0.395
vt 0.1375 0.475
vt 0.1375 0.395
vt 0.2375 0.395
vt 0.1375 0.475
vt 0.2375 0.395
vt 0.2375 0.475
vt 0.1375 0.395
vt 0.2375 0.275
vt 0.1375 0.275
vt 0.1375 0.395
vt 0.2375 0.395
vt 0.2375 0.275
vt 0.1375 0.475
vt 0.2375 0.395
vt 0.1375 0.395
vt 0.1375 0.475
vt 0.2375 0.475
vt 0.2375 0.395
vt 0.1375 0.395
vt 0.1375 0.275
vt 0.2375 0.275
vt 0.1375 0.395
vt 0.2375 0.275
vt 0.2375 0.395
vt 0.1375 0.475
vt 0.1375 0.395
vt 0.2375 0.395
vt 0.1375 0.475
vt 0.2375 0.395
vt 0.2375 0.475
vt 0.1375 0.395
vt 0.2375 0.275
vt 0.1375 0.275
vt 0.1375 0.395
vt 0.2375 0.395
vt 0.2375 0.275
vt 0.1375 0.475
vt 0.2375 0.395
vt 0.1375 0.395
vt 0.1375 0.475
vt 0.2375 0.475
vt 0.2375 0.395
vt 0.1375 0.395
vt 0.1375 0.275
vt 0.2375 0.275
vt 0.1375 0.395
vt 0.2375 0.275
vt 0.2375 0.475
vt 0.1375 0.475
vt 0.1375 0.395
vt 0.2375 0.475
vt 0.1375 0.395
vt 0.2375 0.275
vt 0.1375 0.275
vt 0.1375 0.395
vt 0.2375 0.475
vt 0.2375 0.275
vt 0.1375 0.475
vt 0.2375 0.475
vt 0.1375 0.395
vt 0.1375 0.275
vt 0.1375 0.395
vt 0.2375 0.275
vt 0.2375 0.275
vt 0.1375 0.395
vt 0.2375 0.395
vt 0.1375 0.395
vt 0.1375 0.475
vt 0.2375 0.395
vt 0.2375 0.395
vt 0.1375 0.475
vt 0.2375 0.475
vt 0.1375 0.275
vt 0.2375 0.275
vt 0.1375 0.395
vt 0.2375 0.275
vt 0.2375 0.395
vt 0.1375 0.395
vt 0.1375 0.395
vt 0.2375 0.395
vt 0.1375 0.475
vt 0.2375 0.395
vt 0.2375 0.475
vt 0.1375 0.475
vt 0.1375 0.275
vt 0.1375 0.395
vt 0.2375 0.275
vt 0.2375 0.275
vt 0.1375 0.395
vt 0.2375 0.395
vt 0.1375 0.395
vt 0.1375 0.475
vt 0.2375 0.395
vt 0.2375 0.395
vt 0.1375 0.475
vt 0.2375 0.475
vt 0.1375 0.275
vt 0.2375 0.275
vt 0.1375 0.395
vt 0.2375 0.275
vt 0.2375 0.395
vt 0.1375 0.395
vt 0.1375 0.395
vt 0.2375 0.395
vt 0.1375 0.475
vt 0.2375 0.395
vt 0.2375 0.475
vt 0.1375 0.475
vt 0.1375 0.275
vt 0.1375 0.395
vt 0.2375 0.275
vt 0.2375 0.275
vt 0.1375 0.395
vt 0.2375 0.395
vt 0.1375 0.395
vt 0.1375 0.475
vt 0.2375 0.395
vt 0.2375 0.395
vt 0.1375 0.475
vt 0.2375 0.475
vt 0.1375 0.275
vt 0.2375 0.275
vt 0.1375 0.395
vt 0.2375 0.275
vt 0.2375 0.395
vt 0.1375 0.395
vt 0.1375 0.395
vt 0.2375 0.395
vt 0.1375 0.475
vt 0.2375 0.395
vt 0.2375 0.475
vt 0.1375 0.475
vt 0.1375 0.275
vt 0.1375 0.395
vt 0.2375 0.275
vt 0.2375 0.275
vt 0.1375 0.395
vt 0.2375 0.395
vt 0.1375 0.395
vt 0.1375 0.475
vt 0.2375 0.395
vt 0.2375 0.395
vt 0.1375 0.475
vt 0.2375 0.475
vt 0.1375 0.275
vt 0.2375 0.275
vt 0.1375 0.395
vt 0.2375 0.275
vt 0.2375 0.395
vt 0.1375 0.395
vt 0.1375 0.395
vt 0.2375 0.395
vt 0.1375 0.475
vt 0.2375 0.395
vt 0.2375 0.475
vt 0.1375 0.475
vt 0.1375 0.275
vt 0.1375 0.395
vt 0.2375 0.275
vt 0.2375 0.275
vt 0.1375 0.395
vt 0.2375 0.475
vt 0.1375 0.395
vt 0.1375 0.475
vt 0.2375 0.475
vt 0.1375 0.275
vt 0.2375 0.275
vt 0.1375 0.395
vt 0.2375 0.275
vt 0.2375 0.475
vt 0.1375 0.395
vt 0.1375 0.395
vt 0.2375 0.475
vt 0.1375 0.475
vt 0.1375 0.395
vt 0.1375 0.275
vt 0.2375 0.275
vt 0.1375 0.395
vt 0.2375 0.275
vt 0.2375 0.395
vt 0.1375 0.475
vt 0.1375 0.395
vt 0.2375 0.395
vt 0.1375 0.475
vt 0.2375 0.395
vt 0.2375 0.475
vt 0.1375 0.395
vt 0.2375 0.275
vt 0.1375 0.275
vt 0.1375 0.395
vt 0.2375 0.395
vt 0.2375 0.275
vt 0.1375 0.475
vt 0.2375 0.395
vt 0.1375 0.395
vt 0.1375 0.475
vt 0.2375 0.475
vt 0.2375 0.395
vt 0.1375 0.395
vt 0.1375 0.275
vt 0.2375 0.275
vt 0.1375 0.395
vt 0.2375 0.275
vt 0.2375 0.395
vt 0.1375 0.475
vt 0.1375 0.395
vt 0.2375 0.395
vt 0.1375 0.475
vt 0.2375 0.395
vt 0.2375 0.475
vt 0.1375 0.395
vt 0.2375 0.275
vt 0.1375 0.275
vt 0.1375 0.395
vt 0.2375 0.395
vt 0.2375 0.275
vt 0.1375 0.475
vt 0.2375 0.395
vt 0.1375 0.395
vt 0.1375 0.475
vt 0.2375 0.475
vt 0.2375 0.395
vt 0.1375 0.395
vt 0.1375 0.275
vt 0.2375 0.275
vt 0.1375 0.395
vt 0.2375 0.275
vt 0.2375 0.395
vt 0.1375 0.475
vt 0.1375 0.395
vt 0.2375 0.395
vt 0.1375 0.475
vt 0.2375 0.395
vt 0.2375 0.475
vt 0.1375 0.395
vt 0.2375 0.275
vt 0.1375 0.275
vt 0.1375 0.395
vt 0.2375 0.395
vt 0.2375 0.275
vt 0.1375 0.475
vt 0.2375 0.395
vt 0.1375 0.395
vt 0.1375 0.475
vt 0.2375 0.475
vt 0.2375 0.395
vt 0.1375 0.395
vt 0.1375 0.275
vt 0.2375 0.275
vt 0.1375 0.395
vt 0.2375 0.275
vt 0.2375 0.395
vt 0.1375 0.475
vt 0.1375 0.395
vt 0.2375 0.395
vt 0.1375 0.475
vt 0.2375 0.395
vt 0.2375 0.475
vt 0.1375 0.395
vt 0.2375 0.275
vt 0.1375 0.275
vt 0.1375 0.395
vt 0.2375 0.395
vt 0.2375 0.275
vt 0.1375 0.475
vt 0.2375 0.395
vt 0.1375 0.395
vt 0.1375 0.475
vt 0.2375 0.475
vt 0.2375 0.395
vt 0.1375 0.395
vt 0.1375 0.275
vt 0.2375 0.275
vt 0.1375 0.395
vt 0.2375 0.275
vt 0.2375 0.475
vt 0.1375 0.475
vt 0.1375 0.395
vt 0.2375 0.475
vt 0.1375 0.395
vt 0.2375 0.275
vt 0.1375 0.275
vt 0.1375 0.395
vt 0.2375 0.475
vt 0.2375 0.275
vt 0.1375 0.475
vt 0.2375 0.475
vt 0.1375 0.395
vt 0.1375 0.275
vt 0.1375 0.395
vt 0.2375 0.275
vt 0.2375 0.275
vt 0.1375 0.395
vt 0.2375 0.395
vt 0.1375 0.395
vt 0.1375 0.475
vt 0.2375 0.395
vt 0.2375 0.395
vt 0.1375 0.475
vt 0.2375 0.475
vt 0.1375 0.275
vt 0.2375 0.275
vt 0.1375 0.395
vt 0.2375 0.275
vt 0.2375 0.395
vt 0.1375 0.395
vt 0.1375 0.395
vt 0.2375 0.395
vt 0.1375 0.475
vt 0.2375 0.395
vt 0.2375 0.475
vt 0.1375 0.475
vt 0.1375 0.275
vt 0.1375 0.395
vt 0.2375 0.275
vt 0.2375 0.275
vt 0.1375 0.395
vt 0.2375 0.395
vt 0.1375 0.395
vt 0.1375 0.475
vt 0.2375 0.395
vt 0.2375 0.395
vt 0.1375 0.475
vt 0.2375 0.475
vt 0.1375 0.275
vt 0.2375 0.275
vt 0.1375 0.395
vt 0.2375 0.275
vt 0.2375 0.395
vt 0.1375 0.395
vt 0.1375 0.395
vt 0.2375 0.395
vt 0.1375 0.475
vt 0.2375 0.395
vt 0.2375 0.475
vt 0.1375 0.475
vt 0.1375 0.275
vt 0.1375 0.395
vt 0.2375 0.275
vt 0.2375 0.275
vt 0.1375 0.395
vt 0.2375 0.395
vt 0.1375 0.395
vt 0.1375 0.475
vt 0.2375 0.395
vt 0.2375 0.395
vt 0.1375 0.475
vt 0.2375 0.475
vt 0.1375 0.275
vt 0.2375 0.275
vt 0.1375 0.395
vt 0.2375 0.275
vt 0.2375 0.395
vt 0.1375 0.395
vt 0.1375 0.395
vt 0.2375 0.395
vt 0.1375 0.475
vt 0.2375 0.395
vt 0.2375 0.475
vt 0.1375 0.475
vt 0.1375 0.275
vt 0.1375 0.395
vt 0.2375 0.275
vt 0.2375 0.275
vt 0.1375 0.395
vt 0.2375 0.395
vt 0.1375 0.395
vt 0.1375 0.475
vt 0.2375 0.395
vt 0.2375 0.395
vt 0.1375 0.475
vt 0.2375 0.475
vt 0.1375 0.275
vt 0.2375 0.275
vt 0.1375 0.395
vt 0.2375 0.275
vt 0.2375 0.395
vt 0.1375 0.395
vt 0.1375 0.395
vt 0.2375 0.395
vt 0.1375 0.475
vt 0.2375 0.395
vt 0.2375 0.475
vt 0.1375 0.475
vt 0.1375 0.275
vt 0.1375 0.395
vt 0.2375 0.275
vt 0.2375 0.275
vt 0.1375 0.395
vt 0.2375 0.475
vt 0.1375 0.395
vt 0.1375 0.475
vt 0.2375 0.475
vt 0.1375 0.275
vt 0.2375 0.275
vt 0.1375 0.395
vt 0.2375 0.275
vt 0.2375 0.475
vt 0.1375 0.395
vt 0.1375 0.395
vt 0.2375 0.475
vt 0.1375 0.475
vt 0.1375 0.395
vt 0.1375 0.275
vt 0.2375 0.275
vt 0.1375 0.395
vt 0.2375 0.275
vt 0.2375 0.395
vt 0.1375 0.475
vt 0.1375 0.395
vt 0.2375 0.395
vt 0.1375 0.475
vt 0.2375 0.395
vt 0.2375 0.475
vt 0.1375 0.395
vt 0.2375 0.275
vt 0.1375 0.275
vt 0.1375 0.395
vt 0.2375 0.395
vt 0.2375 0.275
vt 0.1375 0.475
vt 0.2375 0.395
vt 0.1375 0.395
vt 0.1375 0.475
vt 0.2375 0.475
vt 0.2375 0.395
vt 0.1375 0.395
vt 0.1375 0.275
vt 0.2375 0.275
vt 0.1375 0.395
vt 0.2375 0.275
vt 0.2375 0.395
vt 0.1375 0.475
vt 0.1375 0.395
vt 0.2375 0.395
vt 0.1375 0.475
vt 0.2375 0.395
vt 0.2375 0.475
vt 0.1375 0.395
vt 0.2375 0.275
vt 0.1375 0.275
vt 0.1375 0.395
vt 0.2375 0.395
vt 0.2375 0.275
vt 0.1375 0.475
vt 0.2375 0.395
vt 0.1375 0.395
vt 0.1375 0.475
vt 0.2375 0.475
vt 0.2375 0.395
vt 0.1375 0.395
vt 0.1375 0.275
vt 0.2375 0.275
vt 0.1375 0.395
vt 0.2375 0.275
vt 0.2375 0.395
vt 0.1375 0.475
vt 0.1375 0.395
vt 0.2375 0.395
vt 0.1375 0.475
vt 0.2375 0.395
vt 0.2375 0.475
vt 0.1375 0.395
vt 0.2375 0.275
vt 0.1375 0.275
vt 0.1375 0.395
vt 0.2375 0.395
vt 0.2375 0.275
vt 0.1375 0.475
vt 0.2375 0.395
vt 0.1375 0.395
vt 0.1375 0.475
vt 0.2375 0.475
vt 0.2375 0.395
vt 0.1375 0.395
vt 0.1375 0.275
vt 0.2375 0.275
vt 0.1375 0.395
vt 0.2375 0.275
vt 0.2375 0.395
vt 0.1375 0.475
vt 0.1375 0.395
vt 0.2375 0.395
vt 0.1375 0.475
vt 0.2375 0.395
vt 0.2375 0.475
vt 0.1375 0.395
vt 0.2375 0.275
vt 0.1375 0.275
vt 0.1375 0.395
vt 0.2375 0.395
vt 0.2375 0.275
vt 0.1375 0.475
vt 0.2375 0.395
vt 0.1375 0.395
vt 0.1375 0.475
vt 0.2375 0.475
vt 0.2375 0.395
vt 0.1375 0.395
vt 0.1375 0.275
vt 0.2375 0.275
vt 0.1375 0.395
vt 0.2375 0.275
vt 0.2375 0.475
vt 0.1375 0.475
vt 0.1375 0.395
vt 0.2375 0.475
vt 0.1375 0.395
vt 0.2375 0.275
vt 0.1375 0.275
vt 0.1375 0.395
vt 0.2375 0.475
vt 0.2375 0.275
vt 0.1375 0.475
vt 0.2375 0.475
vt 0.1375 0.395

f 9/1 1/2 2/3
f 10/4 9/5 2/6
f 10/7 2/8 3/9
f 11/10 10/11 3/12
f 11/13 3/14 4/15
f 12/16 11/17 4/18
f 12/19 4/20 5/21
f 13/22 12/23 5/24
f 13/25 5/26 14/27
f 5/28 6/29 14/30
f 14/31 6/32 15/33
f 6/34 7/35 15/36
f 15/37 7/38 16/39
f 7/40 8/41 16/42
f 16/43 8/44 9/45
f 8/46 1/47 9/48
f 17/49 9/50 10/51
f 18/52 17/53 10/54
f 18/55 10/56 11/57
f 19/58 18/59 11/60
f 19/61 11/62 12/63
f 20/64 19/65 12/66
f 20/67 12/68 13/69
f 21/70 20/71 13/72
f 21/73 13/74 22/75
f 13/76 14/77 22/78
f 22/79 14/80 23/81
f 14/82 15/83 23/84
f 23/85 15/86 24/87
f 15/88 16/89 24/90
f 24/91 16/92 17/93
f 16/94 9/95 17/96
f 25/97 17/98 18/99
f 26/100 25/101 18/102
f 26/103 18/104 19/105
f 27/106 26/107 19/108
f 27/109 19/110 20/111
f 28/112 27/113 20/114
f 28/115 20/116 21/117
f 29/118 28/119 21/120
f 29/121 21/122 30/123
f 21/124 22/125 30/126
f 30/127 22/128 31/129
f 22/130 23/131 31/132
f 31/133 23/134 32/135
f 23/136 24/137 32/138
f 32/139 24/140 25/141
f 24/142 17/143 25/144
f 33/145 25/146 26/147
f 34/148 33/149 26/150
f 34/151 26/152 27/153
f 35/154 34/155 27/156
f 35/157 27/158 28/159
f 36/160 35/161 28/162
f 36/163 28/164 29/165
f 37/166 36/167 29/168
f 37/169 29/170 38/171
f 29/172 30/173 38/174
f 38/175 30/176 39/177
f 30/178 31/179 39/180
f 39/181 31/182 40/183
f 31/184 32/185 40/186
f 40/187 32/188 33/189
f 32/190 25/191 33/192
f 41/193 33/194 34/195
f 42/196 41/197 34/198
f 42/199 34/200 35/201
f 43/202 42/203 35/204
f 43/205 35/206 36/207
f 44/208 43/209 36/210
f 44/211 36/212 37/213
f 45/214 44/215 37/216
f 45/217 37/218 46/219
f 37/220 38/221 46/222
f 46/223 38/224 47/225
f 38/226 39/227 47/228
f 47/229 39/230 48/231
f 39/232 40/233 48/234
f 48/235 40/236 41/237
f 40/238 33/239 41/240
f 49/241 41/242 42/243
f 50/244 49/245 42/246
f 50/247 42/248 43/249
f 51/250 50/251 43/252
f 51/253 43/254 44/255
f 52/256 51/257 44/258
f 52/259 44/260 45/261
f 53/262 52/263 45/264
f 53/265 45/266 54/267
f 45/268 46/269 54/270
f 54/271 46/272 55/273
f 46/274 47/275 55/276
f 55/277 47/278 56/279
f 47/280 48/281 56/282
f 56/283 48/284 49/285
f 48/286 41/287 49/288
f 57/289 49/290 50/291
f 58/292 57/293 50/294
f 58/295 50/296 51/297
f 59/298 58/299 51/300
f 59/301 51/302 52/303
f 60/304 59/305 52/306
f 60/307 52/308 53/309
f 61/310 60/311 53/312
f 61/313 53/314 62/315
f 53/316 54/317 62/318
f 62/319 54/320 63/321
f 54/322 55/323 63/324
f 63/325 55/326 64/327
f 55/328 56/329 64/330
f 64/331 56/332 57/333
f 56/334 49/335 57/336
f 65/337 57/338 58/339
f 66/340 65/341 58/342
f 66/343 58/344 59/345
f 67/346 66/347 59/348
f 67/349 59/350 60/351
f 68/352 67/353 60/354
f 68/355 60/356 61/357
f 69/358 68/359 61/360
f 69/361 61/362 70/363
f 61/364 62/365 70/366
f 70/367 62/368 71/369
f 62/370 63/371 71/372
f 71/373 63/374 72/375
f 63/376 64/377 72/378
f 72/379 64/380 65/381
f 64/382 57/383 65/384
f 73/385 65/386 66/387
f 74/388 73/389 66/390
f 74/391 66/392 67/393
f 75/394 74/395 67/396
f 75/397 67/398 68/399
f 76/400 75/401 68/402
f 76/403 68/404 69/405
f 77/406 76/407 69/408
f 77/409 69/410 78/411
f 69/412 70/413 78/414
f 78/415 70/416 79/417
f 70/418 71/419 79/420
f 79/421 71/422 80/423
f 71/424 72/425 80/426
f 80/427 72/428 73/429
f 72/430 65/431 73/432
f 89/433 81/434 82/435
f 90/436 89/437 82/438
f 90/439 82/440 83/441
f 91/442 90/443 83/444
f 91/445 83/446 84/447
f 92/448 91/449 84/450
f 92/451 84/452 85/453
f 93/454 92/455 85/456
f 93/457 85/458 94/459
f 85/460 86/461 94/462
f 94/463 86/464 95/465
f 86/466 87/467 95/468
f 95/469 87/470 96/471
f 87/472 88/473 96/474
f 96/475 88/476 89/477
f 88/478 81/479 89/480
f 97/481 89/482 90/483
f 98/484 97/485 90/486
f 98/487 90/488 91/489
f 99/490 98/491 91/492
f 99/493 91/494 92/495
f 100/496 99/497 92/498
f 100/499 92/500 93/501
f 101/502 100/503 93/504
f 101/505 93/506 102/507
f 93/508 94/509 102/510
f 102/511 94/512 103/513
f 94/514 95/515 103/516
f 103/517 95/518 104/519
f 95/520 96/521 104/522
f 104/523 96/524 97/525
f 96/526 89/527 97/528
f 105/529 97/530 98/531
f 106/532 105/533 98/534
f 106/535 98/536 99/537
f 107/538 106/539 99/540
f 107/541 99/542 100/543
f 108/544 107/545 100/546
f 108/547 100/548 101/549
f 109/550 108/551 101/552
f 109/553 101/554 110/555
f 101/556 102/557 110/558
f 110/559 102/560 111/561
f 102/562 103/563 111/564
f 111/565 103/566 112/567
f 103/568 104/569 112/570
f 112/571 104/572 105/573
f 104/574 97/575 105/576
f 113/577 105/578 106/579
f 114/580 113/581 106/582
f 114/583 106/584 107/585
f 115/586 114/587 107/588
f 115/589 107/590 108/591
f 116/592 115/593 108/594
f 116/595 108/596 109/597
f 117/598 116/599 109/600
f 117/601 109/602 118/603
f 109/604 110/605 118/606
f 118/607 110/608 119/609
f 110/610 111/611 119/612
f 119/613 111/614 120/615
f 111/616 112/617 120/618
f 120/619 112/620 113/621
f 112/622 105/623 113/624
f 129/625 121/626 122/627
f 130/628 129/629 122/630
f 130/631 122/632 123/633
f 131/634 130/635 123/636
f 131/637 123/638 124/639
f 132/640 131/641 124/642
f 132/643 124/644 125/645
f 133/646 132/647 125/648
f 133/649 125/650 134/651
f 125/652 126/653 134/654
f 134/655 126/656 135/657
f 126/658 127/659 135/660
f 135/661 127/662 136/663
f 127/664 128/665 136/666
f 136/667 128/668 129/669
f 128/670 121/671 129/672
f 137/673 129/674 130/675
f 138/676 137/677 130/678
f 138/679 130/680 131/681
f 139/682 138/683 131/684
f 139/685 131/686 132/687
f 140/688 139/689 132/690
f 140/691 132/692 133/693
f 141/694 140/695 133/696
f 141/697 133/698 142/699
f 133/700 134/701 142/702
f 142/703 134/704 143/705
f 134/706 135/707 143/708
f 143/709 135/710 144/711
f 135/712 136/713 144/714
f 144/715 136/716 137/717
f 136/718 129/719 137/720
f 145/721 137/722 138/723
f 146/724 145/725 138/726
f 146/727 138/728 139/729
f 147/730 146/731 139/732
f 147/733 139/734 140/735
f 148/736 147/737 140/738
f 148/739 140/740 141/741
f 149/742 148/743 141/744
f 149/745 141/746 150/747
f 141/748 142/749 150/750
f 150/751 142/752 151/753
f 142/754 143/755 151/756
f 151/757 143/758 152/759
f 143/760 144/761 152/762
f 152/763 144/764 145/765
f 144/766 137/767 145/768
f 153/769 145/770 146/771
f 154/772 153/773 146/774
f 154/775 146/776 147/777
f 155/778 154/779 147/780
f 155/781 147/782 148/783
f 156/784 155/785 148/786
f 156/787 148/788 149/789
f 157/790 156/791 149/792
f 157/793 149/794 158/795
f 149/796 150/797 158/798
f 158/799 150/800 159/801
f 150/802 151/803 159/804
f 159/805 151/806 160/807
f 151/808 152/809 160/810
f 160/811 152/812 153/813
f 152/814 145/815 153/816
f 161/817 153/818 154/819
f 162/820 161/821 154/822
f 162/823 154/824 155/825
f 163/826 162/827 155/828
f 163/829 155/830 156/831
f 164/832 163/833 156/834
f 164/835 156/836 157/837
f 165/838 164/839 157/840
f 165/841 157/842 166/843
f 157/844 158/845 166/846
f 166/847 158/848 167/849
f 158/850 159/851 167/852
f 167/853 159/854 168/855
f 159/856 160/857 168/858
f 168/859 160/860 161/861
f 160/862 153/863 161/864
f 169/865 161/866 162/867
f 170/868 169/869 162/870
f 170/871 162/872 163/873
f 171/874 170/875 163/876
f 171/877 163/878 164/879
f 172/880 171/881 164/882
f 172/883 164/884 165/885
f 173/886 172/887 165/888
f 173/889 165/890 174/891
f 165/892 166/893 174/894
f 174/895 166/896 175/897
f 166/898 167/899 175/900
f 175/901 167/902 176/903
f 167/904 168/905 176/906
f 176/907 168/908 169/909
f 168/910 161/911 169/912
f 177/913 169/914 170/915
f 178/916 177/917 170/918
f 178/919 170/920 171/921
f 179/922 178/923 171/924
f 179/925 171/926 172/927
f 180/928 179/929 172/930
f 180/931 172/932 173/933
f 181/934 180/935 173/936
f 181/937 173/938 182/939
f 173/940 174/941 182/942
f 182/943 174/944 183/945
f 174/946 175/947 183/948
f 183/949 175/950 184/951
f 175/952 176/953 184/954
f 184/955 176/956 177/957
f 176/958 169/959 177/960
f 185/961 177/962 178/963
f 186/964 185/965 178/966
f 186/967 178/968 179/969
f 187/970 186/971 179/972
f 187/973 179/974 180/975
f 188/976 187/977 180/978
f 188/979 180/980 181/981
f 189/982 188/983 181/984
f 189/985 181/986 190/987
f 181/988 182/989 190/990
f 190/991 182/992 191/993
f 182/994 183/995 191/996
f 191/997 183/998 192/999
f 183/1000 184/1001 192/1002
f 192/1003 184/1004 185/1005
f 184/1006 177/1007 185/1008
f 201/1009 193/1010 194/1011
f 202/1012 201/1013 194/1014
f 202/1015 194/1016 195/1017
f 203/1018 202/1019 195/1020
f 203/1021 195/1022 196/1023
f 204/1024 203/1025 196/1026
f 204/1027 196/1028 197/1029
f 205/1030 204/1031 197/1032
f 205/1033 197/1034 206/1035
f 197/1036 198/1037 206/1038
f 206/1039 198/1040 207/1041
f 198/1042 199/1043 207/1044
f 207/1045 199/1046 208/1047
f 199/1048 200/1049 208/1050
f 208/1051 200/1052 201/1053
f 200/1054 193/1055 201/1056
f 209/1057 201/1058 202/1059
f 210/1060 209/1061 202/1062
f 210/1063 202/1064 203/1065
f 211/1066 210/1067 203/1068
f 211/1069 203/1070 204/1071
f 212/1072 211/1073 204/1074
f 212/1075 204/1076 205/1077
f 213/1078 212/1079 205/1080
f 213/1081 205/1082 214/1083
f 205/1084 206/1085 214/1086
f 214/1087 206/1088 215/1089
f 206/1090 207/1091 215/1092
f 215/1093 207/1094 216/1095
f 207/1096 208/1097 216/1098
f 216/1099 208/1100 209/1101
f 208/1102 201/1103 209/1104
f 217/1105 209/1106 210/1107
f 218/1108 217/1109 210/1110
f 218/1111 210/1112 211/1113
f 219/1114 218/1115 211/1116
f 219/1117 211/1118 212/1119
f 220/1120 219/1121 212/1122
f 220/1123 212/1124 213/1125
f 221/1126 220/1127 213/1128
f 221/1129 213/1130 222/1131
f 213/1132 214/1133 222/1134
f 222/1135 214/1136 223/1137
f 214/1138 215/1139 223/1140
f 223/1141 215/1142 224/1143
f 215/1144 216/1145 224/1146
f 224/1147 216/1148 217/1149
f 216/1150 209/1151 217/1152
f 225/1153 217/1154 218/1155
f 226/1156 225/1157 218/1158
f 226/1159 218/1160 219/1161
f 227/1162 226/1163 219/1164
f 227/1165 219/1166 220/1167
f 228/1168 227/1169 220/1170
f 228/1171 220/1172 221/1173
f 229/1174 228/1175 221/1176
f 229/1177 221/1178 230/1179
f 221/1180 222/1181 230/1182
f 230/1183 222/1184 231/1185
f 222/1186 223/1187 231/1188
f 231/1189 223/1190 232/1191
f 223/1192 224/1193 232/1194
f 232/1195 224/1196 225/1197
f 224/1198 217/1199 225/1200
f 233/1201 225/1202 226/1203
f 234/1204 233/1205 226/1206
f 234/1207 226/1208 227/1209
f 235/1210 234/1211 227/1212
f 235/1213 227/1214 228/1215
f 236/1216 235/1217 228/1218
f 236/1219 228/1220 229/1221
f 237/1222 236/1223 229/1224
f 237/1225 229/1226 238/1227
f 229/1228 230/1229 238/1230
f 238/1231 230/1232 239/1233
f 230/1234 231/1235 239/1236
f 239/1237 231/1238 240/1239
f 231/1240 232/1241 240/1242
f 240/1243 232/1244 233/1245
f 232/1246 225/1247 233/1248
f 241/1249 233/1250 234/1251
f 242/1252 241/1253 234/1254
f 242/1255 234/1256 235/1257
f 243/1258 242/1259 235/1260
f 243/1261 235/1262 236/1263
f 244/1264 243/1265 236/1266
f 244/1267 236/1268 237/1269
f 245/1270 244/1271 237/1272
f 245/1273 237/1274 246/1275
f 237/1276 238/1277 246/1278
f 246/1279 238/1280 247/1281
f 238/1282 239/1283 247/1284
f 247/1285 239/1286 248/1287
f 239/1288 240/1289 248/1290
f 248/1291 240/1292 241/1293
f 240/1294 233/1295 241/1296
f 249/1297 241/1298 242/1299
f 250/1300 249/1301 242/1302
f 250/1303 242/1304 243/1305
f 251/1306 250/1307 243/1308
f 251/1309 243/1310 244/1311
f 252/1312 251/1313 244/1314
f 252/1315 244/1316 245/1317
f 253/1318 252/1319 245/1320
f 253/1321 245/1322 254/1323
f 245/1324 246/1325 254/1326
f 254/1327 246/1328 255/1329
f 246/1330 247/1331 255/1332
f 255/1333 247/1334 256/1335
f 247/1336 248/1337 256/1338
f 256/1339 248/1340 249/1341
f 248/1342 241/1343 249/1344
f 257/1345 249/1346 250/1347
f 258/1348 257/1349 250/1350
f 258/1351 250/1352 251/1353
f 259/1354 258/1355 251/1356
f 259/1357 251/1358 252/1359
f 260/1360 259/1361 252/1362
f 260/1363 252/1364 253/1365
f 261/1366 260/1367 253/1368
f 261/1369 253/1370 262/1371
f 253/1372 254/1373 262/1374
f 262/1375 254/1376 263/1377
f 254/1378 255/1379 263/1380
f 263/1381 255/1382 264/1383
f 255/1384 256/1385 264/1386
f 264/1387 256/1388 257/1389
f 256/1390 249/1391 257/1392
f 273/1393 265/1394 266/1395
f 274/1396 273/1397 266/1398
f 274/1399 266/1400 267/1401
f 275/1402 274/1403 267/1404
f 275/1405 267/1406 268/1407
f 276/1408 275/1409 268/1410
f 276/1411 268/1412 269/1413
f 277/1414 276/1415 269/1416
f 277/1417 269/1418 278/1419
f 269/1420 270/1421 278/1422
f 278/1423 270/1424 279/1425
f 270/1426 271/1427 279/1428
f 279/1429 271/1430 280/1431
f 271/1432 272/1433 280/1434
f 280/1435 272/1436 273/1437
f 272/1438 265/1439 273/1440
f 281/1441 273/1442 274/1443
f 282/1444 281/1445 274/1446
f 282/1447 274/1448 275/1449
f 283/1450 282/1451 275/1452
f 283/1453 275/1454 276/1455
f 284/1456 283/1457 276/1458
f 284/1459 276/1460 277/1461
f 285/1462 284/1463 277/1464
f 285/1465 277/1466 286/1467
f 277/1468 278/1469 286/1470
f 286/1471 278/1472 287/1473
f 278/1474 279/1475 287/1476
f 287/1477 279/1478 288/1479
f 279/1480 280/1481 288/1482
f 288/1483 280/1484 281/1485
f 280/1486 273/1487 281/1488
f 289/1489 281/1490 282/1491
f 290/1492 289/1493 282/1494
f 290/1495 282/1496 283/1497
f 291/1498 290/1499 283/1500
f 291/1501 283/1502 284/1503
f 292/1504 291/1505 284/1506
f 292/1507 284/1508 285/1509
f 293/1510 292/1511 285/1512
f 293/1513 285/1514 294/1515
f 285/1516 286/1517 294/1518
f 294/1519 286/1520 295/1521
f 286/1522 287/1523 295/1524
f 295/1525 287/1526 296/1527
f 287/1528 288/1529 296/1530
f 296/1531 288/1532 289/1533
f 288/1534 281/1535 289/1536
f 297/1537 289/1538 290/1539
f 298/1540 297/1541 290/1542
f 298/1543 290/1544 291/1545
f 299/1546 298/1547 291/1548
f 299/1549 291/1550 292/1551
f 300/1552 299/1553 292/1554
f 300/1555 292/1556 293/1557
f 301/1558 300/1559 293/1560
f 301/1561 293/1562 302/1563
f 293/1564 294/1565 302/1566
f 302/1567 294/1568 303/1569
f 294/1570 295/1571 303/1572
f 303/1573 295/1574 304/1575
f 295/1576 296/1577 304/1578
f 304/1579 296/1580 297/1581
f 296/1582 289/1583 297/1584
f 305/1585 297/1586 298/1587
f 306/1588 305/1589 298/1590
f 306/1591 298/1592 299/1593
f 307/1594 306/1595 299/1596
f 307/1597 299/1598 300/1599
f 308/1600 307/1601 300/1602
f 308/1603 300/1604 301/1605
f 309/1606 308/1607 301/1608
f 309/1609 301/1610 310/1611
f 301/1612 302/1613 310/1614
f 310/1615 302/1616 311/1617
f 302/1618 303/1619 311/1620
f 311/1621 303/1622 312/1623
f 303/1624 304/1625 312/1626
f 312/1627 304/1628 305/1629
f 304/1630 297/1631 305/1632
f 313/1633 305/1634 306/1635
f 314/1636 313/1637 306/1638
f 314/1639 306/1640 307/1641
f 315/1642 314/1643 307/1644
f 315/1645 307/1646 308/1647
f 316/1648 315/1649 308/1650
f 316/1651 308/1652 309/1653
f 317/1654 316/1655 309/1656
f 317/1657 309/1658 318/1659
f 309/1660 310/1661 318/1662
f 318/1663 310/1664 319/1665
f 310/1666 311/1667 319/1668
f 319/1669 311/1670 320/1671
f 311/1672 312/1673 320/1674
f 320/1675 312/1676 313/1677
f 312/1678 305/1679 313/1680
f 321/1681 313/1682 314/1683
f 322/1684 321/1685 314/1686
f 322/1687 314/1688 315/1689
f 323/1690 322/1691 315/1692
f 323/1693 315/1694 316/1695
f 324/1696 323/1697 316/1698
f 324/1699 316/1700 317/1701
f 325/1702 324/1703 317/1704
f 325/1705 317/1706 326/1707
f 317/1708 318/1709 326/1710
f 326/1711 318/1712 327/1713
f 318/1714 319/1715 327/1716
f 327/1717 319/1718 328/1719
f 319/1720 320/1721 328/1722
f 328/1723 320/1724 321/1725
f 320/1726 313/1727 321/1728
f 329/1729 321/1730 322/1731
f 330/1732 329/1733 322/1734
f 330/1735 322/1736 323/1737
f 331/1738 330/1739 323/1740
f 331/1741 323/1742 324/1743
f 332/1744 331/1745 324/1746
f 332/1747 324/1748 325/1749
f 333/1750 332/1751 325/1752
f 333/1753 325/1754 334/1755
f 325/1756 326/1757 334/1758
f 334/1759 326/1760 335/1761
f 326/1762 327/1763 335/1764
f 335/1765 327/1766 336/1767
f 327/1768 328/1769 336/1770
f 336/1771 328/1772 329/1773
f 328/1774 321/1775 329/1776
f 345/1777 337/1778 338/1779
f 346/1780 345/1781 338/1782
f 346/1783 338/1784 339/1785
f 347/1786 346/1787 339/1788
f 347/1789 339/1790 340/1791
f 348/1792 347/1793 340/1794
f 348/1795 340/1796 341/1797
f 349/1798 348/1799 341/1800
f 349/1801 341/1802 350/1803
f 341/1804 342/1805 350/1806
f 350/1807 342/1808 351/1809
f 342/1810 343/1811 351/1812
f 351/1813 343/1814 352/1815
f 343/1816 344/1817 352/1818
f 352/1819 344/1820 345/1821
f 344/1822 337/1823 345/1824
f 353/1825 345/1826 346/1827
f 354/1828 353/1829 346/1830
f 354/1831 346/1832 347/1833
f 355/1834 354/1835 347/1836
f 355/1837 347/1838 348/1839
f 356/1840 355/1841 348/1842
f 356/1843 348/1844 349/1845
f 357/1846 356/1847 349/1848
f 357/1849 349/1850 358/1851
f 349/1852 350/1853 358/1854
f 358/1855 350/1856 359/1857
f 350/1858 351/1859 359/1860
f 359/1861 351/1862 360/1863
f 351/1864 352/1865 360/1866
f 360/1867 352/1868 353/1869
f 352/1870 345/1871 353/1872
f 361/1873 353/1874 354/1875
f 362/1876 361/1877 354/1878
f 362/1879 354/1880 355/1881
f 363/1882 362/1883 355/1884
f 363/1885 355/1886 356/1887
f 364/1888 363/1889 356/1890
f 364/1891 356/1892 357/1893
f 365/1894 364/1895 357/1896
f 365/1897 357/1898 366/1899
f 357/1900 358/1901 366/1902
f 366/1903 358/1904 367/1905
f 358/1906 359/1907 367/1908
f 367/1909 359/1910 368/1911
f 359/1912 360/1913 368/1914
f 368/1915 360/1916 361/1917
f 360/1918 353/1919 361/1920
f 369/1921 361/1922 362/1923
f 370/1924 369/1925 362/1926
f 370/1927 362/1928 363/1929
f 371/1930 370/1931 363/1932
f 371/1933 363/1934 364/1935
f 372/1936 371/1937 364/1938
f 372/1939 364/1940 365/1941
f 373/1942 372/1943 365/1944
f 373/1945 365/1946 374/1947
f 365/1948 366/1949 374/1950
f 374/1951 366/1952 375/1953
f 366/1954 367/1955 375/1956
f 375/1957 367/1958 376/1959
f 367/1960 368/1961 376/1962
f 376/1963 368/1964 369/1965
f 368/1966 361/1967 369/1968
f 377/1969 369/1970 370/1971
f 378/1972 377/1973 370/1974
f 378/1975 370/1976 371/1977
f 379/1978 378/1979 371/1980
f 379/1981 371/1982 372/1983
f 380/1984 379/1985 372/1986
f 380/1987 372/1988 373/1989
f 381/1990 380/1991 373/1992
f 381/1993 373/1994 382/1995
f 373/1996 374/1997 382/1998
f 382/1999 374/2000 383/2001
f 374/2002 375/2003 383/2004
f 383/2005 375/2006 384/2007
f 375/2008 376/2009 384/2010
f 384/2011 376/2012 377/2013
f 376/2014 369/2015 377/2016
f 385/2017 377/2018 378/2019
f 386/2020 385/2021 378/2022
f 386/2023 378/2024 379/2025
f 387/2026 386/2027 379/2028
f 387/2029 379/2030 380/2031
f 388/2032 387/2033 380/2034
f 388/2035 380/2036 381/2037
f 389/2038 388/2039 381/2040
f 389/2041 381/2042 390/2043
f 381/2044 382/2045 390/2046
f 390/2047 382/2048 391/2049
f 382/2050 383/2051 391/2052
f 391/2053 383/2054 392/2055
f 383/2056 384/2057 392/2058
f 392/2059 384/2060 385/2061
f 384/2062 377/2063 385/2064
f 393/2065 385/2066 386/2067
f 394/2068 393/2069 386/2070
f 394/2071 386/2072 387/2073
f 395/2074 394/2075 387/2076
f 395/2077 387/2078 388/2079
f 396/2080 395/2081 388/2082
f 396/2083 388/2084 389/2085
f 397/2086 396/2087 389/2088
f 397/2089 389/2090 398/2091
f 389/2092 390/2093 398/2094
f 398/2095 390/2096 399/2097
f 390/2098 391/2099 399/2100
f 399/2101 391/2102 400/2103
f 391/2104 392/2105 400/2106
f 400/2107 392/2108 393/2109
f 392/2110 385/2111 393/2112
f 401/2113 393/2114 394/2115
f 402/2116 401/2117 394/2118
f 402/2119 394/2120 395/2121
f 403/2122 402/2123 395/2124
f 403/2125 395/2126 396/2127
f 404/2128 403/2129 396/2130
f 404/2131 396/2132 397/2133
f 405/2134 404/2135 397/2136
f 405/2137 397/2138 406/2139
f 397/2140 398/2141 406/2142
f 406/2143 398/2144 407/2145
f 398/2146 399/2147 407/2148
f 407/2149 399/2150 408/2151
f 399/2152 400/2153 408/2154
f 408/2155 400/2156 401/2157
f 400/2158 393/2159 401/2160
f 417/2161 409/2162 410/2163
f 418/2164 417/2165 410/2166
f 418/2167 410/2168 411/2169
f 419/2170 418/2171 411/2172
f 419/2173 411/2174 412/2175
f 420/2176 419/2177 412/2178
f 420/2179 412/2180 413/2181
f 421/2182 420/2183 413/2184
f 421/2185 413/2186 422/2187
f 413/2188 414/2189 422/2190
f 422/2191 414/2192 423/2193
f 414/2194 415/2195 423/2196
f 423/2197 415/2198 424/2199
f 415/2200 416/2201 424/2202
f 424/2203 416/2204 417/2205
f 416/2206 409/2207 417/2208
f 425/2209 417/2210 418/2211
f 426/2212 425/2213 418/2214
f 426/2215 418/2216 419/2217
f 427/2218 426/2219 419/2220
f 427/2221 419/2222 420/2223
f 428/2224 427/2225 420/2226
f 428/2227 420/2228 421/2229
f 429/2230 428/2231 421/2232
f 429/2233 421/2234 430/2235
f 421/2236 422/2237 430/2238
f 430/2239 422/2240 431/2241
f 422/2242 423/2243 431/2244
f 431/2245 423/2246 432/2247
f 423/2248 424/2249 432/2250
f 432/2251 424/2252 425/2253
f 424/2254 417/2255 425/2256
f 433/2257 425/2258 426/2259
f 434/2260 433/2261 426/2262
f 434/2263 426/2264 427/2265
f 435/2266 434/2267 427/2268
f 435/2269 427/2270 428/2271
f 436/2272 435/2273 428/2274
f 436/2275 428/2276 429/2277
f 437/2278 436/2279 429/2280
f 437/2281 429/2282 438/2283
f 429/2284 430/2285 438/2286
f 438/2287 430/2288 439/2289
f 430/2290 431/2291 439/2292
f 439/2293 431/2294 440/2295
f 431/2296 432/2297 440/2298
f 440/2299 432/2300 433/2301
f 432/2302 425/2303 433/2304
f 441/2305 433/2306 434/2307
f 442/2308 441/2309 434/2310
f 442/2311 434/2312 435/2313
f 443/2314 442/2315 435/2316
f 443/2317 435/2318 436/2319
f 444/2320 443/2321 436/2322
f 444/2323 436/2324 437/2325
f 445/2326 444/2327 437/2328
f 445/2329 437/2330 446/2331
f 437/2332 438/2333 446/2334
f 446/2335 438/2336 447/2337
f 438/2338 439/2339 447/2340
f 447/2341 439/2342 448/2343
f 439/2344 440/2345 448/2346
f 448/2347 440/2348 441/2349
f 440/2350 433/2351 441/2352
f 449/2353 441/2354 442/2355
f 450/2356 449/2357 442/2358
f 450/2359 442/2360 443/2361
f 451/2362 450/2363 443/2364
f 451/2365 443/2366 444/2367
f 452/2368 451/2369 444/2370
f 452/2371 444/2372 445/2373
f 453/2374 452/2375 445/2376
f 453/2377 445/2378 454/2379
f 445/2380 446/2381 454/2382
f 454/2383 446/2384 455/2385
f 446/2386 447/2387 455/2388
f 455/2389 447/2390 456/2391
f 447/2392 448/2393 456/2394
f 456/2395 448/2396 449/2397
f 448/2398 441/2399 449/2400
f 457/2401 449/2402 450/2403
f 458/2404 457/2405 450/2406
f 458/2407 450/2408 451/2409
f 459/2410 458/2411 451/2412
f 459/2413 451/2414 452/2415
f 460/2416 459/2417 452/2418
f 460/2419 452/2420 453/2421
f 461/2422 460/2423 453/2424
f 461/2425 453/2426 462/2427
f 453/2428 454/2429 462/2430
f 462/2431 454/2432 463/2433
f 454/2434 455/2435 463/2436
f 463/2437 455/2438 464/2439
f 455/2440 456/2441 464/2442
f 464/2443 456/2444 457/2445
f 456/2446 449/2447 457/2448
f 465/2449 457/2450 458/2451
f 466/2452 465/2453 458/2454
f 466/2455 458/2456 459/2457
f 467/2458 466/2459 459/2460
f 467/2461 459/2462 460/2463
f 468/2464 467/2465 460/2466
f 468/2467 460/2468 461/2469
f 469/2470 468/2471 461/2472
f 469/2473 461/2474 470/2475
f 461/2476 462/2477 470/2478
f 470/2479 462/2480 471/2481
f 462/2482 463/2483 471/2484
f 471/2485 463/2486 472/2487
f 463/2488 464/2489 472/2490
f 472/2491 464/2492 465/2493
f 464/2494 457/2495 465/2496
f 473/2497 465/2498 466/2499
f 474/2500 473/2501 466/2502
f 474/2503 466/2504 467/2505
f 475/2506 474/2507 467/2508
f 475/2509 467/2510 468/2511
f 476/2512 475/2513 468/2514
f 476/2515 468/2516 469/2517
f 477/2518 476/2519 469/2520
f 477/2521 469/2522 478/2523
f 469/2524 470/2525 478/2526
f 478/2527 470/2528 479/2529
f 470/2530 471/2531 479/2532
f 479/2533 471/2534 480/2535
f 471/2536 472/2537 480/2538
f 480/2539 472/2540 473/2541
f 472/2542 465/2543 473/2544
f 489/2545 481/2546 482/2547
f 490/2548 489/2549 482/2550
f 490/2551 482/2552 483/2553
f 491/2554 490/2555 483/2556
f 491/2557 483/2558 484/2559
f 492/2560 491/2561 484/2562
f 492/2563 484/2564 485/2565
f 493/2566 492/2567 485/2568
f 493/2569 485/2570 494/2571
f 485/2572 486/2573 494/2574
f 494/2575 486/2576 495/2577
f 486/2578 487/2579 495/2580
f 495/2581 487/2582 496/2583
f 487/2584 488/2585 496/2586
f 496/2587 488/2588 489/2589
f 488/2590 481/2591 489/2592
f 497/2593 489/2594 490/2595
f 498/2596 497/2597 490/2598
f 498/2599 490/2600 491/2601
f 499/2602 498/2603 491/2604
f 499/2605 491/2606 492/2607
f 500/2608 499/2609 492/2610
f 500/2611 492/2612 493/2613
f 501/2614 500/2615 493/2616
f 501/2617 493/2618 502/2619
f 493/2620 494/2621 502/2622
f 502/2623 494/2624 503/2625
f 494/2626 495/2627 503/2628
f 503/2629 495/2630 504/2631
f 495/2632 496/2633 504/2634
f 504/2635 496/2636 497/2637
f 496/2638 489/2639 497/2640
f 505/2641 497/2642 498/2643
f 506/2644 505/2645 498/2646
f 506/2647 498/2648 499/2649
f 507/2650 506/2651 499/2652
f 507/2653 499/2654 500/2655
f 508/2656 507/2657 500/2658
f 508/2659 500/2660 501/2661
f 509/2662 508/2663 501/2664
f 509/2665 501/2666 510/2667
f 501/2668 502/2669 510/2670
f 510/2671 502/2672 511/2673
f 502/2674 503/2675 511/2676
f 511/2677 503/2678 512/2679
f 503/2680 504/2681 512/2682
f 512/2683 504/2684 505/2685
f 504/2686 497/2687 505/2688
f 513/2689 505/2690 506/2691
f 514/2692 513/2693 506/2694
f 514/2695 506/2696 507/2697
f 515/2698 514/2699 507/2700
f 515/2701 507/2702 508/2703
f 516/2704 515/2705 508/2706
f 516/2707 508/2708 509/2709
f 517/2710 516/2711 509/2712
f 517/2713 509/2714 518/2715
f 509/2716 510/2717 518/2718
f 518/2719 510/2720 519/2721
f 510/2722 511/2723 519/2724
f 519/2725 511/2726 520/2727
f 511/2728 512/2729 520/2730
f 520/2731 512/2732 513/2733
f 512/2734 505/2735 513/2736
f 521/2737 513/2738 514/2739
f 522/2740 521/2741 514/2742
f 522/2743 514/2744 515/2745
f 523/2746 522/2747 515/2748
f 523/2749 515/2750 516/2751
f 524/2752 523/2753 516/2754
f 524/2755 516/2756 517/2757
f 525/2758 524/2759 517/2760
f 525/2761 517/2762 526/2763
f 517/2764 518/2765 526/2766
f 526/2767 518/2768 527/2769
f 518/2770 519/2771 527/2772
f 527/2773 519/2774 528/2775
f 519/2776 520/2777 528/2778
f 528/2779 520/2780 521/2781
f 520/2782 513/2783 521/2784
f 529/2785 521/2786 522/2787
f 530/2788 529/2789 522/2790
f 530/2791 522/2792 523/2793
f 531/2794 530/2795 523/2796
f 531/2797 523/2798 524/2799
f 532/2800 531/2801 524/2802
f 532/2803 524/2804 525/2805
f 533/2806 532/2807 525/2808
f 533/2809 525/2810 534/2811
f 525/2812 526/2813 534/2814
f 534/2815 526/2816 535/2817
f 526/2818 527/2819 535/2820
f 535/2821 527/2822 536/2823
f 527/2824 528/2825 536/2826
f 536/2827 528/2828 529/2829
f 528/2830 521/2831 529/2832
f 537/2833 529/2834 530/2835
f 538/2836 537/2837 530/2838
f 538/2839 530/2840 531/2841
f 539/2842 538/2843 531/2844
f 539/2845 531/2846 532/2847
f 540/2848 539/2849 532/2850
f 540/2851 532/2852 533/2853
f 541/2854 540/2855 533/2856
f 541/2857 533/2858 542/2859
f 533/2860 534/2861 542/2862
f 542/2863 534/2864 543/2865
f 534/2866 535/2867 543/2868
f 543/2869 535/2870 544/2871
f 535/2872 536/2873 544/2874
f 544/2875 536/2876 537/2877
f 536/2878 529/2879 537/2880
f 545/2881 537/2882 538/2883
f 546/2884 545/2885 538/2886
f 546/2887 538/2888 539/2889
f 547/2890 546/2891 539/2892
f 547/2893 539/2894 540/2895
f 548/2896 547/2897 540/2898
f 548/2899 540/2900 541/2901
f 549/2902 548/2903 541/2904
f 549/2905 541/2906 550/2907
f 541/2908 542/2909 550/2910
f 550/2911 542/2912 551/2913
f 542/2914 543/2915 551/2916
f 551/2917 543/2918 552/2919
f 543/2920 544/2921 552/2922
f 552/2923 544/2924 545/2925
f 544/2926 537/2927 545/2928
f 561/2929 553/2930 554/2931
f 562/2932 561/2933 554/2934
f 562/2935 554/2936 555/2937
f 563/2938 562/2939 555/2940
f 563/2941 555/2942 556/2943
f 564/2944 563/2945 556/2946
f 564/2947 556/2948 557/2949
f 565/2950 564/2951 557/2952
f 565/2953 557/2954 566/2955
f 557/2956 558/2957 566/2958
f 566/2959 558/2960 567/2961
f 558/2962 559/2963 567/2964
f 567/2965 559/2966 568/2967
f 559/2968 560/2969 568/2970
f 568/2971 560/2972 561/2973
f 560/2974 553/2975 561/2976
f 569/2977 561/2978 562/2979
f 570/2980 569/2981 562/2982
f 570/2983 562/2984 563/2985
f 571/2986 570/2987 563/2988
f 571/2989 563/2990 564/2991
f 572/2992 571/2993 564/2994
f 572/2995 564/2996 565/2997
f 573/2998 572/2999 565/3000
f 573/3001 565/3002 574/3003
f 565/3004 566/3005 574/3006
f 574/3007 566/3008 575/3009
f 566/3010 567/3011 575/3012
f 575/3013 567/3014 576/3015
f 567/3016 568/3017 576/3018
f 576/3019 568/3020 569/3021
f 568/3022 561/3023 569/3024
f 577/3025 569/3026 570/3027
f 578/3028 577/3029 570/3030
f 578/3031 570/3032 571/3033
f 579/3034 578/3035 571/3036
f 579/3037 571/3038 572/3039
f 580/3040 579/3041 572/3042
f 580/3043 572/3044 573/3045
f 581/3046 580/3047 573/3048
f 581/3049 573/3050 582/3051
f 573/3052 574/3053 582/3054
f 582/3055 574/3056 583/3057
f 574/3058 575/3059 583/3060
f 583/3061 575/3062 584/3063
f 575/3064 576/3065 584/3066
f 584/3067 576/3068 577/3069
f 576/3070 569/3071 577/3072
f 585/3073 577/3074 578/3075
f 586/3076 585/3077 578/3078
f 586/3079 578/3080 579/3081
f 587/3082 586/3083 579/3084
f 587/3085 579/3086 580/3087
f 588/3088 587/3089 580/3090
f 588/3091 580/3092 581/3093
f 589/3094 588/3095 581/3096
f 589/3097 581/3098 590/3099
f 581/3100 582/3101 590/3102
f 590/3103 582/3104 591/3105
f 582/3106 583/3107 591/3108
f 591/3109 583/3110 592/3111
f 583/3112 584/3113 592/3114
f 592/3115 584/3116 585/3117
f 584/3118 577/3119 585/3120
f 593/3121 585/3122 586/3123
f 594/3124 593/3125 586/3126
f 594/3127 586/3128 587/3129
f 595/3130 594/3131 587/3132
f 595/3133 587/3134 588/3135
f 596/3136 595/3137 588/3138
f 596/3139 588/3140 589/3141
f 597/3142 596/3143 589/3144
f 597/3145 589/3146 598/3147
f 589/3148 590/3149 598/3150
f 598/3151 590/3152 599/3153
f 590/3154 591/3155 599/3156
f 599/3157 591/3158 600/3159
f 591/3160 592/3161 600/3162
f 600/3163 592/3164 593/3165
f 592/3166 585/3167 593/3168
f 609/3169 601/3170 602/3171
f 610/3172 609/3173 602/3174
f 610/3175 602/3176 603/3177
f 611/3178 610/3179 603/3180
f 611/3181 603/3182 604/3183
f 612/3184 611/3185 604/3186
f 612/3187 604/3188 605/3189
f 613/3190 612/3191 605/3192
f 613/3193 605/3194 606/3195
f 614/3196 613/3197 606/3198
f 614/3199 606/3200 607/3201
f 615/3202 614/3203 607/3204
f 615/3205 607/3206 608/3207
f 616/3208 615/3209 608/3210
f 616/3211 608/3212 601/3213
f 609/3214 616/3215 601/3216
f 617/3217 609/3218 610/3219
f 618/3220 617/3221 610/3222
f 618/3223 610/3224 611/3225
f 619/3226 618/3227 611/3228
f 619/3229 611/3230 612/3231
f 620/3232 619/3233 612/3234
f 620/3235 612/3236 613/3237
f 621/3238 620/3239 613/3240
f 621/3241 613/3242 614/3243
f 622/3244 621/3245 614/3246
f 622/3247 614/3248 615/3249
f 623/3250 622/3251 615/3252
f 623/3253 615/3254 616/3255
f 624/3256 623/3257 616/3258
f 624/3259 616/3260 609/3261
f 617/3262 624/3263 609/3264
f 625/3265 617/3266 618/3267
f 626/3268 625/3269 618/3270
f 626/3271 618/3272 619/3273
f 627/3274 626/3275 619/3276
f 627/3277 619/3278 620/3279
f 628/3280 627/3281 620/3282
f 628/3283 620/3284 621/3285
f 629/3286 628/3287 621/3288
f 629/3289 621/3290 622/3291
f 630/3292 629/3293 622/3294
f 630/3295 622/3296 623/3297
f 631/3298 630/3299 623/3300
f 631/3301 623/3302 624/3303
f 632/3304 631/3305 624/3306
f 632/3307 624/3308 617/3309
f 625/3310 632/3311 617/3312
f 633/3313 625/3314 626/3315
f 634/3316 633/3317 626/3318
f 634/3319 626/3320 627/3321
f 635/3322 634/3323 627/3324
f 635/3325 627/3326 628/3327
f 636/3328 635/3329 628/3330
f 636/3331 628/3332 629/3333
f 637/3334 636/3335 629/3336
f 637/3337 629/3338 630/3339
f 638/3340 637/3341 630/3342
f 638/3343 630/3344 631/3345
f 639/3346 638/3347 631/3348
f 639/3349 631/3350 632/3351
f 640/3352 639/3353 632/3354
f 640/3355 632/3356 625/3357
f 633/3358 640/3359 625/3360
f 641/3361 633/3362 634/3363
f 642/3364 641/3365 634/3366
f 642/3367 634/3368 635/3369
f 643/3370 642/3371 635/3372
f 643/3373 635/3374 636/3375
f 644/3376 643/3377 636/3378
f 644/3379 636/3380 637/3381
f 645/3382 644/3383 637/3384
f 645/3385 637/3386 638/3387
f 646/3388 645/3389 638/3390
f 646/3391 638/3392 639/3393
f 647/3394 646/3395 639/3396
f 647/3397 639/3398 640/3399
f 648/3400 647/3401 640/3402
f 648/3403 640/3404 633/3405
f 641/3406 648/3407 633/3408
f 649/3409 641/3410 642/3411
f 650/3412 649/3413 642/3414
f 650/3415 642/3416 643/3417
f 651/3418 650/3419 643/3420
f 651/3421 643/3422 644/3423
f 652/3424 651/3425 644/3426
f 652/3427 644/3428 645/3429
f 653/3430 652/3431 645/3432
f 653/3433 645/3434 646/3435
f 654/3436 653/3437 646/3438
f 654/3439 646/3440 647/3441
f 655/3442 654/3443 647/3444
f 655/3445 647/3446 648/3447
f 656/3448 655/3449 648/3450
f 656/3451 648/3452 641/3453
f 649/3454 656/3455 641/3456
f 657/3457 649/3458 650/3459
f 658/3460 657/3461 650/3462
f 658/3463 650/3464 651/3465
f 659/3466 658/3467 651/3468
f 659/3469 651/3470 652/3471
f 660/3472 659/3473 652/3474
f 660/3475 652/3476 653/3477
f 661/3478 660/3479 653/3480
f 661/3481 653/3482 654/3483
f 662/3484 661/3485 654/3486
f 662/3487 654/3488 655/3489
f 663/3490 662/3491 655/3492
f 663/3493 655/3494 656/3495
f 664/3496 663/3497 656/3498
f 664/3499 656/3500 649/3501
f 657/3502 664/3503 649/3504
f 665/3505 657/3506 658/3507
f 666/3508 665/3509 658/3510
f 666/3511 658/3512 659/3513
f 667/3514 666/3515 659/3516
f 667/3517 659/3518 660/3519
f 668/3520 667/3521 660/3522
f 668/3523 660/3524 661/3525
f 669/3526 668/3527 661/3528
f 669/3529 661/3530 662/3531
f 670/3532 669/3533 662/3534
f 670/3535 662/3536 663/3537
f 671/3538 670/3539 663/3540
f 671/3541 663/3542 664/3543
f 672/3544 671/3545 664/3546
f 672/3547 664/3548 657/3549
f 665/3550 672/3551 657/3552
f 673/3553 665/3554 666/3555
f 674/3556 673/3557 666/3558
f 674/3559 666/3560 667/3561
f 675/3562 674/3563 667/3564
f 675/3565 667/3566 668/3567
f 676/3568 675/3569 668/3570
f 676/3571 668/3572 669/3573
f 677/3574 676/3575 669/3576
f 677/3577 669/3578 670/3579
f 678/3580 677/3581 670/3582
f 678/3583 670/3584 671/3585
f 679/3586 678/3587 671/3588
f 679/3589 671/3590 672/3591
f 680/3592 679/3593 672/3594
f 680/3595 672/3596 665/3597
f 673/3598 680/3599 665/3600
f 681/3601 673/3602 674/3603
f 682/3604 681/3605 674/3606
f 682/3607 674/3608 675/3609
f 683/3610 682/3611 675/3612
f 683/3613 675/3614 676/3615
f 684/3616 683/3617 676/3618
f 684/3619 676/3620 677/3621
f 685/3622 684/3623 677/3624
f 685/3625 677/3626 678/3627
f 686/3628 685/3629 678/3630
f 686/3631 678/3632 679/3633
f 687/3634 686/3635 679/3636
f 687/3637 679/3638 680/3639
f 688/3640 687/3641 680/3642
f 688/3643 680/3644 673/3645
f 681/3646 688/3647 673/3648
f 689/3649 681/3650 682/3651
f 690/3652 689/3653 682/3654
f 690/3655 682/3656 683/3657
f 691/3658 690/3659 683/3660
f 691/3661 683/3662 684/3663
f 692/3664 691/3665 684/3666
f 692/3667 684/3668 685/3669
f 693/3670 692/3671 685/3672
f 693/3673 685/3674 686/3675
f 694/3676 693/3677 686/3678
f 694/3679 686/3680 687/3681
f 695/3682 694/3683 687/3684
f 695/3685 687/3686 688/3687
f 696/3688 695/3689 688/3690
f 696/3691 688/3692 681/3693
f 689/3694 696/3695 681/3696
f 697/3697 689/3698 690/3699
f 698/3700 697/3701 690/3702
f 698/3703 690/3704 691/3705
f 699/3706 698/3707 691/3708
f 699/3709 691/3710 692/3711
f 700/3712 699/3713 692/3714
f 700/3715 692/3716 693/3717
f 701/3718 700/3719 693/3720
f 701/3721 693/3722 694/3723
f 702/3724 701/3725 694/3726
f 702/3727 694/3728 695/3729
f 703/3730 702/3731 695/3732
f 703/3733 695/3734 696/3735
f 704/3736 703/3737 696/3738
f 704/3739 696/3740 689/3741
f 697/3742 704/3743 689/3744
f 705/3745 706/3746 709/3747
f 709/3748 706/3749 710/3750
f 706/3751 708/3752 710/3753
f 710/3754 708/3755 712/3756
f 705/3757 709/3758 707/3759
f 709/3760 711/3761 707/3762
f 707/3763 711/3764 708/3765
f 711/3766 712/3767 708/3768
f 709/3769 710/3770 713/3771
f 713/3772 710/3773 714/3774
f 710/3775 712/3776 714/3777
f 714/3778 712/3779 716/3780
f 709/3781 713/3782 711/3783
f 713/3784 715/3785 711/3786
f 711/3787 715/3788 712/3789
f 715/3790 716/3791 712/3792
f 713/3793 714/3794 717/3795
f 717/3796 714/3797 718/3798
f 714/3799 716/3800 718/3801
f 718/3802 716/3803 720/3804
f 713/3805 717/3806 715/3807
f 717/3808 719/3809 715/3810
f 715/3811 719/3812 716/3813
f 719/3814 720/3815 716/3816
f 717/3817 718/3818 721/3819
f 721/3820 718/3821 722/3822
f 718/3823 720/3824 722/3825
f 722/3826 720/3827 724/3828
f 717/3829 721/3830 719/3831
f 721/3832 723/3833 719/3834
f 719/3835 723/3836 720/3837
f 723/3838 724/3839 720/3840
f 721/3841 722/3842 725/3843
f 725/3844 722/3845 726/3846
f 722/3847 724/3848 726/3849
f 721/3850 725/3851 723/3852
f 725/3853 726/3854 723/3855
f 723/3856 726/3857 724/3858
f 728/3859 727/3860 731/3861
f 728/3862 731/3863 732/3864
f 730/3865 728/3866 732/3867
f 730/3868 732/3869 734/3870
f 729/3871 731/3872 727/3873
f 729/3874 733/3875 731/3876
f 730/3877 733/3878 729/3879
f 730/3880 734/3881 733/3882
f 732/3883 731/3884 735/3885
f 732/3886 735/3887 736/3888
f 734/3889 732/3890 736/3891
f 734/3892 736/3893 738/3894
f 733/3895 735/3896 731/3897
f 733/3898 737/3899 735/3900
f 734/3901 737/3902 733/3903
f 734/3904 738/3905 737/3906
f 736/3907 735/3908 739/3909
f 736/3910 739/3911 740/3912
f 738/3913 736/3914 740/3915
f 738/3916 740/3917 742/3918
f 737/3919 739/3920 735/3921
f 737/3922 741/3923 739/3924
f 738/3925 741/3926 737/3927
f 738/3928 742/3929 741/3930
f 740/3931 739/3932 743/3933
f 740/3934 743/3935 744/3936
f 742/3937 740/3938 744/3939
f 742/3940 744/3941 746/3942
f 741/3943 743/3944 739/3945
f 741/3946 745/3947 743/3948
f 742/3949 745/3950 741/3951
f 742/3952 746/3953 745/3954
f 744/3955 743/3956 747/3957
f 744/3958 747/3959 748/3960
f 746/3961 744/3962 748/3963
f 745/3964 747/3965 743/3966
f 745/3967 748/3968 747/3969
f 746/3970 748/3971 745/3972
f 749/3973 750/3974 753/3975
f 753/3976 750/3977 754/3978
f 750/3979 752/3980 754/3981
f 754/3982 752/3983 756/3984
f 749/3985 753/3986 751/3987
f 753/3988 755/3989 751/3990
f 751/3991 755/3992 752/3993
f 755/3994 756/3995 752/3996
f 753/3997 754/3998 757/3999
f 757/4000 754/4001 758/4002
f 754/4003 756/4004 758/4005
f 758/4006 756/4007 760/4008
f 753/4009 757/4010 755/4011
f 757/4012 759/4013 755/4014
f 755/4015 759/4016 756/4017
f 759/4018 760/4019 756/4020
f 757/4021 758/4022 761/4023
f 761/4024 758/4025 762/4026
f 758/4027 760/4028 762/4029
f 762/4030 760/4031 764/4032
f 757/4033 761/4034 759/4035
f 761/4036 763/4037 759/4038
f 759/4039 763/4040 760/4041
f 763/4042 764/4043 760/4044
f 761/4045 762/4046 765/4047
f 765/4048 762/4049 766/4050
f 762/4051 764/4052 766/4053
f 766/4054 764/4055 768/4056
f 761/4057 765/4058 763/4059
f 765/4060 767/4061 763/4062
f 763/4063 767/4064 764/4065
f 767/4066 768/4067 764/4068
f 765/4069 766/4070 769/4071
f 769/4072 766/4073 770/4074
f 766/4075 768/4076 770/4077
f 765/4078 769/4079 767/4080
f 769/4081 770/4082 767/4083
f 767/4084 770/4085 768/4086
f 772/4087 771/4088 775/4089
f 772/4090 775/4091 776/4092
f 774/4093 772/4094 776/4095
f 774/4096 776/4097 778/4098
f 773/4099 775/4100 771/4101
f 773/4102 777/4103 775/4104
f 774/4105 777/4106 773/4107
f 774/4108 778/4109 777/4110
f 776/4111 775/4112 779/4113
f 776/4114 779/4115 780/4116
f 778/4117 776/4118 780/4119
f 778/4120 780/4121 782/4122
f 777/4123 779/4124 775/4125
f 777/4126 781/4127 779/4128
f 778/4129 781/4130 777/4131
f 778/4132 782/4133 781/4134
f 780/4135 779/4136 783/4137
f 780/4138 783/4139 784/4140
f 782/4141 780/4142 784/4143
f 782/4144 784/4145 786/4146
f 781/4147 783/4148 779/4149
f 781/4150 785/4151 783/4152
f 782/4153 785/4154 781/4155
f 782/4156 786/4157 785/4158
f 784/4159 783/4160 787/4161
f 784/4162 787/4163 788/4164
f 786/4165 784/4166 788/4167
f 786/4168 788/4169 790/4170
f 785/4171 787/4172 783/4173
f 785/4174 789/4175 787/4176
f 786/4177 789/4178 785/4179
f 786/4180 790/4181 789/4182
f 788/4183 787/4184 791/4185
f 788/4186 791/4187 792/4188
f 790/4189 788/4190 792/4191
f 789/4192 791/4193 787/4194
f 789/4195 792/4196 791/4197
f 790/4198 792/4199 789/4200
f 793/4201 794/4202 797/4203
f 797/4204 794/4205 798/4206
f 794/4207 796/4208 798/4209
f 798/4210 796/4211 800/4212
f 793/4213 797/4214 795/4215
f 797/4216 799/4217 795/4218
f 795/4219 799/4220 796/4221
f 799/4222 800/4223 796/4224
f 797/4225 798/4226 801/4227
f 801/4228 798/4229 802/4230
f 798/4231 800/4232 802/4233
f 802/4234 800/4235 804/4236
f 797/4237 801/4238 799/4239
f 801/4240 803/4241 799/4242
f 799/4243 803/4244 800/4245
f 803/4246 804/4247 800/4248
f 801/4249 802/4250 805/4251
f 805/4252 802/4253 806/4254
f 802/4255 804/4256 806/4257
f 806/4258 804/4259 808/4260
f 801/4261 805/4262 803/4263
f 805/4264 807/4265 803/4266
f 803/4267 807/4268 804/4269
f 807/4270 808/4271 804/4272
f 805/4273 806/4274 809/4275
f 809/4276 806/4277 810/4278
f 806/4279 808/4280 810/4281
f 810/4282 808/4283 812/4284
f 805/4285 809/4286 807/4287
f 809/4288 811/4289 807/4290
f 807/4291 811/4292 808/4293
f 811/4294 812/4295 808/4296
f 809/4297 810/4298 813/4299
f 813/4300 810/4301 814/4302
f 810/4303 812/4304 814/4305
f 809/4306 813/4307 811/4308
f 813/4309 814/4310 811/4311
f 811/4312 814/4313 812/4314
f 816/4315 815/4316 819/4317
f 816/4318 819/4319 820/4320
f 818/4321 816/4322 820/4323
f 818/4324 820/4325 822/4326
f 817/4327 819/4328 815/4329
f 817/4330 821/4331 819/4332
f 818/4333 821/4334 817/4335
f 818/4336 822/4337 821/4338
f 820/4339 819/4340 823/4341
f 820/4342 823/4343 824/4344
f 822/4345 820/4346 824/4347
f 822/4348 824/4349 826/4350
f 821/4351 823/4352 819/4353
f 821/4354 825/4355 823/4356
f 822/4357 825/4358 821/4359
f 822/4360 826/4361 825/4362
f 824/4363 823/4364 827/4365
f 824/4366 827/4367 828/4368
f 826/4369 824/4370 828/4371
f 826/4372 828/4373 830/4374
f 825/4375 827/4376 823/4377
f 825/4378 829/4379 827/4380
f 826/4381 829/4382 825/4383
f 826/4384 830/4385 829/4386
f 828/4387 827/4388 831/4389
f 828/4390 831/4391 832/4392
f 830/4393 828/4394 832/4395
f 830/4396 832/4397 834/4398
f 829/4399 831/4400 827/4401
f 829/4402 833/4403 831/4404
f 830/4405 833/4406 829/4407
f 830/4408 834/4409 833/4410
f 832/4411 831/4412 835/4413
f 832/4414 835/4415 836/4416
f 834/4417 832/4418 836/4419
f 833/4420 835/4421 831/4422
f 833/4423 836/4424 835/4425
f 834/4426 836/4427 833/4428
f 837/4429 838/4430 841/4431
f 841/4432 838/4433 842/4434
f 838/4435 840/4436 842/4437
f 842/4438 840/4439 844/4440
f 837/4441 841/4442 839/4443
f 841/4444 843/4445 839/4446
f 839/4447 843/4448 840/4449
f 843/4450 844/4451 840/4452
f 841/4453 842/4454 845/4455
f 845/4456 842/4457 846/4458
f 842/4459 844/4460 846/4461
f 846/4462 844/4463 848/4464
f 841/4465 845/4466 843/4467
f 845/4468 847/4469 843/4470
f 843/4471 847/4472 844/4473
f 847/4474 848/4475 844/4476
f 845/4477 846/4478 849/4479
f 849/4480 846/4481 850/4482
f 846/4483 848/4484 850/4485
f 850/4486 848/4487 852/4488
f 845/4489 849/4490 847/4491
f 849/4492 851/4493 847/4494
f 847/4495 851/4496 848/4497
f 851/4498 852/4499 848/4500
f 849/4501 850/4502 853/4503
f 853/4504 850/4505 854/4506
f 850/4507 852/4508 854/4509
f 854/4510 852/4511 856/4512
f 849/4513 853/4514 851/4515
f 853/4516 855/4517 851/4518
f 851/4519 855/4520 852/4521
f 855/4522 856/4523 852/4524
f 853/4525 854/4526 857/4527
f 857/4528 854/4529 858/4530
f 854/4531 856/4532 858/4533
f 853/4534 857/4535 855/4536
f 857/4537 858/4538 855/4539
f 855/4540 858/4541 856/4542
f 860/4543 859/4544 863/4545
f 860/4546 863/4547 864/4548
f 862/4549 860/4550 864/4551
f 862/4552 864/4553 866/4554
f 861/4555 863/4556 859/4557
f 861/4558 865/4559 863/4560
f 862/4561 865/4562 861/4563
f 862/4564 866/4565 865/4566
f 864/4567 863/4568 867/4569
f 864/4570 867/4571 868/4572
f 866/4573 864/4574 868/4575
f 866/4576 868/4577 870/4578
f 865/4579 867/4580 863/4581
f 865/4582 869/4583 867/4584
f 866/4585 869/4586 865/4587
f 866/4588 870/4589 869/4590
f 868/4591 867/4592 871/4593
f 868/4594 871/4595 872/4596
f 870/4597 868/4598 872/4599
f 870/4600 872/4601 874/4602
f 869/4603 871/4604 867/4605
f 869/4606 873/4607 871/4608
f 870/4609 873/4610 869/4611
f 870/4612 874/4613 873/4614
f 872/4615 871/4616 875/4617
f 872/4618 875/4619 876/4620
f 874/4621 872/4622 876/4623
f 874/4624 876/4625 878/4626
f 873/4627 875/4628 871/4629
f 873/4630 877/4631 875/4632
f 874/4633 877/4634 873/4635
f 874/4636 878/4637 877/4638
f 876/4639 875/4640 879/4641
f 876/4642 879/4643 880/4644
f 878/4645 876/4646 880/4647
f 877/4648 879/4649 875/4650
f 877/4651 880/4652 879/4653
f 878/4654 880/4655 877/4656
f 881/4657 882/4658 885/4659
f 885/4660 882/4661 886/4662
f 882/4663 884/4664 886/4665
f 886/4666 884/4667 888/4668
f 881/4669 885/4670 883/4671
f 885/4672 887/4673 883/4674
f 883/4675 887/4676 884/4677
f 887/4678 888/4679 884/4680
f 885/4681 886/4682 889/4683
f 889/4684 886/4685 890/4686
f 886/4687 888/4688 890/4689
f 890/4690 888/4691 892/4692
f 885/4693 889/4694 887/4695
f 889/4696 891/4697 887/4698
f 887/4699 891/4700 888/4701
f 891/4702 892/4703 888/4704
f 889/4705 890/4706 893/4707
f 893/4708 890/4709 894/4710
f 890/4711 892/4712 894/4713
f 894/4714 892/4715 896/4716
f 889/4717 893/4718 891/4719
f 893/4720 895/4721 891/4722
f 891/4723 895/4724 892/4725
f 895/4726 896/4727 892/4728
f 893/4729 894/4730 897/4731
f 897/4732 894/4733 898/4734
f 894/4735 896/4736 898/4737
f 898/4738 896/4739 900/4740
f 893/4741 897/4742 895/4743
f 897/4744 899/4745 895/4746
f 895/4747 899/4748 896/4749
f 899/4750 900/4751 896/4752
f 897/4753 898/4754 901/4755
f 901/4756 898/4757 902/4758
f 898/4759 900/4760 902/4761
f 897/4762 901/4763 899/4764
f 901/4765 902/4766 899/4767
f 899/4768 902/4769 900/4770
f 904/4771 903/4772 907/4773
f 904/4774 907/4775 908/4776
f 906/4777 904/4778 908/4779
f 906/4780 908/4781 910/4782
f 905/4783 907/4784 903/4785
f 905/4786 909/4787 907/4788
f 906/4789 909/4790 905/4791
f 906/4792 910/4793 909/4794
f 908/4795 907/4796 911/4797
f 908/4798 911/4799 912/4800
f 910/4801 908/4802 912/4803
f 910/4804 912/4805 914/4806
f 909/4807 911/4808 907/4809
f 909/4810 913/4811 911/4812
f 910/4813 913/4814 909/4815
f 910/4816 914/4817 913/4818
f 912/4819 911/4820 915/4821
f 912/4822 915/4823 916/4824
f 914/4825 912/4826 916/4827
f 914/4828 916/4829 918/4830
f 913/4831 915/4832 911/4833
f 913/4834 917/4835 915/4836
f 914/4837 917/4838 913/4839
f 914/4840 918/4841 917/4842
f 916/4843 915/4844 919/4845
f 916/4846 919/4847 920/4848
f 918/4849 916/4850 920/4851
f 918/4852 920/4853 922/4854
f 917/4855 919/4856 915/4857
f 917/4858 921/4859 919/4860
f 918/4861 921/4862 917/4863
f 918/4864 922/4865 921/4866
f 920/4867 919/4868 923/4869
f 920/4870 923/4871 924/4872
f 922/4873 920/4874 924/4875
f 921/4876 923/4877 919/4878
f 921/4879 924/4880 923/4881
f 922/4882 924/4883 921/4884
